------------------ ------------------------------------------------------------------------------ ------ ------ ------ ------- ------- ------- ------ ------ ------ ------ ------ ------------- ---------- ------ ------ ------ ------ ------ ------ ------ ------ ------ ------ ------ ------ ------ ------ ------ ------ ------ ------ ------ ------ ------ ------ ------ ------ ------ ------ ------ ------ ------ ------ ------ ------ ------ ------ ------ ------ ------ ------ ------ ------ ------ ------ ------ ------ ------ ------ ------ ------ ------ ------
Kernel Name        gemm_pipeline(const __nv_bfloat16 *, const __nv_bfloat16 *,                                                                                                                                                                                                                                                                                                                                                                                                                                                                                          
                   float *, int, int, int, CUtensorMap_st, CUtensorMap_st)                                                                                                                                                                                                                                                                                                                                                                                                                                                                                              
------------------ ------------------------------------------------------------------------------ ------ ------ ------ ------- ------- ------- ------ ------ ------ ------ ------ ------------- ---------- ------ ------ ------ ------ ------ ------ ------ ------ ------ ------ ------ ------ ------ ------ ------ ------ ------ ------ ------ ------ ------ ------ ------ ------ ------ ------ ------ ------ ------ ------ ------ ------ ------ ------ ------ ------ ------ ------ ------ ------ ------ ------ ------ ------ ------ ------ ------ ------ ------ ------
Address            Source                                                                         Warp S Warp S # Samp Instru  Thread  Predic  Avg. T Avg. P Deriva Avg. P Diverg Addres        Access     Access L1 Tag L1 Con L1 Wav L1 Wav L1 Wav L2 The L2 The L2 The L2 Exp L2 Exp L2 Exp L2 Exp L2 Exp L2 Exp L2 Exp stall_ stall_ stall_ stall_ stall_ stall_ stall_ stall_ stall_ stall_ stall_ stall_ stall_ stall_ stall_ stall_ stall_ stall_ stall_ stall_ stall_ stall_ stall_ stall_ stall_ stall_ stall_ stall_ stall_ stall_ stall_ stall_ stall_ stall_
                                                                                                  tall S tall S les    ctions   Instr  ated-O  hreads redica tive A redica ent Br s Spac         Opera      Size   Reque flicts efront efront efront oretic oretic oretic licit  licit  licit  licit  licit  licit  licit  barrie branch dispat drain  lg     long_s math   membar mio    misc   no_ins not_se select short_ sleep  tex    wait   barrie branch dispat drain  lg (No long_s math ( membar mio (N misc ( no_ins not_se select short_ sleepi tex (N wait (
                                                                                                  amplin amplin         Execu  uction  n Thre   Execu ted-On vg. Pr ted-On anches e             tion              sts Gl  Share s Shar s Shar s Shar al Sec al Sec al Sec Evict  Hit Po Hit Po Hit Po Hit Po Miss P Miss P r      _resol ch                   b                                  t      lected ed     sb                          r (Not _resol ch (No (Not I t Issu b (Not Not Is  (Not  ot Iss Not Is t (Not lected ed (No sb (No ng (No ot Iss Not Is
                                                                                                  g (All g (Not        ted     s Exec  ad Ins  ted     Threa edicat  Threa                                        obal   d N-Wa ed Exc ed     ed Ide tors G tors G tors G Polici licy E licy E licy E licy E olicy  olicy         ving                                                                                                             Issue ving ( t Issu ssued) ed)     Issue sued)  Issued ued)   sued)   Issue  (Not  t Issu t Issu t Issu ued)   sued) 
                                                                                                   Sampl -issue                uted    tructi         ds Exe ed-On  ds Une                                               y      essive        al     lobal  lobal  lobal  es     vict F vict L vict N vict N Evict  Evict                                                                                                                         d)     Not Is ed)                  d)            )                    d)     Issued ed)    ed)    ed)                 
                                                                                                  es)    d Samp                        ons Ex         cuted  Thread xecute                                                                           Excess        Ideal         irst   ast    ormal  ormal  First  Normal                                                                                                                               sued)                                                                 )                                        
                                                                                                         les)                          ecuted                s Exec d                                                                                ive                                              Demote                                                                                                                                                                                                                                                            
                                                                                                                                                             uted                                                                                                                                                                                                                                                                                                                                                                                                       
0x2b64915ac000           LDC R1, c[0x0][0x37c]                                                    2      2      2      1776    56832   56832   32     32     0      0      0      -             -          -      0      0      0      0      0      0      0      0      -      0      0      0      0      0      0      0      0      0      0      0      0      0      0      0      0      0      0      0      0      0      0      2      0      0      0      0      0      0      0      0      0      0      0      0      0      0      0      0      2     
0x2b64915ac010           S2R R10, SR_TID.X                                                        0      0      0      1776    56832   56832   32     32     0      0      0      -             -          -      0      0      0      0      0      0      0      0      -      0      0      0      0      0      0      0      0      0      0      0      0      0      0      0      0      0      0      0      0      0      0      0      0      0      0      0      0      0      0      0      0      0      0      0      0      0      0      0      0     
0x2b64915ac020           ISETP.GT.U32.AND P0, PT, R10, 0x1f, PT                                   1      1      1      1776    56832   56832   32     32     0      0      0      -             -          -      0      0      0      0      0      0      0      0      -      0      0      0      0      0      0      0      0      0      0      0      0      0      0      0      0      0      0      0      0      0      0      1      0      0      0      0      0      0      0      0      0      0      0      0      0      0      0      0      1     
0x2b64915ac030     @P0   BRA 0x2b64915ac2f0                                                       0      0      0      1776    56832   42624   32     24     8      8      0      -             -          -      0      0      0      0      0      0      0      0      -      0      0      0      0      0      0      0      0      0      0      0      0      0      0      0      0      0      0      0      0      0      0      0      0      0      0      0      0      0      0      0      0      0      0      0      0      0      0      0      0     
0x2b64915ac040           S2R R3, SR_CgaCtaId                                                      1      1      1      444     14208   14208   32     32     8      0      0      -             -          -      0      0      0      0      0      0      0      0      -      0      0      0      0      0      0      0      0      0      0      0      0      0      0      0      0      0      0      0      0      0      0      1      0      0      0      0      0      0      0      0      0      0      0      0      0      0      0      0      1     
0x2b64915ac050           MOV R0, 0x40                                                             0      0      0      444     14208   14208   32     32     0      0      0      -             -          -      0      0      0      0      0      0      0      0      -      0      0      0      0      0      0      0      0      0      0      0      0      0      0      0      0      0      0      0      0      0      0      0      0      0      0      0      0      0      0      0      0      0      0      0      0      0      0      0      0     
0x2b64915ac060           WARPSYNC.ALL                                                             0      0      0      444     14208   14208   32     32     0      0      0      -             -          -      0      0      0      0      0      0      0      0      -      0      0      0      0      0      0      0      0      0      0      0      0      0      0      0      0      0      0      0      0      0      0      0      0      0      0      0      0      0      0      0      0      0      0      0      0      0      0      0      0     
0x2b64915ac070           LEA R2, R3, R0, 0x18                                                     1      1      1      444     14208   14208   32     32     0      0      0      -             -          -      0      0      0      0      0      0      0      0      -      0      0      0      0      0      0      0      0      0      0      0      0      0      0      0      0      0      0      0      1      0      0      0      0      0      0      0      0      0      0      0      0      0      0      0      0      1      0      0      0     
0x2b64915ac080           LDS.U8 R0, [R2+0x1c]                                                     0      0      0      444     14208   14208   32     32     0      0      0      Shared        Load       8      0      1      0      444    444    0      0      0      -      0      0      0      0      0      0      0      0      0      0      0      0      0      0      0      0      0      0      0      0      0      0      0      0      0      0      0      0      0      0      0      0      0      0      0      0      0      0      0      0     
0x2b64915ac090           ISETP.NE.AND P0, PT, R0, RZ, PT                                          0      0      0      444     14208   14208   32     32     0      0      0      -             -          -      0      0      0      0      0      0      0      0      -      0      0      0      0      0      0      0      0      0      0      0      0      0      0      0      0      0      0      0      0      0      0      0      0      0      0      0      0      0      0      0      0      0      0      0      0      0      0      0      0     
0x2b64915ac0a0           MOV R0, 0x400                                                            0      0      0      444     14208   14208   32     32     0      0      0      -             -          -      0      0      0      0      0      0      0      0      -      0      0      0      0      0      0      0      0      0      0      0      0      0      0      0      0      0      0      0      0      0      0      0      0      0      0      0      0      0      0      0      0      0      0      0      0      0      0      0      0     
0x2b64915ac0b0           LEA R0, R3, R0, 0x18                                                     0      0      0      444     14208   14208   32     32     0      0      0      -             -          -      0      0      0      0      0      0      0      0      -      0      0      0      0      0      0      0      0      0      0      0      0      0      0      0      0      0      0      0      0      0      0      0      0      0      0      0      0      0      0      0      0      0      0      0      0      0      0      0      0     
0x2b64915ac0c0     @P0   BRA 0x2b64915ac230                                                       0      0      0      444     14208   0       32     0      32     32     0      -             -          -      0      0      0      0      0      0      0      0      -      0      0      0      0      0      0      0      0      0      0      0      0      0      0      0      0      0      0      0      0      0      0      0      0      0      0      0      0      0      0      0      0      0      0      0      0      0      0      0      0     
0x2b64915ac0d0           ELECT P0, URZ, PT                                                        0      0      0      444     14208   14208   32     32     32     0      0      -             -          -      0      0      0      0      0      0      0      0      -      0      0      0      0      0      0      0      0      0      0      0      0      0      0      0      0      0      0      0      0      0      0      0      0      0      0      0      0      0      0      0      0      0      0      0      0      0      0      0      0     
0x2b64915ac0e0     @!P0  BRA 0x2b64915ac270                                                       0      0      0      444     14208   13764   32     31     1      1      444    -             -          -      0      0      0      0      0      0      0      0      -      0      0      0      0      0      0      0      0      0      0      0      0      0      0      0      0      0      0      0      0      0      0      0      0      0      0      0      0      0      0      0      0      0      0      0      0      0      0      0      0     
0x2b64915ac0f0           UMOV UR4, 0x2                                                            2      2      2      444     444     444     1      1      30     31     0      -             -          -      0      0      0      0      0      0      0      0      -      0      0      0      0      0      0      0      1      0      0      0      0      0      0      0      0      0      0      0      0      0      0      1      0      1      0      0      0      0      0      0      0      0      0      0      0      0      0      0      1     
0x2b64915ac100           IMAD.MOV.U32 R4, RZ, RZ, 0x3                                             0      0      0      444     444     444     1      1      0      31     0      -             -          -      0      0      0      0      0      0      0      0      -      0      0      0      0      0      0      0      0      0      0      0      0      0      0      0      0      0      0      0      0      0      0      0      0      0      0      0      0      0      0      0      0      0      0      0      0      0      0      0      0     
0x2b64915ac110           IMAD.MOV.U32 R6, RZ, RZ, 0x1                                             0      0      0      444     444     444     1      1      0      31     0      -             -          -      0      0      0      0      0      0      0      0      -      0      0      0      0      0      0      0      0      0      0      0      0      0      0      0      0      0      0      0      0      0      0      0      0      0      0      0      0      0      0      0      0      0      0      0      0      0      0      0      0     
0x2b64915ac120           DEPBAR.LE SB0, 0x36                                                      0      0      0      444     444     444     1      1      0      31     0      -             -          -      0      0      0      0      0      0      0      0      -      0      0      0      0      0      0      0      0      0      0      0      0      0      0      0      0      0      0      0      0      0      0      0      0      0      0      0      0      0      0      0      0      0      0      0      0      0      0      0      0     
0x2b64915ac130           UTCATOMSWS.FIND_AND_SET.ALIGN UP0, UR4, UR4                              1      0      1      444     444     444     1      1      0      31     0      -             -          -      0      0      0      0      0      0      0      0      -      0      0      0      0      0      0      0      0      0      0      0      0      0      0      0      0      0      0      1      0      0      0      0      0      0      0      0      0      0      0      0      0      0      0      0      0      0      0      0      0     
0x2b64915ac140           IMAD.U32 R3, RZ, RZ, UR4                                                 3      3      3      444     444     444     1      1      0      31     0      -             -          -      0      0      0      0      0      0      0      0      -      0      0      0      0      0      0      0      0      0      0      0      0      0      0      0      0      0      0      0      3      0      0      0      0      0      0      0      0      0      0      0      0      0      0      0      0      3      0      0      0     
0x2b64915ac150           BRA.U UP0, 0x2b64915ac1c0                                                0      0      0      444     444     444     1      1      0      31     0      -             -          -      0      0      0      0      0      0      0      0      -      0      0      0      0      0      0      0      0      0      0      0      0      0      0      0      0      0      0      0      0      0      0      0      0      0      0      0      0      0      0      0      0      0      0      0      0      0      0      0      0     
0x2b64915ac160           NANOSLEEP 0x64                                                           0      0      0      0       0       0       0      0      1      32     0      -             -          -      0      0      0      0      0      0      0      0      -      0      0      0      0      0      0      0      0      0      0      0      0      0      0      0      0      0      0      0      0      0      0      0      0      0      0      0      0      0      0      0      0      0      0      0      0      0      0      0      0     
0x2b64915ac170           UMOV UR4, 0x2                                                            0      0      0      0       0       0       0      0      0      32     0      -             -          -      0      0      0      0      0      0      0      0      -      0      0      0      0      0      0      0      0      0      0      0      0      0      0      0      0      0      0      0      0      0      0      0      0      0      0      0      0      0      0      0      0      0      0      0      0      0      0      0      0     
0x2b64915ac180           DEPBAR.LE SB0, 0x36                                                      0      0      0      0       0       0       0      0      0      32     0      -             -          -      0      0      0      0      0      0      0      0      -      0      0      0      0      0      0      0      0      0      0      0      0      0      0      0      0      0      0      0      0      0      0      0      0      0      0      0      0      0      0      0      0      0      0      0      0      0      0      0      0     
0x2b64915ac190           UTCATOMSWS.FIND_AND_SET.ALIGN UP0, UR4, UR4                              0      0      0      0       0       0       0      0      0      32     0      -             -          -      0      0      0      0      0      0      0      0      -      0      0      0      0      0      0      0      0      0      0      0      0      0      0      0      0      0      0      0      0      0      0      0      0      0      0      0      0      0      0      0      0      0      0      0      0      0      0      0      0     
0x2b64915ac1a0           IMAD.U32 R3, RZ, RZ, UR4                                                 0      0      0      0       0       0       0      0      0      32     0      -             -          -      0      0      0      0      0      0      0      0      -      0      0      0      0      0      0      0      0      0      0      0      0      0      0      0      0      0      0      0      0      0      0      0      0      0      0      0      0      0      0      0      0      0      0      0      0      0      0      0      0     
0x2b64915ac1b0           BRA.U !UP0, 0x2b64915ac160                                               0      0      0      0       0       0       0      0      0      32     0      -             -          -      0      0      0      0      0      0      0      0      -      0      0      0      0      0      0      0      0      0      0      0      0      0      0      0      0      0      0      0      0      0      0      0      0      0      0      0      0      0      0      0      0      0      0      0      0      0      0      0      0     
0x2b64915ac1c0           SHF.L.U32 R5, R4, R3, RZ                                                 0      0      0      444     444     444     1      1      1      31     0      -             -          -      0      0      0      0      0      0      0      0      -      0      0      0      0      0      0      0      0      0      0      0      0      0      0      0      0      0      0      0      0      0      0      0      0      0      0      0      0      0      0      0      0      0      0      0      0      0      0      0      0     
0x2b64915ac1d0           SHF.L.U32 R7, R6, R3, RZ                                                 0      0      0      444     444     444     1      1      0      31     0      -             -          -      0      0      0      0      0      0      0      0      -      0      0      0      0      0      0      0      0      0      0      0      0      0      0      0      0      0      0      0      0      0      0      0      0      0      0      0      0      0      0      0      0      0      0      0      0      0      0      0      0     
0x2b64915ac1e0           IMAD.SHL.U32 R3, R3, 0x20, RZ                                            0      0      0      444     444     444     1      1      0      31     0      -             -          -      0      0      0      0      0      0      0      0      -      0      0      0      0      0      0      0      0      0      0      0      0      0      0      0      0      0      0      0      0      0      0      0      0      0      0      0      0      0      0      0      0      0      0      0      0      0      0      0      0     
0x2b64915ac1f0           ATOMS.OR RZ, [R2+0x14], R5                                               0      0      0      444     444     444     1      1      0      31     0      Shared        Atomic     32     0      1      0      444    444    0      0      0      -      0      0      0      0      0      0      0      0      0      0      0      0      0      0      0      0      0      0      0      0      0      0      0      0      0      0      0      0      0      0      0      0      0      0      0      0      0      0      0      0     
0x2b64915ac200           ATOMS.OR RZ, [R2+0x18], R7                                               0      0      0      444     444     444     1      1      0      31     0      Shared        Atomic     32     0      1      0      444    444    0      0      0      -      0      0      0      0      0      0      0      0      0      0      0      0      0      0      0      0      0      0      0      0      0      0      0      0      0      0      0      0      0      0      0      0      0      0      0      0      0      0      0      0     
0x2b64915ac210           STS [R0], R3                                                             0      0      0      444     444     444     1      1      0      31     0      Shared        Store      32     0      1      0      444    444    0      0      0      -      0      0      0      0      0      0      0      0      0      0      0      0      0      0      0      0      0      0      0      0      0      0      0      0      0      0      0      0      0      0      0      0      0      0      0      0      0      0      0      0     
0x2b64915ac220           BRA 0x2b64915ac270                                                       0      0      0      444     444     444     1      1      0      31     0      -             -          -      0      0      0      0      0      0      0      0      -      0      0      0      0      0      0      0      0      0      0      0      0      0      0      0      0      0      0      0      0      0      0      0      0      0      0      0      0      0      0      0      0      0      0      0      0      0      0      0      0     
0x2b64915ac230           IMAD.MOV.U32 R3, RZ, RZ, -0x1                                            0      0      0      0       0       0       0      0      1      32     0      -             -          -      0      0      0      0      0      0      0      0      -      0      0      0      0      0      0      0      0      0      0      0      0      0      0      0      0      0      0      0      0      0      0      0      0      0      0      0      0      0      0      0      0      0      0      0      0      0      0      0      0     
0x2b64915ac240           MOV R2, 0x270                                                            0      0      0      0       0       0       0      0      0      32     0      -             -          -      0      0      0      0      0      0      0      0      -      0      0      0      0      0      0      0      0      0      0      0      0      0      0      0      0      0      0      0      0      0      0      0      0      0      0      0      0      0      0      0      0      0      0      0      0      0      0      0      0     
0x2b64915ac250           STS [R0], R3                                                             0      0      0      0       0       0       0      0      0      32     0                                      0      0      0      0      0      0      0      0      -      0      0      0      0      0      0      0      0      0      0      0      0      0      0      0      0      0      0      0      0      0      0      0      0      0      0      0      0      0      0      0      0      0      0      0      0      0      0      0      0     
0x2b64915ac260           CALL.REL.NOINC 0x2b64915ae8d0                                            0      0      0      0       0       0       0      0      0      32     0      -             -          -      0      0      0      0      0      0      0      0      -      0      0      0      0      0      0      0      0      0      0      0      0      0      0      0      0      0      0      0      0      0      0      0      0      0      0      0      0      0      0      0      0      0      0      0      0      0      0      0      0     
0x2b64915ac270           WARPSYNC.ALL                                                             0      0      0      888     14208   14208   16     16     16     16     0      -             -          -      0      0      0      0      0      0      0      0      -      0      0      0      0      0      0      0      0      0      0      0      0      0      0      0      0      0      0      0      0      0      0      0      0      0      0      0      0      0      0      0      0      0      0      0      0      0      0      0      0     
0x2b64915ac280           S2UR UR5, SR_CgaCtaId                                                    1      1      1      444     14208   14208   32     32     16     0      0      -             -          -      0      0      0      0      0      0      0      0      -      0      0      0      0      0      0      0      1      0      0      0      0      0      0      0      0      0      0      0      0      0      0      0      0      1      0      0      0      0      0      0      0      0      0      0      0      0      0      0      0     
0x2b64915ac290           ELECT P0, URZ, PT                                                        0      0      0      444     14208   14208   32     32     0      0      0      -             -          -      0      0      0      0      0      0      0      0      -      0      0      0      0      0      0      0      0      0      0      0      0      0      0      0      0      0      0      0      0      0      0      0      0      0      0      0      0      0      0      0      0      0      0      0      0      0      0      0      0     
0x2b64915ac2a0           IMAD.MOV.U32 R0, RZ, RZ, 0x1                                             0      0      0      444     14208   14208   32     32     0      0      0      -             -          -      0      0      0      0      0      0      0      0      -      0      0      0      0      0      0      0      0      0      0      0      0      0      0      0      0      0      0      0      0      0      0      0      0      0      0      0      0      0      0      0      0      0      0      0      0      0      0      0      0     
0x2b64915ac2b0           UMOV UR4, 0x40                                                           0      0      0      444     14208   14208   32     32     0      0      0      -             -          -      0      0      0      0      0      0      0      0      -      0      0      0      0      0      0      0      0      0      0      0      0      0      0      0      0      0      0      0      0      0      0      0      0      0      0      0      0      0      0      0      0      0      0      0      0      0      0      0      0     
0x2b64915ac2c0           UVIRTCOUNT.DEALLOC.SMPOOL 0x80                                           0      0      0      444     14208   14208   32     32     0      0      0      -             -          -      0      0      0      0      0      0      0      0      -      0      0      0      0      0      0      0      0      0      0      0      0      0      0      0      0      0      0      0      0      0      0      0      0      0      0      0      0      0      0      0      0      0      0      0      0      0      0      0      0     
0x2b64915ac2d0           ULEA UR4, UR5, UR4, 0x18                                                 2      2      2      444     14208   14208   32     32     0      0      0      -             -          -      0      0      0      0      0      0      0      0      -      0      0      0      0      0      0      0      0      0      0      0      0      0      0      0      0      0      0      0      2      0      0      0      0      0      0      0      0      0      0      0      0      0      0      0      0      2      0      0      0     
0x2b64915ac2e0     @P0   STS.U8 [UR4+0x1c], R0                                                    0      0      0      444     14208   444     32     1      31     31     0      Shared        Store      8      0      1      0      444    444    0      0      0      -      0      0      0      0      0      0      0      0      0      0      0      0      0      0      0      0      0      0      0      0      0      0      0      0      0      0      0      0      0      0      0      0      0      0      0      0      0      0      0      0     
0x2b64915ac2f0           WARPSYNC.ALL                                                             1      1      1      1776    56832   56832   32     32     31     0      0      -             -          -      0      0      0      0      0      0      0      0      -      0      0      0      0      0      0      0      0      0      0      0      0      0      0      0      0      0      0      0      0      0      0      1      0      0      0      0      0      0      0      0      0      0      0      0      0      0      0      0      1     
0x2b64915ac300           S2UR UR18, SR_CgaCtaId                                                   0      0      0      1776    56832   56832   32     32     0      0      0      -             -          -      0      0      0      0      0      0      0      0      -      0      0      0      0      0      0      0      0      0      0      0      0      0      0      0      0      0      0      0      0      0      0      0      0      0      0      0      0      0      0      0      0      0      0      0      0      0      0      0      0     
0x2b64915ac310           BAR.SYNC.DEFER_BLOCKING 0x0                                              0      0      0      1776    56832   56832   32     32     0      0      0      -             -          -      0      0      0      0      0      0      0      0      -      0      0      0      0      0      0      0      0      0      0      0      0      0      0      0      0      0      0      0      0      0      0      0      0      0      0      0      0      0      0      0      0      0      0      0      0      0      0      0      0     
0x2b64915ac320           UMOV UR10, 0x400                                                         0      0      0      1776    56832   56832   32     32     0      0      0      -             -          -      0      0      0      0      0      0      0      0      -      0      0      0      0      0      0      0      0      0      0      0      0      0      0      0      0      0      0      0      0      0      0      0      0      0      0      0      0      0      0      0      0      0      0      0      0      0      0      0      0     
0x2b64915ac330           LDCU.64 UR6, c[0x0][0x398]                                               0      0      0      1776    56832   56832   32     32     0      0      0      -             -          -      0      0      0      0      0      0      0      0      -      0      0      0      0      0      0      0      0      0      0      0      0      0      0      0      0      0      0      0      0      0      0      0      0      0      0      0      0      0      0      0      0      0      0      0      0      0      0      0      0     
0x2b64915ac340           S2UR UR15, SR_CTAID.X                                                    0      0      0      1776    56832   56832   32     32     0      0      0      -             -          -      0      0      0      0      0      0      0      0      -      0      0      0      0      0      0      0      0      0      0      0      0      0      0      0      0      0      0      0      0      0      0      0      0      0      0      0      0      0      0      0      0      0      0      0      0      0      0      0      0     
0x2b64915ac350           ULEA UR4, UR18, UR10, 0x18                                               0      0      0      1776    56832   56832   32     32     0      0      0      -             -          -      0      0      0      0      0      0      0      0      -      0      0      0      0      0      0      0      0      0      0      0      0      0      0      0      0      0      0      0      0      0      0      0      0      0      0      0      0      0      0      0      0      0      0      0      0      0      0      0      0     
0x2b64915ac360           USHF.R.S32.HI UR5, URZ, 0x1f, UR7                                        2      2      2      1776    56832   56832   32     32     0      0      0      -             -          -      0      0      0      0      0      0      0      0      -      0      0      0      0      0      0      0      0      0      0      0      0      0      0      0      0      0      0      0      2      0      0      0      0      0      0      0      0      0      0      0      0      0      0      0      0      2      0      0      0     
0x2b64915ac370           ULEA.HI UR5, UR5, UR7, URZ, 0x6                                          0      0      0      1776    56832   56832   32     32     0      0      0      -             -          -      0      0      0      0      0      0      0      0      -      0      0      0      0      0      0      0      0      0      0      0      0      0      0      0      0      0      0      0      0      0      0      0      0      0      0      0      0      0      0      0      0      0      0      0      0      0      0      0      0     
0x2b64915ac380           LDS R0, [UR4]                                                            0      0      0      1776    56832   56832   32     32     0      0      0      Shared        Load       32     0      1      0      1776   1776   0      0      0      -      0      0      0      0      0      0      0      0      0      0      0      0      0      0      0      0      0      0      0      0      0      0      0      0      0      0      0      0      0      0      0      0      0      0      0      0      0      0      0      0     
0x2b64915ac390           USHF.R.S32.HI UR4, URZ, 0x1f, UR6                                        0      0      0      1776    56832   56832   32     32     0      0      0      -             -          -      0      0      0      0      0      0      0      0      -      0      0      0      0      0      0      0      0      0      0      0      0      0      0      0      0      0      0      0      0      0      0      0      0      0      0      0      0      0      0      0      0      0      0      0      0      0      0      0      0     
0x2b64915ac3a0           USHF.R.S32.HI UR12, URZ, 0x6, UR5                                        0      0      0      1776    56832   56832   32     32     0      0      0      -             -          -      0      0      0      0      0      0      0      0      -      0      0      0      0      0      0      0      0      0      0      0      0      0      0      0      0      0      0      0      0      0      0      0      0      0      0      0      0      0      0      0      0      0      0      0      0      0      0      0      0     
0x2b64915ac3b0           ULEA.HI UR4, UR4, UR6, URZ, 0x7                                          0      0      0      1776    56832   56832   32     32     0      0      0      -             -          -      0      0      0      0      0      0      0      0      -      0      0      0      0      0      0      0      0      0      0      0      0      0      0      0      0      0      0      0      0      0      0      0      0      0      0      0      0      0      0      0      0      0      0      0      0      0      0      0      0     
0x2b64915ac3c0           USHF.R.S32.HI UR4, URZ, 0x7, UR4                                         1      1      1      1776    56832   56832   32     32     0      0      0      -             -          -      0      0      0      0      0      0      0      0      -      0      0      0      0      0      0      0      0      0      0      0      0      0      0      0      0      0      0      0      0      0      0      1      0      0      0      0      0      0      0      0      0      0      0      0      0      0      0      0      1     
0x2b64915ac3d0           UIMAD UR14, UR4, UR12, URZ                                               0      0      0      1776    56832   56832   32     32     0      0      0      -             -          -      0      0      0      0      0      0      0      0      -      0      0      0      0      0      0      0      0      0      0      0      0      0      0      0      0      0      0      0      0      0      0      0      0      0      0      0      0      0      0      0      0      0      0      0      0      0      0      0      0     
0x2b64915ac3e0           UISETP.GE.AND UP0, UPT, UR15, UR14, UPT                                  2      0      2      1776    56832   56832   32     32     0      0      0      -             -          -      0      0      0      0      0      0      0      0      -      0      0      0      0      0      0      0      0      0      0      0      0      0      0      0      0      0      1      0      0      0      0      1      0      0      0      0      0      0      0      0      0      0      0      0      0      0      0      0      0     
0x2b64915ac3f0           R2UR UR13, R0                                                            0      0      0      1776    56832   56832   32     32     0      0      0      -             -          -      0      0      0      0      0      0      0      0      -      0      0      0      0      0      0      0      0      0      0      0      0      0      0      0      0      0      0      0      0      0      0      0      0      0      0      0      0      0      0      0      0      0      0      0      0      0      0      0      0     
0x2b64915ac400           BRA.U UP0, 0x2b64915ae4e0                                                0      0      0      1776    56832   56832   32     32     0      0      0      -             -          -      0      0      0      0      0      0      0      0      -      0      0      0      0      0      0      0      0      0      0      0      0      0      0      0      0      0      0      0      0      0      0      0      0      0      0      0      0      0      0      0      0      0      0      0      0      0      0      0      0     
0x2b64915ac410           LDCU UR5, c[0x0][0x3a0]                                                  0      0      0      1776    56832   56832   32     32     0      0      0      -             -          -      0      0      0      0      0      0      0      0      -      0      0      0      0      0      0      0      0      0      0      0      0      0      0      0      0      0      0      0      0      0      0      0      0      0      0      0      0      0      0      0      0      0      0      0      0      0      0      0      0     
0x2b64915ac420           S2UR UR21, SR_SWINHI                                                     0      0      0      1776    56832   56832   32     32     0      0      0      -             -          -      0      0      0      0      0      0      0      0      -      0      0      0      0      0      0      0      0      0      0      0      0      0      0      0      0      0      0      0      0      0      0      0      0      0      0      0      0      0      0      0      0      0      0      0      0      0      0      0      0     
0x2b64915ac430           IMAD.U32 R4, R10, 0x10000, RZ                                            1      0      1      1776    56832   56832   32     32     0      0      0      -             -          -      0      0      0      0      0      0      0      0      -      0      0      0      0      0      0      0      0      0      0      0      0      0      0      0      0      0      0      1      0      0      0      0      0      0      0      0      0      0      0      0      0      0      0      0      0      0      0      0      0     
0x2b64915ac440           UIADD3 UR10, UPT, UPT, UR10, 0x40, URZ                                   0      0      0      1776    56832   56832   32     32     0      0      0      -             -          -      0      0      0      0      0      0      0      0      -      0      0      0      0      0      0      0      0      0      0      0      0      0      0      0      0      0      0      0      0      0      0      0      0      0      0      0      0      0      0      0      0      0      0      0      0      0      0      0      0     
0x2b64915ac450           LDCU UR20, c[0x0][0x370]                                                 0      0      0      1776    56832   56832   32     32     0      0      0      -             -          -      0      0      0      0      0      0      0      0      -      0      0      0      0      0      0      0      0      0      0      0      0      0      0      0      0      0      0      0      0      0      0      0      0      0      0      0      0      0      0      0      0      0      0      0      0      0      0      0      0     
0x2b64915ac460           LOP3.LUT R4, R4, 0x3e00000, RZ, 0xc0, !PT                                0      0      0      1776    56832   56832   32     32     0      0      0      -             -          -      0      0      0      0      0      0      0      0      -      0      0      0      0      0      0      0      0      0      0      0      0      0      0      0      0      0      0      0      0      0      0      0      0      0      0      0      0      0      0      0      0      0      0      0      0      0      0      0      0     
0x2b64915ac470           ULEA UR10, UR18, UR10, 0x18                                              0      0      0      1776    56832   56832   32     32     0      0      0      -             -          -      0      0      0      0      0      0      0      0      -      0      0      0      0      0      0      0      0      0      0      0      0      0      0      0      0      0      0      0      0      0      0      0      0      0      0      0      0      0      0      0      0      0      0      0      0      0      0      0      0     
0x2b64915ac480           VIADD R4, R4, UR13                                                       0      0      0      1776    56832   56832   32     32     0      0      0      -             -          -      0      0      0      0      0      0      0      0      -      0      0      0      0      0      0      0      0      0      0      0      0      0      0      0      0      0      0      0      0      0      0      0      0      0      0      0      0      0      0      0      0      0      0      0      0      0      0      0      0     
0x2b64915ac490           LDCU.64 UR18, c[0x0][0x358]                                              0      0      0      1776    56832   56832   32     32     0      0      0      -             -          -      0      0      0      0      0      0      0      0      -      0      0      0      0      0      0      0      0      0      0      0      0      0      0      0      0      0      0      0      0      0      0      0      0      0      0      0      0      0      0      0      0      0      0      0      0      0      0      0      0     
0x2b64915ac4a0           USHF.R.S32.HI UR4, URZ, 0x1f, UR5                                        2      0      2      1776    56832   56832   32     32     0      0      0      -             -          -      0      0      0      0      0      0      0      0      -      0      0      0      0      0      0      0      0      0      0      0      0      0      0      0      0      0      0      1      1      0      0      0      0      0      0      0      0      0      0      0      0      0      0      0      0      0      0      0      0     
0x2b64915ac4b0           ULEA.HI UR4, UR4, UR5, URZ, 0x6                                          0      0      0      1776    56832   56832   32     32     0      0      0      -             -          -      0      0      0      0      0      0      0      0      -      0      0      0      0      0      0      0      0      0      0      0      0      0      0      0      0      0      0      0      0      0      0      0      0      0      0      0      0      0      0      0      0      0      0      0      0      0      0      0      0     
0x2b64915ac4c0           USHF.R.S32.HI UR16, URZ, 0x6, UR4                                        0      0      0      1776    56832   56832   32     32     0      0      0      -             -          -      0      0      0      0      0      0      0      0      -      0      0      0      0      0      0      0      0      0      0      0      0      0      0      0      0      0      0      0      0      0      0      0      0      0      0      0      0      0      0      0      0      0      0      0      0      0      0      0      0     
0x2b64915ac4d0           UIADD3 UR11, UPT, UPT, UR16, 0x2, URZ                                    0      0      0      1776    56832   56832   32     32     0      0      0      -             -          -      0      0      0      0      0      0      0      0      -      0      0      0      0      0      0      0      0      0      0      0      0      0      0      0      0      0      0      0      0      0      0      0      0      0      0      0      0      0      0      0      0      0      0      0      0      0      0      0      0     
0x2b64915ac4e0           UIADD3 UR17, UPT, UPT, UR16, 0x1, URZ                                    0      0      0      1776    56832   56832   32     32     0      0      0      -             -          -      0      0      0      0      0      0      0      0      -      0      0      0      0      0      0      0      0      0      0      0      0      0      0      0      0      0      0      0      0      0      0      0      0      0      0      0      0      0      0      0      0      0      0      0      0      0      0      0      0     
0x2b64915ac4f0           UIMAD.WIDE UR8, UR16, 0x55555556, URZ                                    1      0      1      1776    56832   56832   32     32     0      0      0      -             -          -      0      0      0      0      0      0      0      0      -      0      0      0      0      0      0      0      0      0      0      0      0      0      0      0      0      0      0      1      0      0      0      0      0      0      0      0      0      0      0      0      0      0      0      0      0      0      0      0      0     
0x2b64915ac500           UIMAD.WIDE UR4, UR11, 0x55555556, URZ                                    0      0      0      1776    56832   56832   32     32     0      0      0      -             -          -      0      0      0      0      0      0      0      0      -      0      0      0      0      0      0      0      0      0      0      0      0      0      0      0      0      0      0      0      0      0      0      0      0      0      0      0      0      0      0      0      0      0      0      0      0      0      0      0      0     
0x2b64915ac510           UIMAD.WIDE UR6, UR17, 0x55555556, URZ                                    0      0      0      1776    56832   56832   32     32     0      0      0      -             -          -      0      0      0      0      0      0      0      0      -      0      0      0      0      0      0      0      0      0      0      0      0      0      0      0      0      0      0      0      0      0      0      0      0      0      0      0      0      0      0      0      0      0      0      0      0      0      0      0      0     
0x2b64915ac520           ULEA.HI UR9, UR9, UR9, URZ, 0x1                                          0      0      0      1776    56832   56832   32     32     0      0      0      -             -          -      0      0      0      0      0      0      0      0      -      0      0      0      0      0      0      0      0      0      0      0      0      0      0      0      0      0      0      0      0      0      0      0      0      0      0      0      0      0      0      0      0      0      0      0      0      0      0      0      0     
0x2b64915ac530           ULEA.HI UR5, UR5, UR5, URZ, 0x1                                          0      0      0      1776    56832   56832   32     32     0      0      0      -             -          -      0      0      0      0      0      0      0      0      -      0      0      0      0      0      0      0      0      0      0      0      0      0      0      0      0      0      0      0      0      0      0      0      0      0      0      0      0      0      0      0      0      0      0      0      0      0      0      0      0     
0x2b64915ac540           ULEA.HI UR7, UR7, UR7, URZ, 0x1                                          0      0      0      1776    56832   56832   32     32     0      0      0      -             -          -      0      0      0      0      0      0      0      0      -      0      0      0      0      0      0      0      0      0      0      0      0      0      0      0      0      0      0      0      0      0      0      0      0      0      0      0      0      0      0      0      0      0      0      0      0      0      0      0      0     
0x2b64915ac550           UIMAD UR9, UR9, -0x3, UR16                                               0      0      0      1776    56832   56832   32     32     0      0      0      -             -          -      0      0      0      0      0      0      0      0      -      0      0      0      0      0      0      0      0      0      0      0      0      0      0      0      0      0      0      0      0      0      0      0      0      0      0      0      0      0      0      0      0      0      0      0      0      0      0      0      0     
0x2b64915ac560           UIMAD UR11, UR5, -0x3, UR11                                              0      0      0      1776    56832   56832   32     32     0      0      0      -             -          -      0      0      0      0      0      0      0      0      -      0      0      0      0      0      0      0      0      0      0      0      0      0      0      0      0      0      0      0      0      0      0      0      0      0      0      0      0      0      0      0      0      0      0      0      0      0      0      0      0     
0x2b64915ac570           UIMAD UR7, UR7, -0x3, UR17                                               0      0      0      1776    56832   56832   32     32     0      0      0      -             -          -      0      0      0      0      0      0      0      0      -      0      0      0      0      0      0      0      0      0      0      0      0      0      0      0      0      0      0      0      0      0      0      0      0      0      0      0      0      0      0      0      0      0      0      0      0      0      0      0      0     
0x2b64915ac580           LOP3.LUT R0, RZ, UR9, RZ, 0x33, !PT                                      0      0      0      1776    56832   56832   32     32     0      0      0      -             -          -      0      0      0      0      0      0      0      0      -      0      0      0      0      0      0      0      0      0      0      0      0      0      0      0      0      0      0      0      0      0      0      0      0      0      0      0      0      0      0      0      0      0      0      0      0      0      0      0      0     
0x2b64915ac590           UMOV UR4, UR10                                                           0      0      0      1776    56832   56832   32     32     0      0      0      -             -          -      0      0      0      0      0      0      0      0      -      0      0      0      0      0      0      0      0      0      0      0      0      0      0      0      0      0      0      0      0      0      0      0      0      0      0      0      0      0      0      0      0      0      0      0      0      0      0      0      0     
0x2b64915ac5a0           UMOV UR5, UR21                                                           0      0      0      1776    56832   56832   32     32     0      0      0      -             -          -      0      0      0      0      0      0      0      0      -      0      0      0      0      0      0      0      0      0      0      0      0      0      0      0      0      0      0      0      0      0      0      0      0      0      0      0      0      0      0      0      0      0      0      0      0      0      0      0      0     
0x2b64915ac5b0           LOP3.LUT R2, RZ, UR11, RZ, 0x33, !PT                                     0      0      0      1776    56832   56832   32     32     0      0      0      -             -          -      0      0      0      0      0      0      0      0      -      0      0      0      0      0      0      0      0      0      0      0      0      0      0      0      0      0      0      0      0      0      0      0      0      0      0      0      0      0      0      0      0      0      0      0      0      0      0      0      0     
0x2b64915ac5c0           UIADD3 UR4, UP0, UPT, UR4, 0x3ff, URZ                                    0      0      0      1776    56832   56832   32     32     0      0      0      -             -          -      0      0      0      0      0      0      0      0      -      0      0      0      0      0      0      0      0      0      0      0      0      0      0      0      0      0      0      0      0      0      0      0      0      0      0      0      0      0      0      0      0      0      0      0      0      0      0      0      0     
0x2b64915ac5d0           LOP3.LUT R3, RZ, UR7, RZ, 0x33, !PT                                      0      0      0      1776    56832   56832   32     32     0      0      0      -             -          -      0      0      0      0      0      0      0      0      -      0      0      0      0      0      0      0      0      0      0      0      0      0      0      0      0      0      0      0      0      0      0      0      0      0      0      0      0      0      0      0      0      0      0      0      0      0      0      0      0     
0x2b64915ac5e0           VIADD R0, R0, UR16                                                       0      0      0      1776    56832   56832   32     32     0      0      0      -             -          -      0      0      0      0      0      0      0      0      -      0      0      0      0      0      0      0      0      0      0      0      0      0      0      0      0      0      0      0      0      0      0      0      0      0      0      0      0      0      0      0      0      0      0      0      0      0      0      0      0     
0x2b64915ac5f0           VIADD R2, R2, UR16                                                       0      0      0      1776    56832   56832   32     32     0      0      0      -             -          -      0      0      0      0      0      0      0      0      -      0      0      0      0      0      0      0      0      0      0      0      0      0      0      0      0      0      0      0      0      0      0      0      0      0      0      0      0      0      0      0      0      0      0      0      0      0      0      0      0     
0x2b64915ac600           UIADD3.X UR5, UPT, UPT, URZ, UR5, URZ, UP0, !UPT                         0      0      0      1776    56832   56832   32     32     0      0      0      -             -          -      0      0      0      0      0      0      0      0      -      0      0      0      0      0      0      0      0      0      0      0      0      0      0      0      0      0      0      0      0      0      0      0      0      0      0      0      0      0      0      0      0      0      0      0      0      0      0      0      0     
0x2b64915ac610           VIADD R3, R3, UR16                                                       0      0      0      1776    56832   56832   32     32     0      0      0      -             -          -      0      0      0      0      0      0      0      0      -      0      0      0      0      0      0      0      0      0      0      0      0      0      0      0      0      0      0      0      0      0      0      0      0      0      0      0      0      0      0      0      0      0      0      0      0      0      0      0      0     
0x2b64915ac620           ULOP3.LUT UR4, UR4, 0xfffffc00, URZ, 0xc0, !UPT                          0      0      0      1776    56832   56832   32     32     0      0      0      -             -          -      0      0      0      0      0      0      0      0      -      0      0      0      0      0      0      0      0      0      0      0      0      0      0      0      0      0      0      0      0      0      0      0      0      0      0      0      0      0      0      0      0      0      0      0      0      0      0      0      0     
0x2b64915ac630           IMAD.HI.U32 R7, R0, -0x55555555, RZ                                      0      0      0      1776    56832   56832   32     32     0      0      0      -             -          -      0      0      0      0      0      0      0      0      -      0      0      0      0      0      0      0      0      0      0      0      0      0      0      0      0      0      0      0      0      0      0      0      0      0      0      0      0      0      0      0      0      0      0      0      0      0      0      0      0     
0x2b64915ac640           IMAD.HI.U32 R5, R2, -0x55555555, RZ                                      0      0      0      1776    56832   56832   32     32     0      0      0      -             -          -      0      0      0      0      0      0      0      0      -      0      0      0      0      0      0      0      0      0      0      0      0      0      0      0      0      0      0      0      0      0      0      0      0      0      0      0      0      0      0      0      0      0      0      0      0      0      0      0      0     
0x2b64915ac650           SHF.R.U32.HI R8, RZ, 0x1, R7                                             0      0      0      1776    56832   56832   32     32     0      0      0      -             -          -      0      0      0      0      0      0      0      0      -      0      0      0      0      0      0      0      0      0      0      0      0      0      0      0      0      0      0      0      0      0      0      0      0      0      0      0      0      0      0      0      0      0      0      0      0      0      0      0      0     
0x2b64915ac660           UMOV UR17, UR4                                                           0      0      0      1776    56832   56832   32     32     0      0      0      -             -          -      0      0      0      0      0      0      0      0      -      0      0      0      0      0      0      0      0      0      0      0      0      0      0      0      0      0      0      0      0      0      0      0      0      0      0      0      0      0      0      0      0      0      0      0      0      0      0      0      0     
0x2b64915ac670           IMAD.HI.U32 R6, R3, -0x55555555, RZ                                      0      0      0      1776    56832   56832   32     32     0      0      0      -             -          -      0      0      0      0      0      0      0      0      -      0      0      0      0      0      0      0      0      0      0      0      0      0      0      0      0      0      0      0      0      0      0      0      0      0      0      0      0      0      0      0      0      0      0      0      0      0      0      0      0     
0x2b64915ac680           SHF.R.U32.HI R7, RZ, 0x1, R5                                             0      0      0      1776    56832   56832   32     32     0      0      0      -             -          -      0      0      0      0      0      0      0      0      -      0      0      0      0      0      0      0      0      0      0      0      0      0      0      0      0      0      0      0      0      0      0      0      0      0      0      0      0      0      0      0      0      0      0      0      0      0      0      0      0     
0x2b64915ac690           LOP3.LUT R5, R8, 0x1, RZ, 0xc0, !PT                                      0      0      0      1776    56832   56832   32     32     0      0      0      -             -          -      0      0      0      0      0      0      0      0      -      0      0      0      0      0      0      0      0      0      0      0      0      0      0      0      0      0      0      0      0      0      0      0      0      0      0      0      0      0      0      0      0      0      0      0      0      0      0      0      0     
0x2b64915ac6a0           SHF.R.U32.HI R6, RZ, 0x1, R6                                             0      0      0      1776    56832   56832   32     32     0      0      0      -             -          -      0      0      0      0      0      0      0      0      -      0      0      0      0      0      0      0      0      0      0      0      0      0      0      0      0      0      0      0      0      0      0      0      0      0      0      0      0      0      0      0      0      0      0      0      0      0      0      0      0     
0x2b64915ac6b0           LOP3.LUT R7, R7, 0x1, RZ, 0xc0, !PT                                      1      1      1      1776    56832   56832   32     32     0      0      0      -             -          -      0      0      0      0      0      0      0      0      -      0      0      0      0      0      0      0      0      0      0      0      0      0      0      0      0      0      0      0      0      0      0      1      0      0      0      0      0      0      0      0      0      0      0      0      0      0      0      0      1     
0x2b64915ac6c0           LOP3.LUT R6, R6, 0x1, RZ, 0xc0, !PT                                      1      0      1      1776    56832   56832   32     32     0      0      0      -             -          -      0      0      0      0      0      0      0      0      -      0      0      0      0      0      0      0      0      0      0      0      0      0      0      0      0      0      0      0      0      0      0      1      0      0      0      0      0      0      0      0      0      0      0      0      0      0      0      0      0     
0x2b64915ac6d0           IMAD.U32 R14, RZ, RZ, UR12                                               0      0      0      8192    262144  262144  32     32     0      0      0      -             -          -      0      0      0      0      0      0      0      0      -      0      0      0      0      0      0      0      0      0      0      0      0      0      0      0      0      0      0      0      0      0      0      0      0      0      0      0      0      0      0      0      0      0      0      0      0      0      0      0      0     
0x2b64915ac6e0           ISETP.NE.AND P1, PT, R10, RZ, PT                                         0      0      0      8192    262144  262144  32     32     0      0      0      -             -          -      0      0      0      0      0      0      0      0      -      0      0      0      0      0      0      0      0      0      0      0      0      0      0      0      0      0      0      0      0      0      0      0      0      0      0      0      0      0      0      0      0      0      0      0      0      0      0      0      0     
0x2b64915ac6f0           IMAD.U32 R12, RZ, RZ, UR15                                               2      0      2      8192    262144  262144  32     32     0      0      0      -             -          -      0      0      0      0      0      0      0      0      -      0      0      0      0      0      0      0      0      0      0      0      0      0      0      0      0      0      0      2      0      0      0      0      0      0      0      0      0      0      0      0      0      0      0      0      0      0      0      0      0     
0x2b64915ac700           BSSY.RECONVERGENT B0, 0x2b64915ac910                                     0      0      0      8192    262144  262144  32     32     0      0      0      -             -          -      0      0      0      0      0      0      0      0      -      0      0      0      0      0      0      0      0      0      0      0      0      0      0      0      0      0      0      0      0      0      0      0      0      0      0      0      0      0      0      0      0      0      0      0      0      0      0      0      0     
0x2b64915ac710           IABS R13, R14                                                            98     92     98     8192    262144  262144  32     32     0      0      0      -             -          -      0      0      0      0      0      0      0      0      -      0      0      0      0      0      0      0      0      0      0      0      97     0      0      0      0      0      0      0      0      0      0      1      0      0      0      0      0      91     0      0      0      0      0      0      0      0      0      0      1     
0x2b64915ac720           IABS R12, R12                                                            2      2      2      8192    262144  262144  32     32     0      0      0      -             -          -      0      0      0      0      0      0      0      0      -      0      0      0      0      0      0      0      0      0      0      0      0      0      0      0      0      0      0      0      0      0      0      2      0      0      0      0      0      0      0      0      0      0      0      0      0      0      0      0      2     
0x2b64915ac730           I2F.RP R11, R13                                                          1      1      1      8192    262144  262144  32     32     0      0      0      -             -          -      0      0      0      0      0      0      0      0      -      0      0      0      0      0      0      0      0      0      0      0      0      0      0      0      0      0      0      0      0      0      0      1      0      0      0      0      0      0      0      0      0      0      0      0      0      0      0      0      1     
0x2b64915ac740           IABS R14, R14                                                            0      0      0      8192    262144  262144  32     32     0      0      0      -             -          -      0      0      0      0      0      0      0      0      -      0      0      0      0      0      0      0      0      0      0      0      0      0      0      0      0      0      0      0      0      0      0      0      0      0      0      0      0      0      0      0      0      0      0      0      0      0      0      0      0     
0x2b64915ac750           MUFU.RCP R11, R11                                                        2      2      2      8192    262144  262144  32     32     0      0      0      -             -          -      0      0      0      0      0      0      0      0      -      0      0      0      0      0      0      0      0      0      0      0      0      0      0      0      0      0      0      0      1      0      0      1      0      0      0      0      0      0      0      0      0      0      0      0      0      1      0      0      1     
0x2b64915ac760           VIADD R8, R11, 0xffffffe                                                 2      2      2      8192    262144  262144  32     32     0      0      0      -             -          -      0      0      0      0      0      0      0      0      -      0      0      0      0      0      0      0      0      0      0      0      0      0      0      0      0      0      0      0      2      0      0      0      0      0      0      0      0      0      0      0      0      0      0      0      0      2      0      0      0     
0x2b64915ac770           F2I.FTZ.U32.TRUNC.NTZ R9, R8                                             0      0      0      8192    262144  262144  32     32     0      0      0      -             -          -      0      0      0      0      0      0      0      0      -      0      0      0      0      0      0      0      0      0      0      0      0      0      0      0      0      0      0      0      0      0      0      0      0      0      0      0      0      0      0      0      0      0      0      0      0      0      0      0      0     
0x2b64915ac780           IMAD.MOV.U32 R8, RZ, RZ, RZ                                              2      2      2      8192    262144  262144  32     32     0      0      0      -             -          -      0      0      0      0      0      0      0      0      -      0      0      0      0      0      0      0      0      0      0      0      0      0      0      0      0      0      0      0      2      0      0      0      0      0      0      0      0      0      0      0      0      0      0      0      0      2      0      0      0     
0x2b64915ac790           IMAD.MOV R16, RZ, RZ, -R9                                                2      1      2      8192    262144  262144  32     32     0      0      0      -             -          -      0      0      0      0      0      0      0      0      -      0      0      0      0      0      0      0      0      0      0      0      0      0      0      0      0      0      0      1      1      0      0      0      0      0      0      0      0      0      0      0      0      0      0      0      0      1      0      0      0     
0x2b64915ac7a0           IMAD R15, R16, R13, RZ                                                   0      0      0      8192    262144  262144  32     32     0      0      0      -             -          -      0      0      0      0      0      0      0      0      -      0      0      0      0      0      0      0      0      0      0      0      0      0      0      0      0      0      0      0      0      0      0      0      0      0      0      0      0      0      0      0      0      0      0      0      0      0      0      0      0     
0x2b64915ac7b0           IMAD.HI.U32 R9, R9, R15, R8                                              2      2      2      8192    262144  262144  32     32     0      0      0      -             -          -      0      0      0      0      0      0      0      0      -      0      0      0      0      0      0      0      0      0      0      0      0      0      0      0      0      0      0      0      0      0      0      2      0      0      0      0      0      0      0      0      0      0      0      0      0      0      0      0      2     
0x2b64915ac7c0           IMAD.HI.U32 R9, R9, R12, RZ                                              3      1      3      8192    262144  262144  32     32     0      0      0      -             -          -      0      0      0      0      0      0      0      0      -      0      0      0      0      0      0      0      0      0      0      0      0      0      0      0      0      0      0      2      0      0      0      1      0      0      0      0      0      0      0      0      0      0      0      0      0      0      0      0      1     
0x2b64915ac7d0     @P1   BRA 0x2b64915ac900                                                       0      0      0      8192    262144  260096  32     31     1      1      2048   -             -          -      0      0      0      0      0      0      0      0      -      0      0      0      0      0      0      0      0      0      0      0      0      0      0      0      0      0      0      0      0      0      0      0      0      0      0      0      0      0      0      0      0      0      0      0      0      0      0      0      0     
0x2b64915ac7e0           S2UR UR8, SR_CgaCtaId                                                    1      0      1      2048    2048    2048    1      1      30     31     0      -             -          -      0      0      0      0      0      0      0      0      -      0      0      0      0      0      0      0      0      0      0      0      0      0      0      0      0      0      0      0      0      0      0      1      0      0      0      0      0      0      0      0      0      0      0      0      0      0      0      0      0     
0x2b64915ac7f0           UMOV UR7, 0x400                                                          0      0      0      2048    2048    2048    1      1      0      31     0      -             -          -      0      0      0      0      0      0      0      0      -      0      0      0      0      0      0      0      0      0      0      0      0      0      0      0      0      0      0      0      0      0      0      0      0      0      0      0      0      0      0      0      0      0      0      0      0      0      0      0      0     
0x2b64915ac800           UMOV UR4, 0x1                                                            0      0      0      2048    2048    2048    1      1      0      31     0      -             -          -      0      0      0      0      0      0      0      0      -      0      0      0      0      0      0      0      0      0      0      0      0      0      0      0      0      0      0      0      0      0      0      0      0      0      0      0      0      0      0      0      0      0      0      0      0      0      0      0      0     
0x2b64915ac810           UIADD3 UR6, UPT, UPT, UR7, 0x8, URZ                                      0      0      0      2048    2048    2048    1      1      0      31     0      -             -          -      0      0      0      0      0      0      0      0      -      0      0      0      0      0      0      0      0      0      0      0      0      0      0      0      0      0      0      0      0      0      0      0      0      0      0      0      0      0      0      0      0      0      0      0      0      0      0      0      0     
0x2b64915ac820           UIADD3 UR7, UPT, UPT, UR7, 0x20, URZ                                     0      0      0      2048    2048    2048    1      1      0      31     0      -             -          -      0      0      0      0      0      0      0      0      -      0      0      0      0      0      0      0      0      0      0      0      0      0      0      0      0      0      0      0      0      0      0      0      0      0      0      0      0      0      0      0      0      0      0      0      0      0      0      0      0     
0x2b64915ac830           UIADD3 UR4, UPT, UPT, -UR4, 0x100000, URZ                                0      0      0      2048    2048    2048    1      1      0      31     0      -             -          -      0      0      0      0      0      0      0      0      -      0      0      0      0      0      0      0      0      0      0      0      0      0      0      0      0      0      0      0      0      0      0      0      0      0      0      0      0      0      0      0      0      0      0      0      0      0      0      0      0     
0x2b64915ac840           USHF.L.U32 UR5, UR4, 0xb, URZ                                            1      1      1      2048    2048    2048    1      1      0      31     0      -             -          -      0      0      0      0      0      0      0      0      -      0      0      0      0      0      0      0      0      0      0      0      0      0      0      0      0      0      0      0      0      0      0      1      0      0      0      0      0      0      0      0      0      0      0      0      0      0      0      0      1     
0x2b64915ac850           USHF.L.U32 UR4, UR4, 0x1, URZ                                            0      0      0      2048    2048    2048    1      1      0      31     0      -             -          -      0      0      0      0      0      0      0      0      -      0      0      0      0      0      0      0      0      0      0      0      0      0      0      0      0      0      0      0      0      0      0      0      0      0      0      0      0      0      0      0      0      0      0      0      0      0      0      0      0     
0x2b64915ac860           ULEA UR6, UR8, UR6, 0x18                                                 2      2      2      2048    2048    2048    1      1      0      31     0      -             -          -      0      0      0      0      0      0      0      0      -      0      0      0      0      0      0      0      0      0      0      0      0      0      0      0      0      0      0      0      2      0      0      0      0      0      0      0      0      0      0      0      0      0      0      0      0      2      0      0      0     
0x2b64915ac870           ULEA UR7, UR8, UR7, 0x18                                                 0      0      0      2048    2048    2048    1      1      0      31     0      -             -          -      0      0      0      0      0      0      0      0      -      0      0      0      0      0      0      0      0      0      0      0      0      0      0      0      0      0      0      0      0      0      0      0      0      0      0      0      0      0      0      0      0      0      0      0      0      0      0      0      0     
0x2b64915ac880           FENCE.VIEW.ASYNC.S                                                       0      0      0      2048    2048    2048    1      1      0      31     0      -             -          -      0      0      0      0      0      0      0      0      -      0      0      0      0      0      0      0      0      0      0      0      0      0      0      0      0      0      0      0      0      0      0      0      0      0      0      0      0      0      0      0      0      0      0      0      0      0      0      0      0     
0x2b64915ac890           SYNCS.EXCH.64 URZ, [UR6], UR4                                            29     27     29     2048    2048    2048    1      1      0      31     0      -             -          -      0      0      0      0      0      0      0      0      -      0      0      0      0      0      0      0      0      0      0      0      29     0      0      0      0      0      0      0      0      0      0      0      0      0      0      0      0      27     0      0      0      0      0      0      0      0      0      0      0     
0x2b64915ac8a0           SYNCS.EXCH.64 URZ, [UR7], UR4                                            0      0      0      2048    2048    2048    1      1      0      31     0      -             -          -      0      0      0      0      0      0      0      0      -      0      0      0      0      0      0      0      0      0      0      0      0      0      0      0      0      0      0      0      0      0      0      0      0      0      0      0      0      0      0      0      0      0      0      0      0      0      0      0      0     
0x2b64915ac8b0           SYNCS.EXCH.64 URZ, [UR6+0x8], UR4                                        1      0      1      2048    2048    2048    1      1      0      31     0      -             -          -      0      0      0      0      0      0      0      0      -      0      0      0      0      0      0      0      0      0      0      0      0      0      0      0      0      0      0      1      0      0      0      0      0      0      0      0      0      0      0      0      0      0      0      0      0      0      0      0      0     
0x2b64915ac8c0           SYNCS.EXCH.64 URZ, [UR7+0x8], UR4                                        0      0      0      2048    2048    2048    1      1      0      31     0      -             -          -      0      0      0      0      0      0      0      0      -      0      0      0      0      0      0      0      0      0      0      0      0      0      0      0      0      0      0      0      0      0      0      0      0      0      0      0      0      0      0      0      0      0      0      0      0      0      0      0      0     
0x2b64915ac8d0           SYNCS.EXCH.64 URZ, [UR6+0x10], UR4                                       0      0      0      2048    2048    2048    1      1      0      31     0      -             -          -      0      0      0      0      0      0      0      0      -      0      0      0      0      0      0      0      0      0      0      0      0      0      0      0      0      0      0      0      0      0      0      0      0      0      0      0      0      0      0      0      0      0      0      0      0      0      0      0      0     
0x2b64915ac8e0           SYNCS.EXCH.64 URZ, [UR7+0x10], UR4                                       0      0      0      2048    2048    2048    1      1      0      31     0      -             -          -      0      0      0      0      0      0      0      0      -      0      0      0      0      0      0      0      0      0      0      0      0      0      0      0      0      0      0      0      0      0      0      0      0      0      0      0      0      0      0      0      0      0      0      0      0      0      0      0      0     
0x2b64915ac8f0           NOP                                                                      0      0      0      2048    2048    2048    1      1      0      31     0      -             -          -      0      0      0      0      0      0      0      0      -      0      0      0      0      0      0      0      0      0      0      0      0      0      0      0      0      0      0      0      0      0      0      0      0      0      0      0      0      0      0      0      0      0      0      0      0      0      0      0      0     
0x2b64915ac900           BSYNC.RECONVERGENT B0                                                    6      5      6      10240   262144  262144  25     25     24     7      0      -             -          -      0      0      0      0      0      0      0      0      -      0      0      0      0      0      0      0      1      0      0      0      5      0      0      0      0      0      0      0      0      0      0      0      0      1      0      0      0      4      0      0      0      0      0      0      0      0      0      0      0     
0x2b64915ac910           R2UR UR4, R9                                                             3      3      3      8192    262144  262144  32     32     7      0      0      -             -          -      0      0      0      0      0      0      0      0      -      0      0      0      0      0      0      0      2      0      0      0      0      0      0      0      0      0      0      0      0      0      0      1      0      2      0      0      0      0      0      0      0      0      0      0      0      0      0      0      1     
0x2b64915ac920           IMAD.MOV R9, RZ, RZ, -R14                                                0      0      0      8192    262144  262144  32     32     0      0      0      -             -          -      0      0      0      0      0      0      0      0      -      0      0      0      0      0      0      0      0      0      0      0      0      0      0      0      0      0      0      0      0      0      0      0      0      0      0      0      0      0      0      0      0      0      0      0      0      0      0      0      0     
0x2b64915ac930           ULOP3.LUT UR5, UR15, UR12, URZ, 0x3c, !UPT                               0      0      0      8192    262144  262144  32     32     0      0      0      -             -          -      0      0      0      0      0      0      0      0      -      0      0      0      0      0      0      0      0      0      0      0      0      0      0      0      0      0      0      0      0      0      0      0      0      0      0      0      0      0      0      0      0      0      0      0      0      0      0      0      0     
0x2b64915ac940           BAR.SYNC.DEFER_BLOCKING 0x0                                              0      0      0      8192    262144  262144  32     32     0      0      0      -             -          -      0      0      0      0      0      0      0      0      -      0      0      0      0      0      0      0      0      0      0      0      0      0      0      0      0      0      0      0      0      0      0      0      0      0      0      0      0      0      0      0      0      0      0      0      0      0      0      0      0     
0x2b64915ac950           IMAD R8, R9, UR4, R12                                                    1      1      1      8192    262144  262144  32     32     0      0      0      -             -          -      0      0      0      0      0      0      0      0      -      0      0      0      0      0      0      0      0      0      0      0      0      0      0      0      0      0      0      0      0      0      0      1      0      0      0      0      0      0      0      0      0      0      0      0      0      0      0      0      1     
0x2b64915ac960           ISETP.GT.U32.AND P0, PT, R13, R8, PT                                     1      1      1      8192    262144  262144  32     32     0      0      0      -             -          -      0      0      0      0      0      0      0      0      -      0      0      0      0      0      0      0      0      0      0      0      0      0      0      0      0      0      0      0      0      0      0      1      0      0      0      0      0      0      0      0      0      0      0      0      0      0      0      0      1     
0x2b64915ac970           VOTEU.ANY UP0, P0                                                        181    174    181    8192    262144  262144  32     32     0      0      0      -             -          -      0      0      0      0      0      0      0      0      -      0      0      0      0      0      0      181    0      0      0      0      0      0      0      0      0      0      0      0      0      0      0      0      174    0      0      0      0      0      0      0      0      0      0      0      0      0      0      0      0     
0x2b64915ac980           PLOP3.LUT P0, PT, PT, PT, UP0, 0x80, 0x8                                 1      0      1      8192    262144  262144  32     32     0      0      0      -             -          -      0      0      0      0      0      0      0      0      -      0      0      0      0      0      0      0      0      0      0      0      0      0      0      0      0      0      0      1      0      0      0      0      0      0      0      0      0      0      0      0      0      0      0      0      0      0      0      0      0     
0x2b64915ac990     @!UP0 UIADD3 UR4, UPT, UPT, UR4, 0x1, URZ                                      0      0      0      8192    262144  3968    32     0      32     32     0      -             -          -      0      0      0      0      0      0      0      0      -      0      0      0      0      0      0      0      0      0      0      0      0      0      0      0      0      0      0      0      0      0      0      0      0      0      0      0      0      0      0      0      0      0      0      0      0      0      0      0      0     
0x2b64915ac9a0           UISETP.GE.AND UP0, UPT, UR5, URZ, UPT                                    0      0      0      8192    262144  262144  32     32     32     0      0      -             -          -      0      0      0      0      0      0      0      0      -      0      0      0      0      0      0      0      0      0      0      0      0      0      0      0      0      0      0      0      0      0      0      0      0      0      0      0      0      0      0      0      0      0      0      0      0      0      0      0      0     
0x2b64915ac9b0     @!P0  IMAD.IADD R8, R8, 0x1, -R13                                              0      0      0      8192    262144  3968    32     0      32     32     0      -             -          -      0      0      0      0      0      0      0      0      -      0      0      0      0      0      0      0      0      0      0      0      0      0      0      0      0      0      0      0      0      0      0      0      0      0      0      0      0      0      0      0      0      0      0      0      0      0      0      0      0     
0x2b64915ac9c0           ISETP.GE.U32.AND P0, PT, R8, R13, PT                                     1      1      1      8192    262144  262144  32     32     32     0      0      -             -          -      0      0      0      0      0      0      0      0      -      0      0      0      0      0      0      0      0      0      0      0      0      0      0      0      0      0      0      0      0      0      0      1      0      0      0      0      0      0      0      0      0      0      0      0      0      0      0      0      1     
0x2b64915ac9d0           VOTEU.ANY UP1, P0                                                        2      2      2      8192    262144  262144  32     32     0      0      0      -             -          -      0      0      0      0      0      0      0      0      -      0      0      0      0      0      0      0      0      0      0      0      0      0      0      0      0      0      0      0      0      0      0      2      0      0      0      0      0      0      0      0      0      0      0      0      0      0      0      0      2     
0x2b64915ac9e0           ISETP.NE.AND P0, PT, R10, RZ, PT                                         0      0      0      8192    262144  262144  32     32     0      0      0      -             -          -      0      0      0      0      0      0      0      0      -      0      0      0      0      0      0      0      0      0      0      0      0      0      0      0      0      0      0      0      0      0      0      0      0      0      0      0      0      0      0      0      0      0      0      0      0      0      0      0      0     
0x2b64915ac9f0     @UP1  UIADD3 UR4, UPT, UPT, UR4, 0x1, URZ                                      1      1      1      8192    262144  0       32     0      32     32     0      -             -          -      0      0      0      0      0      0      0      0      -      0      0      0      0      0      0      0      0      0      0      0      0      0      0      0      0      0      0      0      0      0      0      1      0      0      0      0      0      0      0      0      0      0      0      0      0      0      0      0      1     
0x2b64915aca00           UISETP.NE.AND UP1, UPT, UR12, URZ, UPT                                   1      1      1      8192    262144  262144  32     32     32     0      0      -             -          -      0      0      0      0      0      0      0      0      -      0      0      0      0      0      0      0      0      0      0      0      0      0      0      0      0      0      0      0      0      0      0      1      0      0      0      0      0      0      0      0      0      0      0      0      0      0      0      0      1     
0x2b64915aca10     @!UP0 UIADD3 UR4, UPT, UPT, URZ, -UR4, URZ                                     1      0      1      8192    262144  0       32     0      32     32     0      -             -          -      0      0      0      0      0      0      0      0      -      0      0      0      0      0      0      0      0      0      0      0      0      0      0      0      0      0      0      1      0      0      0      0      0      0      0      0      0      0      0      0      0      0      0      0      0      0      0      0      0     
0x2b64915aca20     @!UP1 ULOP3.LUT UR4, URZ, UR12, URZ, 0x33, !UPT                                4      4      4      8192    262144  0       32     0      0      32     0      -             -          -      0      0      0      0      0      0      0      0      -      0      0      0      0      0      0      0      0      0      0      0      0      0      0      0      0      0      0      0      0      0      0      4      0      0      0      0      0      0      0      0      0      0      0      0      0      0      0      0      4     
0x2b64915aca30           UIADD3 UR11, UPT, UPT, URZ, -UR4, URZ                                    1      1      1      8192    262144  262144  32     32     32     0      0      -             -          -      0      0      0      0      0      0      0      0      -      0      0      0      0      0      0      0      0      0      0      0      0      0      0      0      0      0      0      0      0      0      0      1      0      0      0      0      0      0      0      0      0      0      0      0      0      0      0      0      1     
0x2b64915aca40           USHF.L.U32 UR7, UR4, 0x7, URZ                                            0      0      0      8192    262144  262144  32     32     0      0      0      -             -          -      0      0      0      0      0      0      0      0      -      0      0      0      0      0      0      0      0      0      0      0      0      0      0      0      0      0      0      0      0      0      0      0      0      0      0      0      0      0      0      0      0      0      0      0      0      0      0      0      0     
0x2b64915aca50           UIMAD UR11, UR12, UR11, UR15                                             0      0      0      8192    262144  262144  32     32     0      0      0      -             -          -      0      0      0      0      0      0      0      0      -      0      0      0      0      0      0      0      0      0      0      0      0      0      0      0      0      0      0      0      0      0      0      0      0      0      0      0      0      0      0      0      0      0      0      0      0      0      0      0      0     
0x2b64915aca60           USHF.L.U32 UR11, UR11, 0x6, URZ                                          1      0      1      8192    262144  262144  32     32     0      0      0      -             -          -      0      0      0      0      0      0      0      0      -      0      0      0      0      0      0      0      0      0      0      0      0      0      0      0      0      0      0      0      0      0      0      1      0      0      0      0      0      0      0      0      0      0      0      0      0      0      0      0      0     
0x2b64915aca70     @!P0  BRA 0x2b64915ad130                                                       0      0      0      8192    262144  2048    32     0      32     32     2048   -             -          -      0      0      0      0      0      0      0      0      -      0      0      0      0      0      0      0      0      0      0      0      0      0      0      0      0      0      0      0      0      0      0      0      0      0      0      0      0      0      0      0      0      0      0      0      0      0      0      0      0     
0x2b64915aca80           LDC R8, c[0x0][0x3a0]                                                    3      1      3      8192    260096  260096  31     31     31     1      0      -             -          -      0      0      0      0      0      0      0      0      -      0      0      0      0      0      0      0      0      0      0      0      0      0      0      0      0      0      0      1      0      0      0      2      0      0      0      0      0      0      0      0      0      0      0      0      0      0      0      0      1     
0x2b64915aca90           ISETP.GE.AND P0, PT, R8, 0x40, PT                                        6      6      6      8192    260096  260096  31     31     0      1      0      -             -          -      0      0      0      0      0      0      0      0      -      0      0      0      0      0      0      0      0      0      0      0      0      0      0      0      0      0      0      0      6      0      0      0      0      0      0      0      0      0      0      0      0      0      0      0      0      6      0      0      0     
0x2b64915acaa0           ISETP.NE.OR P0, PT, R10, 0x20, !P0                                       0      0      0      8192    260096  260096  31     31     0      1      0      -             -          -      0      0      0      0      0      0      0      0      -      0      0      0      0      0      0      0      0      0      0      0      0      0      0      0      0      0      0      0      0      0      0      0      0      0      0      0      0      0      0      0      0      0      0      0      0      0      0      0      0     
0x2b64915acab0     @P0   BRA 0x2b64915ad540                                                       2      2      2      8192    260096  258048  31     31     0      1      2048   -             -          -      0      0      0      0      0      0      0      0      -      0      0      0      0      0      0      0      0      0      0      0      0      0      0      0      0      0      0      0      0      0      0      2      0      0      0      0      0      0      0      0      0      0      0      0      0      0      0      0      2     
0x2b64915acac0           S2R R14, SR_CgaCtaId                                                     2      2      2      2048    2048    2048    1      1      30     31     0      -             -          -      0      0      0      0      0      0      0      0      -      0      0      0      0      0      0      0      0      0      0      0      0      0      0      0      0      0      0      0      0      0      0      2      0      0      0      0      0      0      0      0      0      0      0      0      0      0      0      0      2     
0x2b64915acad0           MOV R15, 0x400                                                           0      0      0      2048    2048    2048    1      1      0      31     0      -             -          -      0      0      0      0      0      0      0      0      -      0      0      0      0      0      0      0      0      0      0      0      0      0      0      0      0      0      0      0      0      0      0      0      0      0      0      0      0      0      0      0      0      0      0      0      0      0      0      0      0     
0x2b64915acae0           IMAD.MOV.U32 R8, RZ, RZ, RZ                                              0      0      0      2048    2048    2048    1      1      0      31     0      -             -          -      0      0      0      0      0      0      0      0      -      0      0      0      0      0      0      0      0      0      0      0      0      0      0      0      0      0      0      0      0      0      0      0      0      0      0      0      0      0      0      0      0      0      0      0      0      0      0      0      0     
0x2b64915acaf0           VIADD R9, R15, 0x20                                                      0      0      0      2048    2048    2048    1      1      0      31     0      -             -          -      0      0      0      0      0      0      0      0      -      0      0      0      0      0      0      0      0      0      0      0      0      0      0      0      0      0      0      0      0      0      0      0      0      0      0      0      0      0      0      0      0      0      0      0      0      0      0      0      0     
0x2b64915acb00           LEA R16, R14, R9, 0x18                                                   1      1      1      2048    2048    2048    1      1      0      31     0      -             -          -      0      0      0      0      0      0      0      0      -      0      0      0      0      0      0      0      0      0      0      0      0      0      0      0      0      0      0      0      1      0      0      0      0      0      0      0      0      0      0      0      0      0      0      0      0      1      0      0      0     
0x2b64915acb10           IMAD.HI.U32 R9, R8, -0x55555555, RZ                                      9      9      9      131072  131072  131072  1      1      0      31     0      -             -          -      0      0      0      0      0      0      0      0      -      0      0      0      0      0      0      0      4      0      0      0      0      0      0      0      0      4      0      0      0      0      0      1      0      4      0      0      0      0      0      0      0      0      4      0      0      0      0      0      1     
0x2b64915acb20           YIELD                                                                    9      8      9      131072  131072  131072  1      1      0      31     0      -             -          -      0      0      0      0      0      0      0      0      -      0      0      0      0      0      0      0      0      0      0      0      0      0      0      0      0      0      0      1      8      0      0      0      0      0      0      0      0      0      0      0      0      0      0      0      0      8      0      0      0     
0x2b64915acb30           SHF.R.U32.HI R9, RZ, 0x1, R9                                             137    123    137    131072  131072  131072  1      1      0      31     0      -             -          -      0      0      0      0      0      0      0      0      -      0      0      0      0      0      0      0      114    0      0      0      0      1      0      0      2      5      0      7      0      0      0      8      0      109    0      0      0      0      1      0      0      2      4      0      0      0      0      0      7     
0x2b64915acb40           IMAD R11, R9, -0x3, R8                                                   12     9      12     131072  131072  131072  1      1      0      31     0      -             -          -      0      0      0      0      0      0      0      0      -      0      0      0      0      0      0      0      0      0      0      0      0      0      0      0      0      0      0      1      0      0      0      11     0      0      0      0      0      0      0      0      0      0      0      0      0      0      0      0      9     
0x2b64915acb50           LOP3.LUT R9, R9, 0x1, RZ, 0xc0, !PT                                      2      0      2      131072  131072  131072  1      1      0      31     0      -             -          -      0      0      0      0      0      0      0      0      -      0      0      0      0      0      0      0      0      0      0      0      0      0      0      0      0      0      0      2      0      0      0      0      0      0      0      0      0      0      0      0      0      0      0      0      0      0      0      0      0     
0x2b64915acb60           SHF.L.U32 R12, R9, 0x1f, RZ                                              12     8      12     131072  131072  131072  1      1      0      31     0      -             -          -      0      0      0      0      0      0      0      0      -      0      0      0      0      0      0      0      0      0      0      0      0      0      0      0      0      0      0      3      0      0      0      9      0      0      0      0      0      0      0      0      0      0      0      0      0      0      0      0      8     
0x2b64915acb70           IMAD R9, R11, 0x8, R16                                                   2      0      2      131072  131072  131072  1      1      0      31     0      -             -          -      0      0      0      0      0      0      0      0      -      0      0      0      0      0      0      0      0      0      0      0      0      0      0      0      0      0      0      2      0      0      0      0      0      0      0      0      0      0      0      0      0      0      0      0      0      0      0      0      0     
0x2b64915acb80           SYNCS.PHASECHK.TRANS64.TRYWAIT P0, [R9+URZ], R12                         8      4      8      131072  131072  131072  1      1      0      31     0      -             -          -      0      0      0      0      0      0      0      0      -      0      0      0      0      0      0      0      0      0      0      0      0      0      0      0      0      0      0      4      0      0      0      4      0      0      0      0      0      0      0      0      0      0      0      0      0      0      0      0      4     
0x2b64915acb90     @!P0  BRA 0x2b64915ae790                                                       136    122    136    131072  131072  2048    1      0      1      32     0      -             -          -      0      0      0      0      0      0      0      0      -      0      0      0      0      0      0      0      0      0      0      0      132    0      0      0      0      0      0      2      0      0      0      2      0      0      0      0      0      121    0      0      0      0      0      0      0      0      0      0      1     
0x2b64915acba0           VIADD R13, R15, 0x8                                                      17     12     17     131072  131072  131072  1      1      1      31     0      -             -          -      0      0      0      0      0      0      0      0      -      0      0      0      0      0      0      0      4      0      0      0      0      0      0      0      0      2      0      2      0      0      0      9      0      3      0      0      0      0      0      0      0      0      1      0      0      0      0      0      8     
0x2b64915acbb0           R2UR UR10, R11                                                           3      0      3      131072  131072  131072  1      1      0      31     0      -             -          -      0      0      0      0      0      0      0      0      -      0      0      0      0      0      0      0      0      0      0      0      0      0      0      0      0      0      0      3      0      0      0      0      0      0      0      0      0      0      0      0      0      0      0      0      0      0      0      0      0     
0x2b64915acbc0           IMAD.SHL.U32 R9, R8, 0x4, RZ                                             4      0      4      131072  131072  131072  1      1      0      31     0      -             -          -      0      0      0      0      0      0      0      0      -      0      0      0      0      0      0      0      0      0      0      0      0      0      0      0      0      0      0      4      0      0      0      0      0      0      0      0      0      0      0      0      0      0      0      0      0      0      0      0      0     
0x2b64915acbd0           PLOP3.LUT P0, PT, PT, PT, PT, 0x80, 0x8                                  5      0      5      131072  131072  131072  1      1      0      31     0      -             -          -      0      0      0      0      0      0      0      0      -      0      0      0      0      0      0      0      0      0      0      0      0      0      0      0      0      0      0      5      0      0      0      0      0      0      0      0      0      0      0      0      0      0      0      0      0      0      0      0      0     
0x2b64915acbe0           NOP                                                                      4      0      4      131072  131072  131072  1      1      0      31     0      -             -          -      0      0      0      0      0      0      0      0      -      0      0      0      0      0      0      0      0      0      0      0      0      0      0      0      0      0      0      4      0      0      0      0      0      0      0      0      0      0      0      0      0      0      0      0      0      0      0      0      0     
0x2b64915acbf0           LEA R12, R14, R13, 0x18                                                  3      0      3      131072  131072  131072  1      1      0      31     0      -             -          -      0      0      0      0      0      0      0      0      -      0      0      0      0      0      0      0      0      0      0      0      0      0      0      0      0      0      0      3      0      0      0      0      0      0      0      0      0      0      0      0      0      0      0      0      0      0      0      0      0     
0x2b64915acc00           UMOV UR22, 0x0                                                           2      0      2      131072  131072  131072  1      1      0      31     0      -             -          -      0      0      0      0      0      0      0      0      -      0      0      0      0      0      0      0      0      0      0      0      0      0      0      0      0      0      0      2      0      0      0      0      0      0      0      0      0      0      0      0      0      0      0      0      0      0      0      0      0     
0x2b64915acc10           R2UR UR9, R9                                                             0      0      0      131072  131072  131072  1      1      0      31     0      -             -          -      0      0      0      0      0      0      0      0      -      0      0      0      0      0      0      0      0      0      0      0      0      0      0      0      0      0      0      0      0      0      0      0      0      0      0      0      0      0      0      0      0      0      0      0      0      0      0      0      0     
0x2b64915acc20           UMOV UR23, 0x8100490                                                     4      0      4      131072  131072  131072  1      1      0      31     0      -             -          -      0      0      0      0      0      0      0      0      -      0      0      0      0      0      0      0      0      0      0      0      0      0      0      0      0      0      0      4      0      0      0      0      0      0      0      0      0      0      0      0      0      0      0      0      0      0      0      0      0     
0x2b64915acc30           IMAD R12, R11, 0x8, R12                                                  11     4      11     131072  131072  131072  1      1      0      31     0      -             -          -      0      0      0      0      0      0      0      0      -      0      0      0      0      0      0      0      0      0      0      0      0      0      0      0      0      0      0      6      0      0      0      5      0      0      0      0      0      0      0      0      0      0      0      0      0      0      0      0      4     
0x2b64915acc40           UIMAD UR10, UR10, 0x6000, UR17                                           9      7      9      131072  131072  131072  1      1      0      31     0      -             -          -      0      0      0      0      0      0      0      0      -      0      0      0      0      0      0      0      0      0      0      0      0      0      0      0      0      0      0      2      0      0      0      7      0      0      0      0      0      0      0      0      0      0      0      0      0      0      0      0      7     
0x2b64915acc50           R2UR UR6, R12                                                            0      0      0      131072  131072  131072  1      1      0      31     0      -             -          -      0      0      0      0      0      0      0      0      -      0      0      0      0      0      0      0      0      0      0      0      0      0      0      0      0      0      0      0      0      0      0      0      0      0      0      0      0      0      0      0      0      0      0      0      0      0      0      0      0     
0x2b64915acc60           UIADD3 UR4, UPT, UPT, UR10, 0x4000, URZ                                  5      3      5      131072  131072  131072  1      1      0      31     0      -             -          -      0      0      0      0      0      0      0      0      -      0      0      0      0      0      0      0      0      0      0      0      0      0      0      0      0      0      0      2      0      0      0      3      0      0      0      0      0      0      0      0      0      0      0      0      0      0      0      0      3     
0x2b64915acc70           USHF.R.U32.HI UR5, URZ, 0x4, UR10                                        7      2      7      131072  131072  131072  1      1      0      31     0      -             -          -      0      0      0      0      0      0      0      0      -      0      0      0      0      0      0      0      0      0      0      0      0      0      0      0      0      0      1      3      0      0      0      3      0      0      0      0      0      0      0      0      0      0      0      0      0      0      0      0      2     
0x2b64915acc80           USHF.R.U32.HI UR8, URZ, 0x4, UR4                                         4      3      4      131072  131072  131072  1      1      0      31     0      -             -          -      0      0      0      0      0      0      0      0      -      0      0      0      0      0      0      0      0      0      0      0      0      0      0      0      0      0      0      0      0      0      0      4      0      0      0      0      0      0      0      0      0      0      0      0      0      0      0      0      3     
0x2b64915acc90           ULOP3.LUT UR4, UR5, 0x3fff, URZ, 0xc0, !UPT                              7      1      7      131072  131072  131072  1      1      0      31     0      -             -          -      0      0      0      0      0      0      0      0      -      0      0      0      0      0      0      0      0      0      0      0      0      0      0      0      0      0      1      5      0      0      0      1      0      0      0      0      0      0      0      0      0      0      0      0      0      0      0      0      1     
0x2b64915acca0           UISETP.NE.U32.AND UP0, UPT, UR9, URZ, UPT                                6      1      6      131072  131072  131072  1      1      0      31     0      -             -          -      0      0      0      0      0      0      0      0      -      0      0      0      0      0      0      0      0      0      0      0      0      0      0      0      0      0      0      5      0      0      0      1      0      0      0      0      0      0      0      0      0      0      0      0      0      0      0      0      1     
0x2b64915accb0           ULOP3.LUT UR8, UR8, 0x3fff, URZ, 0xc0, !UPT                              6      3      6      131072  131072  131072  1      1      0      31     0      -             -          -      0      0      0      0      0      0      0      0      -      0      0      0      0      0      0      0      0      1      0      0      0      0      0      0      0      0      0      2      0      0      0      3      0      0      1      0      0      0      0      0      0      0      0      0      0      0      0      0      2     
0x2b64915accc0           UMOV UR5, 0x40004040                                                     4      0      4      131072  131072  131072  1      1      0      31     0      -             -          -      0      0      0      0      0      0      0      0      -      0      0      0      0      0      0      0      0      0      0      0      0      0      0      0      0      0      0      4      0      0      0      0      0      0      0      0      0      0      0      0      0      0      0      0      0      0      0      0      0     
0x2b64915accd0           UMOV UR9, 0x40004040                                                     5      0      5      131072  131072  131072  1      1      0      31     0      -             -          -      0      0      0      0      0      0      0      0      -      0      0      0      0      0      0      0      0      0      0      0      0      0      0      0      0      0      0      5      0      0      0      0      0      0      0      0      0      0      0      0      0      0      0      0      0      0      0      0      0     
0x2b64915acce0     @P0   ELECT P2, URZ, PT                                                        32     27     32     131072  131072  131072  1      1      0      31     0      -             -          -      0      0      0      0      0      0      0      0      -      0      0      0      0      0      0      0      0      0      0      0      0      0      0      0      0      0      1      2      0      0      0      29     0      0      0      0      0      0      0      0      0      0      0      0      0      0      0      0      27    
0x2b64915accf0           UTCHMMA gdesc[UR4], gdesc[UR8], tmem[UR13], tmem[UR22], idesc[UR23], UP0 0      0      0      131072  131072  131072  1      1      0      31     0      TmemShared    Load,Store -      0      0      0      0      0      0      0      0      -      0      0      0      0      0      0      0      0      0      0      0      0      0      0      0      0      0      0      0      0      0      0      0      0      0      0      0      0      0      0      0      0      0      0      0      0      0      0      0      0     
0x2b64915acd00     @P2   PLOP3.LUT P0, PT, P2, PT, PT, 0x8, 0x80                                  38     35     38     131072  131072  131072  1      1      0      31     0      -             -          -      0      0      0      0      0      0      0      0      -      0      0      0      0      0      0      0      0      0      0      0      0      0      0      0      0      0      0      3      0      0      0      35     0      0      0      0      0      0      0      0      0      0      0      0      0      0      0      0      35    
0x2b64915acd10           PLOP3.LUT P2, PT, PT, PT, PT, 0x8, 0x80                                  10     6      10     131072  131072  131072  1      1      0      31     0      -             -          -      0      0      0      0      0      0      0      0      -      0      0      0      0      0      0      0      0      0      0      0      0      0      0      0      0      0      0      3      0      0      0      7      0      0      0      0      0      0      0      0      0      0      0      0      0      0      0      0      6     
0x2b64915acd20     @P0   BRA.U.ANY 0x2b64915acce0                                                 29     27     29     131072  131072  0       1      0      1      32     0      -             -          -      0      0      0      0      0      0      0      0      -      0      0      0      0      0      0      0      0      0      0      0      0      0      0      0      0      0      0      2      0      0      0      27     0      0      0      0      0      0      0      0      0      0      0      0      0      0      0      0      27    
0x2b64915acd30           VIADD R11, R9, 0x10                                                      10     8      10     131072  131072  131072  1      1      1      31     0      -             -          -      0      0      0      0      0      0      0      0      -      0      0      0      0      0      0      0      0      0      0      0      0      0      0      0      0      0      0      2      0      0      0      8      0      0      0      0      0      0      0      0      0      0      0      0      0      0      0      0      8     
0x2b64915acd40           UIADD3 UR5, UPT, UPT, UR10, 0x4020, URZ                                  3      0      3      131072  131072  131072  1      1      0      31     0      -             -          -      0      0      0      0      0      0      0      0      -      0      0      0      0      0      0      0      0      0      0      0      0      0      0      0      0      0      0      3      0      0      0      0      0      0      0      0      0      0      0      0      0      0      0      0      0      0      0      0      0     
0x2b64915acd50           PLOP3.LUT P0, PT, PT, PT, PT, 0x80, 0x8                                  6      0      6      131072  131072  131072  1      1      0      31     0      -             -          -      0      0      0      0      0      0      0      0      -      0      0      0      0      0      0      0      0      0      0      0      0      0      0      0      0      0      0      6      0      0      0      0      0      0      0      0      0      0      0      0      0      0      0      0      0      0      0      0      0     
0x2b64915acd60           UIADD3 UR4, UPT, UPT, UR10, 0x20, URZ                                    6      0      6      131072  131072  131072  1      1      0      31     0      -             -          -      0      0      0      0      0      0      0      0      -      0      0      0      0      0      0      0      0      0      0      0      0      0      0      0      0      0      0      6      0      0      0      0      0      0      0      0      0      0      0      0      0      0      0      0      0      0      0      0      0     
0x2b64915acd70           R2UR UR9, R11                                                            6      2      6      131072  131072  131072  1      1      0      31     0      -             -          -      0      0      0      0      0      0      0      0      -      0      0      0      0      0      0      0      0      0      0      0      0      0      0      0      0      0      0      4      0      0      0      2      0      0      0      0      0      0      0      0      0      0      0      0      0      0      0      0      2     
0x2b64915acd80           USHF.R.U32.HI UR5, URZ, 0x4, UR5                                         2      0      2      131072  131072  131072  1      1      0      31     0      -             -          -      0      0      0      0      0      0      0      0      -      0      0      0      0      0      0      0      0      0      0      0      0      0      0      0      0      0      0      2      0      0      0      0      0      0      0      0      0      0      0      0      0      0      0      0      0      0      0      0      0     
0x2b64915acd90           USHF.R.U32.HI UR4, URZ, 0x4, UR4                                         5      3      5      131072  131072  131072  1      1      0      31     0      -             -          -      0      0      0      0      0      0      0      0      -      0      0      0      0      0      0      0      0      0      0      0      0      0      0      0      0      0      0      2      0      0      0      3      0      0      0      0      0      0      0      0      0      0      0      0      0      0      0      0      3     
0x2b64915acda0           ULOP3.LUT UR8, UR5, 0x3fff, URZ, 0xc0, !UPT                              3      2      3      131072  131072  131072  1      1      0      31     0      -             -          -      0      0      0      0      0      0      0      0      -      0      0      0      0      0      0      0      0      0      0      0      0      0      0      0      0      0      0      1      0      0      0      2      0      0      0      0      0      0      0      0      0      0      0      0      0      0      0      0      2     
0x2b64915acdb0           ULOP3.LUT UR4, UR4, 0x3fff, URZ, 0xc0, !UPT                              7      5      7      131072  131072  131072  1      1      0      31     0      -             -          -      0      0      0      0      0      0      0      0      -      0      0      0      0      0      0      0      0      0      0      0      0      0      0      0      0      0      0      2      0      0      0      5      0      0      0      0      0      0      0      0      0      0      0      0      0      0      0      0      5     
0x2b64915acdc0           UMOV UR5, 0x40004040                                                     2      0      2      131072  131072  131072  1      1      0      31     0      -             -          -      0      0      0      0      0      0      0      0      -      0      0      0      0      0      0      0      0      0      0      0      0      0      0      0      0      0      0      2      0      0      0      0      0      0      0      0      0      0      0      0      0      0      0      0      0      0      0      0      0     
0x2b64915acdd0           UISETP.NE.U32.AND UP0, UPT, UR9, URZ, UPT                                15     10     15     131072  131072  131072  1      1      0      31     0      -             -          -      0      0      0      0      0      0      0      0      -      0      0      0      0      0      0      0      0      0      0      0      0      0      0      0      0      0      0      5      0      0      0      10     0      0      0      0      0      0      0      0      0      0      0      0      0      0      0      0      10    
0x2b64915acde0           UMOV UR9, 0x40004040                                                     12     8      12     131072  131072  131072  1      1      0      31     0      -             -          -      0      0      0      0      0      0      0      0      -      0      0      0      0      0      0      0      0      0      0      0      0      0      0      0      0      0      0      3      0      0      0      9      0      0      0      0      0      0      0      0      0      0      0      0      0      0      0      0      8     
0x2b64915acdf0     @P0   ELECT P2, URZ, PT                                                        23     19     23     131072  131072  131072  1      1      0      31     0      -             -          -      0      0      0      0      0      0      0      0      -      0      0      0      0      0      0      0      0      0      0      0      0      0      0      0      0      0      0      3      0      0      0      20     0      0      0      0      0      0      0      0      0      0      0      0      0      0      0      0      19    
0x2b64915ace00           UTCHMMA gdesc[UR4], gdesc[UR8], tmem[UR13], tmem[UR22], idesc[UR23], UP0 2      0      2      131072  131072  131072  1      1      0      31     0      TmemShared    Load,Store -      0      0      0      0      0      0      0      0      -      0      0      0      0      0      0      0      0      0      0      0      0      0      0      0      0      0      0      2      0      0      0      0      0      0      0      0      0      0      0      0      0      0      0      0      0      0      0      0      0     
0x2b64915ace10     @P2   PLOP3.LUT P0, PT, P2, PT, PT, 0x8, 0x80                                  38     32     38     131072  131072  131072  1      1      0      31     0      -             -          -      0      0      0      0      0      0      0      0      -      0      0      0      0      0      0      0      0      0      0      0      0      0      0      0      0      0      1      4      0      0      0      33     0      0      0      0      0      0      0      0      0      0      0      0      0      0      0      0      32    
0x2b64915ace20           PLOP3.LUT P2, PT, PT, PT, PT, 0x8, 0x80                                  3      3      3      131072  131072  131072  1      1      0      31     0      -             -          -      0      0      0      0      0      0      0      0      -      0      0      0      0      0      0      0      0      0      0      0      0      0      0      0      0      0      0      0      0      0      0      3      0      0      0      0      0      0      0      0      0      0      0      0      0      0      0      0      3     
0x2b64915ace30     @P0   BRA.U.ANY 0x2b64915acdf0                                                 34     32     34     131072  131072  0       1      0      1      32     0      -             -          -      0      0      0      0      0      0      0      0      -      0      0      0      0      0      0      0      0      0      0      0      0      0      0      0      0      0      0      2      0      0      0      32     0      0      0      0      0      0      0      0      0      0      0      0      0      0      0      0      32    
0x2b64915ace40           VIADD R11, R9, 0x20                                                      19     19     19     131072  131072  131072  1      1      1      31     0      -             -          -      0      0      0      0      0      0      0      0      -      0      0      0      0      0      0      0      0      0      0      0      0      0      0      0      0      0      0      0      0      0      0      19     0      0      0      0      0      0      0      0      0      0      0      0      0      0      0      0      19    
0x2b64915ace50           UIADD3 UR5, UPT, UPT, UR10, 0x4040, URZ                                  3      0      3      131072  131072  131072  1      1      0      31     0      -             -          -      0      0      0      0      0      0      0      0      -      0      0      0      0      0      0      0      0      0      0      0      0      0      0      0      0      0      0      3      0      0      0      0      0      0      0      0      0      0      0      0      0      0      0      0      0      0      0      0      0     
0x2b64915ace60           PLOP3.LUT P0, PT, PT, PT, PT, 0x80, 0x8                                  3      0      3      131072  131072  131072  1      1      0      31     0      -             -          -      0      0      0      0      0      0      0      0      -      0      0      0      0      0      0      0      0      0      0      0      0      0      0      0      0      0      0      3      0      0      0      0      0      0      0      0      0      0      0      0      0      0      0      0      0      0      0      0      0     
0x2b64915ace70           UIADD3 UR4, UPT, UPT, UR10, 0x40, URZ                                    2      0      2      131072  131072  131072  1      1      0      31     0      -             -          -      0      0      0      0      0      0      0      0      -      0      0      0      0      0      0      0      0      0      0      0      0      0      0      0      0      0      0      2      0      0      0      0      0      0      0      0      0      0      0      0      0      0      0      0      0      0      0      0      0     
0x2b64915ace80           R2UR UR9, R11                                                            9      5      9      131072  131072  131072  1      1      0      31     0      -             -          -      0      0      0      0      0      0      0      0      -      0      0      0      0      0      0      0      0      0      0      0      0      1      0      0      0      0      0      3      0      0      0      5      0      0      0      0      0      0      1      0      0      0      0      0      0      0      0      0      4     
0x2b64915ace90           USHF.R.U32.HI UR5, URZ, 0x4, UR5                                         4      0      4      131072  131072  131072  1      1      0      31     0      -             -          -      0      0      0      0      0      0      0      0      -      0      0      0      0      0      0      0      0      0      0      0      0      0      0      0      0      0      0      4      0      0      0      0      0      0      0      0      0      0      0      0      0      0      0      0      0      0      0      0      0     
0x2b64915acea0           USHF.R.U32.HI UR4, URZ, 0x4, UR4                                         6      3      6      131072  131072  131072  1      1      0      31     0      -             -          -      0      0      0      0      0      0      0      0      -      0      0      0      0      0      0      0      0      0      0      0      0      0      0      0      0      0      0      3      0      0      0      3      0      0      0      0      0      0      0      0      0      0      0      0      0      0      0      0      3     
0x2b64915aceb0           ULOP3.LUT UR8, UR5, 0x3fff, URZ, 0xc0, !UPT                              8      2      8      131072  131072  131072  1      1      0      31     0      -             -          -      0      0      0      0      0      0      0      0      -      0      0      0      0      0      0      0      0      0      0      0      0      0      0      0      0      0      0      6      0      0      0      2      0      0      0      0      0      0      0      0      0      0      0      0      0      0      0      0      2     
0x2b64915acec0           ULOP3.LUT UR4, UR4, 0x3fff, URZ, 0xc0, !UPT                              1      1      1      131072  131072  131072  1      1      0      31     0      -             -          -      0      0      0      0      0      0      0      0      -      0      0      0      0      0      0      0      0      0      0      0      0      0      0      0      0      0      0      0      0      0      0      1      0      0      0      0      0      0      0      0      0      0      0      0      0      0      0      0      1     
0x2b64915aced0           UMOV UR5, 0x40004040                                                     2      0      2      131072  131072  131072  1      1      0      31     0      -             -          -      0      0      0      0      0      0      0      0      -      0      0      0      0      0      0      0      0      0      0      0      0      0      0      0      0      0      0      2      0      0      0      0      0      0      0      0      0      0      0      0      0      0      0      0      0      0      0      0      0     
0x2b64915acee0           UISETP.NE.U32.AND UP0, UPT, UR9, URZ, UPT                                14     11     14     131072  131072  131072  1      1      0      31     0      -             -          -      0      0      0      0      0      0      0      0      -      0      0      0      0      0      0      0      0      0      0      0      0      0      0      0      0      0      0      3      0      0      0      11     0      0      0      0      0      0      0      0      0      0      0      0      0      0      0      0      11    
0x2b64915acef0           UMOV UR9, 0x40004040                                                     8      6      8      131072  131072  131072  1      1      0      31     0      -             -          -      0      0      0      0      0      0      0      0      -      0      0      0      0      0      0      0      0      0      0      0      0      0      0      0      0      0      0      2      0      0      0      6      0      0      0      0      0      0      0      0      0      0      0      0      0      0      0      0      6     
0x2b64915acf00     @P0   ELECT P2, URZ, PT                                                        25     19     25     131072  131072  131072  1      1      0      31     0      -             -          -      0      0      0      0      0      0      0      0      -      0      0      0      0      0      0      0      0      0      0      0      0      0      0      0      0      0      1      4      0      0      0      20     0      0      0      0      0      0      0      0      0      0      0      0      0      0      0      0      19    
0x2b64915acf10           UTCHMMA gdesc[UR4], gdesc[UR8], tmem[UR13], tmem[UR22], idesc[UR23], UP0 0      0      0      131072  131072  131072  1      1      0      31     0      TmemShared    Load,Store -      0      0      0      0      0      0      0      0      -      0      0      0      0      0      0      0      0      0      0      0      0      0      0      0      0      0      0      0      0      0      0      0      0      0      0      0      0      0      0      0      0      0      0      0      0      0      0      0      0     
0x2b64915acf20     @P2   PLOP3.LUT P0, PT, P2, PT, PT, 0x8, 0x80                                  38     35     38     131072  131072  131072  1      1      0      31     0      -             -          -      0      0      0      0      0      0      0      0      -      0      0      0      0      0      0      0      0      0      0      0      0      0      0      0      0      0      0      3      0      0      0      35     0      0      0      0      0      0      0      0      0      0      0      0      0      0      0      0      35    
0x2b64915acf30           PLOP3.LUT P2, PT, PT, PT, PT, 0x8, 0x80                                  5      2      5      131072  131072  131072  1      1      0      31     0      -             -          -      0      0      0      0      0      0      0      0      -      0      0      0      0      0      0      0      0      0      0      0      0      0      0      0      0      0      0      3      0      0      0      2      0      0      0      0      0      0      0      0      0      0      0      0      0      0      0      0      2     
0x2b64915acf40     @P0   BRA.U.ANY 0x2b64915acf00                                                 51     43     51     131072  131072  0       1      0      1      32     0      -             -          -      0      0      0      0      0      0      0      0      -      0      0      0      0      0      0      0      0      0      0      0      0      0      0      0      0      0      0      4      0      0      0      47     0      0      0      0      0      0      0      0      0      0      0      0      0      0      0      0      43    
0x2b64915acf50           VIADD R9, R9, 0x30                                                       10     8      10     131072  131072  131072  1      1      1      31     0      -             -          -      0      0      0      0      0      0      0      0      -      0      0      0      0      0      0      0      0      0      0      0      0      0      0      0      0      0      0      2      0      0      0      8      0      0      0      0      0      0      0      0      0      0      0      0      0      0      0      0      8     
0x2b64915acf60           UIADD3 UR4, UPT, UPT, UR10, 0x60, URZ                                    8      5      8      131072  131072  131072  1      1      0      31     0      -             -          -      0      0      0      0      0      0      0      0      -      0      0      0      0      0      0      0      0      0      0      0      0      0      0      0      0      0      0      3      5      0      0      0      0      0      0      0      0      0      0      0      0      0      0      0      0      5      0      0      0     
0x2b64915acf70           PLOP3.LUT P0, PT, PT, PT, PT, 0x80, 0x8                                  5      0      5      131072  131072  131072  1      1      0      31     0      -             -          -      0      0      0      0      0      0      0      0      -      0      0      0      0      0      0      0      0      0      0      0      0      0      0      0      0      0      0      5      0      0      0      0      0      0      0      0      0      0      0      0      0      0      0      0      0      0      0      0      0     
0x2b64915acf80           UIADD3 UR10, UPT, UPT, UR10, 0x4060, URZ                                 4      0      4      131072  131072  131072  1      1      0      31     0      -             -          -      0      0      0      0      0      0      0      0      -      0      0      0      0      0      0      0      0      0      0      0      0      0      0      0      0      0      0      4      0      0      0      0      0      0      0      0      0      0      0      0      0      0      0      0      0      0      0      0      0     
0x2b64915acf90           R2UR UR5, R9                                                             10     4      10     131072  131072  131072  1      1      0      31     0      -             -          -      0      0      0      0      0      0      0      0      -      0      0      0      0      0      0      0      0      0      0      0      0      0      0      0      0      0      0      6      0      0      0      4      0      0      0      0      0      0      0      0      0      0      0      0      0      0      0      0      4     
0x2b64915acfa0           USHF.R.U32.HI UR4, URZ, 0x4, UR4                                         2      0      2      131072  131072  131072  1      1      0      31     0      -             -          -      0      0      0      0      0      0      0      0      -      0      0      0      0      0      0      0      0      0      0      0      0      0      0      0      0      0      0      2      0      0      0      0      0      0      0      0      0      0      0      0      0      0      0      0      0      0      0      0      0     
0x2b64915acfb0           USHF.R.U32.HI UR10, URZ, 0x4, UR10                                       3      0      3      131072  131072  131072  1      1      0      31     0      -             -          -      0      0      0      0      0      0      0      0      -      0      0      0      0      0      0      0      0      0      0      0      0      0      0      0      0      0      0      3      0      0      0      0      0      0      0      0      0      0      0      0      0      0      0      0      0      0      0      0      0     
0x2b64915acfc0           ULOP3.LUT UR4, UR4, 0x3fff, URZ, 0xc0, !UPT                              2      1      2      131072  131072  131072  1      1      0      31     0      -             -          -      0      0      0      0      0      0      0      0      -      0      0      0      0      0      0      0      0      0      0      0      0      0      0      0      0      0      1      0      0      0      0      1      0      0      0      0      0      0      0      0      0      0      0      0      0      0      0      0      1     
0x2b64915acfd0           ULOP3.LUT UR8, UR10, 0x3fff, URZ, 0xc0, !UPT                             8      4      8      131072  131072  131072  1      1      0      31     0      -             -          -      0      0      0      0      0      0      0      0      -      0      0      0      0      0      0      0      0      0      0      0      0      0      0      0      0      0      0      4      0      0      0      4      0      0      0      0      0      0      0      0      0      0      0      0      0      0      0      0      4     
0x2b64915acfe0           UMOV UR9, 0x40004040                                                     1      0      1      131072  131072  131072  1      1      0      31     0      -             -          -      0      0      0      0      0      0      0      0      -      0      0      0      0      0      0      0      0      0      0      0      0      0      0      0      0      0      0      1      0      0      0      0      0      0      0      0      0      0      0      0      0      0      0      0      0      0      0      0      0     
0x2b64915acff0           UISETP.NE.U32.AND UP0, UPT, UR5, URZ, UPT                                8      7      8      131072  131072  131072  1      1      0      31     0      -             -          -      0      0      0      0      0      0      0      0      -      0      0      0      0      0      0      0      0      0      0      0      0      0      0      0      0      0      0      1      0      0      0      7      0      0      0      0      0      0      0      0      0      0      0      0      0      0      0      0      7     
0x2b64915ad000           UMOV UR5, 0x40004040                                                     12     7      12     131072  131072  131072  1      1      0      31     0      -             -          -      0      0      0      0      0      0      0      0      -      0      0      0      0      0      0      0      0      0      0      0      0      0      0      0      0      0      0      5      0      0      0      7      0      0      0      0      0      0      0      0      0      0      0      0      0      0      0      0      7     
0x2b64915ad010     @P0   ELECT P2, URZ, PT                                                        18     16     18     131072  131072  131072  1      1      0      31     0      -             -          -      0      0      0      0      0      0      0      0      -      0      0      0      0      0      0      0      0      0      0      0      0      0      0      0      0      0      0      1      0      0      0      17     0      0      0      0      0      0      0      0      0      0      0      0      0      0      0      0      16    
0x2b64915ad020           UTCHMMA gdesc[UR4], gdesc[UR8], tmem[UR13], tmem[UR22], idesc[UR23], UP0 0      0      0      131072  131072  131072  1      1      0      31     0      TmemShared    Load,Store -      0      0      0      0      0      0      0      0      -      0      0      0      0      0      0      0      0      0      0      0      0      0      0      0      0      0      0      0      0      0      0      0      0      0      0      0      0      0      0      0      0      0      0      0      0      0      0      0      0     
0x2b64915ad030     @P2   PLOP3.LUT P0, PT, P2, PT, PT, 0x8, 0x80                                  38     31     38     131072  131072  131072  1      1      0      31     0      -             -          -      0      0      0      0      0      0      0      0      -      0      0      0      0      0      0      0      0      0      0      0      0      0      0      0      0      0      0      6      0      0      0      32     0      0      0      0      0      0      0      0      0      0      0      0      0      0      0      0      31    
0x2b64915ad040           PLOP3.LUT P2, PT, PT, PT, PT, 0x8, 0x80                                  4      1      4      131072  131072  131072  1      1      0      31     0      -             -          -      0      0      0      0      0      0      0      0      -      0      0      0      0      0      0      0      0      0      0      0      0      0      0      0      0      0      0      3      0      0      0      1      0      0      0      0      0      0      0      0      0      0      0      0      0      0      0      0      1     
0x2b64915ad050     @P0   BRA.U.ANY 0x2b64915ad010                                                 31     31     31     131072  131072  0       1      0      1      32     0      -             -          -      0      0      0      0      0      0      0      0      -      0      0      0      0      0      0      0      0      0      0      0      0      0      0      0      0      0      0      0      0      0      0      31     0      0      0      0      0      0      0      0      0      0      0      0      0      0      0      0      31    
0x2b64915ad060           PLOP3.LUT P0, PT, PT, PT, PT, 0x80, 0x8                                  8      5      8      131072  131072  131072  1      1      1      31     0      -             -          -      0      0      0      0      0      0      0      0      -      0      0      0      0      0      0      0      0      0      0      0      0      0      0      0      0      0      1      2      0      0      0      5      0      0      0      0      0      0      0      0      0      0      0      0      0      0      0      0      5     
0x2b64915ad070           UMOV UR4, UR6                                                            17     14     17     131072  131072  131072  1      1      0      31     0      -             -          -      0      0      0      0      0      0      0      0      -      0      0      0      0      0      0      0      0      0      0      0      0      0      0      0      0      0      0      2      15     0      0      0      0      0      0      0      0      0      0      0      0      0      0      0      0      14     0      0      0     
0x2b64915ad080           UMOV UR5, URZ                                                            2      0      2      131072  131072  131072  1      1      0      31     0      -             -          -      0      0      0      0      0      0      0      0      -      0      0      0      0      0      0      0      0      0      0      0      0      0      0      0      0      0      0      2      0      0      0      0      0      0      0      0      0      0      0      0      0      0      0      0      0      0      0      0      0     
0x2b64915ad090           UMOV UR4, UR4                                                            7      1      7      131072  131072  131072  1      1      0      31     0      -             -          -      0      0      0      0      0      0      0      0      -      0      0      0      0      0      0      0      0      0      0      0      0      0      0      0      0      0      0      5      0      0      0      2      0      0      0      0      0      0      0      0      0      0      0      0      0      0      0      0      1     
0x2b64915ad0a0     @P0   ELECT P2, URZ, PT                                                        33     29     33     131072  131072  131072  1      1      0      31     0      -             -          -      0      0      0      0      0      0      0      0      -      0      0      0      0      0      0      0      0      0      0      0      0      0      0      0      0      0      0      4      0      0      0      29     0      0      0      0      0      0      0      0      0      0      0      0      0      0      0      0      29    
0x2b64915ad0b0           UTCBAR [UR4], URZ                                                        3      0      3      131072  131072  131072  1      1      0      31     0      -             -          -      0      0      0      0      0      0      0      0      -      0      0      0      0      0      0      0      0      0      0      0      0      0      0      0      0      0      0      3      0      0      0      0      0      0      0      0      0      0      0      0      0      0      0      0      0      0      0      0      0     
0x2b64915ad0c0     @P2   PLOP3.LUT P0, PT, P2, PT, PT, 0x8, 0x80                                  42     40     42     131072  131072  131072  1      1      0      31     0      -             -          -      0      0      0      0      0      0      0      0      -      0      0      0      0      0      0      0      0      0      0      0      0      0      0      0      0      0      0      1      0      0      0      41     0      0      0      0      0      0      0      0      0      0      0      0      0      0      0      0      40    
0x2b64915ad0d0           PLOP3.LUT P2, PT, PT, PT, PT, 0x8, 0x80                                  6      2      6      131072  131072  131072  1      1      0      31     0      -             -          -      0      0      0      0      0      0      0      0      -      0      0      0      0      0      0      0      0      0      0      0      0      0      0      0      0      0      0      4      0      0      0      2      0      0      0      0      0      0      0      0      0      0      0      0      0      0      0      0      2     
0x2b64915ad0e0     @P0   BRA.U.ANY 0x2b64915ad0a0                                                 25     21     25     131072  131072  0       1      0      1      32     0      -             -          -      0      0      0      0      0      0      0      0      -      0      0      0      0      0      0      0      0      0      0      0      0      0      0      0      0      0      0      3      0      0      0      22     0      0      0      0      0      0      0      0      0      0      0      0      0      0      0      0      21    
0x2b64915ad0f0           VIADD R8, R8, 0x1                                                        6      4      6      131072  131072  131072  1      1      1      31     0      -             -          -      0      0      0      0      0      0      0      0      -      0      0      0      0      0      0      0      0      0      0      0      0      0      0      0      0      0      0      2      0      0      0      4      0      0      0      0      0      0      0      0      0      0      0      0      0      0      0      0      4     
0x2b64915ad100           ISETP.NE.AND P0, PT, R8, UR16, PT                                        18     16     18     131072  131072  131072  1      1      0      31     0      -             -          -      0      0      0      0      0      0      0      0      -      0      0      0      0      0      0      0      0      0      0      0      0      0      0      0      0      0      0      2      0      0      0      16     0      0      0      0      0      0      0      0      0      0      0      0      0      0      0      0      16    
0x2b64915ad110     @P0   BRA 0x2b64915acb10                                                       50     45     50     131072  131072  129024  1      0      1      32     0      -             -          -      0      0      0      0      0      0      0      0      -      0      0      0      0      0      0      0      0      0      0      0      0      0      0      0      0      0      0      2      0      0      0      48     0      0      0      0      0      0      0      0      0      0      0      0      0      0      0      0      45    
0x2b64915ad120           BRA 0x2b64915ad540                                                       12     10     12     2048    2048    2048    1      1      1      31     0      -             -          -      0      0      0      0      0      0      0      0      -      0      0      0      0      0      0      0      0      0      0      0      0      0      0      0      0      0      0      2      0      0      0      10     0      0      0      0      0      0      0      0      0      0      0      0      0      0      0      0      10    
0x2b64915ad130           LDCU UR4, c[0x0][0x3a0]                                                  4      4      4      2048    2048    2048    1      1      0      31     0      -             -          -      0      0      0      0      0      0      0      0      -      0      0      0      0      0      0      0      0      0      0      0      0      0      0      0      0      4      0      0      0      0      0      0      0      0      0      0      0      0      0      0      0      0      4      0      0      0      0      0      0     
0x2b64915ad140           UISETP.GE.AND UP0, UPT, UR4, 0x40, UPT                                   1      1      1      2048    2048    2048    1      1      0      31     0      -             -          -      0      0      0      0      0      0      0      0      -      0      0      0      0      0      0      0      0      0      0      0      0      0      0      0      0      0      0      0      1      0      0      0      0      0      0      0      0      0      0      0      0      0      0      0      0      1      0      0      0     
0x2b64915ad150           BRA.U !UP0, 0x2b64915ad540                                               1      1      1      2048    2048    2048    1      1      0      31     0      -             -          -      0      0      0      0      0      0      0      0      -      0      0      0      0      0      0      0      0      0      0      0      0      0      0      0      0      0      0      0      0      0      0      1      0      0      0      0      0      0      0      0      0      0      0      0      0      0      0      0      1     
0x2b64915ad160           S2R R9, SR_CgaCtaId                                                      0      0      0      2048    2048    2048    1      1      0      31     0      -             -          -      0      0      0      0      0      0      0      0      -      0      0      0      0      0      0      0      0      0      0      0      0      0      0      0      0      0      0      0      0      0      0      0      0      0      0      0      0      0      0      0      0      0      0      0      0      0      0      0      0     
0x2b64915ad170           LDCU.64 UR4, c[0x0][0x348]                                               1      0      1      2048    2048    2048    1      1      0      31     0      -             -          -      0      0      0      0      0      0      0      0      -      0      0      0      0      0      0      0      0      0      0      0      0      0      0      0      0      0      0      1      0      0      0      0      0      0      0      0      0      0      0      0      0      0      0      0      0      0      0      0      0     
0x2b64915ad180           MOV R8, 0x400                                                            0      0      0      2048    2048    2048    1      1      0      31     0      -             -          -      0      0      0      0      0      0      0      0      -      0      0      0      0      0      0      0      0      0      0      0      0      0      0      0      0      0      0      0      0      0      0      0      0      0      0      0      0      0      0      0      0      0      0      0      0      0      0      0      0     
0x2b64915ad190           IMAD.MOV.U32 R18, RZ, RZ, 0x6000                                         0      0      0      2048    2048    2048    1      1      0      31     0      -             -          -      0      0      0      0      0      0      0      0      -      0      0      0      0      0      0      0      0      0      0      0      0      0      0      0      0      0      0      0      0      0      0      0      0      0      0      0      0      0      0      0      0      0      0      0      0      0      0      0      0     
0x2b64915ad1a0           VIADD R8, R8, 0x20                                                       1      1      1      2048    2048    2048    1      1      0      31     0      -             -          -      0      0      0      0      0      0      0      0      -      0      0      0      0      0      0      0      0      0      0      0      0      0      0      0      0      0      0      0      0      0      0      1      0      0      0      0      0      0      0      0      0      0      0      0      0      0      0      0      1     
0x2b64915ad1b0           UIADD3 UR6, UP0, UPT, UR4, 0x80, URZ                                     2      2      2      2048    2048    2048    1      1      0      31     0      -             -          -      0      0      0      0      0      0      0      0      -      0      0      0      0      0      0      0      0      0      0      0      0      0      0      0      0      0      0      0      2      0      0      0      0      0      0      0      0      0      0      0      0      0      0      0      0      2      0      0      0     
0x2b64915ad1c0           UIADD3 UR9, UP1, UPT, UR4, 0x100, URZ                                    0      0      0      2048    2048    2048    1      1      0      31     0      -             -          -      0      0      0      0      0      0      0      0      -      0      0      0      0      0      0      0      0      0      0      0      0      0      0      0      0      0      0      0      0      0      0      0      0      0      0      0      0      0      0      0      0      0      0      0      0      0      0      0      0     
0x2b64915ad1d0           UIADD3.X UR8, UPT, UPT, URZ, UR5, URZ, UP0, !UPT                         0      0      0      2048    2048    2048    1      1      0      31     0      -             -          -      0      0      0      0      0      0      0      0      -      0      0      0      0      0      0      0      0      0      0      0      0      0      0      0      0      0      0      0      0      0      0      0      0      0      0      0      0      0      0      0      0      0      0      0      0      0      0      0      0     
0x2b64915ad1e0           UIADD3.X UR4, UPT, UPT, URZ, UR5, URZ, UP1, !UPT                         0      0      0      2048    2048    2048    1      1      0      31     0      -             -          -      0      0      0      0      0      0      0      0      -      0      0      0      0      0      0      0      0      0      0      0      0      0      0      0      0      0      0      0      0      0      0      0      0      0      0      0      0      0      0      0      0      0      0      0      0      0      0      0      0     
0x2b64915ad1f0           IMAD.U32 R12, RZ, RZ, UR6                                                0      0      0      2048    2048    2048    1      1      0      31     0      -             -          -      0      0      0      0      0      0      0      0      -      0      0      0      0      0      0      0      0      0      0      0      0      0      0      0      0      0      0      0      0      0      0      0      0      0      0      0      0      0      0      0      0      0      0      0      0      0      0      0      0     
0x2b64915ad200           IMAD.U32 R14, RZ, RZ, UR9                                                2      2      2      2048    2048    2048    1      1      0      31     0      -             -          -      0      0      0      0      0      0      0      0      -      0      0      0      0      0      0      0      0      0      0      0      0      0      0      0      0      1      0      0      0      0      0      1      0      0      0      0      0      0      0      0      0      0      1      0      0      0      0      0      1     
0x2b64915ad210           IMAD.U32 R13, RZ, RZ, UR8                                                0      0      0      2048    2048    2048    1      1      0      31     0      -             -          -      0      0      0      0      0      0      0      0      -      0      0      0      0      0      0      0      0      0      0      0      0      0      0      0      0      0      0      0      0      0      0      0      0      0      0      0      0      0      0      0      0      0      0      0      0      0      0      0      0     
0x2b64915ad220           LEA R17, R9, R8, 0x18                                                    0      0      0      2048    2048    2048    1      1      0      31     0      -             -          -      0      0      0      0      0      0      0      0      -      0      0      0      0      0      0      0      0      0      0      0      0      0      0      0      0      0      0      0      0      0      0      0      0      0      0      0      0      0      0      0      0      0      0      0      0      0      0      0      0     
0x2b64915ad230           IMAD.MOV.U32 R8, RZ, RZ, RZ                                              0      0      0      2048    2048    2048    1      1      0      31     0      -             -          -      0      0      0      0      0      0      0      0      -      0      0      0      0      0      0      0      0      0      0      0      0      0      0      0      0      0      0      0      0      0      0      0      0      0      0      0      0      0      0      0      0      0      0      0      0      0      0      0      0     
0x2b64915ad240           IMAD.U32 R15, RZ, RZ, UR4                                                0      0      0      2048    2048    2048    1      1      0      31     0      -             -          -      0      0      0      0      0      0      0      0      -      0      0      0      0      0      0      0      0      0      0      0      0      0      0      0      0      0      0      0      0      0      0      0      0      0      0      0      0      0      0      0      0      0      0      0      0      0      0      0      0     
0x2b64915ad250           ISETP.GE.U32.AND P0, PT, R8, 0x3, PT                                     13     11     13     131072  131072  131072  1      1      0      31     0      -             -          -      0      0      0      0      0      0      0      0      -      0      0      0      0      0      0      0      8      0      0      0      0      0      0      0      0      4      1      0      0      0      0      0      0      7      0      0      0      0      0      0      0      0      4      0      0      0      0      0      0     
0x2b64915ad260           IMAD.HI.U32 R9, R8, -0x55555555, RZ                                      6      0      6      131072  131072  131072  1      1      0      31     0      -             -          -      0      0      0      0      0      0      0      0      -      0      0      0      0      0      0      0      0      0      0      0      0      0      0      0      0      0      0      6      0      0      0      0      0      0      0      0      0      0      0      0      0      0      0      0      0      0      0      0      0     
0x2b64915ad270           YIELD                                                                    3      2      3      131072  131072  131072  1      1      0      31     0      -             -          -      0      0      0      0      0      0      0      0      -      0      0      0      0      0      0      0      0      0      0      0      2      0      0      0      0      0      0      1      0      0      0      0      0      0      0      0      0      2      0      0      0      0      0      0      0      0      0      0      0     
0x2b64915ad280           SHF.R.U32.HI R9, RZ, 0x1, R9                                             155    140    155    131072  131072  131072  1      1      0      31     0      -             -          -      0      0      0      0      0      0      0      0      -      0      0      0      0      0      0      0      132    0      0      0      0      0      0      0      4      6      0      7      0      0      0      6      0      125    0      0      0      0      0      0      0      4      6      0      0      0      0      0      5     
0x2b64915ad290           IMAD R11, R9, -0x3, R8                                                   10     8      10     131072  131072  131072  1      1      0      31     0      -             -          -      0      0      0      0      0      0      0      0      -      0      0      0      0      0      0      0      0      0      0      0      0      0      0      0      0      0      0      2      0      0      0      8      0      0      0      0      0      0      0      0      0      0      0      0      0      0      0      0      8     
0x2b64915ad2a0     @!P0  BRA 0x2b64915ad370                                                       8      0      8      131072  131072  6144    1      0      1      32     0      -             -          -      0      0      0      0      0      0      0      0      -      0      0      0      0      0      0      0      0      0      0      0      0      0      0      0      0      0      0      8      0      0      0      0      0      0      0      0      0      0      0      0      0      0      0      0      0      0      0      0      0     
0x2b64915ad2b0           S2UR UR5, SR_CgaCtaId                                                    15     13     15     124928  124928  124928  1      1      1      31     0      -             -          -      0      0      0      0      0      0      0      0      -      0      0      0      0      0      0      0      0      0      0      0      0      0      0      0      0      0      0      1      0      0      0      14     0      0      0      0      0      0      0      0      0      0      0      0      0      0      0      0      13    
0x2b64915ad2c0           VIADD R9, R8, 0xfffffffd                                                 7      0      7      124928  124928  124928  1      1      0      31     0      -             -          -      0      0      0      0      0      0      0      0      -      0      0      0      0      0      0      0      0      1      0      0      0      0      0      0      0      0      0      6      0      0      0      0      0      0      0      0      0      0      0      0      0      0      0      0      0      0      0      0      0     
0x2b64915ad2d0           UMOV UR4, 0x400                                                          3      0      3      124928  124928  124928  1      1      0      31     0      -             -          -      0      0      0      0      0      0      0      0      -      0      0      0      0      0      0      0      0      0      0      0      0      0      0      0      0      0      0      3      0      0      0      0      0      0      0      0      0      0      0      0      0      0      0      0      0      0      0      0      0     
0x2b64915ad2e0           UIADD3 UR4, UPT, UPT, UR4, 0x8, URZ                                      8      2      8      124928  124928  124928  1      1      0      31     0      -             -          -      0      0      0      0      0      0      0      0      -      0      0      0      0      0      0      0      0      0      0      0      0      0      0      0      0      0      0      5      0      0      0      3      0      0      0      0      0      0      0      0      0      0      0      0      0      0      0      0      2     
0x2b64915ad2f0           IMAD.HI R9, R9, 0x55555556, RZ                                           2      0      2      124928  124928  124928  1      1      0      31     0      -             -          -      0      0      0      0      0      0      0      0      -      0      0      0      0      0      0      0      0      0      0      0      0      0      0      0      0      0      0      2      0      0      0      0      0      0      0      0      0      0      0      0      0      0      0      0      0      0      0      0      0     
0x2b64915ad300           LEA.HI R9, R9, R9, RZ, 0x1                                               24     21     24     124928  124928  124928  1      1      0      31     0      -             -          -      0      0      0      0      0      0      0      0      -      0      0      0      0      0      0      0      0      7      0      0      0      0      0      0      0      0      0      1      0      0      0      16     0      0      6      0      0      0      0      0      0      0      0      0      0      0      0      0      15    
0x2b64915ad310           LOP3.LUT R16, R9, 0x1, RZ, 0xc0, !PT                                     6      4      6      124928  124928  124928  1      1      0      31     0      -             -          -      0      0      0      0      0      0      0      0      -      0      0      0      0      0      0      0      0      0      0      0      0      0      0      0      0      0      0      2      0      0      0      4      0      0      0      0      0      0      0      0      0      0      0      0      0      0      0      0      4     
0x2b64915ad320           SHF.L.U32 R16, R16, 0x1f, RZ                                             12     7      12     124928  124928  124928  1      1      0      31     0      -             -          -      0      0      0      0      0      0      0      0      -      0      0      0      0      0      0      0      0      0      0      0      0      0      0      0      0      0      0      4      0      0      0      8      0      0      0      0      0      0      0      0      0      0      0      0      0      0      0      0      7     
0x2b64915ad330           ULEA UR4, UR5, UR4, 0x18                                                 32     28     32     124928  124928  124928  1      1      0      31     0      -             -          -      0      0      0      0      0      0      0      0      -      0      0      0      0      0      0      0      0      0      0      0      0      0      0      0      0      0      1      1      30     0      0      0      0      0      0      0      0      0      0      0      0      0      0      0      0      28     0      0      0     
0x2b64915ad340           LEA R9, R11, UR4, 0x3                                                    14     11     14     124928  124928  124928  1      1      0      31     0      -             -          -      0      0      0      0      0      0      0      0      -      0      0      0      0      0      0      0      0      0      0      0      0      0      0      0      0      0      0      3      0      0      0      11     0      0      0      0      0      0      0      0      0      0      0      0      0      0      0      0      11    
0x2b64915ad350           SYNCS.PHASECHK.TRANS64.TRYWAIT P0, [R9+URZ], R16                         13     8      13     124928  124928  124928  1      1      0      31     0      -             -          -      0      0      0      0      0      0      0      0      -      0      0      0      0      0      0      0      0      0      0      0      0      0      0      0      0      0      1      2      0      0      0      10     0      0      0      0      0      0      0      0      0      0      0      0      0      0      0      0      8     
0x2b64915ad360     @!P0  BRA 0x2b64915ae7d0                                                       106    98     106    124928  124928  122992  1      0      1      32     0      -             -          -      0      0      0      0      0      0      0      0      -      0      0      0      0      0      0      0      0      0      0      0      100    0      0      0      0      0      0      2      0      0      0      4      0      0      0      0      0      95     0      0      0      0      0      0      0      0      0      0      3     
0x2b64915ad370           R2UR UR4, R11                                                            27     19     27     131072  131072  131072  1      1      1      31     0      -             -          -      0      0      0      0      0      0      0      0      -      0      0      0      0      0      0      0      3      0      0      0      0      0      0      0      0      4      1      6      0      0      0      13     0      3      0      0      0      0      0      0      0      0      4      0      0      0      0      0      12    
0x2b64915ad380           R2UR UR5, R17                                                            9      6      9      131072  131072  131072  1      1      0      31     0      -             -          -      0      0      0      0      0      0      0      0      -      0      0      0      0      0      0      0      0      0      0      0      0      0      0      0      0      4      0      2      0      0      0      3      0      0      0      0      0      0      0      0      0      0      4      0      0      0      0      0      2     
0x2b64915ad390           R2UR UR6, R8                                                             5      3      5      131072  131072  131072  1      1      0      31     0      -             -          -      0      0      0      0      0      0      0      0      -      0      0      0      0      0      0      0      0      0      0      0      0      0      0      0      0      0      0      2      0      0      0      3      0      0      0      0      0      0      0      0      0      0      0      0      0      0      0      0      3     
0x2b64915ad3a0           R2UR UR8, R12                                                            6      3      6      131072  131072  131072  1      1      0      31     0      -             -          -      0      0      0      0      0      0      0      0      -      0      0      0      0      0      0      0      0      0      0      0      0      0      0      0      0      0      0      3      0      0      0      3      0      0      0      0      0      0      0      0      0      0      0      0      0      0      0      0      3     
0x2b64915ad3b0           R2UR UR9, R13                                                            5      2      5      131072  131072  131072  1      1      0      31     0      -             -          -      0      0      0      0      0      0      0      0      -      0      0      0      0      0      0      0      0      0      0      0      0      0      0      0      0      0      1      2      0      0      0      2      0      0      0      0      0      0      0      0      0      0      0      0      0      0      0      0      2     
0x2b64915ad3c0           PLOP3.LUT P0, PT, PT, PT, PT, 0x80, 0x8                                  5      2      5      131072  131072  131072  1      1      0      31     0      -             -          -      0      0      0      0      0      0      0      0      -      0      0      0      0      0      0      0      0      0      0      0      0      0      0      0      0      0      0      2      0      0      0      3      0      0      0      0      0      0      0      0      0      0      0      0      0      0      0      0      2     
0x2b64915ad3d0           ULEA UR5, UR4, UR5, 0x3                                                  24     15     24     131072  131072  131072  1      1      0      31     0      -             -          -      0      0      0      0      0      0      0      0      -      0      0      0      0      0      0      0      0      0      0      0      0      1      0      0      0      0      4      4      0      0      0      15     0      0      0      0      0      0      1      0      0      0      0      0      0      0      0      0      14    
0x2b64915ad3e0           UIMAD UR4, UR4, 0x6000, UR17                                             5      2      5      131072  131072  131072  1      1      0      31     0      -             -          -      0      0      0      0      0      0      0      0      -      0      0      0      0      0      0      0      0      0      0      0      0      0      0      0      0      0      1      2      0      0      0      2      0      0      0      0      0      0      0      0      0      0      0      0      0      0      0      0      2     
0x2b64915ad3f0           USHF.L.U32 UR6, UR6, 0x6, URZ                                            7      2      7      131072  131072  131072  1      1      0      31     0      -             -          -      0      0      0      0      0      0      0      0      -      0      0      0      0      0      0      0      0      0      0      0      0      0      0      0      0      0      0      5      0      0      0      2      0      0      0      0      0      0      0      0      0      0      0      0      0      0      0      0      2     
0x2b64915ad400           SYNCS.ARRIVE.TRANS64 RZ, [UR5], R18                                      20     13     20     131072  131072  131072  1      1      0      31     0      -             -          -      0      0      0      0      0      0      0      0      -      0      0      0      0      0      0      0      0      0      0      0      0      0      0      0      0      0      1      6      0      0      0      13     0      0      0      0      0      0      0      0      0      0      0      0      0      0      0      0      13    
0x2b64915ad410     @P0   ELECT P2, URZ, PT                                                        24     19     24     131072  131072  131072  1      1      0      31     0      -             -          -      0      0      0      0      0      0      0      0      -      0      0      0      0      0      0      0      0      0      0      0      0      0      0      0      0      0      0      4      0      0      0      20     0      0      0      0      0      0      0      0      0      0      0      0      0      0      0      0      19    
0x2b64915ad420           UTMALDG.2D [UR4], [UR8]                                                  6      0      6      131072  131072  131072  1      1      0      31     0      Global,Shared -          -      0      0      0      0      0      0      0      0      -      0      0      0      0      0      0      0      0      0      0      0      0      0      0      0      0      0      0      6      0      0      0      0      0      0      0      0      0      0      0      0      0      0      0      0      0      0      0      0      0     
0x2b64915ad430     @P2   PLOP3.LUT P0, PT, P2, PT, PT, 0x8, 0x80                                  28     22     28     131072  131072  131072  1      1      0      31     0      -             -          -      0      0      0      0      0      0      0      0      -      0      0      0      0      0      0      0      0      0      0      0      0      0      0      0      0      0      0      3      0      0      0      25     0      0      0      0      0      0      0      0      0      0      0      0      0      0      0      0      22    
0x2b64915ad440           PLOP3.LUT P2, PT, PT, PT, PT, 0x8, 0x80                                  10     4      10     131072  131072  131072  1      1      0      31     0      -             -          -      0      0      0      0      0      0      0      0      -      0      0      0      0      0      0      0      0      0      0      0      0      0      0      0      0      0      0      6      0      0      0      4      0      0      0      0      0      0      0      0      0      0      0      0      0      0      0      0      4     
0x2b64915ad450     @P0   BRA.U.ANY 0x2b64915ad410                                                 36     29     36     131072  131072  0       1      0      1      32     0      -             -          -      0      0      0      0      0      0      0      0      -      0      0      0      0      0      0      0      0      0      0      0      2      0      0      0      0      0      0      4      0      0      0      30     0      0      0      0      0      2      0      0      0      0      0      0      0      0      0      0      27    
0x2b64915ad460           R2UR UR22, R14                                                           12     7      12     131072  131072  131072  1      1      1      31     0      -             -          -      0      0      0      0      0      0      0      0      -      0      0      0      0      0      0      0      0      0      0      0      0      0      0      0      0      0      0      3      0      0      0      9      0      0      0      0      0      0      0      0      0      0      0      0      0      0      0      0      7     
0x2b64915ad470           UIADD3 UR8, UPT, UPT, UR4, 0x4000, URZ                                   3      0      3      131072  131072  131072  1      1      0      31     0      -             -          -      0      0      0      0      0      0      0      0      -      0      0      0      0      0      0      0      0      0      0      0      0      0      0      0      0      0      0      3      0      0      0      0      0      0      0      0      0      0      0      0      0      0      0      0      0      0      0      0      0     
0x2b64915ad480           R2UR UR23, R15                                                           2      0      2      131072  131072  131072  1      1      0      31     0      -             -          -      0      0      0      0      0      0      0      0      -      0      0      0      0      0      0      0      0      0      0      0      0      0      0      0      0      0      0      2      0      0      0      0      0      0      0      0      0      0      0      0      0      0      0      0      0      0      0      0      0     
0x2b64915ad490           PLOP3.LUT P0, PT, PT, PT, PT, 0x80, 0x8                                  8      3      8      131072  131072  131072  1      1      0      31     0      -             -          -      0      0      0      0      0      0      0      0      -      0      0      0      0      0      0      0      0      0      0      0      0      0      0      0      0      0      0      5      0      0      0      3      0      0      0      0      0      0      0      0      0      0      0      0      0      0      0      0      3     
0x2b64915ad4a0     @P0   ELECT P2, URZ, PT                                                        33     27     33     131072  131072  131072  1      1      0      31     0      -             -          -      0      0      0      0      0      0      0      0      -      0      0      0      0      0      0      0      0      0      0      0      0      0      0      0      0      0      0      4      0      0      0      29     0      0      0      0      0      0      0      0      0      0      0      0      0      0      0      0      27    
0x2b64915ad4b0           UMOV UR9, UR5                                                            3      0      3      131072  131072  131072  1      1      0      31     0      -             -          -      0      0      0      0      0      0      0      0      -      0      0      0      0      0      0      0      0      0      0      0      0      0      0      0      0      0      0      3      0      0      0      0      0      0      0      0      0      0      0      0      0      0      0      0      0      0      0      0      0     
0x2b64915ad4c0           UMOV UR10, UR6                                                           3      0      3      131072  131072  131072  1      1      0      31     0      -             -          -      0      0      0      0      0      0      0      0      -      0      0      0      0      0      0      0      0      0      0      0      0      0      0      0      0      0      0      3      0      0      0      0      0      0      0      0      0      0      0      0      0      0      0      0      0      0      0      0      0     
0x2b64915ad4d0           UTMALDG.2D [UR8], [UR22]                                                 5      1      5      131072  131072  131072  1      1      0      31     0      Global,Shared -          -      0      0      0      0      0      0      0      0      -      0      0      0      0      0      0      0      0      0      0      0      0      0      0      0      0      0      0      4      0      0      0      1      0      0      0      0      0      0      0      0      0      0      0      0      0      0      0      0      1     
0x2b64915ad4e0     @P2   PLOP3.LUT P0, PT, P2, PT, PT, 0x8, 0x80                                  24     22     24     131072  131072  131072  1      1      0      31     0      -             -          -      0      0      0      0      0      0      0      0      -      0      0      0      0      0      0      0      0      0      0      0      0      0      0      0      0      0      0      0      0      0      0      24     0      0      0      0      0      0      0      0      0      0      0      0      0      0      0      0      22    
0x2b64915ad4f0           PLOP3.LUT P2, PT, PT, PT, PT, 0x8, 0x80                                  5      2      5      131072  131072  131072  1      1      0      31     0      -             -          -      0      0      0      0      0      0      0      0      -      0      0      0      0      0      0      0      0      0      0      0      0      0      0      0      0      0      1      2      0      0      0      2      0      0      0      0      0      0      0      0      0      0      0      0      0      0      0      0      2     
0x2b64915ad500     @P0   BRA.U.ANY 0x2b64915ad4a0                                                 25     19     25     131072  131072  0       1      0      1      32     0      -             -          -      0      0      0      0      0      0      0      0      -      0      0      0      0      0      0      0      0      1      0      0      0      0      0      0      0      0      1      2      0      0      0      21     0      0      1      0      0      0      0      0      0      0      0      0      0      0      0      0      18    
0x2b64915ad510           VIADD R8, R8, 0x1                                                        18     15     18     131072  131072  131072  1      1      1      31     0      -             -          -      0      0      0      0      0      0      0      0      -      0      0      0      0      0      0      0      0      0      0      0      0      0      0      0      0      0      0      1      0      0      0      17     0      0      0      0      0      0      0      0      0      0      0      0      0      0      0      0      15    
0x2b64915ad520           ISETP.NE.AND P0, PT, R8, UR16, PT                                        16     15     16     131072  131072  131072  1      1      0      31     0      -             -          -      0      0      0      0      0      0      0      0      -      0      0      0      0      0      0      0      0      0      0      0      0      0      0      0      0      0      0      0      0      0      0      16     0      0      0      0      0      0      0      0      0      0      0      0      0      0      0      0      15    
0x2b64915ad530     @P0   BRA 0x2b64915ad250                                                       42     38     42     131072  131072  129024  1      0      1      32     0      -             -          -      0      0      0      0      0      0      0      0      -      0      0      0      0      0      0      0      0      0      0      0      0      0      0      0      0      0      1      2      0      0      0      39     0      0      0      0      0      0      0      0      0      0      0      0      0      0      0      0      38    
0x2b64915ad540           ISETP.GE.AND P3, PT, R2, RZ, PT                                          13     7      13     12288   262144  262144  21     21     21     11     0      -             -          -      0      0      0      0      0      0      0      0      -      0      0      0      0      0      0      0      0      0      0      0      0      0      0      0      0      2      0      3      0      0      0      8      0      0      0      0      0      0      0      0      0      0      1      0      0      0      0      0      6     
0x2b64915ad550           WARPSYNC.ALL                                                             79     73     79     12288   262144  262144  21     21     0      11     0      -             -          -      0      0      0      0      0      0      0      0      -      0      0      0      0      0      0      0      43     0      0      0      0      0      0      0      0      35     1      0      0      0      0      0      0      40     0      0      0      0      0      0      0      0      33     0      0      0      0      0      0     
0x2b64915ad560           BAR.SYNC.DEFER_BLOCKING 0x0                                              746    668    746    8192    262144  262144  32     32     11     0      0      -             -          -      0      0      0      0      0      0      0      0      -      0      0      0      0      0      0      0      619    0      0      0      0      0      0      0      29     0      1      34     0      0      0      63     0      585    0      0      0      0      0      0      0      27     0      0      0      0      0      0      56    
0x2b64915ad570           ISETP.GE.AND P2, PT, R3, RZ, PT                                          0      0      0      8192    262144  262144  32     32     0      0      0      -             -          -      0      0      0      0      0      0      0      0      -      0      0      0      0      0      0      0      0      0      0      0      0      0      0      0      0      0      0      0      0      0      0      0      0      0      0      0      0      0      0      0      0      0      0      0      0      0      0      0      0     
0x2b64915ad580           ISETP.GE.AND P0, PT, R0, RZ, PT                                          0      0      0      8192    262144  262144  32     32     0      0      0      -             -          -      0      0      0      0      0      0      0      0      -      0      0      0      0      0      0      0      0      0      0      0      0      0      0      0      0      0      0      0      0      0      0      0      0      0      0      0      0      0      0      0      0      0      0      0      0      0      0      0      0     
0x2b64915ad590     @!P3  BRA 0x2b64915ad610                                                       4304   3749   4304   8192    262144  0       32     0      32     32     0      -             -          -      0      0      0      0      0      0      0      0      -      0      0      0      0      0      0      4304   0      0      0      0      0      0      0      0      0      0      0      0      0      0      0      0      3749   0      0      0      0      0      0      0      0      0      0      0      0      0      0      0      0     
0x2b64915ad5a0           S2UR UR5, SR_CgaCtaId                                                    2      2      2      8192    262144  262144  32     32     32     0      0      -             -          -      0      0      0      0      0      0      0      0      -      0      0      0      0      0      0      0      0      0      0      0      0      0      0      0      0      0      0      0      0      0      0      2      0      0      0      0      0      0      0      0      0      0      0      0      0      0      0      0      2     
0x2b64915ad5b0           UMOV UR4, 0x400                                                          0      0      0      8192    262144  262144  32     32     0      0      0      -             -          -      0      0      0      0      0      0      0      0      -      0      0      0      0      0      0      0      0      0      0      0      0      0      0      0      0      0      0      0      0      0      0      0      0      0      0      0      0      0      0      0      0      0      0      0      0      0      0      0      0     
0x2b64915ad5c0           SHF.L.U32 R8, R7, 0x1f, RZ                                               0      0      0      8192    262144  262144  32     32     0      0      0      -             -          -      0      0      0      0      0      0      0      0      -      0      0      0      0      0      0      0      0      0      0      0      0      0      0      0      0      0      0      0      0      0      0      0      0      0      0      0      0      0      0      0      0      0      0      0      0      0      0      0      0     
0x2b64915ad5d0           UIADD3 UR4, UPT, UPT, UR4, 0x8, URZ                                      0      0      0      8192    262144  262144  32     32     0      0      0      -             -          -      0      0      0      0      0      0      0      0      -      0      0      0      0      0      0      0      0      0      0      0      0      0      0      0      0      0      0      0      0      0      0      0      0      0      0      0      0      0      0      0      0      0      0      0      0      0      0      0      0     
0x2b64915ad5e0           ULEA UR4, UR5, UR4, 0x18                                                 5      5      5      8192    262144  262144  32     32     0      0      0      -             -          -      0      0      0      0      0      0      0      0      -      0      0      0      0      0      0      0      0      0      0      0      0      0      0      0      0      0      0      0      4      0      0      1      0      0      0      0      0      0      0      0      0      0      0      0      0      4      0      0      1     
0x2b64915ad5f0           SYNCS.PHASECHK.TRANS64.TRYWAIT P3, [UR4], R8                             3      3      3      8192    262144  262144  32     32     0      0      0      -             -          -      0      0      0      0      0      0      0      0      -      0      0      0      0      0      0      0      0      0      0      0      0      0      0      0      0      0      0      0      0      0      0      3      0      0      0      0      0      0      0      0      0      0      0      0      0      0      0      0      3     
0x2b64915ad600     @!P3  BRA 0x2b64915ae810                                                       12     12     12     8192    262144  0       32     0      32     32     0      -             -          -      0      0      0      0      0      0      0      0      -      0      0      0      0      0      0      0      0      0      0      0      12     0      0      0      0      0      0      0      0      0      0      0      0      0      0      0      0      12     0      0      0      0      0      0      0      0      0      0      0     
0x2b64915ad610     @!P2  BRA 0x2b64915ad690                                                       1      0      1      8192    262144  0       32     0      0      32     0      -             -          -      0      0      0      0      0      0      0      0      -      0      0      0      0      0      0      0      0      0      0      0      0      0      0      0      0      0      0      1      0      0      0      0      0      0      0      0      0      0      0      0      0      0      0      0      0      0      0      0      0     
0x2b64915ad620           S2UR UR5, SR_CgaCtaId                                                    1      1      1      8192    262144  262144  32     32     32     0      0      -             -          -      0      0      0      0      0      0      0      0      -      0      0      0      0      0      0      0      0      0      0      0      0      0      0      0      0      0      0      0      0      0      0      1      0      0      0      0      0      0      0      0      0      0      0      0      0      0      0      0      1     
0x2b64915ad630           UMOV UR4, 0x400                                                          0      0      0      8192    262144  262144  32     32     0      0      0      -             -          -      0      0      0      0      0      0      0      0      -      0      0      0      0      0      0      0      0      0      0      0      0      0      0      0      0      0      0      0      0      0      0      0      0      0      0      0      0      0      0      0      0      0      0      0      0      0      0      0      0     
0x2b64915ad640           SHF.L.U32 R8, R6, 0x1f, RZ                                               0      0      0      8192    262144  262144  32     32     0      0      0      -             -          -      0      0      0      0      0      0      0      0      -      0      0      0      0      0      0      0      0      0      0      0      0      0      0      0      0      0      0      0      0      0      0      0      0      0      0      0      0      0      0      0      0      0      0      0      0      0      0      0      0     
0x2b64915ad650           UIADD3 UR4, UPT, UPT, UR4, 0x8, URZ                                      0      0      0      8192    262144  262144  32     32     0      0      0      -             -          -      0      0      0      0      0      0      0      0      -      0      0      0      0      0      0      0      0      0      0      0      0      0      0      0      0      0      0      0      0      0      0      0      0      0      0      0      0      0      0      0      0      0      0      0      0      0      0      0      0     
0x2b64915ad660           ULEA UR4, UR5, UR4, 0x18                                                 7      6      7      8192    262144  262144  32     32     0      0      0      -             -          -      0      0      0      0      0      0      0      0      -      0      0      0      0      0      0      0      0      0      0      0      0      0      0      0      0      0      0      0      7      0      0      0      0      0      0      0      0      0      0      0      0      0      0      0      0      6      0      0      0     
0x2b64915ad670           SYNCS.PHASECHK.TRANS64.TRYWAIT P2, [UR4+0x8], R8                         2      2      2      8192    262144  262144  32     32     0      0      0      -             -          -      0      0      0      0      0      0      0      0      -      0      0      0      0      0      0      0      0      0      0      0      0      0      0      0      0      0      0      0      0      0      0      2      0      0      0      0      0      0      0      0      0      0      0      0      0      0      0      0      2     
0x2b64915ad680     @!P2  BRA 0x2b64915ae840                                                       14     12     14     8192    262144  0       32     0      32     32     0      -             -          -      0      0      0      0      0      0      0      0      -      0      0      0      0      0      0      0      0      0      0      0      13     0      0      0      0      0      0      1      0      0      0      0      0      0      0      0      0      12     0      0      0      0      0      0      0      0      0      0      0     
0x2b64915ad690     @!P0  BRA 0x2b64915ad710                                                       0      0      0      8192    262144  0       32     0      0      32     0      -             -          -      0      0      0      0      0      0      0      0      -      0      0      0      0      0      0      0      0      0      0      0      0      0      0      0      0      0      0      0      0      0      0      0      0      0      0      0      0      0      0      0      0      0      0      0      0      0      0      0      0     
0x2b64915ad6a0           S2UR UR5, SR_CgaCtaId                                                    1      1      1      8192    262144  262144  32     32     32     0      0      -             -          -      0      0      0      0      0      0      0      0      -      0      0      0      0      0      0      0      0      0      0      0      0      0      0      0      0      0      0      0      0      0      0      1      0      0      0      0      0      0      0      0      0      0      0      0      0      0      0      0      1     
0x2b64915ad6b0           UMOV UR4, 0x400                                                          2      0      2      8192    262144  262144  32     32     0      0      0      -             -          -      0      0      0      0      0      0      0      0      -      0      0      0      0      0      0      0      0      0      0      0      0      0      0      0      0      0      0      2      0      0      0      0      0      0      0      0      0      0      0      0      0      0      0      0      0      0      0      0      0     
0x2b64915ad6c0           SHF.L.U32 R8, R5, 0x1f, RZ                                               0      0      0      8192    262144  262144  32     32     0      0      0      -             -          -      0      0      0      0      0      0      0      0      -      0      0      0      0      0      0      0      0      0      0      0      0      0      0      0      0      0      0      0      0      0      0      0      0      0      0      0      0      0      0      0      0      0      0      0      0      0      0      0      0     
0x2b64915ad6d0           UIADD3 UR4, UPT, UPT, UR4, 0x8, URZ                                      0      0      0      8192    262144  262144  32     32     0      0      0      -             -          -      0      0      0      0      0      0      0      0      -      0      0      0      0      0      0      0      0      0      0      0      0      0      0      0      0      0      0      0      0      0      0      0      0      0      0      0      0      0      0      0      0      0      0      0      0      0      0      0      0     
0x2b64915ad6e0           ULEA UR4, UR5, UR4, 0x18                                                 8      7      8      8192    262144  262144  32     32     0      0      0      -             -          -      0      0      0      0      0      0      0      0      -      0      0      0      0      0      0      0      0      0      0      0      0      0      0      0      0      0      0      1      7      0      0      0      0      0      0      0      0      0      0      0      0      0      0      0      0      7      0      0      0     
0x2b64915ad6f0           SYNCS.PHASECHK.TRANS64.TRYWAIT P0, [UR4+0x10], R8                        2      1      2      8192    262144  262144  32     32     0      0      0      -             -          -      0      0      0      0      0      0      0      0      -      0      0      0      0      0      0      0      0      0      0      0      0      0      0      0      0      0      0      1      0      0      0      1      0      0      0      0      0      0      0      0      0      0      0      0      0      0      0      0      1     
0x2b64915ad700     @!P0  BRA 0x2b64915ae870                                                       8      7      8      8192    262144  0       32     0      32     32     0      -             -          -      0      0      0      0      0      0      0      0      -      0      0      0      0      0      0      0      0      0      0      0      6      0      0      0      0      0      0      1      0      0      0      1      0      0      0      0      0      6      0      0      0      0      0      0      0      0      0      0      1     
0x2b64915ad710           R2UR UR4, R4                                                             1      1      1      8192    262144  262144  32     32     32     0      0      -             -          -      0      0      0      0      0      0      0      0      -      0      0      0      0      0      0      0      0      0      0      0      0      0      0      0      0      0      0      0      0      0      0      1      0      0      0      0      0      0      0      0      0      0      0      0      0      0      0      0      1     
0x2b64915ad720           LDC R12, c[0x0][0x39c]                                                   0      0      0      8192    262144  262144  32     32     0      0      0      -             -          -      0      0      0      0      0      0      0      0      -      0      0      0      0      0      0      0      0      0      0      0      0      0      0      0      0      0      0      0      0      0      0      0      0      0      0      0      0      0      0      0      0      0      0      0      0      0      0      0      0     
0x2b64915ad730           R2UR UR5, R4                                                             0      0      0      8192    262144  262144  32     32     0      0      0      -             -          -      0      0      0      0      0      0      0      0      -      0      0      0      0      0      0      0      0      0      0      0      0      0      0      0      0      0      0      0      0      0      0      0      0      0      0      0      0      0      0      0      0      0      0      0      0      0      0      0      0     
0x2b64915ad740           NOP                                                                      1      0      1      8192    262144  262144  32     32     0      0      0      -             -          -      0      0      0      0      0      0      0      0      -      0      0      0      0      0      0      0      0      0      0      0      0      0      0      0      0      0      0      1      0      0      0      0      0      0      0      0      0      0      0      0      0      0      0      0      0      0      0      0      0     
0x2b64915ad750           VIADD R11, R10, UR7                                                      1      0      1      8192    262144  262144  32     32     0      0      0      -             -          -      0      0      0      0      0      0      0      0      -      0      0      0      0      0      0      0      0      0      0      0      0      0      0      0      0      0      0      1      0      0      0      0      0      0      0      0      0      0      0      0      0      0      0      0      0      0      0      0      0     
0x2b64915ad760           BSSY.RECONVERGENT B0, 0x2b64915ae4a0                                     0      0      0      8192    262144  262144  32     32     0      0      0      -             -          -      0      0      0      0      0      0      0      0      -      0      0      0      0      0      0      0      0      0      0      0      0      0      0      0      0      0      0      0      0      0      0      0      0      0      0      0      0      0      0      0      0      0      0      0      0      0      0      0      0     
0x2b64915ad770           LDC.64 R8, c[0x0][0x390]                                                 1      1      1      8192    262144  262144  32     32     0      0      0      -             -          -      0      0      0      0      0      0      0      0      -      0      0      0      0      0      0      0      0      0      0      0      0      0      0      0      0      0      0      0      0      0      0      1      0      0      0      0      0      0      0      0      0      0      0      0      0      0      0      0      1     
0x2b64915ad780           LDTM R13, tmem[UR4]                                                      1      0      1      8192    262144  262144  32     32     0      0      0      Tmem          Load       -      0      0      0      0      0      0      0      0      -      0      0      0      0      0      0      0      0      0      0      0      0      0      0      0      0      0      0      1      0      0      0      0      0      0      0      0      0      0      0      0      0      0      0      0      0      0      0      0      0     
0x2b64915ad790           NOP                                                                      2      0      2      8192    262144  262144  32     32     0      0      0      -             -          -      0      0      0      0      0      0      0      0      -      0      0      0      0      0      0      0      0      0      0      0      0      0      0      0      0      0      0      2      0      0      0      0      0      0      0      0      0      0      0      0      0      0      0      0      0      0      0      0      0     
0x2b64915ad7a0           LDTM R15, tmem[UR5+0x1]                                                  0      0      0      8192    262144  262144  32     32     0      0      0      Tmem          Load       -      0      0      0      0      0      0      0      0      -      0      0      0      0      0      0      0      0      0      0      0      0      0      0      0      0      0      0      0      0      0      0      0      0      0      0      0      0      0      0      0      0      0      0      0      0      0      0      0      0     
0x2b64915ad7b0           IMAD R11, R11, R12, UR11                                                 0      0      0      8192    262144  262144  32     32     0      0      0      -             -          -      0      0      0      0      0      0      0      0      -      0      0      0      0      0      0      0      0      0      0      0      0      0      0      0      0      0      0      0      0      0      0      0      0      0      0      0      0      0      0      0      0      0      0      0      0      0      0      0      0     
0x2b64915ad7c0           IMAD.WIDE R8, R11, 0x4, R8                                               4      4      4      8192    262144  262144  32     32     0      0      0      -             -          -      0      0      0      0      0      0      0      0      -      0      0      0      0      0      0      0      0      0      0      0      0      0      0      0      0      0      0      0      2      0      0      2      0      0      0      0      0      0      0      0      0      0      0      0      0      2      0      0      2     
0x2b64915ad7d0           STG.E desc[UR18][R8.64], R13                                             0      0      0      8192    262144  262144  32     32     0      0      0      Global        Store      32     262144 0      0      0      0      229376 262144 32768         0      0      0      0      0      0      0      0      0      0      0      0      0      0      0      0      0      0      0      0      0      0      0      0      0      0      0      0      0      0      0      0      0      0      0      0      0      0      0      0     
0x2b64915ad7e0           NOP                                                                      0      0      0      8192    262144  262144  32     32     0      0      0      -             -          -      0      0      0      0      0      0      0      0      -      0      0      0      0      0      0      0      0      0      0      0      0      0      0      0      0      0      0      0      0      0      0      0      0      0      0      0      0      0      0      0      0      0      0      0      0      0      0      0      0     
0x2b64915ad7f0           STG.E desc[UR18][R8.64+0x4], R15                                         2      2      2      8192    262144  262144  32     32     0      0      0      Global        Store      32     262144 0      0      0      0      229376 262144 32768         0      0      0      0      0      0      0      0      0      0      0      0      0      0      0      0      0      0      0      0      0      0      2      0      0      0      0      0      0      0      0      0      0      0      0      0      0      0      0      2     
0x2b64915ad800           LDTM R11, tmem[UR4+0x2]                                                  0      0      0      8192    262144  262144  32     32     0      0      0      Tmem          Load       -      0      0      0      0      0      0      0      0      -      0      0      0      0      0      0      0      0      0      0      0      0      0      0      0      0      0      0      0      0      0      0      0      0      0      0      0      0      0      0      0      0      0      0      0      0      0      0      0      0     
0x2b64915ad810           NOP                                                                      0      0      0      8192    262144  262144  32     32     0      0      0      -             -          -      0      0      0      0      0      0      0      0      -      0      0      0      0      0      0      0      0      0      0      0      0      0      0      0      0      0      0      0      0      0      0      0      0      0      0      0      0      0      0      0      0      0      0      0      0      0      0      0      0     
0x2b64915ad820           LDTM R17, tmem[UR5+0x3]                                                  1      0      1      8192    262144  262144  32     32     0      0      0      Tmem          Load       -      0      0      0      0      0      0      0      0      -      0      0      0      0      0      0      0      0      0      0      0      0      0      0      0      0      0      0      1      0      0      0      0      0      0      0      0      0      0      0      0      0      0      0      0      0      0      0      0      0     
0x2b64915ad830           STG.E desc[UR18][R8.64+0x8], R11                                         6      4      6      8192    262144  262144  32     32     0      0      0      Global        Store      32     262144 0      0      0      0      229376 262144 32768         0      0      0      0      0      0      0      0      0      0      4      0      0      0      0      0      0      0      2      0      0      0      0      0      0      0      0      4      0      0      0      0      0      0      0      0      0      0      0      0     
0x2b64915ad840           NOP                                                                      1      0      1      8192    262144  262144  32     32     0      0      0      -             -          -      0      0      0      0      0      0      0      0      -      0      0      0      0      0      0      0      0      0      0      0      0      0      0      0      0      0      0      1      0      0      0      0      0      0      0      0      0      0      0      0      0      0      0      0      0      0      0      0      0     
0x2b64915ad850           STG.E desc[UR18][R8.64+0xc], R17                                         29     29     29     8192    262144  262144  32     32     0      0      0      Global        Store      32     262144 0      0      0      0      229376 262144 32768         0      0      0      0      0      0      0      0      0      0      28     0      0      0      0      0      0      0      0      1      0      0      0      0      0      0      0      28     0      0      0      0      0      0      0      0      1      0      0      0     
0x2b64915ad860           LDTM R13, tmem[UR4+0x4]                                                  65     62     65     8192    262144  262144  32     32     0      0      0      Tmem          Load       -      0      0      0      0      0      0      0      0      -      0      0      0      0      0      0      0      0      0      0      0      65     0      0      0      0      0      0      0      0      0      0      0      0      0      0      0      0      62     0      0      0      0      0      0      0      0      0      0      0     
0x2b64915ad870           NOP                                                                      0      0      0      8192    262144  262144  32     32     0      0      0      -             -          -      0      0      0      0      0      0      0      0      -      0      0      0      0      0      0      0      0      0      0      0      0      0      0      0      0      0      0      0      0      0      0      0      0      0      0      0      0      0      0      0      0      0      0      0      0      0      0      0      0     
0x2b64915ad880           LDTM R15, tmem[UR5+0x5]                                                  10     10     10     8192    262144  262144  32     32     0      0      0      Tmem          Load       -      0      0      0      0      0      0      0      0      -      0      0      0      0      0      0      0      0      0      0      0      8      0      0      0      0      0      0      0      2      0      0      0      0      0      0      0      0      8      0      0      0      0      0      0      0      2      0      0      0     
0x2b64915ad890           STG.E desc[UR18][R8.64+0x10], R13                                        7      7      7      8192    262144  262144  32     32     0      0      0      Global        Store      32     262144 0      0      0      0      229376 262144 32768         0      0      0      0      0      0      0      0      0      0      7      0      0      0      0      0      0      0      0      0      0      0      0      0      0      0      0      7      0      0      0      0      0      0      0      0      0      0      0      0     
0x2b64915ad8a0           NOP                                                                      0      0      0      8192    262144  262144  32     32     0      0      0      -             -          -      0      0      0      0      0      0      0      0      -      0      0      0      0      0      0      0      0      0      0      0      0      0      0      0      0      0      0      0      0      0      0      0      0      0      0      0      0      0      0      0      0      0      0      0      0      0      0      0      0     
0x2b64915ad8b0           STG.E desc[UR18][R8.64+0x14], R15                                        9      9      9      8192    262144  262144  32     32     0      0      0      Global        Store      32     262144 0      0      0      0      229376 262144 32768         0      0      0      0      0      0      0      0      0      0      9      0      0      0      0      0      0      0      0      0      0      0      0      0      0      0      0      9      0      0      0      0      0      0      0      0      0      0      0      0     
0x2b64915ad8c0           LDTM R11, tmem[UR4+0x6]                                                  9      9      9      8192    262144  262144  32     32     0      0      0      Tmem          Load       -      0      0      0      0      0      0      0      0      -      0      0      0      0      0      0      0      0      0      0      0      9      0      0      0      0      0      0      0      0      0      0      0      0      0      0      0      0      9      0      0      0      0      0      0      0      0      0      0      0     
0x2b64915ad8d0           NOP                                                                      1      0      1      8192    262144  262144  32     32     0      0      0      -             -          -      0      0      0      0      0      0      0      0      -      0      0      0      0      0      0      0      0      0      0      0      0      0      0      0      0      0      0      1      0      0      0      0      0      0      0      0      0      0      0      0      0      0      0      0      0      0      0      0      0     
0x2b64915ad8e0           LDTM R17, tmem[UR5+0x7]                                                  43     42     43     8192    262144  262144  32     32     0      0      0      Tmem          Load       -      0      0      0      0      0      0      0      0      -      0      0      0      0      0      0      0      0      0      0      0      42     0      0      0      0      0      0      0      1      0      0      0      0      0      0      0      0      41     0      0      0      0      0      0      0      1      0      0      0     
0x2b64915ad8f0           STG.E desc[UR18][R8.64+0x18], R11                                        1      0      1      8192    262144  262144  32     32     0      0      0      Global        Store      32     262144 0      0      0      0      229376 262144 32768         0      0      0      0      0      0      0      0      0      0      1      0      0      0      0      0      0      0      0      0      0      0      0      0      0      0      0      0      0      0      0      0      0      0      0      0      0      0      0      0     
0x2b64915ad900           NOP                                                                      0      0      0      8192    262144  262144  32     32     0      0      0      -             -          -      0      0      0      0      0      0      0      0      -      0      0      0      0      0      0      0      0      0      0      0      0      0      0      0      0      0      0      0      0      0      0      0      0      0      0      0      0      0      0      0      0      0      0      0      0      0      0      0      0     
0x2b64915ad910           STG.E desc[UR18][R8.64+0x1c], R17                                        24     22     24     8192    262144  262144  32     32     0      0      0      Global        Store      32     262144 0      0      0      0      229376 262144 32768         0      0      0      0      0      0      0      0      0      0      21     0      0      0      0      0      0      1      0      2      0      0      0      0      0      0      0      20     0      0      0      0      0      0      0      0      2      0      0      0     
0x2b64915ad920           LDTM R13, tmem[UR4+0x8]                                                  78     74     78     8192    262144  262144  32     32     0      0      0      Tmem          Load       -      0      0      0      0      0      0      0      0      -      0      0      0      0      0      0      0      0      0      0      0      78     0      0      0      0      0      0      0      0      0      0      0      0      0      0      0      0      74     0      0      0      0      0      0      0      0      0      0      0     
0x2b64915ad930           NOP                                                                      0      0      0      8192    262144  262144  32     32     0      0      0      -             -          -      0      0      0      0      0      0      0      0      -      0      0      0      0      0      0      0      0      0      0      0      0      0      0      0      0      0      0      0      0      0      0      0      0      0      0      0      0      0      0      0      0      0      0      0      0      0      0      0      0     
0x2b64915ad940           LDTM R15, tmem[UR5+0x9]                                                  28     27     28     8192    262144  262144  32     32     0      0      0      Tmem          Load       -      0      0      0      0      0      0      0      0      -      0      0      0      0      0      0      0      0      0      0      0      27     0      0      0      0      0      0      1      0      0      0      0      0      0      0      0      0      27     0      0      0      0      0      0      0      0      0      0      0     
0x2b64915ad950           STG.E desc[UR18][R8.64+0x20], R13                                        4      4      4      8192    262144  262144  32     32     0      0      0      Global        Store      32     262144 0      0      0      0      229376 262144 32768         0      0      0      0      0      0      0      0      0      0      4      0      0      0      0      0      0      0      0      0      0      0      0      0      0      0      0      4      0      0      0      0      0      0      0      0      0      0      0      0     
0x2b64915ad960           NOP                                                                      0      0      0      8192    262144  262144  32     32     0      0      0      -             -          -      0      0      0      0      0      0      0      0      -      0      0      0      0      0      0      0      0      0      0      0      0      0      0      0      0      0      0      0      0      0      0      0      0      0      0      0      0      0      0      0      0      0      0      0      0      0      0      0      0     
0x2b64915ad970           STG.E desc[UR18][R8.64+0x24], R15                                        43     41     43     8192    262144  262144  32     32     0      0      0      Global        Store      32     262144 0      0      0      0      229376 262144 32768         0      0      0      0      0      0      0      0      0      0      40     0      0      0      0      0      0      2      0      1      0      0      0      0      0      0      0      40     0      0      0      0      0      0      0      0      1      0      0      0     
0x2b64915ad980           LDTM R11, tmem[UR4+0xa]                                                  32     31     32     8192    262144  262144  32     32     0      0      0      Tmem          Load       -      0      0      0      0      0      0      0      0      -      0      0      0      0      0      0      0      0      0      0      0      32     0      0      0      0      0      0      0      0      0      0      0      0      0      0      0      0      31     0      0      0      0      0      0      0      0      0      0      0     
0x2b64915ad990           NOP                                                                      0      0      0      8192    262144  262144  32     32     0      0      0      -             -          -      0      0      0      0      0      0      0      0      -      0      0      0      0      0      0      0      0      0      0      0      0      0      0      0      0      0      0      0      0      0      0      0      0      0      0      0      0      0      0      0      0      0      0      0      0      0      0      0      0     
0x2b64915ad9a0           LDTM R17, tmem[UR5+0xb]                                                  39     38     39     8192    262144  262144  32     32     0      0      0      Tmem          Load       -      0      0      0      0      0      0      0      0      -      0      0      0      0      0      0      0      0      0      0      0      39     0      0      0      0      0      0      0      0      0      0      0      0      0      0      0      0      38     0      0      0      0      0      0      0      0      0      0      0     
0x2b64915ad9b0           STG.E desc[UR18][R8.64+0x28], R11                                        0      0      0      8192    262144  262144  32     32     0      0      0      Global        Store      32     262144 0      0      0      0      229376 262144 32768         0      0      0      0      0      0      0      0      0      0      0      0      0      0      0      0      0      0      0      0      0      0      0      0      0      0      0      0      0      0      0      0      0      0      0      0      0      0      0      0     
0x2b64915ad9c0           NOP                                                                      0      0      0      8192    262144  262144  32     32     0      0      0      -             -          -      0      0      0      0      0      0      0      0      -      0      0      0      0      0      0      0      0      0      0      0      0      0      0      0      0      0      0      0      0      0      0      0      0      0      0      0      0      0      0      0      0      0      0      0      0      0      0      0      0     
0x2b64915ad9d0           STG.E desc[UR18][R8.64+0x2c], R17                                        22     22     22     8192    262144  262144  32     32     0      0      0      Global        Store      32     262144 0      0      0      0      229376 262144 32768         0      0      0      0      0      0      0      0      0      0      21     0      0      0      0      0      0      0      0      0      0      0      1      0      0      0      0      21     0      0      0      0      0      0      0      0      0      0      0      1     
0x2b64915ad9e0           LDTM R13, tmem[UR4+0xc]                                                  95     89     95     8192    262144  262144  32     32     0      0      0      Tmem          Load       -      0      0      0      0      0      0      0      0      -      0      0      0      0      0      0      0      0      0      0      0      94     0      0      0      0      0      0      1      0      0      0      0      0      0      0      0      0      89     0      0      0      0      0      0      0      0      0      0      0     
0x2b64915ad9f0           NOP                                                                      0      0      0      8192    262144  262144  32     32     0      0      0      -             -          -      0      0      0      0      0      0      0      0      -      0      0      0      0      0      0      0      0      0      0      0      0      0      0      0      0      0      0      0      0      0      0      0      0      0      0      0      0      0      0      0      0      0      0      0      0      0      0      0      0     
0x2b64915ada00           LDTM R15, tmem[UR5+0xd]                                                  53     51     53     8192    262144  262144  32     32     0      0      0      Tmem          Load       -      0      0      0      0      0      0      0      0      -      0      0      0      0      0      0      0      0      0      0      0      53     0      0      0      0      0      0      0      0      0      0      0      0      0      0      0      0      51     0      0      0      0      0      0      0      0      0      0      0     
0x2b64915ada10           STG.E desc[UR18][R8.64+0x30], R13                                        0      0      0      8192    262144  262144  32     32     0      0      0      Global        Store      32     262144 0      0      0      0      229376 262144 32768         0      0      0      0      0      0      0      0      0      0      0      0      0      0      0      0      0      0      0      0      0      0      0      0      0      0      0      0      0      0      0      0      0      0      0      0      0      0      0      0     
0x2b64915ada20           NOP                                                                      0      0      0      8192    262144  262144  32     32     0      0      0      -             -          -      0      0      0      0      0      0      0      0      -      0      0      0      0      0      0      0      0      0      0      0      0      0      0      0      0      0      0      0      0      0      0      0      0      0      0      0      0      0      0      0      0      0      0      0      0      0      0      0      0     
0x2b64915ada30           STG.E desc[UR18][R8.64+0x34], R15                                        31     31     31     8192    262144  262144  32     32     0      0      0      Global        Store      32     262144 0      0      0      0      229376 262144 32768         0      0      0      0      0      0      0      0      0      0      28     0      0      0      0      0      0      0      0      3      0      0      0      0      0      0      0      28     0      0      0      0      0      0      0      0      3      0      0      0     
0x2b64915ada40           LDTM R11, tmem[UR4+0xe]                                                  66     57     66     8192    262144  262144  32     32     0      0      0      Tmem          Load       -      0      0      0      0      0      0      0      0      -      0      0      0      0      0      0      0      0      0      0      0      66     0      0      0      0      0      0      0      0      0      0      0      0      0      0      0      0      57     0      0      0      0      0      0      0      0      0      0      0     
0x2b64915ada50           NOP                                                                      0      0      0      8192    262144  262144  32     32     0      0      0      -             -          -      0      0      0      0      0      0      0      0      -      0      0      0      0      0      0      0      0      0      0      0      0      0      0      0      0      0      0      0      0      0      0      0      0      0      0      0      0      0      0      0      0      0      0      0      0      0      0      0      0     
0x2b64915ada60           LDTM R17, tmem[UR5+0xf]                                                  36     34     36     8192    262144  262144  32     32     0      0      0      Tmem          Load       -      0      0      0      0      0      0      0      0      -      0      0      0      0      0      0      0      0      0      0      0      36     0      0      0      0      0      0      0      0      0      0      0      0      0      0      0      0      34     0      0      0      0      0      0      0      0      0      0      0     
0x2b64915ada70           STG.E desc[UR18][R8.64+0x38], R11                                        1      1      1      8192    262144  262144  32     32     0      0      0      Global        Store      32     262144 0      0      0      0      229376 262144 32768         0      0      0      0      0      0      0      0      0      0      1      0      0      0      0      0      0      0      0      0      0      0      0      0      0      0      0      1      0      0      0      0      0      0      0      0      0      0      0      0     
0x2b64915ada80           NOP                                                                      0      0      0      8192    262144  262144  32     32     0      0      0      -             -          -      0      0      0      0      0      0      0      0      -      0      0      0      0      0      0      0      0      0      0      0      0      0      0      0      0      0      0      0      0      0      0      0      0      0      0      0      0      0      0      0      0      0      0      0      0      0      0      0      0     
0x2b64915ada90           STG.E desc[UR18][R8.64+0x3c], R17                                        38     37     38     8192    262144  262144  32     32     0      0      0      Global        Store      32     262144 0      0      0      0      229376 262144 32768         0      0      0      0      0      0      0      0      0      0      34     0      0      0      0      0      0      0      0      4      0      0      0      0      0      0      0      34     0      0      0      0      0      0      0      0      3      0      0      0     
0x2b64915adaa0           LDTM R13, tmem[UR4+0x10]                                                 121    111    121    8192    262144  262144  32     32     0      0      0      Tmem          Load       -      0      0      0      0      0      0      0      0      -      0      0      0      0      0      0      0      0      0      0      0      121    0      0      0      0      0      0      0      0      0      0      0      0      0      0      0      0      111    0      0      0      0      0      0      0      0      0      0      0     
0x2b64915adab0           NOP                                                                      0      0      0      8192    262144  262144  32     32     0      0      0      -             -          -      0      0      0      0      0      0      0      0      -      0      0      0      0      0      0      0      0      0      0      0      0      0      0      0      0      0      0      0      0      0      0      0      0      0      0      0      0      0      0      0      0      0      0      0      0      0      0      0      0     
0x2b64915adac0           LDTM R15, tmem[UR5+0x11]                                                 32     32     32     8192    262144  262144  32     32     0      0      0      Tmem          Load       -      0      0      0      0      0      0      0      0      -      0      0      0      0      0      0      0      0      0      0      0      32     0      0      0      0      0      0      0      0      0      0      0      0      0      0      0      0      32     0      0      0      0      0      0      0      0      0      0      0     
0x2b64915adad0           STG.E desc[UR18][R8.64+0x40], R13                                        1      1      1      8192    262144  262144  32     32     0      0      0      Global        Store      32     262144 0      0      0      0      229376 262144 32768         0      0      0      0      0      0      0      0      0      0      1      0      0      0      0      0      0      0      0      0      0      0      0      0      0      0      0      1      0      0      0      0      0      0      0      0      0      0      0      0     
0x2b64915adae0           NOP                                                                      0      0      0      8192    262144  262144  32     32     0      0      0      -             -          -      0      0      0      0      0      0      0      0      -      0      0      0      0      0      0      0      0      0      0      0      0      0      0      0      0      0      0      0      0      0      0      0      0      0      0      0      0      0      0      0      0      0      0      0      0      0      0      0      0     
0x2b64915adaf0           STG.E desc[UR18][R8.64+0x44], R15                                        35     35     35     8192    262144  262144  32     32     0      0      0      Global        Store      32     262144 0      0      0      0      229376 262144 32768         0      0      0      0      0      0      0      0      0      0      32     0      0      0      0      0      0      0      0      2      0      0      1      0      0      0      0      32     0      0      0      0      0      0      0      0      2      0      0      1     
0x2b64915adb00           LDTM R11, tmem[UR4+0x12]                                                 42     38     42     8192    262144  262144  32     32     0      0      0      Tmem          Load       -      0      0      0      0      0      0      0      0      -      0      0      0      0      0      0      0      0      0      0      0      42     0      0      0      0      0      0      0      0      0      0      0      0      0      0      0      0      38     0      0      0      0      0      0      0      0      0      0      0     
0x2b64915adb10           NOP                                                                      1      0      1      8192    262144  262144  32     32     0      0      0      -             -          -      0      0      0      0      0      0      0      0      -      0      0      0      0      0      0      0      0      0      0      0      0      0      0      0      0      0      0      1      0      0      0      0      0      0      0      0      0      0      0      0      0      0      0      0      0      0      0      0      0     
0x2b64915adb20           LDTM R17, tmem[UR5+0x13]                                                 41     39     41     8192    262144  262144  32     32     0      0      0      Tmem          Load       -      0      0      0      0      0      0      0      0      -      0      0      0      0      0      0      0      0      0      0      0      41     0      0      0      0      0      0      0      0      0      0      0      0      0      0      0      0      39     0      0      0      0      0      0      0      0      0      0      0     
0x2b64915adb30           STG.E desc[UR18][R8.64+0x48], R11                                        0      0      0      8192    262144  262144  32     32     0      0      0      Global        Store      32     262144 0      0      0      0      229376 262144 32768         0      0      0      0      0      0      0      0      0      0      0      0      0      0      0      0      0      0      0      0      0      0      0      0      0      0      0      0      0      0      0      0      0      0      0      0      0      0      0      0     
0x2b64915adb40           NOP                                                                      0      0      0      8192    262144  262144  32     32     0      0      0      -             -          -      0      0      0      0      0      0      0      0      -      0      0      0      0      0      0      0      0      0      0      0      0      0      0      0      0      0      0      0      0      0      0      0      0      0      0      0      0      0      0      0      0      0      0      0      0      0      0      0      0     
0x2b64915adb50           STG.E desc[UR18][R8.64+0x4c], R17                                        27     25     27     8192    262144  262144  32     32     0      0      0      Global        Store      32     262144 0      0      0      0      229376 262144 32768         0      0      0      0      0      0      0      0      0      0      24     0      0      0      0      0      0      0      1      2      0      0      0      0      0      0      0      24     0      0      0      0      0      0      0      0      1      0      0      0     
0x2b64915adb60           LDTM R13, tmem[UR4+0x14]                                                 109    102    109    8192    262144  262144  32     32     0      0      0      Tmem          Load       -      0      0      0      0      0      0      0      0      -      0      0      0      0      0      0      0      0      0      0      0      108    0      0      0      0      0      0      1      0      0      0      0      0      0      0      0      0      102    0      0      0      0      0      0      0      0      0      0      0     
0x2b64915adb70           NOP                                                                      0      0      0      8192    262144  262144  32     32     0      0      0      -             -          -      0      0      0      0      0      0      0      0      -      0      0      0      0      0      0      0      0      0      0      0      0      0      0      0      0      0      0      0      0      0      0      0      0      0      0      0      0      0      0      0      0      0      0      0      0      0      0      0      0     
0x2b64915adb80           LDTM R15, tmem[UR5+0x15]                                                 48     44     48     8192    262144  262144  32     32     0      0      0      Tmem          Load       -      0      0      0      0      0      0      0      0      -      0      0      0      0      0      0      0      0      0      0      0      48     0      0      0      0      0      0      0      0      0      0      0      0      0      0      0      0      44     0      0      0      0      0      0      0      0      0      0      0     
0x2b64915adb90           STG.E desc[UR18][R8.64+0x50], R13                                        0      0      0      8192    262144  262144  32     32     0      0      0      Global        Store      32     262144 0      0      0      0      229376 262144 32768         0      0      0      0      0      0      0      0      0      0      0      0      0      0      0      0      0      0      0      0      0      0      0      0      0      0      0      0      0      0      0      0      0      0      0      0      0      0      0      0     
0x2b64915adba0           NOP                                                                      0      0      0      8192    262144  262144  32     32     0      0      0      -             -          -      0      0      0      0      0      0      0      0      -      0      0      0      0      0      0      0      0      0      0      0      0      0      0      0      0      0      0      0      0      0      0      0      0      0      0      0      0      0      0      0      0      0      0      0      0      0      0      0      0     
0x2b64915adbb0           STG.E desc[UR18][R8.64+0x54], R15                                        45     44     45     8192    262144  262144  32     32     0      0      0      Global        Store      32     262144 0      0      0      0      229376 262144 32768         0      0      0      0      0      0      0      0      0      0      42     0      0      0      0      0      0      0      1      2      0      0      0      0      0      0      0      42     0      0      0      0      0      0      0      0      2      0      0      0     
0x2b64915adbc0           LDTM R11, tmem[UR4+0x16]                                                 54     45     54     8192    262144  262144  32     32     0      0      0      Tmem          Load       -      0      0      0      0      0      0      0      0      -      0      0      0      0      0      0      0      0      0      0      0      53     0      0      0      0      0      0      1      0      0      0      0      0      0      0      0      0      45     0      0      0      0      0      0      0      0      0      0      0     
0x2b64915adbd0           NOP                                                                      0      0      0      8192    262144  262144  32     32     0      0      0      -             -          -      0      0      0      0      0      0      0      0      -      0      0      0      0      0      0      0      0      0      0      0      0      0      0      0      0      0      0      0      0      0      0      0      0      0      0      0      0      0      0      0      0      0      0      0      0      0      0      0      0     
0x2b64915adbe0           LDTM R17, tmem[UR5+0x17]                                                 34     34     34     8192    262144  262144  32     32     0      0      0      Tmem          Load       -      0      0      0      0      0      0      0      0      -      0      0      0      0      0      0      0      0      0      0      0      34     0      0      0      0      0      0      0      0      0      0      0      0      0      0      0      0      34     0      0      0      0      0      0      0      0      0      0      0     
0x2b64915adbf0           STG.E desc[UR18][R8.64+0x58], R11                                        0      0      0      8192    262144  262144  32     32     0      0      0      Global        Store      32     262144 0      0      0      0      229376 262144 32768         0      0      0      0      0      0      0      0      0      0      0      0      0      0      0      0      0      0      0      0      0      0      0      0      0      0      0      0      0      0      0      0      0      0      0      0      0      0      0      0     
0x2b64915adc00           NOP                                                                      0      0      0      8192    262144  262144  32     32     0      0      0      -             -          -      0      0      0      0      0      0      0      0      -      0      0      0      0      0      0      0      0      0      0      0      0      0      0      0      0      0      0      0      0      0      0      0      0      0      0      0      0      0      0      0      0      0      0      0      0      0      0      0      0     
0x2b64915adc10           STG.E desc[UR18][R8.64+0x5c], R17                                        32     30     32     8192    262144  262144  32     32     0      0      0      Global        Store      32     262144 0      0      0      0      229376 262144 32768         0      0      0      0      0      0      0      0      0      0      30     0      0      0      0      0      0      0      0      2      0      0      0      0      0      0      0      29     0      0      0      0      0      0      0      0      1      0      0      0     
0x2b64915adc20           LDTM R13, tmem[UR4+0x18]                                                 100    95     100    8192    262144  262144  32     32     0      0      0      Tmem          Load       -      0      0      0      0      0      0      0      0      -      0      0      0      0      0      0      0      0      0      0      0      100    0      0      0      0      0      0      0      0      0      0      0      0      0      0      0      0      95     0      0      0      0      0      0      0      0      0      0      0     
0x2b64915adc30           NOP                                                                      0      0      0      8192    262144  262144  32     32     0      0      0      -             -          -      0      0      0      0      0      0      0      0      -      0      0      0      0      0      0      0      0      0      0      0      0      0      0      0      0      0      0      0      0      0      0      0      0      0      0      0      0      0      0      0      0      0      0      0      0      0      0      0      0     
0x2b64915adc40           LDTM R15, tmem[UR5+0x19]                                                 73     70     73     8192    262144  262144  32     32     0      0      0      Tmem          Load       -      0      0      0      0      0      0      0      0      -      0      0      0      0      0      0      0      0      0      0      0      73     0      0      0      0      0      0      0      0      0      0      0      0      0      0      0      0      70     0      0      0      0      0      0      0      0      0      0      0     
0x2b64915adc50           STG.E desc[UR18][R8.64+0x60], R13                                        0      0      0      8192    262144  262144  32     32     0      0      0      Global        Store      32     262144 0      0      0      0      229376 262144 32768         0      0      0      0      0      0      0      0      0      0      0      0      0      0      0      0      0      0      0      0      0      0      0      0      0      0      0      0      0      0      0      0      0      0      0      0      0      0      0      0     
0x2b64915adc60           NOP                                                                      1      0      1      8192    262144  262144  32     32     0      0      0      -             -          -      0      0      0      0      0      0      0      0      -      0      0      0      0      0      0      0      0      0      0      0      0      0      0      0      0      0      0      1      0      0      0      0      0      0      0      0      0      0      0      0      0      0      0      0      0      0      0      0      0     
0x2b64915adc70           STG.E desc[UR18][R8.64+0x64], R15                                        37     35     37     8192    262144  262144  32     32     0      0      0      Global        Store      32     262144 0      0      0      0      229376 262144 32768         0      0      0      0      0      0      0      0      0      0      35     0      0      0      0      0      0      0      2      0      0      0      0      0      0      0      0      35     0      0      0      0      0      0      0      0      0      0      0      0     
0x2b64915adc80           LDTM R11, tmem[UR4+0x1a]                                                 62     54     62     8192    262144  262144  32     32     0      0      0      Tmem          Load       -      0      0      0      0      0      0      0      0      -      0      0      0      0      0      0      0      0      0      0      0      62     0      0      0      0      0      0      0      0      0      0      0      0      0      0      0      0      54     0      0      0      0      0      0      0      0      0      0      0     
0x2b64915adc90           NOP                                                                      0      0      0      8192    262144  262144  32     32     0      0      0      -             -          -      0      0      0      0      0      0      0      0      -      0      0      0      0      0      0      0      0      0      0      0      0      0      0      0      0      0      0      0      0      0      0      0      0      0      0      0      0      0      0      0      0      0      0      0      0      0      0      0      0     
0x2b64915adca0           LDTM R17, tmem[UR5+0x1b]                                                 48     46     48     8192    262144  262144  32     32     0      0      0      Tmem          Load       -      0      0      0      0      0      0      0      0      -      0      0      0      0      0      0      0      0      0      0      0      48     0      0      0      0      0      0      0      0      0      0      0      0      0      0      0      0      46     0      0      0      0      0      0      0      0      0      0      0     
0x2b64915adcb0           STG.E desc[UR18][R8.64+0x68], R11                                        0      0      0      8192    262144  262144  32     32     0      0      0      Global        Store      32     262144 0      0      0      0      229376 262144 32768         0      0      0      0      0      0      0      0      0      0      0      0      0      0      0      0      0      0      0      0      0      0      0      0      0      0      0      0      0      0      0      0      0      0      0      0      0      0      0      0     
0x2b64915adcc0           NOP                                                                      0      0      0      8192    262144  262144  32     32     0      0      0      -             -          -      0      0      0      0      0      0      0      0      -      0      0      0      0      0      0      0      0      0      0      0      0      0      0      0      0      0      0      0      0      0      0      0      0      0      0      0      0      0      0      0      0      0      0      0      0      0      0      0      0     
0x2b64915adcd0           STG.E desc[UR18][R8.64+0x6c], R17                                        56     54     56     8192    262144  262144  32     32     0      0      0      Global        Store      32     262144 0      0      0      0      229376 262144 32768         0      0      0      0      0      0      0      0      0      0      53     0      0      0      0      0      0      1      0      2      0      0      0      0      0      0      0      52     0      0      0      0      0      0      0      0      2      0      0      0     
0x2b64915adce0           LDTM R13, tmem[UR4+0x1c]                                                 116    113    116    8192    262144  262144  32     32     0      0      0      Tmem          Load       -      0      0      0      0      0      0      0      0      -      0      0      0      0      0      0      0      0      0      0      0      115    0      0      0      0      0      0      1      0      0      0      0      0      0      0      0      0      113    0      0      0      0      0      0      0      0      0      0      0     
0x2b64915adcf0           NOP                                                                      0      0      0      8192    262144  262144  32     32     0      0      0      -             -          -      0      0      0      0      0      0      0      0      -      0      0      0      0      0      0      0      0      0      0      0      0      0      0      0      0      0      0      0      0      0      0      0      0      0      0      0      0      0      0      0      0      0      0      0      0      0      0      0      0     
0x2b64915add00           LDTM R15, tmem[UR5+0x1d]                                                 41     40     41     8192    262144  262144  32     32     0      0      0      Tmem          Load       -      0      0      0      0      0      0      0      0      -      0      0      0      0      0      0      0      0      0      0      0      41     0      0      0      0      0      0      0      0      0      0      0      0      0      0      0      0      40     0      0      0      0      0      0      0      0      0      0      0     
0x2b64915add10           STG.E desc[UR18][R8.64+0x70], R13                                        0      0      0      8192    262144  262144  32     32     0      0      0      Global        Store      32     262144 0      0      0      0      229376 262144 32768         0      0      0      0      0      0      0      0      0      0      0      0      0      0      0      0      0      0      0      0      0      0      0      0      0      0      0      0      0      0      0      0      0      0      0      0      0      0      0      0     
0x2b64915add20           NOP                                                                      0      0      0      8192    262144  262144  32     32     0      0      0      -             -          -      0      0      0      0      0      0      0      0      -      0      0      0      0      0      0      0      0      0      0      0      0      0      0      0      0      0      0      0      0      0      0      0      0      0      0      0      0      0      0      0      0      0      0      0      0      0      0      0      0     
0x2b64915add30           STG.E desc[UR18][R8.64+0x74], R15                                        26     26     26     8192    262144  262144  32     32     0      0      0      Global        Store      32     262144 0      0      0      0      229376 262144 32768         0      0      0      0      0      0      0      0      0      0      25     0      0      0      0      0      0      0      0      1      0      0      0      0      0      0      0      25     0      0      0      0      0      0      0      0      1      0      0      0     
0x2b64915add40           LDTM R11, tmem[UR4+0x1e]                                                 51     48     51     8192    262144  262144  32     32     0      0      0      Tmem          Load       -      0      0      0      0      0      0      0      0      -      0      0      0      0      0      0      0      0      0      0      0      51     0      0      0      0      0      0      0      0      0      0      0      0      0      0      0      0      48     0      0      0      0      0      0      0      0      0      0      0     
0x2b64915add50           NOP                                                                      0      0      0      8192    262144  262144  32     32     0      0      0      -             -          -      0      0      0      0      0      0      0      0      -      0      0      0      0      0      0      0      0      0      0      0      0      0      0      0      0      0      0      0      0      0      0      0      0      0      0      0      0      0      0      0      0      0      0      0      0      0      0      0      0     
0x2b64915add60           LDTM R17, tmem[UR5+0x1f]                                                 54     53     54     8192    262144  262144  32     32     0      0      0      Tmem          Load       -      0      0      0      0      0      0      0      0      -      0      0      0      0      0      0      0      0      0      0      0      54     0      0      0      0      0      0      0      0      0      0      0      0      0      0      0      0      53     0      0      0      0      0      0      0      0      0      0      0     
0x2b64915add70           STG.E desc[UR18][R8.64+0x78], R11                                        1      1      1      8192    262144  262144  32     32     0      0      0      Global        Store      32     262144 0      0      0      0      229376 262144 32768         0      0      0      0      0      0      0      0      0      0      1      0      0      0      0      0      0      0      0      0      0      0      0      0      0      0      0      1      0      0      0      0      0      0      0      0      0      0      0      0     
0x2b64915add80           NOP                                                                      0      0      0      8192    262144  262144  32     32     0      0      0      -             -          -      0      0      0      0      0      0      0      0      -      0      0      0      0      0      0      0      0      0      0      0      0      0      0      0      0      0      0      0      0      0      0      0      0      0      0      0      0      0      0      0      0      0      0      0      0      0      0      0      0     
0x2b64915add90           STG.E desc[UR18][R8.64+0x7c], R17                                        33     33     33     8192    262144  262144  32     32     0      0      0      Global        Store      32     262144 0      0      0      0      229376 262144 32768         0      0      0      0      0      0      0      0      0      0      29     0      0      0      0      0      0      0      0      3      0      0      1      0      0      0      0      29     0      0      0      0      0      0      0      0      3      0      0      1     
0x2b64915adda0           LDTM R13, tmem[UR4+0x20]                                                 115    111    115    8192    262144  262144  32     32     0      0      0      Tmem          Load       -      0      0      0      0      0      0      0      0      -      0      0      0      0      0      0      0      0      0      0      0      115    0      0      0      0      0      0      0      0      0      0      0      0      0      0      0      0      111    0      0      0      0      0      0      0      0      0      0      0     
0x2b64915addb0           NOP                                                                      0      0      0      8192    262144  262144  32     32     0      0      0      -             -          -      0      0      0      0      0      0      0      0      -      0      0      0      0      0      0      0      0      0      0      0      0      0      0      0      0      0      0      0      0      0      0      0      0      0      0      0      0      0      0      0      0      0      0      0      0      0      0      0      0     
0x2b64915addc0           LDTM R15, tmem[UR5+0x21]                                                 46     45     46     8192    262144  262144  32     32     0      0      0      Tmem          Load       -      0      0      0      0      0      0      0      0      -      0      0      0      0      0      0      0      0      0      0      0      46     0      0      0      0      0      0      0      0      0      0      0      0      0      0      0      0      45     0      0      0      0      0      0      0      0      0      0      0     
0x2b64915addd0           STG.E desc[UR18][R8.64+0x80], R13                                        1      0      1      8192    262144  262144  32     32     0      0      0      Global        Store      32     262144 0      0      0      0      229376 262144 32768         0      0      0      0      0      0      0      0      0      0      0      0      0      0      0      0      0      0      1      0      0      0      0      0      0      0      0      0      0      0      0      0      0      0      0      0      0      0      0      0     
0x2b64915adde0           NOP                                                                      1      0      1      8192    262144  262144  32     32     0      0      0      -             -          -      0      0      0      0      0      0      0      0      -      0      0      0      0      0      0      0      0      0      0      0      0      0      0      0      0      0      0      1      0      0      0      0      0      0      0      0      0      0      0      0      0      0      0      0      0      0      0      0      0     
0x2b64915addf0           STG.E desc[UR18][R8.64+0x84], R15                                        43     43     43     8192    262144  262144  32     32     0      0      0      Global        Store      32     262144 0      0      0      0      229376 262144 32768         0      0      0      0      0      0      0      0      0      0      41     0      0      0      0      0      0      0      0      0      0      0      2      0      0      0      0      41     0      0      0      0      0      0      0      0      0      0      0      2     
0x2b64915ade00           LDTM R11, tmem[UR4+0x22]                                                 58     51     58     8192    262144  262144  32     32     0      0      0      Tmem          Load       -      0      0      0      0      0      0      0      0      -      0      0      0      0      0      0      0      0      0      0      0      58     0      0      0      0      0      0      0      0      0      0      0      0      0      0      0      0      51     0      0      0      0      0      0      0      0      0      0      0     
0x2b64915ade10           NOP                                                                      1      0      1      8192    262144  262144  32     32     0      0      0      -             -          -      0      0      0      0      0      0      0      0      -      0      0      0      0      0      0      0      0      0      0      0      0      0      0      0      0      0      0      1      0      0      0      0      0      0      0      0      0      0      0      0      0      0      0      0      0      0      0      0      0     
0x2b64915ade20           LDTM R17, tmem[UR5+0x23]                                                 52     52     52     8192    262144  262144  32     32     0      0      0      Tmem          Load       -      0      0      0      0      0      0      0      0      -      0      0      0      0      0      0      0      0      0      0      0      52     0      0      0      0      0      0      0      0      0      0      0      0      0      0      0      0      52     0      0      0      0      0      0      0      0      0      0      0     
0x2b64915ade30           STG.E desc[UR18][R8.64+0x88], R11                                        0      0      0      8192    262144  262144  32     32     0      0      0      Global        Store      32     262144 0      0      0      0      229376 262144 32768         0      0      0      0      0      0      0      0      0      0      0      0      0      0      0      0      0      0      0      0      0      0      0      0      0      0      0      0      0      0      0      0      0      0      0      0      0      0      0      0     
0x2b64915ade40           NOP                                                                      1      0      1      8192    262144  262144  32     32     0      0      0      -             -          -      0      0      0      0      0      0      0      0      -      0      0      0      0      0      0      0      0      0      0      0      0      0      0      0      0      0      0      1      0      0      0      0      0      0      0      0      0      0      0      0      0      0      0      0      0      0      0      0      0     
0x2b64915ade50           STG.E desc[UR18][R8.64+0x8c], R17                                        39     37     39     8192    262144  262144  32     32     0      0      0      Global        Store      32     262144 0      0      0      0      229376 262144 32768         0      0      0      0      0      0      0      0      0      0      35     0      0      0      0      0      0      2      0      2      0      0      0      0      0      0      0      35     0      0      0      0      0      0      0      0      2      0      0      0     
0x2b64915ade60           LDTM R13, tmem[UR4+0x24]                                                 95     89     95     8192    262144  262144  32     32     0      0      0      Tmem          Load       -      0      0      0      0      0      0      0      0      -      0      0      0      0      0      0      0      0      0      0      0      95     0      0      0      0      0      0      0      0      0      0      0      0      0      0      0      0      89     0      0      0      0      0      0      0      0      0      0      0     
0x2b64915ade70           NOP                                                                      0      0      0      8192    262144  262144  32     32     0      0      0      -             -          -      0      0      0      0      0      0      0      0      -      0      0      0      0      0      0      0      0      0      0      0      0      0      0      0      0      0      0      0      0      0      0      0      0      0      0      0      0      0      0      0      0      0      0      0      0      0      0      0      0     
0x2b64915ade80           LDTM R15, tmem[UR5+0x25]                                                 60     59     60     8192    262144  262144  32     32     0      0      0      Tmem          Load       -      0      0      0      0      0      0      0      0      -      0      0      0      0      0      0      0      0      0      0      0      60     0      0      0      0      0      0      0      0      0      0      0      0      0      0      0      0      59     0      0      0      0      0      0      0      0      0      0      0     
0x2b64915ade90           STG.E desc[UR18][R8.64+0x90], R13                                        0      0      0      8192    262144  262144  32     32     0      0      0      Global        Store      32     262144 0      0      0      0      229376 262144 32768         0      0      0      0      0      0      0      0      0      0      0      0      0      0      0      0      0      0      0      0      0      0      0      0      0      0      0      0      0      0      0      0      0      0      0      0      0      0      0      0     
0x2b64915adea0           NOP                                                                      0      0      0      8192    262144  262144  32     32     0      0      0      -             -          -      0      0      0      0      0      0      0      0      -      0      0      0      0      0      0      0      0      0      0      0      0      0      0      0      0      0      0      0      0      0      0      0      0      0      0      0      0      0      0      0      0      0      0      0      0      0      0      0      0     
0x2b64915adeb0           STG.E desc[UR18][R8.64+0x94], R15                                        32     31     32     8192    262144  262144  32     32     0      0      0      Global        Store      32     262144 0      0      0      0      229376 262144 32768         0      0      0      0      0      0      0      0      0      0      30     0      0      0      0      0      0      0      1      1      0      0      0      0      0      0      0      30     0      0      0      0      0      0      0      0      1      0      0      0     
0x2b64915adec0           LDTM R11, tmem[UR4+0x26]                                                 59     56     59     8192    262144  262144  32     32     0      0      0      Tmem          Load       -      0      0      0      0      0      0      0      0      -      0      0      0      0      0      0      0      0      0      0      0      59     0      0      0      0      0      0      0      0      0      0      0      0      0      0      0      0      56     0      0      0      0      0      0      0      0      0      0      0     
0x2b64915aded0           NOP                                                                      0      0      0      8192    262144  262144  32     32     0      0      0      -             -          -      0      0      0      0      0      0      0      0      -      0      0      0      0      0      0      0      0      0      0      0      0      0      0      0      0      0      0      0      0      0      0      0      0      0      0      0      0      0      0      0      0      0      0      0      0      0      0      0      0     
0x2b64915adee0           LDTM R17, tmem[UR5+0x27]                                                 55     55     55     8192    262144  262144  32     32     0      0      0      Tmem          Load       -      0      0      0      0      0      0      0      0      -      0      0      0      0      0      0      0      0      0      0      0      55     0      0      0      0      0      0      0      0      0      0      0      0      0      0      0      0      55     0      0      0      0      0      0      0      0      0      0      0     
0x2b64915adef0           STG.E desc[UR18][R8.64+0x98], R11                                        0      0      0      8192    262144  262144  32     32     0      0      0      Global        Store      32     262144 0      0      0      0      229376 262144 32768         0      0      0      0      0      0      0      0      0      0      0      0      0      0      0      0      0      0      0      0      0      0      0      0      0      0      0      0      0      0      0      0      0      0      0      0      0      0      0      0     
0x2b64915adf00           NOP                                                                      0      0      0      8192    262144  262144  32     32     0      0      0      -             -          -      0      0      0      0      0      0      0      0      -      0      0      0      0      0      0      0      0      0      0      0      0      0      0      0      0      0      0      0      0      0      0      0      0      0      0      0      0      0      0      0      0      0      0      0      0      0      0      0      0     
0x2b64915adf10           STG.E desc[UR18][R8.64+0x9c], R17                                        47     46     47     8192    262144  262144  32     32     0      0      0      Global        Store      32     262144 0      0      0      0      229376 262144 32768         0      0      0      0      0      0      0      0      0      0      46     0      0      0      0      0      0      1      0      0      0      0      0      0      0      0      0      46     0      0      0      0      0      0      0      0      0      0      0      0     
0x2b64915adf20           LDTM R13, tmem[UR4+0x28]                                                 112    111    112    8192    262144  262144  32     32     0      0      0      Tmem          Load       -      0      0      0      0      0      0      0      0      -      0      0      0      0      0      0      0      0      0      0      0      112    0      0      0      0      0      0      0      0      0      0      0      0      0      0      0      0      111    0      0      0      0      0      0      0      0      0      0      0     
0x2b64915adf30           NOP                                                                      0      0      0      8192    262144  262144  32     32     0      0      0      -             -          -      0      0      0      0      0      0      0      0      -      0      0      0      0      0      0      0      0      0      0      0      0      0      0      0      0      0      0      0      0      0      0      0      0      0      0      0      0      0      0      0      0      0      0      0      0      0      0      0      0     
0x2b64915adf40           LDTM R15, tmem[UR5+0x29]                                                 56     56     56     8192    262144  262144  32     32     0      0      0      Tmem          Load       -      0      0      0      0      0      0      0      0      -      0      0      0      0      0      0      0      0      0      0      0      56     0      0      0      0      0      0      0      0      0      0      0      0      0      0      0      0      56     0      0      0      0      0      0      0      0      0      0      0     
0x2b64915adf50           STG.E desc[UR18][R8.64+0xa0], R13                                        0      0      0      8192    262144  262144  32     32     0      0      0      Global        Store      32     262144 0      0      0      0      229376 262144 32768         0      0      0      0      0      0      0      0      0      0      0      0      0      0      0      0      0      0      0      0      0      0      0      0      0      0      0      0      0      0      0      0      0      0      0      0      0      0      0      0     
0x2b64915adf60           NOP                                                                      0      0      0      8192    262144  262144  32     32     0      0      0      -             -          -      0      0      0      0      0      0      0      0      -      0      0      0      0      0      0      0      0      0      0      0      0      0      0      0      0      0      0      0      0      0      0      0      0      0      0      0      0      0      0      0      0      0      0      0      0      0      0      0      0     
0x2b64915adf70           STG.E desc[UR18][R8.64+0xa4], R15                                        27     27     27     8192    262144  262144  32     32     0      0      0      Global        Store      32     262144 0      0      0      0      229376 262144 32768         0      0      0      0      0      0      0      0      0      0      27     0      0      0      0      0      0      0      0      0      0      0      0      0      0      0      0      27     0      0      0      0      0      0      0      0      0      0      0      0     
0x2b64915adf80           LDTM R11, tmem[UR4+0x2a]                                                 67     63     67     8192    262144  262144  32     32     0      0      0      Tmem          Load       -      0      0      0      0      0      0      0      0      -      0      0      0      0      0      0      0      0      0      0      0      66     0      0      0      0      0      0      1      0      0      0      0      0      0      0      0      0      63     0      0      0      0      0      0      0      0      0      0      0     
0x2b64915adf90           NOP                                                                      0      0      0      8192    262144  262144  32     32     0      0      0      -             -          -      0      0      0      0      0      0      0      0      -      0      0      0      0      0      0      0      0      0      0      0      0      0      0      0      0      0      0      0      0      0      0      0      0      0      0      0      0      0      0      0      0      0      0      0      0      0      0      0      0     
0x2b64915adfa0           LDTM R17, tmem[UR5+0x2b]                                                 53     53     53     8192    262144  262144  32     32     0      0      0      Tmem          Load       -      0      0      0      0      0      0      0      0      -      0      0      0      0      0      0      0      0      0      0      0      53     0      0      0      0      0      0      0      0      0      0      0      0      0      0      0      0      53     0      0      0      0      0      0      0      0      0      0      0     
0x2b64915adfb0           STG.E desc[UR18][R8.64+0xa8], R11                                        0      0      0      8192    262144  262144  32     32     0      0      0      Global        Store      32     262144 0      0      0      0      229376 262144 32768         0      0      0      0      0      0      0      0      0      0      0      0      0      0      0      0      0      0      0      0      0      0      0      0      0      0      0      0      0      0      0      0      0      0      0      0      0      0      0      0     
0x2b64915adfc0           NOP                                                                      0      0      0      8192    262144  262144  32     32     0      0      0      -             -          -      0      0      0      0      0      0      0      0      -      0      0      0      0      0      0      0      0      0      0      0      0      0      0      0      0      0      0      0      0      0      0      0      0      0      0      0      0      0      0      0      0      0      0      0      0      0      0      0      0     
0x2b64915adfd0           STG.E desc[UR18][R8.64+0xac], R17                                        33     32     33     8192    262144  262144  32     32     0      0      0      Global        Store      32     262144 0      0      0      0      229376 262144 32768         0      0      0      0      0      0      0      0      0      0      30     0      0      0      0      0      0      0      0      3      0      0      0      0      0      0      0      29     0      0      0      0      0      0      0      0      3      0      0      0     
0x2b64915adfe0           LDTM R13, tmem[UR4+0x2c]                                                 118    113    118    8192    262144  262144  32     32     0      0      0      Tmem          Load       -      0      0      0      0      0      0      0      0      -      0      0      0      0      0      0      0      0      0      0      0      118    0      0      0      0      0      0      0      0      0      0      0      0      0      0      0      0      113    0      0      0      0      0      0      0      0      0      0      0     
0x2b64915adff0           NOP                                                                      1      0      1      8192    262144  262144  32     32     0      0      0      -             -          -      0      0      0      0      0      0      0      0      -      0      0      0      0      0      0      0      0      0      0      0      0      0      0      0      0      0      0      1      0      0      0      0      0      0      0      0      0      0      0      0      0      0      0      0      0      0      0      0      0     
0x2b64915ae000           LDTM R15, tmem[UR5+0x2d]                                                 47     43     47     8192    262144  262144  32     32     0      0      0      Tmem          Load       -      0      0      0      0      0      0      0      0      -      0      0      0      0      0      0      0      0      0      0      0      47     0      0      0      0      0      0      0      0      0      0      0      0      0      0      0      0      43     0      0      0      0      0      0      0      0      0      0      0     
0x2b64915ae010           STG.E desc[UR18][R8.64+0xb0], R13                                        0      0      0      8192    262144  262144  32     32     0      0      0      Global        Store      32     262144 0      0      0      0      229376 262144 32768         0      0      0      0      0      0      0      0      0      0      0      0      0      0      0      0      0      0      0      0      0      0      0      0      0      0      0      0      0      0      0      0      0      0      0      0      0      0      0      0     
0x2b64915ae020           NOP                                                                      1      0      1      8192    262144  262144  32     32     0      0      0      -             -          -      0      0      0      0      0      0      0      0      -      0      0      0      0      0      0      0      0      0      0      0      0      0      0      0      0      0      0      1      0      0      0      0      0      0      0      0      0      0      0      0      0      0      0      0      0      0      0      0      0     
0x2b64915ae030           STG.E desc[UR18][R8.64+0xb4], R15                                        27     27     27     8192    262144  262144  32     32     0      0      0      Global        Store      32     262144 0      0      0      0      229376 262144 32768         0      0      0      0      0      0      0      0      0      0      24     0      0      0      0      0      0      0      0      2      0      0      1      0      0      0      0      24     0      0      0      0      0      0      0      0      2      0      0      1     
0x2b64915ae040           LDTM R11, tmem[UR4+0x2e]                                                 66     63     66     8192    262144  262144  32     32     0      0      0      Tmem          Load       -      0      0      0      0      0      0      0      0      -      0      0      0      0      0      0      0      0      0      0      0      65     0      0      0      0      0      0      1      0      0      0      0      0      0      0      0      0      63     0      0      0      0      0      0      0      0      0      0      0     
0x2b64915ae050           NOP                                                                      0      0      0      8192    262144  262144  32     32     0      0      0      -             -          -      0      0      0      0      0      0      0      0      -      0      0      0      0      0      0      0      0      0      0      0      0      0      0      0      0      0      0      0      0      0      0      0      0      0      0      0      0      0      0      0      0      0      0      0      0      0      0      0      0     
0x2b64915ae060           LDTM R17, tmem[UR5+0x2f]                                                 44     42     44     8192    262144  262144  32     32     0      0      0      Tmem          Load       -      0      0      0      0      0      0      0      0      -      0      0      0      0      0      0      0      0      0      0      0      43     0      0      0      0      0      0      1      0      0      0      0      0      0      0      0      0      42     0      0      0      0      0      0      0      0      0      0      0     
0x2b64915ae070           STG.E desc[UR18][R8.64+0xb8], R11                                        0      0      0      8192    262144  262144  32     32     0      0      0      Global        Store      32     262144 0      0      0      0      229376 262144 32768         0      0      0      0      0      0      0      0      0      0      0      0      0      0      0      0      0      0      0      0      0      0      0      0      0      0      0      0      0      0      0      0      0      0      0      0      0      0      0      0     
0x2b64915ae080           NOP                                                                      0      0      0      8192    262144  262144  32     32     0      0      0      -             -          -      0      0      0      0      0      0      0      0      -      0      0      0      0      0      0      0      0      0      0      0      0      0      0      0      0      0      0      0      0      0      0      0      0      0      0      0      0      0      0      0      0      0      0      0      0      0      0      0      0     
0x2b64915ae090           STG.E desc[UR18][R8.64+0xbc], R17                                        21     20     21     8192    262144  262144  32     32     0      0      0      Global        Store      32     262144 0      0      0      0      229376 262144 32768         0      0      0      0      0      0      0      0      0      0      18     0      0      0      0      0      0      0      0      3      0      0      0      0      0      0      0      18     0      0      0      0      0      0      0      0      2      0      0      0     
0x2b64915ae0a0           LDTM R13, tmem[UR4+0x30]                                                 117    112    117    8192    262144  262144  32     32     0      0      0      Tmem          Load       -      0      0      0      0      0      0      0      0      -      0      0      0      0      0      0      0      0      0      0      0      116    0      0      0      0      0      0      1      0      0      0      0      0      0      0      0      0      112    0      0      0      0      0      0      0      0      0      0      0     
0x2b64915ae0b0           NOP                                                                      1      0      1      8192    262144  262144  32     32     0      0      0      -             -          -      0      0      0      0      0      0      0      0      -      0      0      0      0      0      0      0      0      0      0      0      0      0      0      0      0      0      0      1      0      0      0      0      0      0      0      0      0      0      0      0      0      0      0      0      0      0      0      0      0     
0x2b64915ae0c0           LDTM R15, tmem[UR5+0x31]                                                 46     44     46     8192    262144  262144  32     32     0      0      0      Tmem          Load       -      0      0      0      0      0      0      0      0      -      0      0      0      0      0      0      0      0      0      0      0      46     0      0      0      0      0      0      0      0      0      0      0      0      0      0      0      0      44     0      0      0      0      0      0      0      0      0      0      0     
0x2b64915ae0d0           STG.E desc[UR18][R8.64+0xc0], R13                                        0      0      0      8192    262144  262144  32     32     0      0      0      Global        Store      32     262144 0      0      0      0      229376 262144 32768         0      0      0      0      0      0      0      0      0      0      0      0      0      0      0      0      0      0      0      0      0      0      0      0      0      0      0      0      0      0      0      0      0      0      0      0      0      0      0      0     
0x2b64915ae0e0           NOP                                                                      0      0      0      8192    262144  262144  32     32     0      0      0      -             -          -      0      0      0      0      0      0      0      0      -      0      0      0      0      0      0      0      0      0      0      0      0      0      0      0      0      0      0      0      0      0      0      0      0      0      0      0      0      0      0      0      0      0      0      0      0      0      0      0      0     
0x2b64915ae0f0           STG.E desc[UR18][R8.64+0xc4], R15                                        21     21     21     8192    262144  262144  32     32     0      0      0      Global        Store      32     262144 0      0      0      0      229376 262144 32768         0      0      0      0      0      0      0      0      0      0      19     0      0      0      0      0      0      0      0      2      0      0      0      0      0      0      0      19     0      0      0      0      0      0      0      0      2      0      0      0     
0x2b64915ae100           LDTM R11, tmem[UR4+0x32]                                                 91     82     91     8192    262144  262144  32     32     0      0      0      Tmem          Load       -      0      0      0      0      0      0      0      0      -      0      0      0      0      0      0      0      0      0      0      0      91     0      0      0      0      0      0      0      0      0      0      0      0      0      0      0      0      82     0      0      0      0      0      0      0      0      0      0      0     
0x2b64915ae110           NOP                                                                      0      0      0      8192    262144  262144  32     32     0      0      0      -             -          -      0      0      0      0      0      0      0      0      -      0      0      0      0      0      0      0      0      0      0      0      0      0      0      0      0      0      0      0      0      0      0      0      0      0      0      0      0      0      0      0      0      0      0      0      0      0      0      0      0     
0x2b64915ae120           LDTM R17, tmem[UR5+0x33]                                                 44     43     44     8192    262144  262144  32     32     0      0      0      Tmem          Load       -      0      0      0      0      0      0      0      0      -      0      0      0      0      0      0      0      0      0      0      0      44     0      0      0      0      0      0      0      0      0      0      0      0      0      0      0      0      43     0      0      0      0      0      0      0      0      0      0      0     
0x2b64915ae130           STG.E desc[UR18][R8.64+0xc8], R11                                        1      0      1      8192    262144  262144  32     32     0      0      0      Global        Store      32     262144 0      0      0      0      229376 262144 32768         0      0      0      0      0      0      0      0      0      0      0      0      0      0      0      0      0      0      1      0      0      0      0      0      0      0      0      0      0      0      0      0      0      0      0      0      0      0      0      0     
0x2b64915ae140           NOP                                                                      0      0      0      8192    262144  262144  32     32     0      0      0      -             -          -      0      0      0      0      0      0      0      0      -      0      0      0      0      0      0      0      0      0      0      0      0      0      0      0      0      0      0      0      0      0      0      0      0      0      0      0      0      0      0      0      0      0      0      0      0      0      0      0      0     
0x2b64915ae150           STG.E desc[UR18][R8.64+0xcc], R17                                        21     21     21     8192    262144  262144  32     32     0      0      0      Global        Store      32     262144 0      0      0      0      229376 262144 32768         0      0      0      0      0      0      0      0      0      0      19     0      0      0      0      0      0      0      0      2      0      0      0      0      0      0      0      19     0      0      0      0      0      0      0      0      2      0      0      0     
0x2b64915ae160           LDTM R13, tmem[UR4+0x34]                                                 111    104    111    8192    262144  262144  32     32     0      0      0      Tmem          Load       -      0      0      0      0      0      0      0      0      -      0      0      0      0      0      0      0      0      0      0      0      111    0      0      0      0      0      0      0      0      0      0      0      0      0      0      0      0      104    0      0      0      0      0      0      0      0      0      0      0     
0x2b64915ae170           NOP                                                                      0      0      0      8192    262144  262144  32     32     0      0      0      -             -          -      0      0      0      0      0      0      0      0      -      0      0      0      0      0      0      0      0      0      0      0      0      0      0      0      0      0      0      0      0      0      0      0      0      0      0      0      0      0      0      0      0      0      0      0      0      0      0      0      0     
0x2b64915ae180           LDTM R15, tmem[UR5+0x35]                                                 37     36     37     8192    262144  262144  32     32     0      0      0      Tmem          Load       -      0      0      0      0      0      0      0      0      -      0      0      0      0      0      0      0      0      0      0      0      37     0      0      0      0      0      0      0      0      0      0      0      0      0      0      0      0      36     0      0      0      0      0      0      0      0      0      0      0     
0x2b64915ae190           STG.E desc[UR18][R8.64+0xd0], R13                                        0      0      0      8192    262144  262144  32     32     0      0      0      Global        Store      32     262144 0      0      0      0      229376 262144 32768         0      0      0      0      0      0      0      0      0      0      0      0      0      0      0      0      0      0      0      0      0      0      0      0      0      0      0      0      0      0      0      0      0      0      0      0      0      0      0      0     
0x2b64915ae1a0           NOP                                                                      0      0      0      8192    262144  262144  32     32     0      0      0      -             -          -      0      0      0      0      0      0      0      0      -      0      0      0      0      0      0      0      0      0      0      0      0      0      0      0      0      0      0      0      0      0      0      0      0      0      0      0      0      0      0      0      0      0      0      0      0      0      0      0      0     
0x2b64915ae1b0           STG.E desc[UR18][R8.64+0xd4], R15                                        12     12     12     8192    262144  262144  32     32     0      0      0      Global        Store      32     262144 0      0      0      0      229376 262144 32768         0      0      0      0      0      0      0      0      0      0      11     0      0      0      0      0      0      0      0      1      0      0      0      0      0      0      0      11     0      0      0      0      0      0      0      0      1      0      0      0     
0x2b64915ae1c0           LDTM R11, tmem[UR4+0x36]                                                 97     94     97     8192    262144  262144  32     32     0      0      0      Tmem          Load       -      0      0      0      0      0      0      0      0      -      0      0      0      0      0      0      0      0      0      0      0      97     0      0      0      0      0      0      0      0      0      0      0      0      0      0      0      0      94     0      0      0      0      0      0      0      0      0      0      0     
0x2b64915ae1d0           NOP                                                                      0      0      0      8192    262144  262144  32     32     0      0      0      -             -          -      0      0      0      0      0      0      0      0      -      0      0      0      0      0      0      0      0      0      0      0      0      0      0      0      0      0      0      0      0      0      0      0      0      0      0      0      0      0      0      0      0      0      0      0      0      0      0      0      0     
0x2b64915ae1e0           LDTM R17, tmem[UR5+0x37]                                                 45     45     45     8192    262144  262144  32     32     0      0      0      Tmem          Load       -      0      0      0      0      0      0      0      0      -      0      0      0      0      0      0      0      0      0      0      0      45     0      0      0      0      0      0      0      0      0      0      0      0      0      0      0      0      45     0      0      0      0      0      0      0      0      0      0      0     
0x2b64915ae1f0           STG.E desc[UR18][R8.64+0xd8], R11                                        0      0      0      8192    262144  262144  32     32     0      0      0      Global        Store      32     262144 0      0      0      0      229376 262144 32768         0      0      0      0      0      0      0      0      0      0      0      0      0      0      0      0      0      0      0      0      0      0      0      0      0      0      0      0      0      0      0      0      0      0      0      0      0      0      0      0     
0x2b64915ae200           NOP                                                                      0      0      0      8192    262144  262144  32     32     0      0      0      -             -          -      0      0      0      0      0      0      0      0      -      0      0      0      0      0      0      0      0      0      0      0      0      0      0      0      0      0      0      0      0      0      0      0      0      0      0      0      0      0      0      0      0      0      0      0      0      0      0      0      0     
0x2b64915ae210           STG.E desc[UR18][R8.64+0xdc], R17                                        15     15     15     8192    262144  262144  32     32     0      0      0      Global        Store      32     262144 0      0      0      0      229376 262144 32768         0      0      0      0      0      0      0      0      0      0      14     0      0      0      0      0      0      0      0      1      0      0      0      0      0      0      0      14     0      0      0      0      0      0      0      0      1      0      0      0     
0x2b64915ae220           LDTM R13, tmem[UR4+0x38]                                                 115    106    115    8192    262144  262144  32     32     0      0      0      Tmem          Load       -      0      0      0      0      0      0      0      0      -      0      0      0      0      0      0      0      0      0      0      0      115    0      0      0      0      0      0      0      0      0      0      0      0      0      0      0      0      106    0      0      0      0      0      0      0      0      0      0      0     
0x2b64915ae230           NOP                                                                      0      0      0      8192    262144  262144  32     32     0      0      0      -             -          -      0      0      0      0      0      0      0      0      -      0      0      0      0      0      0      0      0      0      0      0      0      0      0      0      0      0      0      0      0      0      0      0      0      0      0      0      0      0      0      0      0      0      0      0      0      0      0      0      0     
0x2b64915ae240           LDTM R15, tmem[UR5+0x39]                                                 31     30     31     8192    262144  262144  32     32     0      0      0      Tmem          Load       -      0      0      0      0      0      0      0      0      -      0      0      0      0      0      0      0      0      0      0      0      30     0      0      0      0      0      0      1      0      0      0      0      0      0      0      0      0      30     0      0      0      0      0      0      0      0      0      0      0     
0x2b64915ae250           STG.E desc[UR18][R8.64+0xe0], R13                                        0      0      0      8192    262144  262144  32     32     0      0      0      Global        Store      32     262144 0      0      0      0      229376 262144 32768         0      0      0      0      0      0      0      0      0      0      0      0      0      0      0      0      0      0      0      0      0      0      0      0      0      0      0      0      0      0      0      0      0      0      0      0      0      0      0      0     
0x2b64915ae260           NOP                                                                      0      0      0      8192    262144  262144  32     32     0      0      0      -             -          -      0      0      0      0      0      0      0      0      -      0      0      0      0      0      0      0      0      0      0      0      0      0      0      0      0      0      0      0      0      0      0      0      0      0      0      0      0      0      0      0      0      0      0      0      0      0      0      0      0     
0x2b64915ae270           STG.E desc[UR18][R8.64+0xe4], R15                                        22     20     22     8192    262144  262144  32     32     0      0      0      Global        Store      32     262144 0      0      0      0      229376 262144 32768         0      0      0      0      0      0      0      0      0      0      19     0      0      0      0      0      0      0      0      2      0      0      1      0      0      0      0      18     0      0      0      0      0      0      0      0      2      0      0      0     
0x2b64915ae280           LDTM R11, tmem[UR4+0x3a]                                                 78     72     78     8192    262144  262144  32     32     0      0      0      Tmem          Load       -      0      0      0      0      0      0      0      0      -      0      0      0      0      0      0      0      0      0      0      0      77     0      0      0      0      0      0      1      0      0      0      0      0      0      0      0      0      72     0      0      0      0      0      0      0      0      0      0      0     
0x2b64915ae290           NOP                                                                      0      0      0      8192    262144  262144  32     32     0      0      0      -             -          -      0      0      0      0      0      0      0      0      -      0      0      0      0      0      0      0      0      0      0      0      0      0      0      0      0      0      0      0      0      0      0      0      0      0      0      0      0      0      0      0      0      0      0      0      0      0      0      0      0     
0x2b64915ae2a0           LDTM R17, tmem[UR5+0x3b]                                                 42     41     42     8192    262144  262144  32     32     0      0      0      Tmem          Load       -      0      0      0      0      0      0      0      0      -      0      0      0      0      0      0      0      0      0      0      0      42     0      0      0      0      0      0      0      0      0      0      0      0      0      0      0      0      41     0      0      0      0      0      0      0      0      0      0      0     
0x2b64915ae2b0           STG.E desc[UR18][R8.64+0xe8], R11                                        0      0      0      8192    262144  262144  32     32     0      0      0      Global        Store      32     262144 0      0      0      0      229376 262144 32768         0      0      0      0      0      0      0      0      0      0      0      0      0      0      0      0      0      0      0      0      0      0      0      0      0      0      0      0      0      0      0      0      0      0      0      0      0      0      0      0     
0x2b64915ae2c0           NOP                                                                      0      0      0      8192    262144  262144  32     32     0      0      0      -             -          -      0      0      0      0      0      0      0      0      -      0      0      0      0      0      0      0      0      0      0      0      0      0      0      0      0      0      0      0      0      0      0      0      0      0      0      0      0      0      0      0      0      0      0      0      0      0      0      0      0     
0x2b64915ae2d0           STG.E desc[UR18][R8.64+0xec], R17                                        15     13     15     8192    262144  262144  32     32     0      0      0      Global        Store      32     262144 0      0      0      0      229376 262144 32768         0      0      0      0      0      0      0      0      0      0      13     0      0      0      0      0      0      0      1      1      0      0      0      0      0      0      0      12     0      0      0      0      0      0      0      0      1      0      0      0     
0x2b64915ae2e0           LDTM R13, tmem[UR4+0x3c]                                                 72     70     72     8192    262144  262144  32     32     0      0      0      Tmem          Load       -      0      0      0      0      0      0      0      0      -      0      0      0      0      0      0      0      0      0      0      0      72     0      0      0      0      0      0      0      0      0      0      0      0      0      0      0      0      70     0      0      0      0      0      0      0      0      0      0      0     
0x2b64915ae2f0           NOP                                                                      0      0      0      8192    262144  262144  32     32     0      0      0      -             -          -      0      0      0      0      0      0      0      0      -      0      0      0      0      0      0      0      0      0      0      0      0      0      0      0      0      0      0      0      0      0      0      0      0      0      0      0      0      0      0      0      0      0      0      0      0      0      0      0      0     
0x2b64915ae300           LDTM R15, tmem[UR5+0x3d]                                                 32     30     32     8192    262144  262144  32     32     0      0      0      Tmem          Load       -      0      0      0      0      0      0      0      0      -      0      0      0      0      0      0      0      0      0      0      0      31     0      0      0      0      0      0      1      0      0      0      0      0      0      0      0      0      30     0      0      0      0      0      0      0      0      0      0      0     
0x2b64915ae310           STG.E desc[UR18][R8.64+0xf0], R13                                        0      0      0      8192    262144  262144  32     32     0      0      0      Global        Store      32     262144 0      0      0      0      229376 262144 32768         0      0      0      0      0      0      0      0      0      0      0      0      0      0      0      0      0      0      0      0      0      0      0      0      0      0      0      0      0      0      0      0      0      0      0      0      0      0      0      0     
0x2b64915ae320           NOP                                                                      1      0      1      8192    262144  262144  32     32     0      0      0      -             -          -      0      0      0      0      0      0      0      0      -      0      0      0      0      0      0      0      0      0      0      0      0      0      0      0      0      0      0      1      0      0      0      0      0      0      0      0      0      0      0      0      0      0      0      0      0      0      0      0      0     
0x2b64915ae330           STG.E desc[UR18][R8.64+0xf4], R15                                        12     11     12     8192    262144  262144  32     32     0      0      0      Global        Store      32     262144 0      0      0      0      229376 262144 32768         0      0      0      0      0      0      0      0      0      0      10     0      0      0      0      0      0      0      1      0      0      0      1      0      0      0      0      10     0      0      0      0      0      0      0      0      0      0      0      1     
0x2b64915ae340           LDTM R11, tmem[UR4+0x3e]                                                 73     70     73     8192    262144  262144  32     32     0      0      0      Tmem          Load       -      0      0      0      0      0      0      0      0      -      0      0      0      0      0      0      0      0      0      0      0      73     0      0      0      0      0      0      0      0      0      0      0      0      0      0      0      0      70     0      0      0      0      0      0      0      0      0      0      0     
0x2b64915ae350           NOP                                                                      0      0      0      8192    262144  262144  32     32     0      0      0      -             -          -      0      0      0      0      0      0      0      0      -      0      0      0      0      0      0      0      0      0      0      0      0      0      0      0      0      0      0      0      0      0      0      0      0      0      0      0      0      0      0      0      0      0      0      0      0      0      0      0      0     
0x2b64915ae360           LDTM R17, tmem[UR5+0x3f]                                                 32     29     32     8192    262144  262144  32     32     0      0      0      Tmem          Load       -      0      0      0      0      0      0      0      0      -      0      0      0      0      0      0      0      0      0      0      0      31     0      0      0      0      0      0      1      0      0      0      0      0      0      0      0      0      29     0      0      0      0      0      0      0      0      0      0      0     
0x2b64915ae370           STG.E desc[UR18][R8.64+0xf8], R11                                        0      0      0      8192    262144  262144  32     32     0      0      0      Global        Store      32     262144 0      0      0      0      229376 262144 32768         0      0      0      0      0      0      0      0      0      0      0      0      0      0      0      0      0      0      0      0      0      0      0      0      0      0      0      0      0      0      0      0      0      0      0      0      0      0      0      0     
0x2b64915ae380           NOP                                                                      0      0      0      8192    262144  262144  32     32     0      0      0      -             -          -      0      0      0      0      0      0      0      0      -      0      0      0      0      0      0      0      0      0      0      0      0      0      0      0      0      0      0      0      0      0      0      0      0      0      0      0      0      0      0      0      0      0      0      0      0      0      0      0      0     
0x2b64915ae390           STG.E desc[UR18][R8.64+0xfc], R17                                        19     19     19     8192    262144  262144  32     32     0      0      0      Global        Store      32     262144 0      0      0      0      229376 262144 32768         0      0      0      0      0      0      0      0      0      0      17     0      0      0      0      0      0      0      0      2      0      0      0      0      0      0      0      17     0      0      0      0      0      0      0      0      2      0      0      0     
0x2b64915ae3a0           NOP                                                                      0      0      0      8192    262144  262144  32     32     0      0      0      -             -          -      0      0      0      0      0      0      0      0      -      0      0      0      0      0      0      0      0      0      0      0      0      0      0      0      0      0      0      0      0      0      0      0      0      0      0      0      0      0      0      0      0      0      0      0      0      0      0      0      0     
0x2b64915ae3b0           BAR.SYNC.DEFER_BLOCKING 0x0                                              0      0      0      8192    262144  262144  32     32     0      0      0      -             -          -      0      0      0      0      0      0      0      0      -      0      0      0      0      0      0      0      0      0      0      0      0      0      0      0      0      0      0      0      0      0      0      0      0      0      0      0      0      0      0      0      0      0      0      0      0      0      0      0      0     
0x2b64915ae3c0     @P1   BRA 0x2b64915ae490                                                       77     74     77     8192    262144  260096  32     31     1      1      2048   -             -          -      0      0      0      0      0      0      0      0      -      0      0      0      0      0      0      77     0      0      0      0      0      0      0      0      0      0      0      0      0      0      0      0      74     0      0      0      0      0      0      0      0      0      0      0      0      0      0      0      0     
0x2b64915ae3d0           S2UR UR6, SR_CgaCtaId                                                    0      0      0      2048    2048    2048    1      1      30     31     0      -             -          -      0      0      0      0      0      0      0      0      -      0      0      0      0      0      0      0      0      0      0      0      0      0      0      0      0      0      0      0      0      0      0      0      0      0      0      0      0      0      0      0      0      0      0      0      0      0      0      0      0     
0x2b64915ae3e0           UMOV UR4, 0x400                                                          0      0      0      2048    2048    2048    1      1      0      31     0      -             -          -      0      0      0      0      0      0      0      0      -      0      0      0      0      0      0      0      0      0      0      0      0      0      0      0      0      0      0      0      0      0      0      0      0      0      0      0      0      0      0      0      0      0      0      0      0      0      0      0      0     
0x2b64915ae3f0           UIADD3 UR5, UPT, UPT, UR4, 0x8, URZ                                      0      0      0      2048    2048    2048    1      1      0      31     0      -             -          -      0      0      0      0      0      0      0      0      -      0      0      0      0      0      0      0      0      0      0      0      0      0      0      0      0      0      0      0      0      0      0      0      0      0      0      0      0      0      0      0      0      0      0      0      0      0      0      0      0     
0x2b64915ae400           UIADD3 UR4, UPT, UPT, UR4, 0x20, URZ                                     0      0      0      2048    2048    2048    1      1      0      31     0      -             -          -      0      0      0      0      0      0      0      0      -      0      0      0      0      0      0      0      0      0      0      0      0      0      0      0      0      0      0      0      0      0      0      0      0      0      0      0      0      0      0      0      0      0      0      0      0      0      0      0      0     
0x2b64915ae410           ULEA UR5, UR6, UR5, 0x18                                                 2      2      2      2048    2048    2048    1      1      0      31     0      -             -          -      0      0      0      0      0      0      0      0      -      0      0      0      0      0      0      0      0      0      0      0      0      0      0      0      0      0      0      0      2      0      0      0      0      0      0      0      0      0      0      0      0      0      0      0      0      2      0      0      0     
0x2b64915ae420           ULEA UR4, UR6, UR4, 0x18                                                 0      0      0      2048    2048    2048    1      1      0      31     0      -             -          -      0      0      0      0      0      0      0      0      -      0      0      0      0      0      0      0      0      0      0      0      0      0      0      0      0      0      0      0      0      0      0      0      0      0      0      0      0      0      0      0      0      0      0      0      0      0      0      0      0     
0x2b64915ae430           SYNCS.CCTL.IV [UR5]                                                      0      0      0      2048    2048    2048    1      1      0      31     0      -             -          -      0      0      0      0      0      0      0      0      -      0      0      0      0      0      0      0      0      0      0      0      0      0      0      0      0      0      0      0      0      0      0      0      0      0      0      0      0      0      0      0      0      0      0      0      0      0      0      0      0     
0x2b64915ae440           SYNCS.CCTL.IV [UR4]                                                      0      0      0      2048    2048    2048    1      1      0      31     0      -             -          -      0      0      0      0      0      0      0      0      -      0      0      0      0      0      0      0      0      0      0      0      0      0      0      0      0      0      0      0      0      0      0      0      0      0      0      0      0      0      0      0      0      0      0      0      0      0      0      0      0     
0x2b64915ae450           SYNCS.CCTL.IV [UR5+0x8]                                                  1      0      1      2048    2048    2048    1      1      0      31     0      -             -          -      0      0      0      0      0      0      0      0      -      0      0      0      0      0      0      0      0      0      0      0      0      0      0      0      0      0      0      1      0      0      0      0      0      0      0      0      0      0      0      0      0      0      0      0      0      0      0      0      0     
0x2b64915ae460           SYNCS.CCTL.IV [UR4+0x8]                                                  1      1      1      2048    2048    2048    1      1      0      31     0      -             -          -      0      0      0      0      0      0      0      0      -      0      0      0      0      0      0      0      0      0      0      0      1      0      0      0      0      0      0      0      0      0      0      0      0      0      0      0      0      1      0      0      0      0      0      0      0      0      0      0      0     
0x2b64915ae470           SYNCS.CCTL.IV [UR5+0x10]                                                 3      2      3      2048    2048    2048    1      1      0      31     0      -             -          -      0      0      0      0      0      0      0      0      -      0      0      0      0      0      0      0      0      0      0      0      2      0      0      0      0      0      1      0      0      0      0      0      0      0      0      0      0      2      0      0      0      0      0      0      0      0      0      0      0     
0x2b64915ae480           SYNCS.CCTL.IV [UR4+0x10]                                                 3      3      3      2048    2048    2048    1      1      0      31     0      -             -          -      0      0      0      0      0      0      0      0      -      0      0      0      0      0      0      0      0      0      0      0      3      0      0      0      0      0      0      0      0      0      0      0      0      0      0      0      0      3      0      0      0      0      0      0      0      0      0      0      0     
0x2b64915ae490           BSYNC.RECONVERGENT B0                                                    0      0      0      10240   262144  262144  25     25     24     7      0      -             -          -      0      0      0      0      0      0      0      0      -      0      0      0      0      0      0      0      0      0      0      0      0      0      0      0      0      0      0      0      0      0      0      0      0      0      0      0      0      0      0      0      0      0      0      0      0      0      0      0      0     
0x2b64915ae4a0           BAR.SYNC.DEFER_BLOCKING 0x0                                              4      2      4      8192    262144  262144  32     32     7      0      0      -             -          -      0      0      0      0      0      0      0      0      -      0      0      0      0      0      0      0      1      0      0      0      0      0      0      0      0      0      1      1      0      0      0      1      0      1      0      0      0      0      0      0      0      0      0      0      0      0      0      0      1     
0x2b64915ae4b0           UIADD3 UR15, UPT, UPT, UR20, UR15, URZ                                   0      0      0      8192    262144  262144  32     32     0      0      0      -             -          -      0      0      0      0      0      0      0      0      -      0      0      0      0      0      0      0      0      0      0      0      0      0      0      0      0      0      0      0      0      0      0      0      0      0      0      0      0      0      0      0      0      0      0      0      0      0      0      0      0     
0x2b64915ae4c0           UISETP.GE.AND UP0, UPT, UR15, UR14, UPT                                  1      0      1      8192    262144  262144  32     32     0      0      0      -             -          -      0      0      0      0      0      0      0      0      -      0      0      0      0      0      0      0      0      0      0      0      0      0      0      0      0      0      0      0      0      0      0      1      0      0      0      0      0      0      0      0      0      0      0      0      0      0      0      0      0     
0x2b64915ae4d0           BRA.U !UP0, 0x2b64915ac6d0                                               32     31     32     8192    262144  262144  32     32     0      0      0      -             -          -      0      0      0      0      0      0      0      0      -      0      0      0      0      0      0      32     0      0      0      0      0      0      0      0      0      0      0      0      0      0      0      0      31     0      0      0      0      0      0      0      0      0      0      0      0      0      0      0      0     
0x2b64915ae4e0           S2R R0, SR_TID.X                                                         2      2      2      1776    56832   56832   32     32     0      0      0      -             -          -      0      0      0      0      0      0      0      0      -      0      0      0      0      0      0      0      0      0      0      0      0      0      0      0      0      0      0      0      0      0      0      2      0      0      0      0      0      0      0      0      0      0      0      0      0      0      0      0      2     
0x2b64915ae4f0           ISETP.GT.U32.AND P0, PT, R0, 0x1f, PT                                    69     68     69     1776    56832   56832   32     32     0      0      0      -             -          -      0      0      0      0      0      0      0      0      -      0      0      0      0      0      0      0      0      0      0      0      0      0      0      0      0      0      0      0      69     0      0      0      0      0      0      0      0      0      0      0      0      0      0      0      0      68     0      0      0     
0x2b64915ae500     @P0   EXIT                                                                     0      0      0      1776    56832   42624   32     24     8      8      0      -             -          -      0      0      0      0      0      0      0      0      -      0      0      0      0      0      0      0      0      0      0      0      0      0      0      0      0      0      0      0      0      0      0      0      0      0      0      0      0      0      0      0      0      0      0      0      0      0      0      0      0     
0x2b64915ae510           S2UR UR5, SR_CgaCtaId                                                    1      1      1      444     14208   14208   32     32     8      0      0      -             -          -      0      0      0      0      0      0      0      0      -      0      0      0      0      0      0      0      0      0      0      0      0      0      0      0      0      0      0      0      0      0      0      1      0      0      0      0      0      0      0      0      0      0      0      0      0      0      0      0      1     
0x2b64915ae520           UMOV UR4, 0x40                                                           0      0      0      444     14208   14208   32     32     0      0      0      -             -          -      0      0      0      0      0      0      0      0      -      0      0      0      0      0      0      0      0      0      0      0      0      0      0      0      0      0      0      0      0      0      0      0      0      0      0      0      0      0      0      0      0      0      0      0      0      0      0      0      0     
0x2b64915ae530           NOP                                                                      0      0      0      444     14208   14208   32     32     0      0      0      -             -          -      0      0      0      0      0      0      0      0      -      0      0      0      0      0      0      0      0      0      0      0      0      0      0      0      0      0      0      0      0      0      0      0      0      0      0      0      0      0      0      0      0      0      0      0      0      0      0      0      0     
0x2b64915ae540           ULOP3.LUT UR13, UR13, 0xffff, URZ, 0xc0, !UPT                            0      0      0      444     14208   14208   32     32     0      0      0      -             -          -      0      0      0      0      0      0      0      0      -      0      0      0      0      0      0      0      0      0      0      0      0      0      0      0      0      0      0      0      0      0      0      0      0      0      0      0      0      0      0      0      0      0      0      0      0      0      0      0      0     
0x2b64915ae550           USHF.R.U32.HI UR13, URZ, 0x5, UR13                                       0      0      0      444     14208   14208   32     32     0      0      0      -             -          -      0      0      0      0      0      0      0      0      -      0      0      0      0      0      0      0      0      0      0      0      0      0      0      0      0      0      0      0      0      0      0      0      0      0      0      0      0      0      0      0      0      0      0      0      0      0      0      0      0     
0x2b64915ae560           ULEA UR6, UR5, UR4, 0x18                                                 1      1      1      444     14208   14208   32     32     0      0      0      -             -          -      0      0      0      0      0      0      0      0      -      0      0      0      0      0      0      0      0      0      0      0      0      0      0      0      0      0      0      0      1      0      0      0      0      0      0      0      0      0      0      0      0      0      0      0      0      1      0      0      0     
0x2b64915ae570           UMOV UR4, 0x3                                                            0      0      0      444     14208   14208   32     32     0      0      0      -             -          -      0      0      0      0      0      0      0      0      -      0      0      0      0      0      0      0      0      0      0      0      0      0      0      0      0      0      0      0      0      0      0      0      0      0      0      0      0      0      0      0      0      0      0      0      0      0      0      0      0     
0x2b64915ae580           UMOV UR5, 0x1                                                            0      0      0      444     14208   14208   32     32     0      0      0      -             -          -      0      0      0      0      0      0      0      0      -      0      0      0      0      0      0      0      0      0      0      0      0      0      0      0      0      0      0      0      0      0      0      0      0      0      0      0      0      0      0      0      0      0      0      0      0      0      0      0      0     
0x2b64915ae590           USHF.L.U32 UR4, UR4, UR13, URZ                                           0      0      0      444     14208   14208   32     32     0      0      0      -             -          -      0      0      0      0      0      0      0      0      -      0      0      0      0      0      0      0      0      0      0      0      0      0      0      0      0      0      0      0      0      0      0      0      0      0      0      0      0      0      0      0      0      0      0      0      0      0      0      0      0     
0x2b64915ae5a0           USHF.L.U32 UR13, UR5, UR13, URZ                                          0      0      0      444     14208   14208   32     32     0      0      0      -             -          -      0      0      0      0      0      0      0      0      -      0      0      0      0      0      0      0      0      0      0      0      0      0      0      0      0      0      0      0      0      0      0      0      0      0      0      0      0      0      0      0      0      0      0      0      0      0      0      0      0     
0x2b64915ae5b0           LDS R0, [UR6+0x14]                                                       0      0      0      444     14208   14208   32     32     0      0      0      Shared        Load       32     0      1      0      444    444    0      0      0      -      0      0      0      0      0      0      0      0      0      0      0      0      0      0      0      0      0      0      0      0      0      0      0      0      0      0      0      0      0      0      0      0      0      0      0      0      0      0      0      0     
0x2b64915ae5c0           LOP3.LUT R0, R0, UR4, RZ, 0xc0, !PT                                      0      0      0      444     14208   14208   32     32     0      0      0      -             -          -      0      0      0      0      0      0      0      0      -      0      0      0      0      0      0      0      0      0      0      0      0      0      0      0      0      0      0      0      0      0      0      0      0      0      0      0      0      0      0      0      0      0      0      0      0      0      0      0      0     
0x2b64915ae5d0           ISETP.NE.AND P0, PT, R0, UR4, PT                                         0      0      0      444     14208   14208   32     32     0      0      0      -             -          -      0      0      0      0      0      0      0      0      -      0      0      0      0      0      0      0      0      0      0      0      0      0      0      0      0      0      0      0      0      0      0      0      0      0      0      0      0      0      0      0      0      0      0      0      0      0      0      0      0     
0x2b64915ae5e0     @P0   BRA 0x2b64915ae750                                                       0      0      0      444     14208   0       32     0      32     32     0      -             -          -      0      0      0      0      0      0      0      0      -      0      0      0      0      0      0      0      0      0      0      0      0      0      0      0      0      0      0      0      0      0      0      0      0      0      0      0      0      0      0      0      0      0      0      0      0      0      0      0      0     
0x2b64915ae5f0           LDS R0, [UR6+0x18]                                                       0      0      0      444     14208   14208   32     32     32     0      0      Shared        Load       32     0      1      0      444    444    0      0      0      -      0      0      0      0      0      0      0      0      0      0      0      0      0      0      0      0      0      0      0      0      0      0      0      0      0      0      0      0      0      0      0      0      0      0      0      0      0      0      0      0     
0x2b64915ae600           LOP3.LUT R0, R0, UR13, RZ, 0xc0, !PT                                     0      0      0      444     14208   14208   32     32     0      0      0      -             -          -      0      0      0      0      0      0      0      0      -      0      0      0      0      0      0      0      0      0      0      0      0      0      0      0      0      0      0      0      0      0      0      0      0      0      0      0      0      0      0      0      0      0      0      0      0      0      0      0      0     
0x2b64915ae610           ISETP.NE.AND P0, PT, R0, UR13, PT                                        0      0      0      444     14208   14208   32     32     0      0      0      -             -          -      0      0      0      0      0      0      0      0      -      0      0      0      0      0      0      0      0      0      0      0      0      0      0      0      0      0      0      0      0      0      0      0      0      0      0      0      0      0      0      0      0      0      0      0      0      0      0      0      0     
0x2b64915ae620     @P0   BRA 0x2b64915ae720                                                       0      0      0      444     14208   0       32     0      32     32     0      -             -          -      0      0      0      0      0      0      0      0      -      0      0      0      0      0      0      0      0      0      0      0      0      0      0      0      0      0      0      0      0      0      0      0      0      0      0      0      0      0      0      0      0      0      0      0      0      0      0      0      0     
0x2b64915ae630           S2R R2, SR_LANEID                                                        0      0      0      444     14208   14208   32     32     32     0      0      -             -          -      0      0      0      0      0      0      0      0      -      0      0      0      0      0      0      0      0      0      0      0      0      0      0      0      0      0      0      0      0      0      0      0      0      0      0      0      0      0      0      0      0      0      0      0      0      0      0      0      0     
0x2b64915ae640           ULOP3.LUT UR4, URZ, UR4, URZ, 0x33, !UPT                                 0      0      0      444     14208   14208   32     32     0      0      0      -             -          -      0      0      0      0      0      0      0      0      -      0      0      0      0      0      0      0      0      0      0      0      0      0      0      0      0      0      0      0      0      0      0      0      0      0      0      0      0      0      0      0      0      0      0      0      0      0      0      0      0     
0x2b64915ae650           LOP3.LUT R0, RZ, UR13, RZ, 0x33, !PT                                     0      0      0      444     14208   14208   32     32     0      0      0      -             -          -      0      0      0      0      0      0      0      0      -      0      0      0      0      0      0      0      0      0      0      0      0      0      0      0      0      0      0      0      0      0      0      0      0      0      0      0      0      0      0      0      0      0      0      0      0      0      0      0      0     
0x2b64915ae660           VOTEU.ANY UR5, UPT, PT                                                   0      0      0      444     14208   14208   32     32     0      0      0      -             -          -      0      0      0      0      0      0      0      0      -      0      0      0      0      0      0      0      0      0      0      0      0      0      0      0      0      0      0      0      0      0      0      0      0      0      0      0      0      0      0      0      0      0      0      0      0      0      0      0      0     
0x2b64915ae670           UFLO.U32 UR5, UR5                                                        0      0      0      444     14208   14208   32     32     0      0      0      -             -          -      0      0      0      0      0      0      0      0      -      0      0      0      0      0      0      0      0      0      0      0      0      0      0      0      0      0      0      0      0      0      0      0      0      0      0      0      0      0      0      0      0      0      0      0      0      0      0      0      0     
0x2b64915ae680           REDUX UR8, R0                                                            0      0      0      444     14208   14208   32     32     0      0      0      -             -          -      0      0      0      0      0      0      0      0      -      0      0      0      0      0      0      0      0      0      0      0      0      0      0      0      0      0      0      0      0      0      0      0      0      0      0      0      0      0      0      0      0      0      0      0      0      0      0      0      0     
0x2b64915ae690           IMAD.U32 R4, RZ, RZ, UR4                                                 0      0      0      444     14208   14208   32     32     0      0      0      -             -          -      0      0      0      0      0      0      0      0      -      0      0      0      0      0      0      0      0      0      0      0      0      0      0      0      0      0      0      0      0      0      0      0      0      0      0      0      0      0      0      0      0      0      0      0      0      0      0      0      0     
0x2b64915ae6a0           UTCATOMSWS.AND URZ, UR4                                                  1      1      1      444     14208   14208   32     32     0      0      0      -             -          -      0      0      0      0      0      0      0      0      -      0      0      0      0      0      0      0      0      0      0      0      0      0      0      0      0      0      0      0      0      0      0      1      0      0      0      0      0      0      0      0      0      0      0      0      0      0      0      0      1     
0x2b64915ae6b0           REDUX UR7, R4                                                            0      0      0      444     14208   14208   32     32     0      0      0      -             -          -      0      0      0      0      0      0      0      0      -      0      0      0      0      0      0      0      0      0      0      0      0      0      0      0      0      0      0      0      0      0      0      0      0      0      0      0      0      0      0      0      0      0      0      0      0      0      0      0      0     
0x2b64915ae6c0           IMAD.U32 R3, RZ, RZ, UR8                                                 2      2      2      444     14208   14208   32     32     0      0      0      -             -          -      0      0      0      0      0      0      0      0      -      0      0      0      0      0      0      0      0      0      0      0      0      0      0      0      0      0      0      0      2      0      0      0      0      0      0      0      0      0      0      0      0      0      0      0      0      2      0      0      0     
0x2b64915ae6d0           ISETP.EQ.U32.AND P0, PT, R2, UR5, PT                                     0      0      0      444     14208   14208   32     32     0      0      0      -             -          -      0      0      0      0      0      0      0      0      -      0      0      0      0      0      0      0      0      0      0      0      0      0      0      0      0      0      0      0      0      0      0      0      0      0      0      0      0      0      0      0      0      0      0      0      0      0      0      0      0     
0x2b64915ae6e0           IMAD.U32 R2, RZ, RZ, UR7                                                 0      0      0      444     14208   14208   32     32     0      0      0      -             -          -      0      0      0      0      0      0      0      0      -      0      0      0      0      0      0      0      0      0      0      0      0      0      0      0      0      0      0      0      0      0      0      0      0      0      0      0      0      0      0      0      0      0      0      0      0      0      0      0      0     
0x2b64915ae6f0     @P0   ATOMS.AND RZ, [UR6+0x14], R2                                             0      0      0      444     14208   444     32     1      31     31     0      Shared        Atomic     32     0      1      0      444    444    0      0      0      -      0      0      0      0      0      0      0      0      0      0      0      0      0      0      0      0      0      0      0      0      0      0      0      0      0      0      0      0      0      0      0      0      0      0      0      0      0      0      0      0     
0x2b64915ae700     @P0   ATOMS.AND RZ, [UR6+0x18], R3                                             0      0      0      444     14208   444     32     1      0      31     0      Shared        Atomic     32     0      1      0      444    444    0      0      0      -      0      0      0      0      0      0      0      0      0      0      0      0      0      0      0      0      0      0      0      0      0      0      0      0      0      0      0      0      0      0      0      0      0      0      0      0      0      0      0      0     
0x2b64915ae710           BRA 0x2b64915ae770                                                       0      0      0      444     14208   14208   32     32     31     0      0      -             -          -      0      0      0      0      0      0      0      0      -      0      0      0      0      0      0      0      0      0      0      0      0      0      0      0      0      0      0      0      0      0      0      0      0      0      0      0      0      0      0      0      0      0      0      0      0      0      0      0      0     
0x2b64915ae720           MOV R2, 0x2740                                                           0      0      0      0       0       0       0      0      32     32     0      -             -          -      0      0      0      0      0      0      0      0      -      0      0      0      0      0      0      0      0      0      0      0      0      0      0      0      0      0      0      0      0      0      0      0      0      0      0      0      0      0      0      0      0      0      0      0      0      0      0      0      0     
0x2b64915ae730           CALL.REL.NOINC 0x2b64915ae8a0                                            0      0      0      0       0       0       0      0      0      32     0      -             -          -      0      0      0      0      0      0      0      0      -      0      0      0      0      0      0      0      0      0      0      0      0      0      0      0      0      0      0      0      0      0      0      0      0      0      0      0      0      0      0      0      0      0      0      0      0      0      0      0      0     
0x2b64915ae740           BRA 0x2b64915ae770                                                       0      0      0      0       0       0       0      0      0      32     0      -             -          -      0      0      0      0      0      0      0      0      -      0      0      0      0      0      0      0      0      0      0      0      0      0      0      0      0      0      0      0      0      0      0      0      0      0      0      0      0      0      0      0      0      0      0      0      0      0      0      0      0     
0x2b64915ae750           MOV R2, 0x2770                                                           0      0      0      0       0       0       0      0      0      32     0      -             -          -      0      0      0      0      0      0      0      0      -      0      0      0      0      0      0      0      0      0      0      0      0      0      0      0      0      0      0      0      0      0      0      0      0      0      0      0      0      0      0      0      0      0      0      0      0      0      0      0      0     
0x2b64915ae760           CALL.REL.NOINC 0x2b64915ae900                                            0      0      0      0       0       0       0      0      0      32     0      -             -          -      0      0      0      0      0      0      0      0      -      0      0      0      0      0      0      0      0      0      0      0      0      0      0      0      0      0      0      0      0      0      0      0      0      0      0      0      0      0      0      0      0      0      0      0      0      0      0      0      0     
0x2b64915ae770           NOP                                                                      0      0      0      444     14208   14208   32     32     32     0      0      -             -          -      0      0      0      0      0      0      0      0      -      0      0      0      0      0      0      0      0      0      0      0      0      0      0      0      0      0      0      0      0      0      0      0      0      0      0      0      0      0      0      0      0      0      0      0      0      0      0      0      0     
0x2b64915ae780           EXIT                                                                     0      0      0      444     14208   14208   32     32     0      0      0      -             -          -      0      0      0      0      0      0      0      0      -      0      0      0      0      0      0      0      0      0      0      0      0      0      0      0      0      0      0      0      0      0      0      0      0      0      0      0      0      0      0      0      0      0      0      0      0      0      0      0      0     
0x2b64915ae790           YIELD                                                                    14     12     14     23293   23293   23293   1      1      31     31     0      -             -          -      0      0      0      0      0      0      0      0      -      0      0      0      0      0      0      0      9      0      0      0      0      0      0      0      0      5      0      0      0      0      0      0      0      7      0      0      0      0      0      0      0      0      5      0      0      0      0      0      0     
0x2b64915ae7a0           SYNCS.PHASECHK.TRANS64.TRYWAIT P0, [R9+URZ], R12                         184    163    184    23293   23293   23293   1      1      0      31     0      -             -          -      0      0      0      0      0      0      0      0      -      0      0      0      0      0      0      0      143    0      0      0      0      0      0      0      5      11     0      8      0      0      0      17     0      134    0      0      0      0      0      0      0      4      10     0      0      0      0      0      15    
0x2b64915ae7b0     @!P0  BRA 0x2b64915ae790                                                       145    134    145    23293   23293   21245   1      0      1      32     0      -             -          -      0      0      0      0      0      0      0      0      -      0      0      0      0      0      0      0      0      0      0      0      135    0      0      0      0      0      0      6      0      0      0      4      0      0      0      0      0      130    0      0      0      0      0      0      0      0      0      0      4     
0x2b64915ae7c0           BRA 0x2b64915acba0                                                       21     17     21     2048    2048    2048    1      1      1      31     0      -             -          -      0      0      0      0      0      0      0      0      -      0      0      0      0      0      0      0      0      0      0      0      0      0      0      0      0      0      0      2      0      0      0      19     0      0      0      0      0      0      0      0      0      0      0      0      0      0      0      0      17    
0x2b64915ae7d0           YIELD                                                                    24     22     24     1826590 1826590 1826590 1      1      0      31     0      -             -          -      0      0      0      0      0      0      0      0      -      0      0      0      0      0      0      0      15     0      0      0      0      0      0      0      0      5      0      2      0      0      0      2      0      15     0      0      0      0      0      0      0      0      5      0      0      0      0      0      2     
0x2b64915ae7e0           SYNCS.PHASECHK.TRANS64.TRYWAIT P0, [R9+URZ], R16                         288    257    288    1826590 1826590 1826590 1      1      0      31     0      -             -          -      0      0      0      0      0      0      0      0      -      0      0      0      0      0      0      0      229    0      0      0      0      0      0      0      12     14     3      10     0      0      0      20     0      214    0      0      0      0      0      0      0      11     13     0      0      0      0      0      19    
0x2b64915ae7f0     @!P0  BRA 0x2b64915ae7d0                                                       213    192    213    1826590 1826590 1703598 1      0      1      32     0      -             -          -      0      0      0      0      0      0      0      0      -      0      0      0      0      0      0      0      0      0      0      0      204    0      0      0      0      0      1      2      0      0      0      6      0      0      0      0      0      186    0      0      0      0      0      0      0      0      0      0      6     
0x2b64915ae800           BRA 0x2b64915ad370                                                       21     12     21     122992  122992  122992  1      1      1      31     0      -             -          -      0      0      0      0      0      0      0      0      -      0      0      0      0      0      0      0      0      0      0      0      0      0      0      0      0      0      0      8      0      0      0      13     0      0      0      0      0      0      0      0      0      0      0      0      0      0      0      0      12    
0x2b64915ae810           SYNCS.PHASECHK.TRANS64.TRYWAIT P3, [UR4], R8                             5      3      5      0       0       0       0      0      1      32     0      -             -          -      0      0      0      0      0      0      0      0      -      0      0      0      0      0      0      0      0      0      0      0      0      0      0      0      0      0      0      0      0      0      0      5      0      0      0      0      0      0      0      0      0      0      0      0      0      0      0      0      3     
0x2b64915ae820     @!P3  BRA 0x2b64915ae810                                                       0      0      0      0       0       0       0      0      0      32     0      -             -          -      0      0      0      0      0      0      0      0      -      0      0      0      0      0      0      0      0      0      0      0      0      0      0      0      0      0      0      0      0      0      0      0      0      0      0      0      0      0      0      0      0      0      0      0      0      0      0      0      0     
0x2b64915ae830           BRA 0x2b64915ad610                                                       0      0      0      0       0       0       0      0      0      32     0      -             -          -      0      0      0      0      0      0      0      0      -      0      0      0      0      0      0      0      0      0      0      0      0      0      0      0      0      0      0      0      0      0      0      0      0      0      0      0      0      0      0      0      0      0      0      0      0      0      0      0      0     
0x2b64915ae840           SYNCS.PHASECHK.TRANS64.TRYWAIT P2, [UR4+0x8], R8                         0      0      0      0       0       0       0      0      0      32     0      -             -          -      0      0      0      0      0      0      0      0      -      0      0      0      0      0      0      0      0      0      0      0      0      0      0      0      0      0      0      0      0      0      0      0      0      0      0      0      0      0      0      0      0      0      0      0      0      0      0      0      0     
0x2b64915ae850     @!P2  BRA 0x2b64915ae840                                                       0      0      0      0       0       0       0      0      0      32     0      -             -          -      0      0      0      0      0      0      0      0      -      0      0      0      0      0      0      0      0      0      0      0      0      0      0      0      0      0      0      0      0      0      0      0      0      0      0      0      0      0      0      0      0      0      0      0      0      0      0      0      0     
0x2b64915ae860           BRA 0x2b64915ad690                                                       0      0      0      0       0       0       0      0      0      32     0      -             -          -      0      0      0      0      0      0      0      0      -      0      0      0      0      0      0      0      0      0      0      0      0      0      0      0      0      0      0      0      0      0      0      0      0      0      0      0      0      0      0      0      0      0      0      0      0      0      0      0      0     
0x2b64915ae870           SYNCS.PHASECHK.TRANS64.TRYWAIT P0, [UR4+0x10], R8                        0      0      0      0       0       0       0      0      0      32     0      -             -          -      0      0      0      0      0      0      0      0      -      0      0      0      0      0      0      0      0      0      0      0      0      0      0      0      0      0      0      0      0      0      0      0      0      0      0      0      0      0      0      0      0      0      0      0      0      0      0      0      0     
0x2b64915ae880     @!P0  BRA 0x2b64915ae870                                                       0      0      0      0       0       0       0      0      0      32     0      -             -          -      0      0      0      0      0      0      0      0      -      0      0      0      0      0      0      0      0      0      0      0      0      0      0      0      0      0      0      0      0      0      0      0      0      0      0      0      0      0      0      0      0      0      0      0      0      0      0      0      0     
0x2b64915ae890           BRA 0x2b64915ad710                                                       0      0      0      0       0       0       0      0      0      32     0      -             -          -      0      0      0      0      0      0      0      0      -      0      0      0      0      0      0      0      0      0      0      0      0      0      0      0      0      0      0      0      0      0      0      0      0      0      0      0      0      0      0      0      0      0      0      0      0      0      0      0      0     
0x2b64915ae8a0           BPT.TRAP 0x1                                                             0      0      0      0       0       0       0      0      0      32     0      -             -          -      0      0      0      0      0      0      0      0      -      0      0      0      0      0      0      0      0      0      0      0      0      0      0      0      0      0      0      0      0      0      0      0      0      0      0      0      0      0      0      0      0      0      0      0      0      0      0      0      0     
0x2b64915ae8b0           IMAD.MOV.U32 R3, RZ, RZ, 0x0                                             0      0      0      0       0       0       0      0      0      32     0      -             -          -      0      0      0      0      0      0      0      0      -      0      0      0      0      0      0      0      0      0      0      0      0      0      0      0      0      0      0      0      0      0      0      0      0      0      0      0      0      0      0      0      0      0      0      0      0      0      0      0      0     
0x2b64915ae8c0           RET.REL.NODEC R2, 0x2b64915ac000                                         0      0      0      0       0       0       0      0      0      32     0      -             -          -      0      0      0      0      0      0      0      0      -      0      0      0      0      0      0      0      0      0      0      0      0      0      0      0      0      0      0      0      0      0      0      0      0      0      0      0      0      0      0      0      0      0      0      0      0      0      0      0      0     
0x2b64915ae8d0           BPT.TRAP 0x1                                                             0      0      0      0       0       0       0      0      0      32     0      -             -          -      0      0      0      0      0      0      0      0      -      0      0      0      0      0      0      0      0      0      0      0      0      0      0      0      0      0      0      0      0      0      0      0      0      0      0      0      0      0      0      0      0      0      0      0      0      0      0      0      0     
0x2b64915ae8e0           IMAD.MOV.U32 R3, RZ, RZ, 0x0                                             0      0      0      0       0       0       0      0      0      32     0      -             -          -      0      0      0      0      0      0      0      0      -      0      0      0      0      0      0      0      0      0      0      0      0      0      0      0      0      0      0      0      0      0      0      0      0      0      0      0      0      0      0      0      0      0      0      0      0      0      0      0      0     
0x2b64915ae8f0           RET.REL.NODEC R2, 0x2b64915ac000                                         0      0      0      0       0       0       0      0      0      32     0      -             -          -      0      0      0      0      0      0      0      0      -      0      0      0      0      0      0      0      0      0      0      0      0      0      0      0      0      0      0      0      0      0      0      0      0      0      0      0      0      0      0      0      0      0      0      0      0      0      0      0      0     
0x2b64915ae900           BPT.TRAP 0x1                                                             0      0      0      0       0       0       0      0      0      32     0      -             -          -      0      0      0      0      0      0      0      0      -      0      0      0      0      0      0      0      0      0      0      0      0      0      0      0      0      0      0      0      0      0      0      0      0      0      0      0      0      0      0      0      0      0      0      0      0      0      0      0      0     
0x2b64915ae910           IMAD.MOV.U32 R3, RZ, RZ, 0x0                                             0      0      0      0       0       0       0      0      0      32     0      -             -          -      0      0      0      0      0      0      0      0      -      0      0      0      0      0      0      0      0      0      0      0      0      0      0      0      0      0      0      0      0      0      0      0      0      0      0      0      0      0      0      0      0      0      0      0      0      0      0      0      0     
0x2b64915ae920           RET.REL.NODEC R2, 0x2b64915ac000                                         0      0      0      0       0       0       0      0      0      32     0      -             -          -      0      0      0      0      0      0      0      0      -      0      0      0      0      0      0      0      0      0      0      0      0      0      0      0      0      0      0      0      0      0      0      0      0      0      0      0      0      0      0      0      0      0      0      0      0      0      0      0      0     
0x2b64915ae930           BRA `(.L_x_0) 0x2b64915ae930                                             0      0      0      0       0       0       0      0      0      0      0      -             -          -      0      0      0      0      0      0      0      0      -      0      0      0      0      0      0      0      0      0      0      0      0      0      0      0      0      0      0      0      0      0      0      0      0      0      0      0      0      0      0      0      0      0      0      0      0      0      0      0      0     
0x2b64915ae940           NOP                                                                      0      0      0      0       0       0       0      0      0      32     0      -             -          -      0      0      0      0      0      0      0      0      -      0      0      0      0      0      0      0      0      0      0      0      0      0      0      0      0      0      0      0      0      0      0      0      0      0      0      0      0      0      0      0      0      0      0      0      0      0      0      0      0     
0x2b64915ae950           NOP                                                                      0      0      0      0       0       0       0      0      0      32     0      -             -          -      0      0      0      0      0      0      0      0      -      0      0      0      0      0      0      0      0      0      0      0      0      0      0      0      0      0      0      0      0      0      0      0      0      0      0      0      0      0      0      0      0      0      0      0      0      0      0      0      0     
0x2b64915ae960           NOP                                                                      0      0      0      0       0       0       0      0      0      32     0      -             -          -      0      0      0      0      0      0      0      0      -      0      0      0      0      0      0      0      0      0      0      0      0      0      0      0      0      0      0      0      0      0      0      0      0      0      0      0      0      0      0      0      0      0      0      0      0      0      0      0      0     
0x2b64915ae970           NOP                                                                      0      0      0      0       0       0       0      0      0      32     0      -             -          -      0      0      0      0      0      0      0      0      -      0      0      0      0      0      0      0      0      0      0      0      0      0      0      0      0      0      0      0      0      0      0      0      0      0      0      0      0      0      0      0      0      0      0      0      0      0      0      0      0     
0x2b64915ae980           NOP                                                                      0      0      0      0       0       0       0      0      0      32     0      -             -          -      0      0      0      0      0      0      0      0      -      0      0      0      0      0      0      0      0      0      0      0      0      0      0      0      0      0      0      0      0      0      0      0      0      0      0      0      0      0      0      0      0      0      0      0      0      0      0      0      0     
0x2b64915ae990           NOP                                                                      0      0      0      0       0       0       0      0      0      32     0      -             -          -      0      0      0      0      0      0      0      0      -      0      0      0      0      0      0      0      0      0      0      0      0      0      0      0      0      0      0      0      0      0      0      0      0      0      0      0      0      0      0      0      0      0      0      0      0      0      0      0      0     
0x2b64915ae9a0           NOP                                                                      0      0      0      0       0       0       0      0      0      32     0      -             -          -      0      0      0      0      0      0      0      0      -      0      0      0      0      0      0      0      0      0      0      0      0      0      0      0      0      0      0      0      0      0      0      0      0      0      0      0      0      0      0      0      0      0      0      0      0      0      0      0      0     
0x2b64915ae9b0           NOP                                                                      0      0      0      0       0       0       0      0      0      32     0      -             -          -      0      0      0      0      0      0      0      0      -      0      0      0      0      0      0      0      0      0      0      0      0      0      0      0      0      0      0      0      0      0      0      0      0      0      0      0      0      0      0      0      0      0      0      0      0      0      0      0      0     
0x2b64915ae9c0           NOP                                                                      0      0      0      0       0       0       0      0      0      32     0      -             -          -      0      0      0      0      0      0      0      0      -      0      0      0      0      0      0      0      0      0      0      0      0      0      0      0      0      0      0      0      0      0      0      0      0      0      0      0      0      0      0      0      0      0      0      0      0      0      0      0      0     
0x2b64915ae9d0           NOP                                                                      0      0      0      0       0       0       0      0      0      32     0      -             -          -      0      0      0      0      0      0      0      0      -      0      0      0      0      0      0      0      0      0      0      0      0      0      0      0      0      0      0      0      0      0      0      0      0      0      0      0      0      0      0      0      0      0      0      0      0      0      0      0      0     
0x2b64915ae9e0           NOP                                                                      0      0      0      0       0       0       0      0      0      32     0      -             -          -      0      0      0      0      0      0      0      0      -      0      0      0      0      0      0      0      0      0      0      0      0      0      0      0      0      0      0      0      0      0      0      0      0      0      0      0      0      0      0      0      0      0      0      0      0      0      0      0      0     
0x2b64915ae9f0           NOP                                                                      0      0      0      0       0       0       0      0      0      32     0      -             -          -      0      0      0      0      0      0      0      0      -      0      0      0      0      0      0      0      0      0      0      0      0      0      0      0      0      0      0      0      0      0      0      0      0      0      0      0      0      0      0      0      0      0      0      0      0      0      0      0      0     
