------------------ ---------------------------------------------------------------------------------- ------ ------ ------ ------ -------- -------- ------ ------ ------ ------ ------ ------------- ---------- ------ ------ ------ ------ ------ ------ ------ ------ ------ ------ ------ ------ ------ ------ ------ ------ ------ ------ ------ ------ ------ ------ ------ ------ ------ ------ ------ ------ ------ ------ ------ ------ ------ ------ ------ ------ ------ ------ ------ ------ ------ ------ ------ ------ ------ ------ ------ ------ ------ ------
Kernel Name        gemm_pipeline(const __nv_bfloat16 *, const __nv_bfloat16 *,                                                                                                                                                                                                                                                                                                                                                                                                                                                                                               
                   float *, int, int, int, CUtensorMap_st, CUtensorMap_st)                                                                                                                                                                                                                                                                                                                                                                                                                                                                                                   
------------------ ---------------------------------------------------------------------------------- ------ ------ ------ ------ -------- -------- ------ ------ ------ ------ ------ ------------- ---------- ------ ------ ------ ------ ------ ------ ------ ------ ------ ------ ------ ------ ------ ------ ------ ------ ------ ------ ------ ------ ------ ------ ------ ------ ------ ------ ------ ------ ------ ------ ------ ------ ------ ------ ------ ------ ------ ------ ------ ------ ------ ------ ------ ------ ------ ------ ------ ------ ------ ------
Address            Source                                                                             Warp S Warp S # Samp Instru Thread   Predic   Avg. T Avg. P Deriva Avg. P Diverg Addres        Access     Access L1 Tag L1 Con L1 Wav L1 Wav L1 Wav L2 The L2 The L2 The L2 Exp L2 Exp L2 Exp L2 Exp L2 Exp L2 Exp L2 Exp stall_ stall_ stall_ stall_ stall_ stall_ stall_ stall_ stall_ stall_ stall_ stall_ stall_ stall_ stall_ stall_ stall_ stall_ stall_ stall_ stall_ stall_ stall_ stall_ stall_ stall_ stall_ stall_ stall_ stall_ stall_ stall_ stall_ stall_
                                                                                                      tall S tall S les    ctions  Instr   ated-O   hreads redica tive A redica ent Br s Spac         Opera      Size   Reque flicts efront efront efront oretic oretic oretic licit  licit  licit  licit  licit  licit  licit  barrie branch dispat drain  lg     long_s math   membar mio    misc   no_ins not_se select short_ sleep  tex    wait   barrie branch dispat drain  lg (No long_s math ( membar mio (N misc ( no_ins not_se select short_ sleepi tex (N wait (
                                                                                                      amplin amplin         Execu uction   n Thre    Execu ted-On vg. Pr ted-On anches e             tion              sts Gl  Share s Shar s Shar s Shar al Sec al Sec al Sec Evict  Hit Po Hit Po Hit Po Hit Po Miss P Miss P r      _resol ch                   b                                  t      lected ed     sb                          r (Not _resol ch (No (Not I t Issu b (Not Not Is  (Not  ot Iss Not Is t (Not lected ed (No sb (No ng (No ot Iss Not Is
                                                                                                      g (All g (Not        ted    s Exec   ad Ins   ted     Threa edicat  Threa                                        obal   d N-Wa ed Exc ed     ed Ide tors G tors G tors G Polici licy E licy E licy E licy E olicy  olicy         ving                                                                                                             Issue ving ( t Issu ssued) ed)     Issue sued)  Issued ued)   sued)   Issue  (Not  t Issu t Issu t Issu ued)   sued) 
                                                                                                       Sampl -issue               uted     tructi          ds Exe ed-On  ds Une                                               y      essive        al     lobal  lobal  lobal  es     vict F vict L vict N vict N Evict  Evict                                                                                                                         d)     Not Is ed)                  d)            )                    d)     Issued ed)    ed)    ed)                 
                                                                                                      es)    d Samp                        ons Ex          cuted  Thread xecute                                                                           Excess        Ideal         irst   ast    ormal  ormal  First  Normal                                                                                                                               sued)                                                                 )                                        
                                                                                                             les)                          ecuted                 s Exec d                                                                                ive                                              Demote                                                                                                                                                                                                                                                            
                                                                                                                                                                  uted                                                                                                                                                                                                                                                                                                                                                                                                       
0x2aebc75ac080           LDC R1, c[0x0][0x37c]                                                        4      3      4      8192   262144   262144   32     32     0      0      0      -             -          -      0      0      0      0      0      0      0      0      -      0      0      0      0      0      0      0      0      0      0      0      0      0      0      0      0      0      0      0      0      0      0      4      0      0      0      0      0      0      0      0      0      0      0      0      0      0      0      0      3     
0x2aebc75ac090           S2R R0, SR_TID.X                                                             0      0      0      8192   262144   262144   32     32     0      0      0      -             -          -      0      0      0      0      0      0      0      0      -      0      0      0      0      0      0      0      0      0      0      0      0      0      0      0      0      0      0      0      0      0      0      0      0      0      0      0      0      0      0      0      0      0      0      0      0      0      0      0      0     
0x2aebc75ac0a0           BSSY.RECONVERGENT B0, 0x2aebc75ac200                                         0      0      0      8192   262144   262144   32     32     0      0      0      -             -          -      0      0      0      0      0      0      0      0      -      0      0      0      0      0      0      0      0      0      0      0      0      0      0      0      0      0      0      0      0      0      0      0      0      0      0      0      0      0      0      0      0      0      0      0      0      0      0      0      0     
0x2aebc75ac0b0           ISETP.NE.AND P0, PT, R0, RZ, PT                                              13     12     13     8192   262144   262144   32     32     0      0      0      -             -          -      0      0      0      0      0      0      0      0      -      0      0      0      0      0      0      0      0      0      0      0      0      0      0      0      0      0      0      0      13     0      0      0      0      0      0      0      0      0      0      0      0      0      0      0      0      12     0      0      0     
0x2aebc75ac0c0     @P0   BRA 0x2aebc75ac1f0                                                           2      1      2      8192   262144   260096   32     31     1      1      2048   -             -          -      0      0      0      0      0      0      0      0      -      0      0      0      0      0      0      0      0      0      0      0      0      0      0      0      0      0      0      0      0      0      0      2      0      0      0      0      0      0      0      0      0      0      0      0      0      0      0      0      1     
0x2aebc75ac0d0           S2UR UR8, SR_CgaCtaId                                                        1      1      1      2048   2048     2048     1      1      30     31     0      -             -          -      0      0      0      0      0      0      0      0      -      0      0      0      0      0      0      0      0      0      0      0      0      0      0      0      0      0      0      0      0      0      0      1      0      0      0      0      0      0      0      0      0      0      0      0      0      0      0      0      1     
0x2aebc75ac0e0           UMOV UR4, 0x400                                                              0      0      0      2048   2048     2048     1      1      0      31     0      -             -          -      0      0      0      0      0      0      0      0      -      0      0      0      0      0      0      0      0      0      0      0      0      0      0      0      0      0      0      0      0      0      0      0      0      0      0      0      0      0      0      0      0      0      0      0      0      0      0      0      0     
0x2aebc75ac0f0           UMOV UR5, 0x1                                                                0      0      0      2048   2048     2048     1      1      0      31     0      -             -          -      0      0      0      0      0      0      0      0      -      0      0      0      0      0      0      0      0      0      0      0      0      0      0      0      0      0      0      0      0      0      0      0      0      0      0      0      0      0      0      0      0      0      0      0      0      0      0      0      0     
0x2aebc75ac100           UIADD3 UR6, UPT, UPT, UR4, 0x8, URZ                                          0      0      0      2048   2048     2048     1      1      0      31     0      -             -          -      0      0      0      0      0      0      0      0      -      0      0      0      0      0      0      0      0      0      0      0      0      0      0      0      0      0      0      0      0      0      0      0      0      0      0      0      0      0      0      0      0      0      0      0      0      0      0      0      0     
0x2aebc75ac110           UIADD3 UR7, UPT, UPT, UR4, 0x20, URZ                                         1      0      1      2048   2048     2048     1      1      0      31     0      -             -          -      0      0      0      0      0      0      0      0      -      0      0      0      0      0      0      0      0      0      0      0      0      0      0      0      0      0      1      0      0      0      0      0      0      0      0      0      0      0      0      0      0      0      0      0      0      0      0      0      0     
0x2aebc75ac120           UIADD3 UR4, UPT, UPT, -UR5, 0x100000, URZ                                    0      0      0      2048   2048     2048     1      1      0      31     0      -             -          -      0      0      0      0      0      0      0      0      -      0      0      0      0      0      0      0      0      0      0      0      0      0      0      0      0      0      0      0      0      0      0      0      0      0      0      0      0      0      0      0      0      0      0      0      0      0      0      0      0     
0x2aebc75ac130           USHF.L.U32 UR5, UR4, 0xb, URZ                                                0      0      0      2048   2048     2048     1      1      0      31     0      -             -          -      0      0      0      0      0      0      0      0      -      0      0      0      0      0      0      0      0      0      0      0      0      0      0      0      0      0      0      0      0      0      0      0      0      0      0      0      0      0      0      0      0      0      0      0      0      0      0      0      0     
0x2aebc75ac140           USHF.L.U32 UR4, UR4, 0x1, URZ                                                0      0      0      2048   2048     2048     1      1      0      31     0      -             -          -      0      0      0      0      0      0      0      0      -      0      0      0      0      0      0      0      0      0      0      0      0      0      0      0      0      0      0      0      0      0      0      0      0      0      0      0      0      0      0      0      0      0      0      0      0      0      0      0      0     
0x2aebc75ac150           ULEA UR6, UR8, UR6, 0x18                                                     2      2      2      2048   2048     2048     1      1      0      31     0      -             -          -      0      0      0      0      0      0      0      0      -      0      0      0      0      0      0      0      0      0      0      0      0      0      0      0      0      0      0      0      2      0      0      0      0      0      0      0      0      0      0      0      0      0      0      0      0      2      0      0      0     
0x2aebc75ac160           ULEA UR7, UR8, UR7, 0x18                                                     0      0      0      2048   2048     2048     1      1      0      31     0      -             -          -      0      0      0      0      0      0      0      0      -      0      0      0      0      0      0      0      0      0      0      0      0      0      0      0      0      0      0      0      0      0      0      0      0      0      0      0      0      0      0      0      0      0      0      0      0      0      0      0      0     
0x2aebc75ac170           FENCE.VIEW.ASYNC.S                                                           0      0      0      2048   2048     2048     1      1      0      31     0      -             -          -      0      0      0      0      0      0      0      0      -      0      0      0      0      0      0      0      0      0      0      0      0      0      0      0      0      0      0      0      0      0      0      0      0      0      0      0      0      0      0      0      0      0      0      0      0      0      0      0      0     
0x2aebc75ac180           SYNCS.EXCH.64 URZ, [UR6], UR4                                                5      5      5      2048   2048     2048     1      1      0      31     0      -             -          -      0      0      0      0      0      0      0      0      -      0      0      0      0      0      0      0      0      0      0      0      5      0      0      0      0      0      0      0      0      0      0      0      0      0      0      0      0      5      0      0      0      0      0      0      0      0      0      0      0     
0x2aebc75ac190           SYNCS.EXCH.64 URZ, [UR7], UR4                                                0      0      0      2048   2048     2048     1      1      0      31     0      -             -          -      0      0      0      0      0      0      0      0      -      0      0      0      0      0      0      0      0      0      0      0      0      0      0      0      0      0      0      0      0      0      0      0      0      0      0      0      0      0      0      0      0      0      0      0      0      0      0      0      0     
0x2aebc75ac1a0           SYNCS.EXCH.64 URZ, [UR6+0x8], UR4                                            0      0      0      2048   2048     2048     1      1      0      31     0      -             -          -      0      0      0      0      0      0      0      0      -      0      0      0      0      0      0      0      0      0      0      0      0      0      0      0      0      0      0      0      0      0      0      0      0      0      0      0      0      0      0      0      0      0      0      0      0      0      0      0      0     
0x2aebc75ac1b0           SYNCS.EXCH.64 URZ, [UR7+0x8], UR4                                            0      0      0      2048   2048     2048     1      1      0      31     0      -             -          -      0      0      0      0      0      0      0      0      -      0      0      0      0      0      0      0      0      0      0      0      0      0      0      0      0      0      0      0      0      0      0      0      0      0      0      0      0      0      0      0      0      0      0      0      0      0      0      0      0     
0x2aebc75ac1c0           SYNCS.EXCH.64 URZ, [UR6+0x10], UR4                                           0      0      0      2048   2048     2048     1      1      0      31     0      -             -          -      0      0      0      0      0      0      0      0      -      0      0      0      0      0      0      0      0      0      0      0      0      0      0      0      0      0      0      0      0      0      0      0      0      0      0      0      0      0      0      0      0      0      0      0      0      0      0      0      0     
0x2aebc75ac1d0           SYNCS.EXCH.64 URZ, [UR7+0x10], UR4                                           0      0      0      2048   2048     2048     1      1      0      31     0      -             -          -      0      0      0      0      0      0      0      0      -      0      0      0      0      0      0      0      0      0      0      0      0      0      0      0      0      0      0      0      0      0      0      0      0      0      0      0      0      0      0      0      0      0      0      0      0      0      0      0      0     
0x2aebc75ac1e0           NOP                                                                          0      0      0      2048   2048     2048     1      1      0      31     0      -             -          -      0      0      0      0      0      0      0      0      -      0      0      0      0      0      0      0      0      0      0      0      0      0      0      0      0      0      0      0      0      0      0      0      0      0      0      0      0      0      0      0      0      0      0      0      0      0      0      0      0     
0x2aebc75ac1f0           BSYNC.RECONVERGENT B0                                                        3      2      3      10240  262144   262144   25     25     24     7      0      -             -          -      0      0      0      0      0      0      0      0      -      0      0      0      0      0      0      0      0      0      0      0      3      0      0      0      0      0      0      0      0      0      0      0      0      0      0      0      0      2      0      0      0      0      0      0      0      0      0      0      0     
0x2aebc75ac200           S2UR UR4, SR_CgaCtaId                                                        5      3      5      8192   262144   262144   32     32     7      0      0      -             -          -      0      0      0      0      0      0      0      0      -      0      0      0      0      0      0      0      5      0      0      0      0      0      0      0      0      0      0      0      0      0      0      0      0      3      0      0      0      0      0      0      0      0      0      0      0      0      0      0      0     
0x2aebc75ac210           ISETP.GT.U32.AND P0, PT, R0, 0x1f, PT                                        0      0      0      8192   262144   262144   32     32     0      0      0      -             -          -      0      0      0      0      0      0      0      0      -      0      0      0      0      0      0      0      0      0      0      0      0      0      0      0      0      0      0      0      0      0      0      0      0      0      0      0      0      0      0      0      0      0      0      0      0      0      0      0      0     
0x2aebc75ac220           LDCU.64 UR6, c[0x0][0x358]                                                   0      0      0      8192   262144   262144   32     32     0      0      0      -             -          -      0      0      0      0      0      0      0      0      -      0      0      0      0      0      0      0      0      0      0      0      0      0      0      0      0      0      0      0      0      0      0      0      0      0      0      0      0      0      0      0      0      0      0      0      0      0      0      0      0     
0x2aebc75ac230           IMAD.U32 R16, RZ, RZ, UR4                                                    10     8      10     8192   262144   262144   32     32     0      0      0      -             -          -      0      0      0      0      0      0      0      0      -      0      0      0      0      0      0      0      0      0      0      0      0      0      0      0      0      0      0      0      10     0      0      0      0      0      0      0      0      0      0      0      0      0      0      0      0      8      0      0      0     
0x2aebc75ac240     @P0   BRA 0x2aebc75ac780                                                           3      3      3      8192   262144   196608   32     24     8      8      0      -             -          -      0      0      0      0      0      0      0      0      -      0      0      0      0      0      0      0      0      0      0      0      0      0      0      0      0      0      0      0      0      0      0      3      0      0      0      0      0      0      0      0      0      0      0      0      0      0      0      0      3     
0x2aebc75ac250           MOV R3, 0x40                                                                 1      1      1      2048   65536    65536    32     32     8      0      0      -             -          -      0      0      0      0      0      0      0      0      -      0      0      0      0      0      0      0      0      0      0      0      0      0      0      0      0      0      0      0      0      0      0      1      0      0      0      0      0      0      0      0      0      0      0      0      0      0      0      0      1     
0x2aebc75ac260           WARPSYNC.ALL                                                                 0      0      0      2048   65536    65536    32     32     0      0      0      -             -          -      0      0      0      0      0      0      0      0      -      0      0      0      0      0      0      0      0      0      0      0      0      0      0      0      0      0      0      0      0      0      0      0      0      0      0      0      0      0      0      0      0      0      0      0      0      0      0      0      0     
0x2aebc75ac270           LEA R11, R16, R3, 0x18                                                       0      0      0      2048   65536    65536    32     32     0      0      0      -             -          -      0      0      0      0      0      0      0      0      -      0      0      0      0      0      0      0      0      0      0      0      0      0      0      0      0      0      0      0      0      0      0      0      0      0      0      0      0      0      0      0      0      0      0      0      0      0      0      0      0     
0x2aebc75ac280           MOV R3, 0x400                                                                0      0      0      2048   65536    65536    32     32     0      0      0      -             -          -      0      0      0      0      0      0      0      0      -      0      0      0      0      0      0      0      0      0      0      0      0      0      0      0      0      0      0      0      0      0      0      0      0      0      0      0      0      0      0      0      0      0      0      0      0      0      0      0      0     
0x2aebc75ac290           LDS.U8 R2, [R11+0x1c]                                                        0      0      0      2048   65536    65536    32     32     0      0      0      Shared        Load       8      0      1      0      2048   2048   0      0      0      -      0      0      0      0      0      0      0      0      0      0      0      0      0      0      0      0      0      0      0      0      0      0      0      0      0      0      0      0      0      0      0      0      0      0      0      0      0      0      0      0     
0x2aebc75ac2a0           LEA R10, R16, R3, 0x18                                                       0      0      0      2048   65536    65536    32     32     0      0      0      -             -          -      0      0      0      0      0      0      0      0      -      0      0      0      0      0      0      0      0      0      0      0      0      0      0      0      0      0      0      0      0      0      0      0      0      0      0      0      0      0      0      0      0      0      0      0      0      0      0      0      0     
0x2aebc75ac2b0           ISETP.NE.AND P0, PT, R2, RZ, PT                                              3      3      3      2048   65536    65536    32     32     0      0      0      -             -          -      0      0      0      0      0      0      0      0      -      0      0      0      0      0      0      0      0      0      0      0      0      0      0      0      0      0      0      0      3      0      0      0      0      0      0      0      0      0      0      0      0      0      0      0      0      3      0      0      0     
0x2aebc75ac2c0     @P0   BRA 0x2aebc75ac6c0                                                           0      0      0      2048   65536    0        32     0      32     32     0      -             -          -      0      0      0      0      0      0      0      0      -      0      0      0      0      0      0      0      0      0      0      0      0      0      0      0      0      0      0      0      0      0      0      0      0      0      0      0      0      0      0      0      0      0      0      0      0      0      0      0      0     
0x2aebc75ac2d0           LOP3.LUT R2, R16, 0x1, RZ, 0xc0, !PT                                         0      0      0      2048   65536    65536    32     32     32     0      0      -             -          -      0      0      0      0      0      0      0      0      -      0      0      0      0      0      0      0      0      0      0      0      0      0      0      0      0      0      0      0      0      0      0      0      0      0      0      0      0      0      0      0      0      0      0      0      0      0      0      0      0     
0x2aebc75ac2e0           VIADD R12, R11, 0x8                                                          0      0      0      2048   65536    65536    32     32     0      0      0      -             -          -      0      0      0      0      0      0      0      0      -      0      0      0      0      0      0      0      0      0      0      0      0      0      0      0      0      0      0      0      0      0      0      0      0      0      0      0      0      0      0      0      0      0      0      0      0      0      0      0      0     
0x2aebc75ac2f0           LOP3.LUT R13, R16, 0x1, RZ, 0x3c, !PT                                        1      0      1      2048   65536    65536    32     32     0      0      0      -             -          -      0      0      0      0      0      0      0      0      -      0      0      0      0      0      0      0      0      0      0      0      0      0      0      0      0      0      0      1      0      0      0      0      0      0      0      0      0      0      0      0      0      0      0      0      0      0      0      0      0     
0x2aebc75ac300           ISETP.NE.U32.AND P0, PT, R2, 0x1, PT                                         0      0      0      2048   65536    65536    32     32     0      0      0      -             -          -      0      0      0      0      0      0      0      0      -      0      0      0      0      0      0      0      0      0      0      0      0      0      0      0      0      0      0      0      0      0      0      0      0      0      0      0      0      0      0      0      0      0      0      0      0      0      0      0      0     
0x2aebc75ac310     @!P0  BRA 0x2aebc75ac550                                                           0      0      0      2048   65536    32768    32     16     16     16     0      -             -          -      0      0      0      0      0      0      0      0      -      0      0      0      0      0      0      0      0      0      0      0      0      0      0      0      0      0      0      0      0      0      0      0      0      0      0      0      0      0      0      0      0      0      0      0      0      0      0      0      0     
0x2aebc75ac320           ELECT P1, URZ, PT                                                            0      0      0      1024   32768    32768    32     32     16     0      0      -             -          -      0      0      0      0      0      0      0      0      -      0      0      0      0      0      0      0      0      0      0      0      0      0      0      0      0      0      0      0      0      0      0      0      0      0      0      0      0      0      0      0      0      0      0      0      0      0      0      0      0     
0x2aebc75ac330           BSSY B0, 0x2aebc75ac550                                                      0      0      0      1024   32768    32768    32     32     0      0      0      -             -          -      0      0      0      0      0      0      0      0      -      0      0      0      0      0      0      0      0      0      0      0      0      0      0      0      0      0      0      0      0      0      0      0      0      0      0      0      0      0      0      0      0      0      0      0      0      0      0      0      0     
0x2aebc75ac340     @!P1  BRA 0x2aebc75ac540                                                           0      0      0      1024   32768    31744    32     31     1      1      1024   -             -          -      0      0      0      0      0      0      0      0      -      0      0      0      0      0      0      0      0      0      0      0      0      0      0      0      0      0      0      0      0      0      0      0      0      0      0      0      0      0      0      0      0      0      0      0      0      0      0      0      0     
0x2aebc75ac350           UMOV UR4, 0x2                                                                2      2      2      1024   1024     1024     1      1      30     31     0      -             -          -      0      0      0      0      0      0      0      0      -      0      0      0      0      0      0      0      0      0      0      0      0      0      0      0      0      0      0      0      0      0      0      2      0      0      0      0      0      0      0      0      0      0      0      0      0      0      0      0      2     
0x2aebc75ac360           DEPBAR.LE SB0, 0x36                                                          0      0      0      1024   1024     1024     1      1      0      31     0      -             -          -      0      0      0      0      0      0      0      0      -      0      0      0      0      0      0      0      0      0      0      0      0      0      0      0      0      0      0      0      0      0      0      0      0      0      0      0      0      0      0      0      0      0      0      0      0      0      0      0      0     
0x2aebc75ac370           UTCATOMSWS.2CTA.FIND_AND_SET.ALIGN UP0, UR4, UR4                             0      0      0      1024   1024     1024     1      1      0      31     0      -             -          -      0      0      0      0      0      0      0      0      -      0      0      0      0      0      0      0      0      0      0      0      0      0      0      0      0      0      0      0      0      0      0      0      0      0      0      0      0      0      0      0      0      0      0      0      0      0      0      0      0     
0x2aebc75ac380           IMAD.U32 R2, RZ, RZ, UR4                                                     1      1      1      1024   1024     1024     1      1      0      31     0      -             -          -      0      0      0      0      0      0      0      0      -      0      0      0      0      0      0      0      0      0      0      0      0      0      0      0      0      0      0      0      1      0      0      0      0      0      0      0      0      0      0      0      0      0      0      0      0      1      0      0      0     
0x2aebc75ac390           BRA.U UP0, 0x2aebc75ac400                                                    0      0      0      1024   1024     1024     1      1      0      31     0      -             -          -      0      0      0      0      0      0      0      0      -      0      0      0      0      0      0      0      0      0      0      0      0      0      0      0      0      0      0      0      0      0      0      0      0      0      0      0      0      0      0      0      0      0      0      0      0      0      0      0      0     
0x2aebc75ac3a0           NANOSLEEP 0x64                                                               0      0      0      0      0        0        0      0      1      32     0      -             -          -      0      0      0      0      0      0      0      0      -      0      0      0      0      0      0      0      0      0      0      0      0      0      0      0      0      0      0      0      0      0      0      0      0      0      0      0      0      0      0      0      0      0      0      0      0      0      0      0      0     
0x2aebc75ac3b0           UMOV UR4, 0x2                                                                0      0      0      0      0        0        0      0      0      32     0      -             -          -      0      0      0      0      0      0      0      0      -      0      0      0      0      0      0      0      0      0      0      0      0      0      0      0      0      0      0      0      0      0      0      0      0      0      0      0      0      0      0      0      0      0      0      0      0      0      0      0      0     
0x2aebc75ac3c0           DEPBAR.LE SB0, 0x36                                                          0      0      0      0      0        0        0      0      0      32     0      -             -          -      0      0      0      0      0      0      0      0      -      0      0      0      0      0      0      0      0      0      0      0      0      0      0      0      0      0      0      0      0      0      0      0      0      0      0      0      0      0      0      0      0      0      0      0      0      0      0      0      0     
0x2aebc75ac3d0           UTCATOMSWS.2CTA.FIND_AND_SET.ALIGN UP0, UR4, UR4                             0      0      0      0      0        0        0      0      0      32     0      -             -          -      0      0      0      0      0      0      0      0      -      0      0      0      0      0      0      0      0      0      0      0      0      0      0      0      0      0      0      0      0      0      0      0      0      0      0      0      0      0      0      0      0      0      0      0      0      0      0      0      0     
0x2aebc75ac3e0           IMAD.U32 R2, RZ, RZ, UR4                                                     0      0      0      0      0        0        0      0      0      32     0      -             -          -      0      0      0      0      0      0      0      0      -      0      0      0      0      0      0      0      0      0      0      0      0      0      0      0      0      0      0      0      0      0      0      0      0      0      0      0      0      0      0      0      0      0      0      0      0      0      0      0      0     
0x2aebc75ac3f0           BRA.U !UP0, 0x2aebc75ac3a0                                                   0      0      0      0      0        0        0      0      0      32     0      -             -          -      0      0      0      0      0      0      0      0      -      0      0      0      0      0      0      0      0      0      0      0      0      0      0      0      0      0      0      0      0      0      0      0      0      0      0      0      0      0      0      0      0      0      0      0      0      0      0      0      0     
0x2aebc75ac400           LDS R3, [R11+0x10]                                                           0      0      0      1024   1024     1024     1      1      1      31     0      Shared        Load       32     0      1      0      1024   1024   0      0      0      -      0      0      0      0      0      0      0      0      0      0      0      0      0      0      0      0      0      0      0      0      0      0      0      0      0      0      0      0      0      0      0      0      0      0      0      0      0      0      0      0     
0x2aebc75ac410           IMAD.MOV.U32 R8, RZ, RZ, 0x4                                                 0      0      0      1024   1024     1024     1      1      0      31     0      -             -          -      0      0      0      0      0      0      0      0      -      0      0      0      0      0      0      0      0      0      0      0      0      0      0      0      0      0      0      0      0      0      0      0      0      0      0      0      0      0      0      0      0      0      0      0      0      0      0      0      0     
0x2aebc75ac420           IMAD.MOV.U32 R7, RZ, RZ, 0x3                                                 0      0      0      1024   1024     1024     1      1      0      31     0      -             -          -      0      0      0      0      0      0      0      0      -      0      0      0      0      0      0      0      0      0      0      0      0      0      0      0      0      0      0      0      0      0      0      0      0      0      0      0      0      0      0      0      0      0      0      0      0      0      0      0      0     
0x2aebc75ac430           SHF.L.U32 R4, R3, 0x1f, RZ                                                   1      1      1      1024   1024     1024     1      1      0      31     0      -             -          -      0      0      0      0      0      0      0      0      -      0      0      0      0      0      0      0      0      0      0      0      0      0      0      0      0      0      0      0      1      0      0      0      0      0      0      0      0      0      0      0      0      0      0      0      0      1      0      0      0     
0x2aebc75ac440           SYNCS.PHASECHK.TRANS64.TRYWAIT P1, [R11+URZ+0x8], R4                         0      0      0      1024   1024     1024     1      1      0      31     0      -             -          -      0      0      0      0      0      0      0      0      -      0      0      0      0      0      0      0      0      0      0      0      0      0      0      0      0      0      0      0      0      0      0      0      0      0      0      0      0      0      0      0      0      0      0      0      0      0      0      0      0     
0x2aebc75ac450     @P1   BRA 0x2aebc75ac480                                                           1      1      1      1024   1024     1024     1      1      0      31     0      -             -          -      0      0      0      0      0      0      0      0      -      0      0      0      0      0      0      0      0      0      0      0      1      0      0      0      0      0      0      0      0      0      0      0      0      0      0      0      0      1      0      0      0      0      0      0      0      0      0      0      0     
0x2aebc75ac460           SYNCS.PHASECHK.TRANS64.TRYWAIT P1, [R11+URZ+0x8], R4                         0      0      0      0      0        0        0      0      1      32     0      -             -          -      0      0      0      0      0      0      0      0      -      0      0      0      0      0      0      0      0      0      0      0      0      0      0      0      0      0      0      0      0      0      0      0      0      0      0      0      0      0      0      0      0      0      0      0      0      0      0      0      0     
0x2aebc75ac470     @!P1  BRA 0x2aebc75af290                                                           0      0      0      0      0        0        0      0      0      32     0      -             -          -      0      0      0      0      0      0      0      0      -      0      0      0      0      0      0      0      0      0      0      0      0      0      0      0      0      0      0      0      0      0      0      0      0      0      0      0      0      0      0      0      0      0      0      0      0      0      0      0      0     
0x2aebc75ac480           IMAD.MOV.U32 R9, RZ, RZ, 0x1                                                 0      0      0      1024   1024     1024     1      1      1      31     0      -             -          -      0      0      0      0      0      0      0      0      -      0      0      0      0      0      0      0      0      0      0      0      0      0      0      0      0      0      0      0      0      0      0      0      0      0      0      0      0      0      0      0      0      0      0      0      0      0      0      0      0     
0x2aebc75ac490           PRMT R5, R13, 0x654, R12                                                     0      0      0      1024   1024     1024     1      1      0      31     0      -             -          -      0      0      0      0      0      0      0      0      -      0      0      0      0      0      0      0      0      0      0      0      0      0      0      0      0      0      0      0      0      0      0      0      0      0      0      0      0      0      0      0      0      0      0      0      0      0      0      0      0     
0x2aebc75ac4a0           IMAD.SHL.U32 R3, R2, 0x20, RZ                                                0      0      0      1024   1024     1024     1      1      0      31     0      -             -          -      0      0      0      0      0      0      0      0      -      0      0      0      0      0      0      0      0      0      0      0      0      0      0      0      0      0      0      0      0      0      0      0      0      0      0      0      0      0      0      0      0      0      0      0      0      0      0      0      0     
0x2aebc75ac4b0           PRMT R4, R13, 0x654, R10                                                     0      0      0      1024   1024     1024     1      1      0      31     0      -             -          -      0      0      0      0      0      0      0      0      -      0      0      0      0      0      0      0      0      0      0      0      0      0      0      0      0      0      0      0      0      0      0      0      0      0      0      0      0      0      0      0      0      0      0      0      0      0      0      0      0     
0x2aebc75ac4c0           SHF.L.U32 R6, R7, R2, RZ                                                     0      0      0      1024   1024     1024     1      1      0      31     0      -             -          -      0      0      0      0      0      0      0      0      -      0      0      0      0      0      0      0      0      0      0      0      0      0      0      0      0      0      0      0      0      0      0      0      0      0      0      0      0      0      0      0      0      0      0      0      0      0      0      0      0     
0x2aebc75ac4d0           SYNCS.ARRIVE.TRANS64.RED RZ, [R5+URZ], R8                                    0      0      0      1024   1024     1024     1      1      0      31     0      -             -          -      0      0      0      0      0      0      0      0      -      0      0      0      0      0      0      0      0      0      0      0      0      0      0      0      0      0      0      0      0      0      0      0      0      0      0      0      0      0      0      0      0      0      0      0      0      0      0      0      0     
0x2aebc75ac4e0           SHF.L.U32 R7, R9, R2, RZ                                                     0      0      0      1024   1024     1024     1      1      0      31     0      -             -          -      0      0      0      0      0      0      0      0      -      0      0      0      0      0      0      0      0      0      0      0      0      0      0      0      0      0      0      0      0      0      0      0      0      0      0      0      0      0      0      0      0      0      0      0      0      0      0      0      0     
0x2aebc75ac4f0           STS [R10], R3                                                                0      0      0      1024   1024     1024     1      1      0      31     0      Shared        Store      32     0      1      0      1024   1024   0      0      0      -      0      0      0      0      0      0      0      0      0      0      0      0      0      0      0      0      0      0      0      0      0      0      0      0      0      0      0      0      0      0      0      0      0      0      0      0      0      0      0      0     
0x2aebc75ac500           STAS [R4.64], R2                                                             0      0      0      1024   1024     1024     1      1      0      31     0      Global,Shared Store      32     0      0      0      0      0      0      0      0      -      0      0      0      0      0      0      0      0      0      0      0      0      0      0      0      0      0      0      0      0      0      0      0      0      0      0      0      0      0      0      0      0      0      0      0      0      0      0      0      0     
0x2aebc75ac510           ATOMS.OR RZ, [R11+0x14], R6                                                  0      0      0      1024   1024     1024     1      1      0      31     0      Shared        Atomic     32     0      1      0      1024   1024   0      0      0      -      0      0      0      0      0      0      0      0      0      0      0      0      0      0      0      0      0      0      0      0      0      0      0      0      0      0      0      0      0      0      0      0      0      0      0      0      0      0      0      0     
0x2aebc75ac520           ATOMS.OR RZ, [R11+0x18], R7                                                  0      0      0      1024   1024     1024     1      1      0      31     0      Shared        Atomic     32     0      1      0      1024   1024   0      0      0      -      0      0      0      0      0      0      0      0      0      0      0      0      0      0      0      0      0      0      0      0      0      0      0      0      0      0      0      0      0      0      0      0      0      0      0      0      0      0      0      0     
0x2aebc75ac530           ATOMS.XOR RZ, [R11+0x10], R9                                                 0      0      0      1024   1024     1024     1      1      0      31     0      Shared        Atomic     32     0      1      0      1024   1024   0      0      0      -      0      0      0      0      0      0      0      0      0      0      0      0      0      0      0      0      0      0      0      0      0      0      0      0      0      0      0      0      0      0      0      0      0      0      0      0      0      0      0      0     
0x2aebc75ac540           BSYNC B0                                                                     1      1      1      2048   32768    32768    16     16     15     16     0      -             -          -      0      0      0      0      0      0      0      0      -      0      0      0      0      0      0      0      1      0      0      0      0      0      0      0      0      0      0      0      0      0      0      0      0      1      0      0      0      0      0      0      0      0      0      0      0      0      0      0      0     
0x2aebc75ac550     @P0   BRA 0x2aebc75ac700                                                           3      3      3      2048   65536    32768    32     16     0      16     0      -             -          -      0      0      0      0      0      0      0      0      -      0      0      0      0      0      0      0      3      0      0      0      0      0      0      0      0      0      0      0      0      0      0      0      0      3      0      0      0      0      0      0      0      0      0      0      0      0      0      0      0     
0x2aebc75ac560           WARPSYNC.ALL                                                                 0      0      0      1024   32768    32768    32     32     16     0      0      -             -          -      0      0      0      0      0      0      0      0      -      0      0      0      0      0      0      0      0      0      0      0      0      0      0      0      0      0      0      0      0      0      0      0      0      0      0      0      0      0      0      0      0      0      0      0      0      0      0      0      0     
0x2aebc75ac570           ELECT P0, URZ, PT                                                            1      1      1      1024   32768    32768    32     32     0      0      0      -             -          -      0      0      0      0      0      0      0      0      -      0      0      0      0      0      0      0      0      0      0      0      0      0      0      0      0      0      0      0      0      0      0      1      0      0      0      0      0      0      0      0      0      0      0      0      0      0      0      0      1     
0x2aebc75ac580     @!P0  BRA 0x2aebc75ac700                                                           0      0      0      1024   32768    31744    32     31     1      1      1024   -             -          -      0      0      0      0      0      0      0      0      -      0      0      0      0      0      0      0      0      0      0      0      0      0      0      0      0      0      0      0      0      0      0      0      0      0      0      0      0      0      0      0      0      0      0      0      0      0      0      0      0     
0x2aebc75ac590           LDS R2, [R11+0x10]                                                           2      2      2      1024   1024     1024     1      1      30     31     0      Shared        Load       32     0      1      0      1024   1024   0      0      0      -      0      0      0      0      0      0      0      2      0      0      0      0      0      0      0      0      0      0      0      0      0      0      0      0      2      0      0      0      0      0      0      0      0      0      0      0      0      0      0      0     
0x2aebc75ac5a0           SHF.L.U32 R2, R2, 0x1f, RZ                                                   3      2      3      1024   1024     1024     1      1      0      31     0      -             -          -      0      0      0      0      0      0      0      0      -      0      0      0      0      0      0      0      0      0      0      0      0      0      0      0      0      0      0      1      2      0      0      0      0      0      0      0      0      0      0      0      0      0      0      0      0      2      0      0      0     
0x2aebc75ac5b0           SYNCS.PHASECHK.TRANS64.TRYWAIT P0, [R11+URZ+0x8], R2                         0      0      0      1024   1024     1024     1      1      0      31     0      -             -          -      0      0      0      0      0      0      0      0      -      0      0      0      0      0      0      0      0      0      0      0      0      0      0      0      0      0      0      0      0      0      0      0      0      0      0      0      0      0      0      0      0      0      0      0      0      0      0      0      0     
0x2aebc75ac5c0     @P0   BRA 0x2aebc75ac5f0                                                           1      1      1      1024   1024     0        1      0      1      32     0      -             -          -      0      0      0      0      0      0      0      0      -      0      0      0      0      0      0      0      0      0      0      0      1      0      0      0      0      0      0      0      0      0      0      0      0      0      0      0      0      1      0      0      0      0      0      0      0      0      0      0      0     
0x2aebc75ac5d0           SYNCS.PHASECHK.TRANS64.TRYWAIT P0, [R11+URZ+0x8], R2                         0      0      0      1024   1024     1024     1      1      1      31     0      -             -          -      0      0      0      0      0      0      0      0      -      0      0      0      0      0      0      0      0      0      0      0      0      0      0      0      0      0      0      0      0      0      0      0      0      0      0      0      0      0      0      0      0      0      0      0      0      0      0      0      0     
0x2aebc75ac5e0     @!P0  BRA 0x2aebc75af2e0                                                           0      0      0      1024   1024     1024     1      1      0      31     0      -             -          -      0      0      0      0      0      0      0      0      -      0      0      0      0      0      0      0      0      0      0      0      0      0      0      0      0      0      0      0      0      0      0      0      0      0      0      0      0      0      0      0      0      0      0      0      0      0      0      0      0     
0x2aebc75ac5f0           LDS R2, [R10]                                                                0      0      0      1024   1024     1024     1      1      0      31     0      Shared        Load       32     0      1      0      1024   1024   0      0      0      -      0      0      0      0      0      0      0      0      0      0      0      0      0      0      0      0      0      0      0      0      0      0      0      0      0      0      0      0      0      0      0      0      0      0      0      0      0      0      0      0     
0x2aebc75ac600           IMAD.MOV.U32 R5, RZ, RZ, 0x3                                                 0      0      0      1024   1024     1024     1      1      0      31     0      -             -          -      0      0      0      0      0      0      0      0      -      0      0      0      0      0      0      0      0      0      0      0      0      0      0      0      0      0      0      0      0      0      0      0      0      0      0      0      0      0      0      0      0      0      0      0      0      0      0      0      0     
0x2aebc75ac610           PRMT R12, R13, 0x654, R12                                                    0      0      0      1024   1024     1024     1      1      0      31     0      -             -          -      0      0      0      0      0      0      0      0      -      0      0      0      0      0      0      0      0      0      0      0      0      0      0      0      0      0      0      0      0      0      0      0      0      0      0      0      0      0      0      0      0      0      0      0      0      0      0      0      0     
0x2aebc75ac620           IMAD.MOV.U32 R6, RZ, RZ, 0x1                                                 0      0      0      1024   1024     1024     1      1      0      31     0      -             -          -      0      0      0      0      0      0      0      0      -      0      0      0      0      0      0      0      0      0      0      0      0      0      0      0      0      0      0      0      0      0      0      0      0      0      0      0      0      0      0      0      0      0      0      0      0      0      0      0      0     
0x2aebc75ac630           IMAD.SHL.U32 R3, R2, 0x20, RZ                                                1      1      1      1024   1024     1024     1      1      0      31     0      -             -          -      0      0      0      0      0      0      0      0      -      0      0      0      0      0      0      0      0      0      0      0      0      0      0      0      0      0      0      0      1      0      0      0      0      0      0      0      0      0      0      0      0      0      0      0      0      1      0      0      0     
0x2aebc75ac640           SHF.L.U32 R4, R5, R2, RZ                                                     0      0      0      1024   1024     1024     1      1      0      31     0      -             -          -      0      0      0      0      0      0      0      0      -      0      0      0      0      0      0      0      0      0      0      0      0      0      0      0      0      0      0      0      0      0      0      0      0      0      0      0      0      0      0      0      0      0      0      0      0      0      0      0      0     
0x2aebc75ac650           SHF.L.U32 R2, R6, R2, RZ                                                     0      0      0      1024   1024     1024     1      1      0      31     0      -             -          -      0      0      0      0      0      0      0      0      -      0      0      0      0      0      0      0      0      0      0      0      0      0      0      0      0      0      0      0      0      0      0      0      0      0      0      0      0      0      0      0      0      0      0      0      0      0      0      0      0     
0x2aebc75ac660           STS [R10], R3                                                                0      0      0      1024   1024     1024     1      1      0      31     0      Shared        Store      32     0      1      0      1024   1024   0      0      0      -      0      0      0      0      0      0      0      0      0      0      0      0      0      0      0      0      0      0      0      0      0      0      0      0      0      0      0      0      0      0      0      0      0      0      0      0      0      0      0      0     
0x2aebc75ac670           ATOMS.OR RZ, [R11+0x14], R4                                                  0      0      0      1024   1024     1024     1      1      0      31     0      Shared        Atomic     32     0      1      0      1024   1024   0      0      0      -      0      0      0      0      0      0      0      0      0      0      0      0      0      0      0      0      0      0      0      0      0      0      0      0      0      0      0      0      0      0      0      0      0      0      0      0      0      0      0      0     
0x2aebc75ac680           ATOMS.OR RZ, [R11+0x18], R2                                                  1      0      1      1024   1024     1024     1      1      0      31     0      Shared        Atomic     32     0      1      0      1024   1024   0      0      0      -      0      0      0      0      0      0      0      0      0      0      0      0      0      0      0      0      0      0      1      0      0      0      0      0      0      0      0      0      0      0      0      0      0      0      0      0      0      0      0      0     
0x2aebc75ac690           SYNCS.ARRIVE.TRANS64.RED.A1T0 RZ, [R12+URZ], RZ                              0      0      0      1024   1024     1024     1      1      0      31     0      -             -          -      0      0      0      0      0      0      0      0      -      0      0      0      0      0      0      0      0      0      0      0      0      0      0      0      0      0      0      0      0      0      0      0      0      0      0      0      0      0      0      0      0      0      0      0      0      0      0      0      0     
0x2aebc75ac6a0           ATOMS.XOR RZ, [R11+0x10], R6                                                 0      0      0      1024   1024     1024     1      1      0      31     0      Shared        Atomic     32     0      1      0      1024   1024   0      0      0      -      0      0      0      0      0      0      0      0      0      0      0      0      0      0      0      0      0      0      0      0      0      0      0      0      0      0      0      0      0      0      0      0      0      0      0      0      0      0      0      0     
0x2aebc75ac6b0           BRA 0x2aebc75ac700                                                           0      0      0      1024   1024     1024     1      1      0      31     0      -             -          -      0      0      0      0      0      0      0      0      -      0      0      0      0      0      0      0      0      0      0      0      0      0      0      0      0      0      0      0      0      0      0      0      0      0      0      0      0      0      0      0      0      0      0      0      0      0      0      0      0     
0x2aebc75ac6c0           IMAD.MOV.U32 R3, RZ, RZ, -0x1                                                0      0      0      0      0        0        0      0      1      32     0      -             -          -      0      0      0      0      0      0      0      0      -      0      0      0      0      0      0      0      0      0      0      0      0      0      0      0      0      0      0      0      0      0      0      0      0      0      0      0      0      0      0      0      0      0      0      0      0      0      0      0      0     
0x2aebc75ac6d0           MOV R2, 0x680                                                                0      0      0      0      0        0        0      0      0      32     0      -             -          -      0      0      0      0      0      0      0      0      -      0      0      0      0      0      0      0      0      0      0      0      0      0      0      0      0      0      0      0      0      0      0      0      0      0      0      0      0      0      0      0      0      0      0      0      0      0      0      0      0     
0x2aebc75ac6e0           STS [R10], R3                                                                0      0      0      0      0        0        0      0      0      32     0                                      0      0      0      0      0      0      0      0      -      0      0      0      0      0      0      0      0      0      0      0      0      0      0      0      0      0      0      0      0      0      0      0      0      0      0      0      0      0      0      0      0      0      0      0      0      0      0      0      0     
0x2aebc75ac6f0           CALL.REL.NOINC 0x2aebc75af8a0                                                0      0      0      0      0        0        0      0      0      32     0      -             -          -      0      0      0      0      0      0      0      0      -      0      0      0      0      0      0      0      0      0      0      0      0      0      0      0      0      0      0      0      0      0      0      0      0      0      0      0      0      0      0      0      0      0      0      0      0      0      0      0      0     
0x2aebc75ac700           WARPSYNC.ALL                                                                 1      1      1      3072   65536    65536    21     21     21     11     0      -             -          -      0      0      0      0      0      0      0      0      -      0      0      0      0      0      0      0      1      0      0      0      0      0      0      0      0      0      0      0      0      0      0      0      0      1      0      0      0      0      0      0      0      0      0      0      0      0      0      0      0     
0x2aebc75ac710           S2R R16, SR_CgaCtaId                                                         3      3      3      2048   65536    65536    32     32     11     0      0      -             -          -      0      0      0      0      0      0      0      0      -      0      0      0      0      0      0      0      1      0      0      0      0      0      0      0      0      0      0      0      0      0      0      2      0      1      0      0      0      0      0      0      0      0      0      0      0      0      0      0      2     
0x2aebc75ac720           ELECT P0, URZ, PT                                                            0      0      0      2048   65536    65536    32     32     0      0      0      -             -          -      0      0      0      0      0      0      0      0      -      0      0      0      0      0      0      0      0      0      0      0      0      0      0      0      0      0      0      0      0      0      0      0      0      0      0      0      0      0      0      0      0      0      0      0      0      0      0      0      0     
0x2aebc75ac730           MOV R3, 0x40                                                                 1      1      1      2048   65536    65536    32     32     0      0      0      -             -          -      0      0      0      0      0      0      0      0      -      0      0      0      0      0      0      0      0      0      0      0      1      0      0      0      0      0      0      0      0      0      0      0      0      0      0      0      0      1      0      0      0      0      0      0      0      0      0      0      0     
0x2aebc75ac740           IMAD.MOV.U32 R2, RZ, RZ, 0x1                                                 1      1      1      2048   65536    65536    32     32     0      0      0      -             -          -      0      0      0      0      0      0      0      0      -      0      0      0      0      0      0      0      0      0      0      0      0      0      0      0      0      0      0      0      1      0      0      0      0      0      0      0      0      0      0      0      0      0      0      0      0      1      0      0      0     
0x2aebc75ac750           UVIRTCOUNT.DEALLOC.SMPOOL 0x80                                               0      0      0      2048   65536    65536    32     32     0      0      0      -             -          -      0      0      0      0      0      0      0      0      -      0      0      0      0      0      0      0      0      0      0      0      0      0      0      0      0      0      0      0      0      0      0      0      0      0      0      0      0      0      0      0      0      0      0      0      0      0      0      0      0     
0x2aebc75ac760           LEA R3, R16, R3, 0x18                                                        0      0      0      2048   65536    65536    32     32     0      0      0      -             -          -      0      0      0      0      0      0      0      0      -      0      0      0      0      0      0      0      0      0      0      0      0      0      0      0      0      0      0      0      0      0      0      0      0      0      0      0      0      0      0      0      0      0      0      0      0      0      0      0      0     
0x2aebc75ac770     @P0   STS.U8 [R3+0x1c], R2                                                         1      1      1      2048   65536    2048     32     1      31     31     0      Shared        Store      8      0      1      0      2048   2048   0      0      0      -      0      0      0      0      0      0      0      0      0      0      0      0      0      0      0      0      0      0      0      0      0      0      1      0      0      0      0      0      0      0      0      0      0      0      0      0      0      0      0      1     
0x2aebc75ac780           LDC R2, c[0x0][0x36c]                                                        6      4      6      8192   262144   262144   32     32     31     0      0      -             -          -      0      0      0      0      0      0      0      0      -      0      0      0      0      0      0      0      0      0      0      0      0      0      0      0      0      4      0      0      2      0      0      0      0      0      0      0      0      0      0      0      0      0      3      0      0      1      0      0      0     
0x2aebc75ac790           ISETP.EQ.U32.AND P0, PT, R2, 0x1, PT                                         4      2      4      8192   262144   262144   32     32     0      0      0      -             -          -      0      0      0      0      0      0      0      0      -      0      0      0      0      0      0      0      0      0      0      0      0      0      0      0      0      0      0      0      4      0      0      0      0      0      0      0      0      0      0      0      0      0      0      0      0      2      0      0      0     
0x2aebc75ac7a0     @!P0  BRA 0x2aebc75ac830                                                           1      1      1      8192   262144   0        32     0      32     32     0      -             -          -      0      0      0      0      0      0      0      0      -      0      0      0      0      0      0      0      0      0      0      0      0      0      0      0      0      0      0      0      0      0      0      1      0      0      0      0      0      0      0      0      0      0      0      0      0      0      0      0      1     
0x2aebc75ac7b0           UMOV UR4, 0xffffffff                                                         0      0      0      8192   262144   262144   32     32     32     0      0      -             -          -      0      0      0      0      0      0      0      0      -      0      0      0      0      0      0      0      0      0      0      0      0      0      0      0      0      0      0      0      0      0      0      0      0      0      0      0      0      0      0      0      0      0      0      0      0      0      0      0      0     
0x2aebc75ac7c0           BRA.DIV UR4, 0x2aebc75af330                                                  0      0      0      8192   262144   262144   32     32     0      0      0      -             -          -      0      0      0      0      0      0      0      0      -      0      0      0      0      0      0      0      0      0      0      0      0      0      0      0      0      0      0      0      0      0      0      0      0      0      0      0      0      0      0      0      0      0      0      0      0      0      0      0      0     
0x2aebc75ac7d0           MEMBAR.ALL.CTA                                                               1      0      1      8192   262144   262144   32     32     0      0      0      -             -          -      0      0      0      0      0      0      0      0      -      0      0      0      0      0      0      0      0      0      0      0      0      0      0      0      0      0      0      1      0      0      0      0      0      0      0      0      0      0      0      0      0      0      0      0      0      0      0      0      0     
0x2aebc75ac7e0           MEMBAR.ALL.GPU                                                               4      3      4      8192   262144   262144   32     32     0      0      0      -             -          -      0      0      0      0      0      0      0      0      -      0      0      0      0      0      0      0      0      0      0      0      3      0      0      0      0      0      0      1      0      0      0      0      0      0      0      0      0      3      0      0      0      0      0      0      0      0      0      0      0     
0x2aebc75ac7f0           ERRBAR                                                                       61     58     61     8192   262144   262144   32     32     0      0      0      -             -          -      0      0      0      0      0      0      0      0      -      0      0      0      0      0      0      0      0      0      0      0      0      0      59     0      0      0      0      0      0      0      0      2      0      0      0      0      0      0      0      56     0      0      0      0      0      0      0      0      2     
0x2aebc75ac800           CGAERRBAR                                                                    4      4      4      8192   262144   262144   32     32     0      0      0      -             -          -      0      0      0      0      0      0      0      0      -      0      0      0      0      0      0      0      0      0      0      0      0      0      0      0      0      0      0      0      0      0      0      4      0      0      0      0      0      0      0      0      0      0      0      0      0      0      0      0      4     
0x2aebc75ac810           UCGABAR_ARV                                                                  18     17     18     8192   262144   262144   32     32     0      0      0      -             -          -      0      0      0      0      0      0      0      0      -      0      0      0      0      0      0      0      0      0      0      0      0      0      18     0      0      0      0      0      0      0      0      0      0      0      0      0      0      0      0      17     0      0      0      0      0      0      0      0      0     
0x2aebc75ac820           BRA 0x2aebc75ac860                                                           0      0      0      8192   262144   262144   32     32     0      0      0      -             -          -      0      0      0      0      0      0      0      0      -      0      0      0      0      0      0      0      0      0      0      0      0      0      0      0      0      0      0      0      0      0      0      0      0      0      0      0      0      0      0      0      0      0      0      0      0      0      0      0      0     
0x2aebc75ac830           UMOV UR4, 0xffffffff                                                         1      1      1      0      0        0        0      0      32     32     0      -             -          -      0      0      0      0      0      0      0      0      -      0      0      0      0      0      0      0      0      0      0      0      0      0      0      0      0      0      0      0      0      0      0      1      0      0      0      0      0      0      0      0      0      0      0      0      0      0      0      0      1     
0x2aebc75ac840           BRA.DIV UR4, 0x2aebc75af3c0                                                  0      0      0      0      0        0        0      0      0      32     0      -             -          -      0      0      0      0      0      0      0      0      -      0      0      0      0      0      0      0      0      0      0      0      0      0      0      0      0      0      0      0      0      0      0      0      0      0      0      0      0      0      0      0      0      0      0      0      0      0      0      0      0     
0x2aebc75ac850           NOP                                                                          0      0      0      0      0        0        0      0      0      32     0      -             -          -      0      0      0      0      0      0      0      0      -      0      0      0      0      0      0      0      0      0      0      0      0      0      0      0      0      0      0      0      0      0      0      0      0      0      0      0      0      0      0      0      0      0      0      0      0      0      0      0      0     
0x2aebc75ac860     @!P0  BRA 0x2aebc75ac8c0                                                           0      0      0      8192   262144   0        32     0      0      32     0      -             -          -      0      0      0      0      0      0      0      0      -      0      0      0      0      0      0      0      0      0      0      0      0      0      0      0      0      0      0      0      0      0      0      0      0      0      0      0      0      0      0      0      0      0      0      0      0      0      0      0      0     
0x2aebc75ac870           UMOV UR4, 0xffffffff                                                         4      4      4      8192   262144   262144   32     32     32     0      0      -             -          -      0      0      0      0      0      0      0      0      -      0      0      0      0      0      0      0      0      0      0      0      0      0      0      0      0      0      0      0      0      0      0      4      0      0      0      0      0      0      0      0      0      0      0      0      0      0      0      0      4     
0x2aebc75ac880           BRA.DIV UR4, 0x2aebc75af410                                                  0      0      0      8192   262144   262144   32     32     0      0      0      -             -          -      0      0      0      0      0      0      0      0      -      0      0      0      0      0      0      0      0      0      0      0      0      0      0      0      0      0      0      0      0      0      0      0      0      0      0      0      0      0      0      0      0      0      0      0      0      0      0      0      0     
0x2aebc75ac890           UCGABAR_WAIT                                                                 132    126    132    8192   262144   262144   32     32     0      0      0      -             -          -      0      0      0      0      0      0      0      0      -      0      0      0      0      0      0      132    0      0      0      0      0      0      0      0      0      0      0      0      0      0      0      0      126    0      0      0      0      0      0      0      0      0      0      0      0      0      0      0      0     
0x2aebc75ac8a0           CCTL.IVALL                                                                   1      0      1      8192   262144   262144   32     32     0      0      0      -             -          -      0      0      0      0      0      0      0      0      -      0      0      0      0      0      0      0      0      0      0      0      0      0      0      0      0      0      0      1      0      0      0      0      0      0      0      0      0      0      0      0      0      0      0      0      0      0      0      0      0     
0x2aebc75ac8b0           BRA 0x2aebc75ac8f0                                                           0      0      0      8192   262144   262144   32     32     0      0      0      -             -          -      0      0      0      0      0      0      0      0      -      0      0      0      0      0      0      0      0      0      0      0      0      0      0      0      0      0      0      0      0      0      0      0      0      0      0      0      0      0      0      0      0      0      0      0      0      0      0      0      0     
0x2aebc75ac8c0           UMOV UR4, 0xffffffff                                                         1      0      1      0      0        0        0      0      32     32     0      -             -          -      0      0      0      0      0      0      0      0      -      0      0      0      0      0      0      0      0      0      0      0      0      0      0      0      0      0      0      0      0      0      0      1      0      0      0      0      0      0      0      0      0      0      0      0      0      0      0      0      0     
0x2aebc75ac8d0           BRA.DIV UR4, 0x2aebc75af490                                                  0      0      0      0      0        0        0      0      0      32     0      -             -          -      0      0      0      0      0      0      0      0      -      0      0      0      0      0      0      0      0      0      0      0      0      0      0      0      0      0      0      0      0      0      0      0      0      0      0      0      0      0      0      0      0      0      0      0      0      0      0      0      0     
0x2aebc75ac8e0           BAR.SYNC.DEFER_BLOCKING 0x0                                                  0      0      0      0      0        0        0      0      0      32     0      -             -          -      0      0      0      0      0      0      0      0      -      0      0      0      0      0      0      0      0      0      0      0      0      0      0      0      0      0      0      0      0      0      0      0      0      0      0      0      0      0      0      0      0      0      0      0      0      0      0      0      0     
0x2aebc75ac8f0           MOV R5, 0x400                                                                3      3      3      8192   262144   262144   32     32     32     0      0      -             -          -      0      0      0      0      0      0      0      0      -      0      0      0      0      0      0      0      3      0      0      0      0      0      0      0      0      0      0      0      0      0      0      0      0      3      0      0      0      0      0      0      0      0      0      0      0      0      0      0      0     
0x2aebc75ac900           LDC R3, c[0x0][0x3a0]                                                        0      0      0      8192   262144   262144   32     32     0      0      0      -             -          -      0      0      0      0      0      0      0      0      -      0      0      0      0      0      0      0      0      0      0      0      0      0      0      0      0      0      0      0      0      0      0      0      0      0      0      0      0      0      0      0      0      0      0      0      0      0      0      0      0     
0x2aebc75ac910           S2R R9, SR_CTAID.X                                                           0      0      0      8192   262144   262144   32     32     0      0      0      -             -          -      0      0      0      0      0      0      0      0      -      0      0      0      0      0      0      0      0      0      0      0      0      0      0      0      0      0      0      0      0      0      0      0      0      0      0      0      0      0      0      0      0      0      0      0      0      0      0      0      0     
0x2aebc75ac920           LEA R6, R16, R5, 0x18                                                        1      0      1      8192   262144   262144   32     32     0      0      0      -             -          -      0      0      0      0      0      0      0      0      -      0      0      0      0      0      0      0      0      0      0      0      0      0      0      0      0      0      0      0      0      0      0      1      0      0      0      0      0      0      0      0      0      0      0      0      0      0      0      0      0     
0x2aebc75ac930           S2R R7, SR_CTAID.Y                                                           0      0      0      8192   262144   262144   32     32     0      0      0      -             -          -      0      0      0      0      0      0      0      0      -      0      0      0      0      0      0      0      0      0      0      0      0      0      0      0      0      0      0      0      0      0      0      0      0      0      0      0      0      0      0      0      0      0      0      0      0      0      0      0      0     
0x2aebc75ac940           LDS R6, [R6]                                                                 0      0      0      8192   262144   262144   32     32     0      0      0      Shared        Load       32     0      1      0      8192   8192   0      0      0      -      0      0      0      0      0      0      0      0      0      0      0      0      0      0      0      0      0      0      0      0      0      0      0      0      0      0      0      0      0      0      0      0      0      0      0      0      0      0      0      0     
0x2aebc75ac950           ISETP.GE.AND P0, PT, R3, 0x40, PT                                            4      3      4      8192   262144   262144   32     32     0      0      0      -             -          -      0      0      0      0      0      0      0      0      -      0      0      0      0      0      0      0      0      0      0      0      0      1      0      0      0      0      0      0      3      0      0      0      0      0      0      0      0      0      1      0      0      0      0      0      0      2      0      0      0     
0x2aebc75ac960           SHF.R.S32.HI R2, RZ, 0x1f, R3                                                2      0      2      8192   262144   262144   32     32     0      0      0      -             -          -      0      0      0      0      0      0      0      0      -      0      0      0      0      0      0      0      0      0      0      0      0      0      0      0      0      0      2      0      0      0      0      0      0      0      0      0      0      0      0      0      0      0      0      0      0      0      0      0      0     
0x2aebc75ac970           LEA.HI R2, R2, R3, RZ, 0x6                                                   1      0      1      8192   262144   262144   32     32     0      0      0      -             -          -      0      0      0      0      0      0      0      0      -      0      0      0      0      0      0      0      0      0      0      0      0      0      0      0      0      0      0      0      0      0      0      1      0      0      0      0      0      0      0      0      0      0      0      0      0      0      0      0      0     
0x2aebc75ac980           IMAD.SHL.U32 R9, R9, 0x80, RZ                                                0      0      0      8192   262144   262144   32     32     0      0      0      -             -          -      0      0      0      0      0      0      0      0      -      0      0      0      0      0      0      0      0      0      0      0      0      0      0      0      0      0      0      0      0      0      0      0      0      0      0      0      0      0      0      0      0      0      0      0      0      0      0      0      0     
0x2aebc75ac990           SHF.R.S32.HI R8, RZ, 0x6, R2                                                 0      0      0      8192   262144   262144   32     32     0      0      0      -             -          -      0      0      0      0      0      0      0      0      -      0      0      0      0      0      0      0      0      0      0      0      0      0      0      0      0      0      0      0      0      0      0      0      0      0      0      0      0      0      0      0      0      0      0      0      0      0      0      0      0     
0x2aebc75ac9a0           IMAD.SHL.U32 R7, R7, 0x40, RZ                                                0      0      0      8192   262144   262144   32     32     0      0      0      -             -          -      0      0      0      0      0      0      0      0      -      0      0      0      0      0      0      0      0      0      0      0      0      0      0      0      0      0      0      0      0      0      0      0      0      0      0      0      0      0      0      0      0      0      0      0      0      0      0      0      0     
0x2aebc75ac9b0     @!P0  BRA 0x2aebc75adcb0                                                           1      1      1      8192   262144   0        32     0      32     32     0      -             -          -      0      0      0      0      0      0      0      0      -      0      0      0      0      0      0      0      0      0      0      0      0      0      0      0      0      0      0      0      0      0      0      1      0      0      0      0      0      0      0      0      0      0      0      0      0      0      0      0      1     
0x2aebc75ac9c0           S2R R4, SR_SWINHI                                                            3      2      3      8192   262144   262144   32     32     32     0      0      -             -          -      0      0      0      0      0      0      0      0      -      0      0      0      0      0      0      0      0      0      0      0      0      0      0      0      0      0      0      1      0      0      0      2      0      0      0      0      0      0      0      0      0      0      0      0      0      0      0      0      2     
0x2aebc75ac9d0           VIADD R3, R5, 0x40                                                           0      0      0      8192   262144   262144   32     32     0      0      0      -             -          -      0      0      0      0      0      0      0      0      -      0      0      0      0      0      0      0      0      0      0      0      0      0      0      0      0      0      0      0      0      0      0      0      0      0      0      0      0      0      0      0      0      0      0      0      0      0      0      0      0     
0x2aebc75ac9e0           VIMNMX R11, PT, PT, R8, 0x3, PT                                              0      0      0      8192   262144   262144   32     32     0      0      0      -             -          -      0      0      0      0      0      0      0      0      -      0      0      0      0      0      0      0      0      0      0      0      0      0      0      0      0      0      0      0      0      0      0      0      0      0      0      0      0      0      0      0      0      0      0      0      0      0      0      0      0     
0x2aebc75ac9f0           VIADD R5, R5, 0x20                                                           0      0      0      8192   262144   262144   32     32     0      0      0      -             -          -      0      0      0      0      0      0      0      0      -      0      0      0      0      0      0      0      0      0      0      0      0      0      0      0      0      0      0      0      0      0      0      0      0      0      0      0      0      0      0      0      0      0      0      0      0      0      0      0      0     
0x2aebc75aca00           BSSY.RECONVERGENT B0, 0x2aebc75acd50                                         0      0      0      8192   262144   262144   32     32     0      0      0      -             -          -      0      0      0      0      0      0      0      0      -      0      0      0      0      0      0      0      0      0      0      0      0      0      0      0      0      0      0      0      0      0      0      0      0      0      0      0      0      0      0      0      0      0      0      0      0      0      0      0      0     
0x2aebc75aca10           ISETP.NE.AND P2, PT, R0, RZ, PT                                              0      0      0      8192   262144   262144   32     32     0      0      0      -             -          -      0      0      0      0      0      0      0      0      -      0      0      0      0      0      0      0      0      0      0      0      0      0      0      0      0      0      0      0      0      0      0      0      0      0      0      0      0      0      0      0      0      0      0      0      0      0      0      0      0     
0x2aebc75aca20           LEA R3, R16, R3, 0x18                                                        1      0      1      8192   262144   262144   32     32     0      0      0      -             -          -      0      0      0      0      0      0      0      0      -      0      0      0      0      0      0      0      0      0      0      0      0      0      0      0      0      0      0      1      0      0      0      0      0      0      0      0      0      0      0      0      0      0      0      0      0      0      0      0      0     
0x2aebc75aca30           MOV R2, R3                                                                   1      0      1      8192   262144   262144   32     32     0      0      0      -             -          -      0      0      0      0      0      0      0      0      -      0      0      0      0      0      0      0      0      0      0      0      0      0      0      0      0      0      1      0      0      0      0      0      0      0      0      0      0      0      0      0      0      0      0      0      0      0      0      0      0     
0x2aebc75aca40           MOV R3, R4                                                                   2      0      2      8192   262144   262144   32     32     0      0      0      -             -          -      0      0      0      0      0      0      0      0      -      0      0      0      0      0      0      0      0      0      0      0      0      1      0      0      0      0      0      0      1      0      0      0      0      0      0      0      0      0      0      0      0      0      0      0      0      0      0      0      0     
0x2aebc75aca50           IADD3 R2, P0, PT, R2, 0x3ff, RZ                                              0      0      0      8192   262144   262144   32     32     0      0      0      -             -          -      0      0      0      0      0      0      0      0      -      0      0      0      0      0      0      0      0      0      0      0      0      0      0      0      0      0      0      0      0      0      0      0      0      0      0      0      0      0      0      0      0      0      0      0      0      0      0      0      0     
0x2aebc75aca60           LOP3.LUT R2, R2, 0xfffffc00, RZ, 0xc0, !PT                                   0      0      0      8192   262144   262144   32     32     0      0      0      -             -          -      0      0      0      0      0      0      0      0      -      0      0      0      0      0      0      0      0      0      0      0      0      0      0      0      0      0      0      0      0      0      0      0      0      0      0      0      0      0      0      0      0      0      0      0      0      0      0      0      0     
0x2aebc75aca70           IMAD.X R3, RZ, RZ, R3, P0                                                    0      0      0      8192   262144   262144   32     32     0      0      0      -             -          -      0      0      0      0      0      0      0      0      -      0      0      0      0      0      0      0      0      0      0      0      0      0      0      0      0      0      0      0      0      0      0      0      0      0      0      0      0      0      0      0      0      0      0      0      0      0      0      0      0     
0x2aebc75aca80           MOV R10, R2                                                                  0      0      0      8192   262144   262144   32     32     0      0      0      -             -          -      0      0      0      0      0      0      0      0      -      0      0      0      0      0      0      0      0      0      0      0      0      0      0      0      0      0      0      0      0      0      0      0      0      0      0      0      0      0      0      0      0      0      0      0      0      0      0      0      0     
0x2aebc75aca90           VIMNMX R2, PT, PT, R11, 0x1, !PT                                             0      0      0      8192   262144   262144   32     32     0      0      0      -             -          -      0      0      0      0      0      0      0      0      -      0      0      0      0      0      0      0      0      0      0      0      0      0      0      0      0      0      0      0      0      0      0      0      0      0      0      0      0      0      0      0      0      0      0      0      0      0      0      0      0     
0x2aebc75acaa0           LEA R3, R16, R5, 0x18                                                        2      0      2      8192   262144   262144   32     32     0      0      0      -             -          -      0      0      0      0      0      0      0      0      -      0      0      0      0      0      0      0      0      0      0      0      0      0      0      0      0      0      1      0      0      0      0      1      0      0      0      0      0      0      0      0      0      0      0      0      0      0      0      0      0     
0x2aebc75acab0           IMAD R16, R16, 0x20, R7                                                      1      0      1      8192   262144   262144   32     32     0      0      0      -             -          -      0      0      0      0      0      0      0      0      -      0      0      0      0      0      0      0      0      0      0      0      0      0      0      0      0      0      0      1      0      0      0      0      0      0      0      0      0      0      0      0      0      0      0      0      0      0      0      0      0     
0x2aebc75acac0           IMAD.MOV.U32 R5, RZ, RZ, RZ                                                  0      0      0      8192   262144   262144   32     32     0      0      0      -             -          -      0      0      0      0      0      0      0      0      -      0      0      0      0      0      0      0      0      0      0      0      0      0      0      0      0      0      0      0      0      0      0      0      0      0      0      0      0      0      0      0      0      0      0      0      0      0      0      0      0     
0x2aebc75acad0           IMAD.MOV R2, RZ, RZ, -R2                                                     1      0      1      8192   262144   262144   32     32     0      0      0      -             -          -      0      0      0      0      0      0      0      0      -      0      0      0      0      0      0      0      0      0      0      0      0      0      0      0      0      0      0      1      0      0      0      0      0      0      0      0      0      0      0      0      0      0      0      0      0      0      0      0      0     
0x2aebc75acae0           IMAD.MOV.U32 R4, RZ, RZ, R10                                                 2      1      2      8192   262144   262144   32     32     0      0      0      -             -          -      0      0      0      0      0      0      0      0      -      0      0      0      0      0      0      0      0      0      0      0      0      0      0      0      0      0      0      1      1      0      0      0      0      0      0      0      0      0      0      0      0      0      0      0      0      1      0      0      0     
0x2aebc75acaf0           VIADD R2, R2, 0x1                                                            2      1      2      24576  786432   786432   32     32     0      0      0      -             -          -      0      0      0      0      0      0      0      0      -      0      0      0      0      0      0      0      0      0      0      0      0      0      0      0      0      1      0      0      0      0      0      1      0      0      0      0      0      0      0      0      0      0      1      0      0      0      0      0      0     
0x2aebc75acb00           BSSY.RECONVERGENT B1, 0x2aebc75acd00                                         2      1      2      24576  786432   786432   32     32     0      0      0      -             -          -      0      0      0      0      0      0      0      0      -      0      0      0      0      0      0      0      0      0      0      0      0      0      0      0      0      1      0      1      0      0      0      0      0      0      0      0      0      0      0      0      0      0      1      0      0      0      0      0      0     
0x2aebc75acb10           ISETP.NE.AND P1, PT, R2, RZ, PT                                              2      1      2      24576  786432   786432   32     32     0      0      0      -             -          -      0      0      0      0      0      0      0      0      -      0      0      0      0      0      0      0      0      0      0      0      0      0      0      0      0      0      0      1      0      0      0      1      0      0      0      0      0      0      0      0      0      0      0      0      0      0      0      0      1     
0x2aebc75acb20     @P2   BRA 0x2aebc75accf0                                                           1      0      1      24576  786432   780288   32     31     1      1      6144   -             -          -      0      0      0      0      0      0      0      0      -      0      0      0      0      0      0      0      0      0      0      0      0      0      0      0      0      0      0      1      0      0      0      0      0      0      0      0      0      0      0      0      0      0      0      0      0      0      0      0      0     
0x2aebc75acb30           IMAD.MOV.U32 R12, RZ, RZ, 0x5000                                             1      0      1      6144   6144     6144     1      1      30     31     0      -             -          -      0      0      0      0      0      0      0      0      -      0      0      0      0      0      0      0      0      0      0      0      0      0      0      0      0      0      0      1      0      0      0      0      0      0      0      0      0      0      0      0      0      0      0      0      0      0      0      0      0     
0x2aebc75acb40           LDCU.64 UR4, c[0x0][0x348]                                                   0      0      0      6144   6144     6144     1      1      0      31     0      -             -          -      0      0      0      0      0      0      0      0      -      0      0      0      0      0      0      0      0      0      0      0      0      0      0      0      0      0      0      0      0      0      0      0      0      0      0      0      0      0      0      0      0      0      0      0      0      0      0      0      0     
0x2aebc75acb50           R2UR UR15, R9                                                                0      0      0      6144   6144     6144     1      1      0      31     0      -             -          -      0      0      0      0      0      0      0      0      -      0      0      0      0      0      0      0      0      0      0      0      0      0      0      0      0      0      0      0      0      0      0      0      0      0      0      0      0      0      0      0      0      0      0      0      0      0      0      0      0     
0x2aebc75acb60           SYNCS.ARRIVE.TRANS64 RZ, [R3+URZ], R12                                       0      0      0      6144   6144     6144     1      1      0      31     0      -             -          -      0      0      0      0      0      0      0      0      -      0      0      0      0      0      0      0      0      0      0      0      0      0      0      0      0      0      0      0      0      0      0      0      0      0      0      0      0      0      0      0      0      0      0      0      0      0      0      0      0     
0x2aebc75acb70           PLOP3.LUT P0, PT, PT, PT, PT, 0x80, 0x8                                      0      0      0      6144   6144     6144     1      1      0      31     0      -             -          -      0      0      0      0      0      0      0      0      -      0      0      0      0      0      0      0      0      0      0      0      0      0      0      0      0      0      0      0      0      0      0      0      0      0      0      0      0      0      0      0      0      0      0      0      0      0      0      0      0     
0x2aebc75acb80           UIADD3 UR8, UP0, UPT, UR4, 0x80, URZ                                         5      5      5      6144   6144     6144     1      1      0      31     0      -             -          -      0      0      0      0      0      0      0      0      -      0      0      0      0      0      0      0      0      0      0      0      0      0      0      0      0      0      0      0      5      0      0      0      0      0      0      0      0      0      0      0      0      0      0      0      0      5      0      0      0     
0x2aebc75acb90           UIADD3.X UR9, UPT, UPT, URZ, UR5, URZ, UP0, !UPT                             2      2      2      6144   6144     6144     1      1      0      31     0      -             -          -      0      0      0      0      0      0      0      0      -      0      0      0      0      0      0      0      0      0      0      0      0      0      0      0      0      0      0      0      0      0      0      2      0      0      0      0      0      0      0      0      0      0      0      0      0      0      0      0      2     
0x2aebc75acba0     @P0   ELECT P3, URZ, PT                                                            3      2      3      6144   6144     6144     1      1      0      31     0      -             -          -      0      0      0      0      0      0      0      0      -      0      0      0      0      0      0      0      0      0      0      0      0      0      0      0      0      0      0      0      0      0      0      3      0      0      0      0      0      0      0      0      0      0      0      0      0      0      0      0      2     
0x2aebc75acbb0     @P3   R2UR.BROADCAST UR14, R5                                                      1      0      1      6144   6144     6144     1      1      0      31     0      -             -          -      0      0      0      0      0      0      0      0      -      0      0      0      0      0      0      0      0      0      0      0      0      0      0      0      0      0      0      0      0      0      0      1      0      0      0      0      0      0      0      0      0      0      0      0      0      0      0      0      0     
0x2aebc75acbc0     @P3   R2UR.BROADCAST UR13, R3                                                      1      1      1      6144   6144     6144     1      1      0      31     0      -             -          -      0      0      0      0      0      0      0      0      -      0      0      0      0      0      0      0      0      0      0      0      0      0      0      0      0      0      0      0      0      0      0      1      0      0      0      0      0      0      0      0      0      0      0      0      0      0      0      0      1     
0x2aebc75acbd0     @P3   R2UR.BROADCAST UR12, R4                                                      0      0      0      6144   6144     6144     1      1      0      31     0      -             -          -      0      0      0      0      0      0      0      0      -      0      0      0      0      0      0      0      0      0      0      0      0      0      0      0      0      0      0      0      0      0      0      0      0      0      0      0      0      0      0      0      0      0      0      0      0      0      0      0      0     
0x2aebc75acbe0     @P3   PLOP3.LUT P0, PT, P3, PT, PT, 0x8, 0x80                                      0      0      0      6144   6144     6144     1      1      0      31     0      -             -          -      0      0      0      0      0      0      0      0      -      0      0      0      0      0      0      0      0      0      0      0      0      0      0      0      0      0      0      0      0      0      0      0      0      0      0      0      0      0      0      0      0      0      0      0      0      0      0      0      0     
0x2aebc75acbf0           PLOP3.LUT P3, PT, PT, PT, PT, 0x8, 0x80                                      0      0      0      6144   6144     6144     1      1      0      31     0      -             -          -      0      0      0      0      0      0      0      0      -      0      0      0      0      0      0      0      0      0      0      0      0      0      0      0      0      0      0      0      0      0      0      0      0      0      0      0      0      0      0      0      0      0      0      0      0      0      0      0      0     
0x2aebc75acc00           UTMALDG.2D [UR12], [UR8]                                                     3      3      3      6144   6144     6144     1      1      0      31     0      Global,Shared -          -      0      0      0      0      0      0      0      0      -      0      0      0      0      0      0      0      0      0      0      0      0      0      0      0      0      0      0      0      0      0      0      3      0      0      0      0      0      0      0      0      0      0      0      0      0      0      0      0      3     
0x2aebc75acc10     @P0   BRA.U.ANY 0x2aebc75acba0                                                     0      0      0      6144   6144     0        1      0      1      32     0      -             -          -      0      0      0      0      0      0      0      0      -      0      0      0      0      0      0      0      0      0      0      0      0      0      0      0      0      0      0      0      0      0      0      0      0      0      0      0      0      0      0      0      0      0      0      0      0      0      0      0      0     
0x2aebc75acc20           R2UR UR11, R16                                                               1      1      1      6144   6144     6144     1      1      1      31     0      -             -          -      0      0      0      0      0      0      0      0      -      0      0      0      0      0      0      0      0      0      0      0      0      0      0      0      0      0      0      0      0      0      0      1      0      0      0      0      0      0      0      0      0      0      0      0      0      0      0      0      1     
0x2aebc75acc30           UIADD3 UR4, UP0, UPT, UR4, 0x100, URZ                                        1      0      1      6144   6144     6144     1      1      0      31     0      -             -          -      0      0      0      0      0      0      0      0      -      0      0      0      0      0      0      0      0      0      0      0      0      0      0      0      0      0      0      1      0      0      0      0      0      0      0      0      0      0      0      0      0      0      0      0      0      0      0      0      0     
0x2aebc75acc40           PLOP3.LUT P0, PT, PT, PT, PT, 0x80, 0x8                                      0      0      0      6144   6144     6144     1      1      0      31     0      -             -          -      0      0      0      0      0      0      0      0      -      0      0      0      0      0      0      0      0      0      0      0      0      0      0      0      0      0      0      0      0      0      0      0      0      0      0      0      0      0      0      0      0      0      0      0      0      0      0      0      0     
0x2aebc75acc50           VIADD R12, R4, 0x4000                                                        0      0      0      6144   6144     6144     1      1      0      31     0      -             -          -      0      0      0      0      0      0      0      0      -      0      0      0      0      0      0      0      0      0      0      0      0      0      0      0      0      0      0      0      0      0      0      0      0      0      0      0      0      0      0      0      0      0      0      0      0      0      0      0      0     
0x2aebc75acc60           UIADD3.X UR5, UPT, UPT, URZ, UR5, URZ, UP0, !UPT                             1      1      1      6144   6144     6144     1      1      0      31     0      -             -          -      0      0      0      0      0      0      0      0      -      0      0      0      0      0      0      0      0      0      0      0      0      0      0      0      0      0      0      0      0      0      0      1      0      0      0      0      0      0      0      0      0      0      0      0      0      0      0      0      1     
0x2aebc75acc70     @P0   ELECT P3, URZ, PT                                                            2      2      2      6144   6144     6144     1      1      0      31     0      -             -          -      0      0      0      0      0      0      0      0      -      0      0      0      0      0      0      0      0      0      0      0      0      0      0      0      0      0      0      0      0      0      0      2      0      0      0      0      0      0      0      0      0      0      0      0      0      0      0      0      2     
0x2aebc75acc80     @P3   R2UR.BROADCAST UR10, R5                                                      2      2      2      6144   6144     6144     1      1      0      31     0      -             -          -      0      0      0      0      0      0      0      0      -      0      0      0      0      0      0      0      0      0      0      0      0      0      0      0      0      0      0      0      0      0      0      2      0      0      0      0      0      0      0      0      0      0      0      0      0      0      0      0      2     
0x2aebc75acc90     @P3   R2UR.BROADCAST UR9, R3                                                       2      1      2      6144   6144     6144     1      1      0      31     0      -             -          -      0      0      0      0      0      0      0      0      -      0      0      0      0      0      0      0      0      0      0      0      0      0      0      0      0      0      0      1      0      0      0      1      0      0      0      0      0      0      0      0      0      0      0      0      0      0      0      0      1     
0x2aebc75acca0     @P3   R2UR.BROADCAST UR8, R12                                                      0      0      0      6144   6144     6144     1      1      0      31     0      -             -          -      0      0      0      0      0      0      0      0      -      0      0      0      0      0      0      0      0      0      0      0      0      0      0      0      0      0      0      0      0      0      0      0      0      0      0      0      0      0      0      0      0      0      0      0      0      0      0      0      0     
0x2aebc75accb0     @P3   PLOP3.LUT P0, PT, P3, PT, PT, 0x8, 0x80                                      1      1      1      6144   6144     6144     1      1      0      31     0      -             -          -      0      0      0      0      0      0      0      0      -      0      0      0      0      0      0      0      0      0      0      0      0      0      0      0      0      0      0      0      0      0      0      1      0      0      0      0      0      0      0      0      0      0      0      0      0      0      0      0      1     
0x2aebc75accc0           PLOP3.LUT P3, PT, PT, PT, PT, 0x8, 0x80                                      1      1      1      6144   6144     6144     1      1      0      31     0      -             -          -      0      0      0      0      0      0      0      0      -      0      0      0      0      0      0      0      0      0      0      0      0      0      0      0      0      0      0      0      0      0      0      1      0      0      0      0      0      0      0      0      0      0      0      0      0      0      0      0      1     
0x2aebc75accd0           UTMALDG.2D [UR8], [UR4]                                                      1      0      1      6144   6144     6144     1      1      0      31     0      Global,Shared -          -      0      0      0      0      0      0      0      0      -      0      0      0      0      0      0      0      0      0      0      0      0      0      0      0      0      0      0      0      0      0      0      1      0      0      0      0      0      0      0      0      0      0      0      0      0      0      0      0      0     
0x2aebc75acce0     @P0   BRA.U.ANY 0x2aebc75acc70                                                     0      0      0      6144   6144     0        1      0      1      32     0      -             -          -      0      0      0      0      0      0      0      0      -      0      0      0      0      0      0      0      0      0      0      0      0      0      0      0      0      0      0      0      0      0      0      0      0      0      0      0      0      0      0      0      0      0      0      0      0      0      0      0      0     
0x2aebc75accf0           BSYNC.RECONVERGENT B1                                                        5      4      5      30720  786432   786432   25     25     25     7      0      -             -          -      0      0      0      0      0      0      0      0      -      0      0      0      0      0      0      0      1      0      0      0      2      0      0      0      0      0      0      0      0      0      0      2      0      0      0      0      0      2      0      0      0      0      0      0      0      0      0      0      2     
0x2aebc75acd00           VIADD R5, R5, 0x40                                                           9      4      9      24576  786432   786432   32     32     7      0      0      -             -          -      0      0      0      0      0      0      0      0      -      0      0      0      0      0      0      0      7      0      0      0      0      0      0      0      0      0      0      1      0      0      0      1      0      3      0      0      0      0      0      0      0      0      0      0      0      0      0      0      1     
0x2aebc75acd10           VIADD R4, R4, 0x5000                                                         1      0      1      24576  786432   786432   32     32     0      0      0      -             -          -      0      0      0      0      0      0      0      0      -      0      0      0      0      0      0      0      0      0      0      0      0      0      0      0      0      0      0      1      0      0      0      0      0      0      0      0      0      0      0      0      0      0      0      0      0      0      0      0      0     
0x2aebc75acd20           VIADD R3, R3, 0x8                                                            1      1      1      24576  786432   786432   32     32     0      0      0      -             -          -      0      0      0      0      0      0      0      0      -      0      0      0      0      0      0      0      0      0      0      0      0      0      0      0      0      0      0      0      0      0      0      1      0      0      0      0      0      0      0      0      0      0      0      0      0      0      0      0      1     
0x2aebc75acd30     @P1   BRA 0x2aebc75acaf0                                                           0      0      0      24576  786432   524288   32     21     11     11     0      -             -          -      0      0      0      0      0      0      0      0      -      0      0      0      0      0      0      0      0      0      0      0      0      0      0      0      0      0      0      0      0      0      0      0      0      0      0      0      0      0      0      0      0      0      0      0      0      0      0      0      0     
0x2aebc75acd40           BSYNC.RECONVERGENT B0                                                        7      4      7      8192   262144   262144   32     32     11     0      0      -             -          -      0      0      0      0      0      0      0      0      -      0      0      0      0      0      0      0      0      0      0      0      0      0      0      0      0      0      0      1      0      0      0      6      0      0      0      0      0      0      0      0      0      0      0      0      0      0      0      0      4     
0x2aebc75acd50           BSSY B0, 0x2aebc75adcb0                                                      1      1      1      8192   262144   262144   32     32     0      0      0      -             -          -      0      0      0      0      0      0      0      0      -      0      0      0      0      0      0      0      1      0      0      0      0      0      0      0      0      0      0      0      0      0      0      0      0      1      0      0      0      0      0      0      0      0      0      0      0      0      0      0      0     
0x2aebc75acd60           IMAD.MOV.U32 R15, RZ, RZ, RZ                                                 0      0      0      8192   262144   262144   32     32     0      0      0      -             -          -      0      0      0      0      0      0      0      0      -      0      0      0      0      0      0      0      0      0      0      0      0      0      0      0      0      0      0      0      0      0      0      0      0      0      0      0      0      0      0      0      0      0      0      0      0      0      0      0      0     
0x2aebc75acd70           S2R R3, SR_CgaCtaId                                                          60     48     60     524288 16777216 16777216 32     32     0      0      0      -             -          -      0      0      0      0      0      0      0      0      -      0      0      0      0      0      0      0      30     1      0      0      0      0      0      0      0      27     2      0      0      0      0      0      0      27     1      0      0      0      0      0      0      0      20     0      0      0      0      0      0     
0x2aebc75acd80           ISETP.NE.AND P0, PT, R11, R15, PT                                            30     18     30     524288 16777216 16777216 32     32     0      0      0      -             -          -      0      0      0      0      0      0      0      0      -      0      0      0      0      0      0      0      0      2      0      0      0      1      0      0      0      18     2      7      0      0      0      0      0      0      2      0      0      0      1      0      0      0      15     0      0      0      0      0      0     
0x2aebc75acd90           IMAD.HI.U32 R2, R15, -0x55555555, RZ                                         9      0      9      524288 16777216 16777216 32     32     0      0      0      -             -          -      0      0      0      0      0      0      0      0      -      0      0      0      0      0      0      0      0      0      0      0      0      0      0      0      0      1      0      8      0      0      0      0      0      0      0      0      0      0      0      0      0      0      0      0      0      0      0      0      0     
0x2aebc75acda0           MOV R5, 0x400                                                                14     0      14     524288 16777216 16777216 32     32     0      0      0      -             -          -      0      0      0      0      0      0      0      0      -      0      0      0      0      0      0      0      0      0      0      0      0      1      0      0      0      0      1      12     0      0      0      0      0      0      0      0      0      0      0      0      0      0      0      0      0      0      0      0      0     
0x2aebc75acdb0           YIELD                                                                        10     0      10     524288 16777216 16777216 32     32     0      0      0      -             -          -      0      0      0      0      0      0      0      0      -      0      0      0      0      0      0      0      0      0      0      0      0      0      0      0      0      0      0      10     0      0      0      0      0      0      0      0      0      0      0      0      0      0      0      0      0      0      0      0      0     
0x2aebc75acdc0           ISETP.NE.OR P0, PT, R0, RZ, P0                                               688    539    688    524288 16777216 16777216 32     32     0      0      0      -             -          -      0      0      0      0      0      0      0      0      -      0      0      0      0      0      0      0      529    2      0      0      0      2      0      0      23     26     8      24     0      0      0      74     0      437    2      0      0      0      2      0      0      20     19     0      0      0      0      0      59    
0x2aebc75acdd0           VIADD R14, R5, 0x8                                                           9      0      9      524288 16777216 16777216 32     32     0      0      0      -             -          -      0      0      0      0      0      0      0      0      -      0      0      0      0      0      0      0      0      0      0      0      0      0      0      0      0      0      0      9      0      0      0      0      0      0      0      0      0      0      0      0      0      0      0      0      0      0      0      0      0     
0x2aebc75acde0           SHF.R.U32.HI R4, RZ, 0x1, R2                                                 12     0      12     524288 16777216 16777216 32     32     0      0      0      -             -          -      0      0      0      0      0      0      0      0      -      0      0      0      0      0      0      0      0      0      0      0      0      0      0      0      0      0      0      12     0      0      0      0      0      0      0      0      0      0      0      0      0      0      0      0      0      0      0      0      0     
0x2aebc75acdf0           VIADD R2, R5, 0x20                                                           20     1      20     524288 16777216 16777216 32     32     0      0      0      -             -          -      0      0      0      0      0      0      0      0      -      0      0      0      0      0      0      0      0      0      0      0      0      0      0      0      0      2      1      17     0      0      0      0      0      0      0      0      0      0      0      0      0      0      1      0      0      0      0      0      0     
0x2aebc75ace00           BSSY B1, 0x2aebc75ad100                                                      9      0      9      524288 16777216 16777216 32     32     0      0      0      -             -          -      0      0      0      0      0      0      0      0      -      0      0      0      0      0      0      0      0      0      0      0      0      0      0      0      0      0      0      9      0      0      0      0      0      0      0      0      0      0      0      0      0      0      0      0      0      0      0      0      0     
0x2aebc75ace10           IMAD R17, R4, -0x3, R15                                                      40     17     40     524288 16777216 16777216 32     32     0      0      0      -             -          -      0      0      0      0      0      0      0      0      -      0      0      0      0      0      0      0      0      0      0      0      0      6      0      0      0      0      3      12     0      0      0      19     0      0      0      0      0      0      3      0      0      0      0      0      0      0      0      0      14    
0x2aebc75ace20           LEA R14, R3, R14, 0x18                                                       13     0      13     524288 16777216 16777216 32     32     0      0      0      -             -          -      0      0      0      0      0      0      0      0      -      0      0      0      0      0      0      0      0      0      0      0      0      0      0      0      0      0      0      13     0      0      0      0      0      0      0      0      0      0      0      0      0      0      0      0      0      0      0      0      0     
0x2aebc75ace30           LEA R13, R3, R2, 0x18                                                        25     7      25     524288 16777216 16777216 32     32     0      0      0      -             -          -      0      0      0      0      0      0      0      0      -      0      0      0      0      0      0      0      0      0      0      0      0      4      0      0      0      0      7      7      0      0      0      7      0      0      0      0      0      0      2      0      0      0      0      0      0      0      0      0      5     
0x2aebc75ace40           IMAD R12, R17, 0x8, R14                                                      37     15     37     524288 16777216 16777216 32     32     0      0      0      -             -          -      0      0      0      0      0      0      0      0      -      0      0      0      0      0      0      0      0      0      0      0      0      1      0      0      0      0      1      14     0      0      0      21     0      0      0      0      0      0      0      0      0      0      0      0      0      0      0      0      15    
0x2aebc75ace50           IMAD R5, R17, 0x8, R13                                                       25     9      25     524288 16777216 16777216 32     32     0      0      0      -             -          -      0      0      0      0      0      0      0      0      -      0      0      0      0      0      0      0      0      0      0      0      0      0      0      0      0      0      1      13     0      0      0      11     0      0      0      0      0      0      0      0      0      0      0      0      0      0      0      0      9     
0x2aebc75ace60           IMAD R17, R17, 0x5000, R10                                                   20     5      20     524288 16777216 16777216 32     32     0      0      0      -             -          -      0      0      0      0      0      0      0      0      -      0      0      0      0      0      0      0      0      0      0      0      0      0      0      0      0      0      0      13     0      0      0      7      0      0      0      0      0      0      0      0      0      0      0      0      0      0      0      0      5     
0x2aebc75ace70     @P0   BRA 0x2aebc75ad0f0                                                           6      0      6      524288 16777216 16777216 32     32     0      0      0      -             -          -      0      0      0      0      0      0      0      0      -      0      0      0      0      0      0      0      0      0      0      0      0      0      0      0      0      0      0      6      0      0      0      0      0      0      0      0      0      0      0      0      0      0      0      0      0      0      0      0      0     
0x2aebc75ace80           VIADD R2, R15, 0xfffffffd                                                    50     32     50     0      0        0        0      0      32     32     0      -             -          -      0      0      0      0      0      0      0      0      -      0      0      0      0      0      0      0      0      0      0      0      0      0      0      0      0      0      0      7      0      0      0      43     0      0      0      0      0      0      0      0      0      0      0      0      0      0      0      0      32    
0x2aebc75ace90           BSSY B2, 0x2aebc75acf10                                                      0      0      0      0      0        0        0      0      0      32     0      -             -          -      0      0      0      0      0      0      0      0      -      0      0      0      0      0      0      0      0      0      0      0      0      0      0      0      0      0      0      0      0      0      0      0      0      0      0      0      0      0      0      0      0      0      0      0      0      0      0      0      0     
0x2aebc75acea0           IMAD.HI R2, R2, 0x55555556, RZ                                               0      0      0      0      0        0        0      0      0      32     0      -             -          -      0      0      0      0      0      0      0      0      -      0      0      0      0      0      0      0      0      0      0      0      0      0      0      0      0      0      0      0      0      0      0      0      0      0      0      0      0      0      0      0      0      0      0      0      0      0      0      0      0     
0x2aebc75aceb0           LEA.HI R2, R2, R2, RZ, 0x1                                                   0      0      0      0      0        0        0      0      0      32     0      -             -          -      0      0      0      0      0      0      0      0      -      0      0      0      0      0      0      0      0      0      0      0      0      0      0      0      0      0      0      0      0      0      0      0      0      0      0      0      0      0      0      0      0      0      0      0      0      0      0      0      0     
0x2aebc75acec0           LOP3.LUT R2, R2, 0x1, RZ, 0xc0, !PT                                          0      0      0      0      0        0        0      0      0      32     0      -             -          -      0      0      0      0      0      0      0      0      -      0      0      0      0      0      0      0      0      0      0      0      0      0      0      0      0      0      0      0      0      0      0      0      0      0      0      0      0      0      0      0      0      0      0      0      0      0      0      0      0     
0x2aebc75aced0           SHF.L.U32 R11, R2, 0x1f, RZ                                                  0      0      0      0      0        0        0      0      0      32     0      -             -          -      0      0      0      0      0      0      0      0      -      0      0      0      0      0      0      0      0      0      0      0      0      0      0      0      0      0      0      0      0      0      0      0      0      0      0      0      0      0      0      0      0      0      0      0      0      0      0      0      0     
0x2aebc75acee0           SYNCS.PHASECHK.TRANS64.TRYWAIT P0, [R12+URZ], R11                            0      0      0      0      0        0        0      0      0      32     0      -             -          -      0      0      0      0      0      0      0      0      -      0      0      0      0      0      0      0      0      0      0      0      0      0      0      0      0      0      0      0      0      0      0      0      0      0      0      0      0      0      0      0      0      0      0      0      0      0      0      0      0     
0x2aebc75acef0     @!P0  BRA 0x2aebc75af550                                                           0      0      0      0      0        0        0      0      0      32     0      -             -          -      0      0      0      0      0      0      0      0      -      0      0      0      0      0      0      0      0      0      0      0      0      0      0      0      0      0      0      0      0      0      0      0      0      0      0      0      0      0      0      0      0      0      0      0      0      0      0      0      0     
0x2aebc75acf00           BSYNC B2                                                                     0      0      0      0      0        0        0      0      0      32     0      -             -          -      0      0      0      0      0      0      0      0      -      0      0      0      0      0      0      0      0      0      0      0      0      0      0      0      0      0      0      0      0      0      0      0      0      0      0      0      0      0      0      0      0      0      0      0      0      0      0      0      0     
0x2aebc75acf10           LDCU.64 UR4, c[0x0][0x348]                                                   0      0      0      0      0        0        0      0      0      32     0      -             -          -      0      0      0      0      0      0      0      0      -      0      0      0      0      0      0      0      0      0      0      0      0      0      0      0      0      0      0      0      0      0      0      0      0      0      0      0      0      0      0      0      0      0      0      0      0      0      0      0      0     
0x2aebc75acf20           R2UR UR15, R9                                                                0      0      0      0      0        0        0      0      0      32     0      -             -          -      0      0      0      0      0      0      0      0      -      0      0      0      0      0      0      0      0      0      0      0      0      0      0      0      0      0      0      0      0      0      0      0      0      0      0      0      0      0      0      0      0      0      0      0      0      0      0      0      0     
0x2aebc75acf30           IMAD.MOV.U32 R2, RZ, RZ, 0x5000                                              0      0      0      0      0        0        0      0      0      32     0      -             -          -      0      0      0      0      0      0      0      0      -      0      0      0      0      0      0      0      0      0      0      0      0      0      0      0      0      0      0      0      0      0      0      0      0      0      0      0      0      0      0      0      0      0      0      0      0      0      0      0      0     
0x2aebc75acf40           PLOP3.LUT P0, PT, PT, PT, PT, 0x80, 0x8                                      0      0      0      0      0        0        0      0      0      32     0      -             -          -      0      0      0      0      0      0      0      0      -      0      0      0      0      0      0      0      0      0      0      0      0      0      0      0      0      0      0      0      0      0      0      0      0      0      0      0      0      0      0      0      0      0      0      0      0      0      0      0      0     
0x2aebc75acf50           SYNCS.ARRIVE.TRANS64 RZ, [R5+URZ], R2                                        0      0      0      0      0        0        0      0      0      32     0      -             -          -      0      0      0      0      0      0      0      0      -      0      0      0      0      0      0      0      0      0      0      0      0      0      0      0      0      0      0      0      0      0      0      0      0      0      0      0      0      0      0      0      0      0      0      0      0      0      0      0      0     
0x2aebc75acf60           IMAD.SHL.U32 R2, R15, 0x40, RZ                                               0      0      0      0      0        0        0      0      0      32     0      -             -          -      0      0      0      0      0      0      0      0      -      0      0      0      0      0      0      0      0      0      0      0      0      0      0      0      0      0      0      0      0      0      0      0      0      0      0      0      0      0      0      0      0      0      0      0      0      0      0      0      0     
0x2aebc75acf70           UIADD3 UR8, UP0, UPT, UR4, 0x80, URZ                                         0      0      0      0      0        0        0      0      0      32     0      -             -          -      0      0      0      0      0      0      0      0      -      0      0      0      0      0      0      0      0      0      0      0      0      0      0      0      0      0      0      0      0      0      0      0      0      0      0      0      0      0      0      0      0      0      0      0      0      0      0      0      0     
0x2aebc75acf80           UIADD3.X UR9, UPT, UPT, URZ, UR5, URZ, UP0, !UPT                             0      0      0      0      0        0        0      0      0      32     0      -             -          -      0      0      0      0      0      0      0      0      -      0      0      0      0      0      0      0      0      0      0      0      0      0      0      0      0      0      0      0      0      0      0      0      0      0      0      0      0      0      0      0      0      0      0      0      0      0      0      0      0     
0x2aebc75acf90     @P0   ELECT P1, URZ, PT                                                            0      0      0      0      0        0        0      0      0      32     0      -             -          -      0      0      0      0      0      0      0      0      -      0      0      0      0      0      0      0      0      0      0      0      0      0      0      0      0      0      0      0      0      0      0      0      0      0      0      0      0      0      0      0      0      0      0      0      0      0      0      0      0     
0x2aebc75acfa0     @P1   R2UR.BROADCAST UR14, R2                                                      0      0      0      0      0        0        0      0      0      32     0      -             -          -      0      0      0      0      0      0      0      0      -      0      0      0      0      0      0      0      0      0      0      0      0      0      0      0      0      0      0      0      0      0      0      0      0      0      0      0      0      0      0      0      0      0      0      0      0      0      0      0      0     
0x2aebc75acfb0     @P1   R2UR.BROADCAST UR13, R5                                                      0      0      0      0      0        0        0      0      0      32     0      -             -          -      0      0      0      0      0      0      0      0      -      0      0      0      0      0      0      0      0      0      0      0      0      0      0      0      0      0      0      0      0      0      0      0      0      0      0      0      0      0      0      0      0      0      0      0      0      0      0      0      0     
0x2aebc75acfc0     @P1   R2UR.BROADCAST UR12, R17                                                     0      0      0      0      0        0        0      0      0      32     0      -             -          -      0      0      0      0      0      0      0      0      -      0      0      0      0      0      0      0      0      0      0      0      0      0      0      0      0      0      0      0      0      0      0      0      0      0      0      0      0      0      0      0      0      0      0      0      0      0      0      0      0     
0x2aebc75acfd0     @P1   PLOP3.LUT P0, PT, P1, PT, PT, 0x8, 0x80                                      0      0      0      0      0        0        0      0      0      32     0      -             -          -      0      0      0      0      0      0      0      0      -      0      0      0      0      0      0      0      0      0      0      0      0      0      0      0      0      0      0      0      0      0      0      0      0      0      0      0      0      0      0      0      0      0      0      0      0      0      0      0      0     
0x2aebc75acfe0           PLOP3.LUT P1, PT, PT, PT, PT, 0x8, 0x80                                      0      0      0      0      0        0        0      0      0      32     0      -             -          -      0      0      0      0      0      0      0      0      -      0      0      0      0      0      0      0      0      0      0      0      0      0      0      0      0      0      0      0      0      0      0      0      0      0      0      0      0      0      0      0      0      0      0      0      0      0      0      0      0     
0x2aebc75acff0           UTMALDG.2D [UR12], [UR8]                                                     0      0      0      0      0        0        0      0      0      32     0                    -          -      0      0      0      0      0      0      0      0      -      0      0      0      0      0      0      0      0      0      0      0      0      0      0      0      0      0      0      0      0      0      0      0      0      0      0      0      0      0      0      0      0      0      0      0      0      0      0      0      0     
0x2aebc75ad000     @P0   BRA.U.ANY 0x2aebc75acf90                                                     0      0      0      0      0        0        0      0      0      32     0      -             -          -      0      0      0      0      0      0      0      0      -      0      0      0      0      0      0      0      0      0      0      0      0      0      0      0      0      0      0      0      0      0      0      0      0      0      0      0      0      0      0      0      0      0      0      0      0      0      0      0      0     
0x2aebc75ad010           R2UR UR11, R16                                                               0      0      0      0      0        0        0      0      0      32     0      -             -          -      0      0      0      0      0      0      0      0      -      0      0      0      0      0      0      0      0      0      0      0      0      0      0      0      0      0      0      0      0      0      0      0      0      0      0      0      0      0      0      0      0      0      0      0      0      0      0      0      0     
0x2aebc75ad020           UIADD3 UR4, UP0, UPT, UR4, 0x100, URZ                                        0      0      0      0      0        0        0      0      0      32     0      -             -          -      0      0      0      0      0      0      0      0      -      0      0      0      0      0      0      0      0      0      0      0      0      0      0      0      0      0      0      0      0      0      0      0      0      0      0      0      0      0      0      0      0      0      0      0      0      0      0      0      0     
0x2aebc75ad030           PLOP3.LUT P0, PT, PT, PT, PT, 0x80, 0x8                                      0      0      0      0      0        0        0      0      0      32     0      -             -          -      0      0      0      0      0      0      0      0      -      0      0      0      0      0      0      0      0      0      0      0      0      0      0      0      0      0      0      0      0      0      0      0      0      0      0      0      0      0      0      0      0      0      0      0      0      0      0      0      0     
0x2aebc75ad040           VIADD R11, R17, 0x4000                                                       0      0      0      0      0        0        0      0      0      32     0      -             -          -      0      0      0      0      0      0      0      0      -      0      0      0      0      0      0      0      0      0      0      0      0      0      0      0      0      0      0      0      0      0      0      0      0      0      0      0      0      0      0      0      0      0      0      0      0      0      0      0      0     
0x2aebc75ad050           UIADD3.X UR5, UPT, UPT, URZ, UR5, URZ, UP0, !UPT                             0      0      0      0      0        0        0      0      0      32     0      -             -          -      0      0      0      0      0      0      0      0      -      0      0      0      0      0      0      0      0      0      0      0      0      0      0      0      0      0      0      0      0      0      0      0      0      0      0      0      0      0      0      0      0      0      0      0      0      0      0      0      0     
0x2aebc75ad060     @P0   ELECT P1, URZ, PT                                                            0      0      0      0      0        0        0      0      0      32     0      -             -          -      0      0      0      0      0      0      0      0      -      0      0      0      0      0      0      0      0      0      0      0      0      0      0      0      0      0      0      0      0      0      0      0      0      0      0      0      0      0      0      0      0      0      0      0      0      0      0      0      0     
0x2aebc75ad070     @P1   R2UR.BROADCAST UR10, R2                                                      0      0      0      0      0        0        0      0      0      32     0      -             -          -      0      0      0      0      0      0      0      0      -      0      0      0      0      0      0      0      0      0      0      0      0      0      0      0      0      0      0      0      0      0      0      0      0      0      0      0      0      0      0      0      0      0      0      0      0      0      0      0      0     
0x2aebc75ad080     @P1   R2UR.BROADCAST UR9, R5                                                       0      0      0      0      0        0        0      0      0      32     0      -             -          -      0      0      0      0      0      0      0      0      -      0      0      0      0      0      0      0      0      0      0      0      0      0      0      0      0      0      0      0      0      0      0      0      0      0      0      0      0      0      0      0      0      0      0      0      0      0      0      0      0     
0x2aebc75ad090     @P1   R2UR.BROADCAST UR8, R11                                                      0      0      0      0      0        0        0      0      0      32     0      -             -          -      0      0      0      0      0      0      0      0      -      0      0      0      0      0      0      0      0      0      0      0      0      0      0      0      0      0      0      0      0      0      0      0      0      0      0      0      0      0      0      0      0      0      0      0      0      0      0      0      0     
0x2aebc75ad0a0     @P1   PLOP3.LUT P0, PT, P1, PT, PT, 0x8, 0x80                                      0      0      0      0      0        0        0      0      0      32     0      -             -          -      0      0      0      0      0      0      0      0      -      0      0      0      0      0      0      0      0      0      0      0      0      0      0      0      0      0      0      0      0      0      0      0      0      0      0      0      0      0      0      0      0      0      0      0      0      0      0      0      0     
0x2aebc75ad0b0           PLOP3.LUT P1, PT, PT, PT, PT, 0x8, 0x80                                      0      0      0      0      0        0        0      0      0      32     0      -             -          -      0      0      0      0      0      0      0      0      -      0      0      0      0      0      0      0      0      0      0      0      0      0      0      0      0      0      0      0      0      0      0      0      0      0      0      0      0      0      0      0      0      0      0      0      0      0      0      0      0     
0x2aebc75ad0c0           UTMALDG.2D [UR8], [UR4]                                                      0      0      0      0      0        0        0      0      0      32     0                    -          -      0      0      0      0      0      0      0      0      -      0      0      0      0      0      0      0      0      0      0      0      0      0      0      0      0      0      0      0      0      0      0      0      0      0      0      0      0      0      0      0      0      0      0      0      0      0      0      0      0     
0x2aebc75ad0d0     @P0   BRA.U.ANY 0x2aebc75ad060                                                     0      0      0      0      0        0        0      0      0      32     0      -             -          -      0      0      0      0      0      0      0      0      -      0      0      0      0      0      0      0      0      0      0      0      0      0      0      0      0      0      0      0      0      0      0      0      0      0      0      0      0      0      0      0      0      0      0      0      0      0      0      0      0     
0x2aebc75ad0e0           VIADD R11, R15, 0x1                                                          0      0      0      0      0        0        0      0      0      32     0      -             -          -      0      0      0      0      0      0      0      0      -      0      0      0      0      0      0      0      0      0      0      0      0      0      0      0      0      0      0      0      0      0      0      0      0      0      0      0      0      0      0      0      0      0      0      0      0      0      0      0      0     
0x2aebc75ad0f0           BSYNC B1                                                                     69     48     69     524288 16777216 16777216 32     32     32     0      0      -             -          -      0      0      0      0      0      0      0      0      -      0      0      0      0      0      0      0      35     1      0      0      0      0      0      0      0      31     2      0      0      0      0      0      0      28     0      0      0      0      0      0      0      0      20     0      0      0      0      0      0     
0x2aebc75ad100           LOP3.LUT R4, R4, 0x1, RZ, 0xc0, !PT                                          154    107    154    524288 16777216 16777216 32     32     0      0      0      -             -          -      0      0      0      0      0      0      0      0      -      0      0      0      0      0      0      0      95     0      0      0      0      2      0      0      0      0      4      9      0      0      0      44     0      70     0      0      0      0      1      0      0      0      0      0      0      0      0      0      36    
0x2aebc75ad110           LDC R2, c[0x0][0x36c]                                                        15     0      15     524288 16777216 16777216 32     32     0      0      0      -             -          -      0      0      0      0      0      0      0      0      -      0      0      0      0      0      0      0      0      1      0      0      0      0      0      0      0      0      0      14     0      0      0      0      0      0      0      0      0      0      0      0      0      0      0      0      0      0      0      0      0     
0x2aebc75ad120           BSSY B1, 0x2aebc75ad190                                                      11     0      11     524288 16777216 16777216 32     32     0      0      0      -             -          -      0      0      0      0      0      0      0      0      -      0      0      0      0      0      0      0      0      0      0      0      0      0      0      0      0      0      0      11     0      0      0      0      0      0      0      0      0      0      0      0      0      0      0      0      0      0      0      0      0     
0x2aebc75ad130           LOP3.LUT P1, RZ, R3, R0, RZ, 0xfc, !PT                                       7      0      7      524288 16777216 16777216 32     32     0      0      0      -             -          -      0      0      0      0      0      0      0      0      -      0      0      0      0      0      0      0      0      0      0      0      0      0      0      0      0      0      0      7      0      0      0      0      0      0      0      0      0      0      0      0      0      0      0      0      0      0      0      0      0     
0x2aebc75ad140           SHF.L.U32 R4, R4, 0x1f, RZ                                                   19     10     19     524288 16777216 16777216 32     32     0      0      0      -             -          -      0      0      0      0      0      0      0      0      -      0      0      0      0      0      0      0      0      0      0      0      0      0      0      0      0      0      0      6      0      0      0      13     0      0      0      0      0      0      0      0      0      0      0      0      0      0      0      0      10    
0x2aebc75ad150           SYNCS.PHASECHK.TRANS64.TRYWAIT P0, [R5+URZ], R4                              41     25     41     524288 16777216 16777216 32     32     0      0      0      -             -          -      0      0      0      0      0      0      0      0      -      0      0      0      0      0      0      0      0      0      0      0      0      0      0      0      0      0      2      10     0      0      0      29     0      0      0      0      0      0      0      0      0      0      0      0      0      0      0      0      25    
0x2aebc75ad160           ISETP.EQ.U32.AND P2, PT, R2, 0x1, PT                                         206    159    206    524288 16777216 16777216 32     32     0      0      0      -             -          -      0      0      0      0      0      0      0      0      -      0      0      0      0      0      0      0      0      0      0      0      0      4      0      0      0      0      4      7      191    0      0      0      0      0      0      0      0      0      1      0      0      0      0      0      0      158    0      0      0     
0x2aebc75ad170     @!P0  BRA 0x2aebc75af590                                                           346    302    346    524288 16777216 0        32     0      32     32     0      -             -          -      0      0      0      0      0      0      0      0      -      0      0      0      0      0      0      0      0      0      0      0      336    0      0      0      0      0      2      8      0      0      0      0      0      0      0      0      0      302    0      0      0      0      0      0      0      0      0      0      0     
0x2aebc75ad180           BSYNC B1                                                                     118    96     118    524288 16777216 16777216 32     32     32     0      0      -             -          -      0      0      0      0      0      0      0      0      -      0      0      0      0      0      0      0      0      0      0      0      0      0      0      0      0      0      1      8      0      0      0      109    0      0      0      0      0      0      0      0      0      0      0      0      0      0      0      0      96    
0x2aebc75ad190     @!P2  BRA 0x2aebc75ad220                                                           158    136    158    524288 16777216 0        32     0      32     32     0      -             -          -      0      0      0      0      0      0      0      0      -      0      0      0      0      0      0      0      91     0      0      0      0      0      0      0      0      0      1      9      0      0      0      57     0      83     0      0      0      0      0      0      0      0      0      0      0      0      0      0      53    
0x2aebc75ad1a0           UMOV UR4, 0xffffffff                                                         58     40     58     524288 16777216 16777216 32     32     32     0      0      -             -          -      0      0      0      0      0      0      0      0      -      0      0      0      0      0      0      0      0      0      0      0      0      0      0      0      0      0      4      9      0      0      0      45     0      0      0      0      0      0      0      0      0      0      0      0      0      0      0      0      40    
0x2aebc75ad1b0           BRA.DIV UR4, 0x2aebc75af5d0                                                  33     21     33     524288 16777216 16777216 32     32     0      0      0      -             -          -      0      0      0      0      0      0      0      0      -      0      0      0      0      0      0      0      0      0      0      0      0      0      0      0      0      0      1      9      0      0      0      23     0      0      0      0      0      0      0      0      0      0      0      0      0      0      0      0      21    
0x2aebc75ad1c0           MEMBAR.ALL.CTA                                                               64     38     64     524288 16777216 16777216 32     32     0      0      0      -             -          -      0      0      0      0      0      0      0      0      -      0      0      0      0      0      0      0      0      0      0      0      0      0      0      0      0      0      3      16     0      0      0      45     0      0      0      0      0      0      0      0      0      0      0      0      0      0      0      0      38    
0x2aebc75ad1d0           MEMBAR.ALL.GPU                                                               123    92     123    524288 16777216 16777216 32     32     0      0      0      -             -          -      0      0      0      0      0      0      0      0      -      0      0      0      0      0      0      0      0      0      0      0      41     0      0      0      0      0      2      14     0      0      0      66     0      0      0      0      0      36     0      0      0      0      0      0      0      0      0      0      56    
0x2aebc75ad1e0           ERRBAR                                                                       6481   6124   6481   524288 16777216 16777216 32     32     0      0      0      -             -          -      0      0      0      0      0      0      0      0      -      0      0      0      0      0      0      0      0      0      0      0      0      0      6417   0      0      0      3      11     0      0      0      50     0      0      0      0      0      0      0      6078   0      0      0      0      0      0      0      0      46    
0x2aebc75ad1f0           CGAERRBAR                                                                    327    294    327    524288 16777216 16777216 32     32     0      0      0      -             -          -      0      0      0      0      0      0      0      0      -      0      0      0      0      0      0      0      0      0      0      0      0      0      0      0      0      0      0      13     0      0      0      314    0      0      0      0      0      0      0      0      0      0      0      0      0      0      0      0      294   
0x2aebc75ad200           UCGABAR_ARV                                                                  2164   2029   2164   524288 16777216 16777216 32     32     0      0      0      -             -          -      0      0      0      0      0      0      0      0      -      0      0      0      0      0      0      0      0      0      0      0      0      0      2098   0      0      0      7      18     0      0      0      41     0      0      0      0      0      0      0      1991   0      0      0      0      0      0      0      0      38    
0x2aebc75ad210           BRA 0x2aebc75ad250                                                           13     0      13     524288 16777216 16777216 32     32     0      0      0      -             -          -      0      0      0      0      0      0      0      0      -      0      0      0      0      0      0      0      0      0      0      0      0      0      0      0      0      0      0      13     0      0      0      0      0      0      0      0      0      0      0      0      0      0      0      0      0      0      0      0      0     
0x2aebc75ad220           UMOV UR4, 0xffffffff                                                         46     30     46     0      0        0        0      0      32     32     0      -             -          -      0      0      0      0      0      0      0      0      -      0      0      0      0      0      0      0      0      0      0      0      0      0      0      0      0      0      0      9      0      0      0      37     0      0      0      0      0      0      0      0      0      0      0      0      0      0      0      0      30    
0x2aebc75ad230           BRA.DIV UR4, 0x2aebc75af680                                                  0      0      0      0      0        0        0      0      0      32     0      -             -          -      0      0      0      0      0      0      0      0      -      0      0      0      0      0      0      0      0      0      0      0      0      0      0      0      0      0      0      0      0      0      0      0      0      0      0      0      0      0      0      0      0      0      0      0      0      0      0      0      0     
0x2aebc75ad240           NOP                                                                          0      0      0      0      0        0        0      0      0      32     0      -             -          -      0      0      0      0      0      0      0      0      -      0      0      0      0      0      0      0      0      0      0      0      0      0      0      0      0      0      0      0      0      0      0      0      0      0      0      0      0      0      0      0      0      0      0      0      0      0      0      0      0     
0x2aebc75ad250     @!P2  BRA 0x2aebc75ad2b0                                                           65     58     65     524288 16777216 0        32     0      0      32     0      -             -          -      0      0      0      0      0      0      0      0      -      0      0      0      0      0      0      0      34     0      0      0      0      0      0      0      0      30     1      0      0      0      0      0      0      31     0      0      0      0      0      0      0      0      27     0      0      0      0      0      0     
0x2aebc75ad260           UMOV UR4, 0xffffffff                                                         55     42     55     524288 16777216 16777216 32     32     32     0      0      -             -          -      0      0      0      0      0      0      0      0      -      0      0      0      0      0      0      0      0      0      0      0      0      0      0      0      0      0      0      10     0      0      0      45     0      0      0      0      0      0      0      0      0      0      0      0      0      0      0      0      42    
0x2aebc75ad270           BRA.DIV UR4, 0x2aebc75af6f0                                                  27     15     27     524288 16777216 16777216 32     32     0      0      0      -             -          -      0      0      0      0      0      0      0      0      -      0      0      0      0      0      0      0      0      0      0      0      0      0      0      0      0      0      0      10     0      0      0      17     0      0      0      0      0      0      0      0      0      0      0      0      0      0      0      0      15    
0x2aebc75ad280           UCGABAR_WAIT                                                                 11067  10582  11067  524288 16777216 16777216 32     32     0      0      0      -             -          -      0      0      0      0      0      0      0      0      -      0      0      0      0      0      0      11056  0      0      0      0      0      0      0      0      0      0      0      11     0      0      0      0      10582  0      0      0      0      0      0      0      0      0      0      0      0      0      0      0      0     
0x2aebc75ad290           CCTL.IVALL                                                                   9      0      9      524288 16777216 16777216 32     32     0      0      0      -             -          -      0      0      0      0      0      0      0      0      -      0      0      0      0      0      0      0      0      0      0      0      0      0      0      0      0      0      0      9      0      0      0      0      0      0      0      0      0      0      0      0      0      0      0      0      0      0      0      0      0     
0x2aebc75ad2a0           BRA 0x2aebc75ad2e0                                                           10     0      10     524288 16777216 16777216 32     32     0      0      0      -             -          -      0      0      0      0      0      0      0      0      -      0      0      0      0      0      0      0      0      0      0      0      0      0      0      0      0      0      0      10     0      0      0      0      0      0      0      0      0      0      0      0      0      0      0      0      0      0      0      0      0     
0x2aebc75ad2b0           UMOV UR4, 0xffffffff                                                         63     40     63     0      0        0        0      0      32     32     0      -             -          -      0      0      0      0      0      0      0      0      -      0      0      0      0      0      0      0      0      0      0      0      0      0      0      0      0      0      0      14     0      0      0      49     0      0      0      0      0      0      0      0      0      0      0      0      0      0      0      0      40    
0x2aebc75ad2c0           BRA.DIV UR4, 0x2aebc75af770                                                  0      0      0      0      0        0        0      0      0      32     0      -             -          -      0      0      0      0      0      0      0      0      -      0      0      0      0      0      0      0      0      0      0      0      0      0      0      0      0      0      0      0      0      0      0      0      0      0      0      0      0      0      0      0      0      0      0      0      0      0      0      0      0     
0x2aebc75ad2d0           BAR.SYNC.DEFER_BLOCKING 0x0                                                  0      0      0      0      0        0        0      0      0      32     0      -             -          -      0      0      0      0      0      0      0      0      -      0      0      0      0      0      0      0      0      0      0      0      0      0      0      0      0      0      0      0      0      0      0      0      0      0      0      0      0      0      0      0      0      0      0      0      0      0      0      0      0     
0x2aebc75ad2e0           NOP                                                                          75     65     75     524288 16777216 16777216 32     32     32     0      0      -             -          -      0      0      0      0      0      0      0      0      -      0      0      0      0      0      0      0      39     0      0      0      0      0      0      0      0      29     7      0      0      0      0      0      0      38     0      0      0      0      0      0      0      0      27     0      0      0      0      0      0     
0x2aebc75ad2f0           BSSY.RECONVERGENT B1, 0x2aebc75ad930                                         11     0      11     524288 16777216 16777216 32     32     0      0      0      -             -          -      0      0      0      0      0      0      0      0      -      0      0      0      0      0      0      0      0      0      0      0      0      0      0      0      0      0      0      11     0      0      0      0      0      0      0      0      0      0      0      0      0      0      0      0      0      0      0      0      0     
0x2aebc75ad300     @P1   BRA 0x2aebc75ad920                                                           66     26     66     524288 16777216 16711680 32     31     1      1      65536  -             -          -      0      0      0      0      0      0      0      0      -      0      0      0      0      0      0      0      0      0      0      0      0      0      0      0      0      0      16     16     0      0      0      34     0      0      0      0      0      0      0      0      0      0      0      0      0      0      0      0      26    
0x2aebc75ad310           IMAD.SHL.U32 R18, R15, 0x4, RZ                                               60     45     60     65536  65536    65536    1      1      30     31     0      -             -          -      0      0      0      0      0      0      0      0      -      0      0      0      0      0      0      0      3      0      0      0      0      0      0      0      0      0      0      8      0      0      0      49     0      3      0      0      0      0      0      0      0      0      0      0      0      0      0      0      42    
0x2aebc75ad320           R2UR UR8, R6                                                                 2      0      2      65536  65536    65536    1      1      0      31     0      -             -          -      0      0      0      0      0      0      0      0      -      0      0      0      0      0      0      0      0      0      0      0      0      0      0      0      0      0      0      2      0      0      0      0      0      0      0      0      0      0      0      0      0      0      0      0      0      0      0      0      0     
0x2aebc75ad330           VIADD R4, R17, 0x4000                                                        1      0      1      65536  65536    65536    1      1      0      31     0      -             -          -      0      0      0      0      0      0      0      0      -      0      0      0      0      0      0      0      0      0      0      0      0      0      0      0      0      0      0      1      0      0      0      0      0      0      0      0      0      0      0      0      0      0      0      0      0      0      0      0      0     
0x2aebc75ad340           SHF.R.U32.HI R2, RZ, 0x4, R17                                                2      0      2      65536  65536    65536    1      1      0      31     0      -             -          -      0      0      0      0      0      0      0      0      -      0      0      0      0      0      0      0      0      0      0      0      0      0      0      0      0      0      0      2      0      0      0      0      0      0      0      0      0      0      0      0      0      0      0      0      0      0      0      0      0     
0x2aebc75ad350           IMAD.MOV.U32 R3, RZ, RZ, 0x40004040                                          0      0      0      65536  65536    65536    1      1      0      31     0      -             -          -      0      0      0      0      0      0      0      0      -      0      0      0      0      0      0      0      0      0      0      0      0      0      0      0      0      0      0      0      0      0      0      0      0      0      0      0      0      0      0      0      0      0      0      0      0      0      0      0      0     
0x2aebc75ad360           ISETP.NE.U32.AND P1, PT, R18, RZ, PT                                         1      0      1      65536  65536    65536    1      1      0      31     0      -             -          -      0      0      0      0      0      0      0      0      -      0      0      0      0      0      0      0      0      0      0      0      0      0      0      0      0      0      0      1      0      0      0      0      0      0      0      0      0      0      0      0      0      0      0      0      0      0      0      0      0     
0x2aebc75ad370           IMAD.MOV.U32 R5, RZ, RZ, 0x40004040                                          0      0      0      65536  65536    65536    1      1      0      31     0      -             -          -      0      0      0      0      0      0      0      0      -      0      0      0      0      0      0      0      0      0      0      0      0      0      0      0      0      0      0      0      0      0      0      0      0      0      0      0      0      0      0      0      0      0      0      0      0      0      0      0      0     
0x2aebc75ad380           SHF.R.U32.HI R4, RZ, 0x4, R4                                                 1      0      1      65536  65536    65536    1      1      0      31     0      -             -          -      0      0      0      0      0      0      0      0      -      0      0      0      0      0      0      0      0      0      0      0      0      0      0      0      0      0      0      1      0      0      0      0      0      0      0      0      0      0      0      0      0      0      0      0      0      0      0      0      0     
0x2aebc75ad390           UMOV UR4, 0x0                                                                1      0      1      65536  65536    65536    1      1      0      31     0      -             -          -      0      0      0      0      0      0      0      0      -      0      0      0      0      0      0      0      0      0      0      0      0      0      0      0      0      0      0      1      0      0      0      0      0      0      0      0      0      0      0      0      0      0      0      0      0      0      0      0      0     
0x2aebc75ad3a0           PLOP3.LUT P0, PT, PT, PT, PT, 0x80, 0x8                                      3      0      3      65536  65536    65536    1      1      0      31     0      -             -          -      0      0      0      0      0      0      0      0      -      0      0      0      0      0      0      0      0      0      0      0      0      0      0      0      0      0      0      3      0      0      0      0      0      0      0      0      0      0      0      0      0      0      0      0      0      0      0      0      0     
0x2aebc75ad3b0           UMOV UR5, 0x10100490                                                         1      0      1      65536  65536    65536    1      1      0      31     0      -             -          -      0      0      0      0      0      0      0      0      -      0      0      0      0      0      0      0      0      0      0      0      0      0      0      0      0      0      0      1      0      0      0      0      0      0      0      0      0      0      0      0      0      0      0      0      0      0      0      0      0     
0x2aebc75ad3c0           LOP3.LUT R2, R2, 0x3fff, RZ, 0xc0, !PT                                       4      0      4      65536  65536    65536    1      1      0      31     0      -             -          -      0      0      0      0      0      0      0      0      -      0      0      0      0      0      0      0      0      0      0      0      0      0      0      0      0      0      0      4      0      0      0      0      0      0      0      0      0      0      0      0      0      0      0      0      0      0      0      0      0     
0x2aebc75ad3d0           LOP3.LUT R4, R4, 0x3fff, RZ, 0xc0, !PT                                       4      0      4      65536  65536    65536    1      1      0      31     0      -             -          -      0      0      0      0      0      0      0      0      -      0      0      0      0      0      0      0      0      0      0      0      0      1      0      0      0      0      1      2      0      0      0      0      0      0      0      0      0      0      0      0      0      0      0      0      0      0      0      0      0     
0x2aebc75ad3e0           VOTEU.ANY UP0, P1                                                            9      3      9      65536  65536    65536    1      1      0      31     0      -             -          -      0      0      0      0      0      0      0      0      -      0      0      0      0      0      0      0      0      0      0      0      0      0      0      0      0      0      1      4      0      0      0      4      0      0      0      0      0      0      0      0      0      0      0      0      0      0      0      0      3     
0x2aebc75ad3f0     @P0   ELECT P1, URZ, PT                                                            6      4      6      65536  65536    65536    1      1      0      31     0      -             -          -      0      0      0      0      0      0      0      0      -      0      0      0      0      0      0      0      0      0      0      0      0      0      0      0      0      0      0      1      0      0      0      5      0      0      0      0      0      0      0      0      0      0      0      0      0      0      0      0      4     
0x2aebc75ad400     @P1   R2UR.BROADCAST UR10, R4                                                      11     6      11     65536  65536    65536    1      1      0      31     0      -             -          -      0      0      0      0      0      0      0      0      -      0      0      0      0      0      0      0      0      0      0      0      0      1      0      0      0      0      0      0      0      0      0      10     0      0      0      0      0      0      0      0      0      0      0      0      0      0      0      0      6     
0x2aebc75ad410     @P1   R2UR.BROADCAST UR11, R5                                                      3      2      3      65536  65536    65536    1      1      0      31     0      -             -          -      0      0      0      0      0      0      0      0      -      0      0      0      0      0      0      0      0      0      0      0      0      0      0      0      0      0      0      1      0      0      0      2      0      0      0      0      0      0      0      0      0      0      0      0      0      0      0      0      2     
0x2aebc75ad420     @P1   R2UR.BROADCAST UR12, R2                                                      2      2      2      65536  65536    65536    1      1      0      31     0      -             -          -      0      0      0      0      0      0      0      0      -      0      0      0      0      0      0      0      0      0      0      0      0      0      0      0      0      0      0      0      0      0      0      2      0      0      0      0      0      0      0      0      0      0      0      0      0      0      0      0      2     
0x2aebc75ad430     @P1   R2UR.BROADCAST UR13, R3                                                      3      2      3      65536  65536    65536    1      1      0      31     0      -             -          -      0      0      0      0      0      0      0      0      -      0      0      0      0      0      0      0      0      0      0      0      0      0      0      0      0      0      0      0      0      0      0      3      0      0      0      0      0      0      0      0      0      0      0      0      0      0      0      0      2     
0x2aebc75ad440     @P1   PLOP3.LUT P0, PT, P1, PT, PT, 0x8, 0x80                                      2      1      2      65536  65536    65536    1      1      0      31     0      -             -          -      0      0      0      0      0      0      0      0      -      0      0      0      0      0      0      0      0      0      0      0      0      0      0      0      0      0      0      1      0      0      0      1      0      0      0      0      0      0      0      0      0      0      0      0      0      0      0      0      1     
0x2aebc75ad450           PLOP3.LUT P1, PT, PT, PT, PT, 0x8, 0x80                                      5      3      5      65536  65536    65536    1      1      0      31     0      -             -          -      0      0      0      0      0      0      0      0      -      0      0      0      0      0      0      0      0      0      0      0      0      0      0      0      0      0      0      1      0      0      0      4      0      0      0      0      0      0      0      0      0      0      0      0      0      0      0      0      3     
0x2aebc75ad460           UTCHMMA.2CTA gdesc[UR12], gdesc[UR10], tmem[UR8], tmem[UR4], idesc[UR5], UP0 10     4      10     65536  65536    65536    1      1      0      31     0      TmemShared    Load,Store -      0      0      0      0      0      0      0      0      -      0      0      0      0      0      0      0      0      0      0      0      0      0      0      0      0      0      0      1      0      0      0      9      0      0      0      0      0      0      0      0      0      0      0      0      0      0      0      0      4     
0x2aebc75ad470     @P0   BRA.U.ANY 0x2aebc75ad3f0                                                     5      2      5      65536  65536    0        1      0      1      32     0      -             -          -      0      0      0      0      0      0      0      0      -      0      0      0      0      0      0      0      0      0      0      0      0      0      0      0      0      0      0      3      0      0      0      2      0      0      0      0      0      0      0      0      0      0      0      0      0      0      0      0      2     
0x2aebc75ad480           VIADD R2, R18, 0x10                                                          6      3      6      65536  65536    65536    1      1      1      31     0      -             -          -      0      0      0      0      0      0      0      0      -      0      0      0      0      0      0      0      0      0      0      0      0      0      0      0      0      0      0      2      0      0      0      4      0      0      0      0      0      0      0      0      0      0      0      0      0      0      0      0      3     
0x2aebc75ad490           R2UR UR8, R6                                                                 16     11     16     65536  65536    65536    1      1      0      31     0      -             -          -      0      0      0      0      0      0      0      0      -      0      0      0      0      0      0      0      0      0      0      0      0      0      0      0      0      0      1      2      13     0      0      0      0      0      0      0      0      0      0      0      0      0      0      0      0      11     0      0      0     
0x2aebc75ad4a0           VIADD R3, R17, 0x4020                                                        2      0      2      65536  65536    65536    1      1      0      31     0      -             -          -      0      0      0      0      0      0      0      0      -      0      0      0      0      0      0      0      0      0      0      0      0      0      0      0      0      0      0      2      0      0      0      0      0      0      0      0      0      0      0      0      0      0      0      0      0      0      0      0      0     
0x2aebc75ad4b0           PLOP3.LUT P0, PT, PT, PT, PT, 0x80, 0x8                                      2      0      2      65536  65536    65536    1      1      0      31     0      -             -          -      0      0      0      0      0      0      0      0      -      0      0      0      0      0      0      0      0      0      0      0      0      0      0      0      0      0      0      2      0      0      0      0      0      0      0      0      0      0      0      0      0      0      0      0      0      0      0      0      0     
0x2aebc75ad4c0           IMAD.MOV.U32 R5, RZ, RZ, 0x40004040                                          0      0      0      65536  65536    65536    1      1      0      31     0      -             -          -      0      0      0      0      0      0      0      0      -      0      0      0      0      0      0      0      0      0      0      0      0      0      0      0      0      0      0      0      0      0      0      0      0      0      0      0      0      0      0      0      0      0      0      0      0      0      0      0      0     
0x2aebc75ad4d0           ISETP.NE.U32.AND P1, PT, R2, RZ, PT                                          1      0      1      65536  65536    65536    1      1      0      31     0      -             -          -      0      0      0      0      0      0      0      0      -      0      0      0      0      0      0      0      0      0      0      0      0      0      0      0      0      0      0      1      0      0      0      0      0      0      0      0      0      0      0      0      0      0      0      0      0      0      0      0      0     
0x2aebc75ad4e0           VIADD R2, R17, 0x20                                                          1      0      1      65536  65536    65536    1      1      0      31     0      -             -          -      0      0      0      0      0      0      0      0      -      0      0      0      0      0      0      0      0      0      0      0      0      0      0      0      0      0      0      1      0      0      0      0      0      0      0      0      0      0      0      0      0      0      0      0      0      0      0      0      0     
0x2aebc75ad4f0           SHF.R.U32.HI R3, RZ, 0x4, R3                                                 0      0      0      65536  65536    65536    1      1      0      31     0      -             -          -      0      0      0      0      0      0      0      0      -      0      0      0      0      0      0      0      0      0      0      0      0      0      0      0      0      0      0      0      0      0      0      0      0      0      0      0      0      0      0      0      0      0      0      0      0      0      0      0      0     
0x2aebc75ad500           SHF.R.U32.HI R2, RZ, 0x4, R2                                                 11     6      11     65536  65536    65536    1      1      0      31     0      -             -          -      0      0      0      0      0      0      0      0      -      0      0      0      0      0      0      0      0      0      0      0      0      0      0      0      0      0      1      1      0      0      0      9      0      0      0      0      0      0      0      0      0      0      0      0      0      0      0      0      6     
0x2aebc75ad510           LOP3.LUT R4, R3, 0x3fff, RZ, 0xc0, !PT                                       3      1      3      65536  65536    65536    1      1      0      31     0      -             -          -      0      0      0      0      0      0      0      0      -      0      0      0      0      0      0      0      0      0      0      0      0      0      0      0      0      0      0      2      0      0      0      1      0      0      0      0      0      0      0      0      0      0      0      0      0      0      0      0      1     
0x2aebc75ad520           IMAD.MOV.U32 R3, RZ, RZ, 0x40004040                                          1      0      1      65536  65536    65536    1      1      0      31     0      -             -          -      0      0      0      0      0      0      0      0      -      0      0      0      0      0      0      0      0      0      0      0      0      0      0      0      0      0      0      1      0      0      0      0      0      0      0      0      0      0      0      0      0      0      0      0      0      0      0      0      0     
0x2aebc75ad530           LOP3.LUT R2, R2, 0x3fff, RZ, 0xc0, !PT                                       3      0      3      65536  65536    65536    1      1      0      31     0      -             -          -      0      0      0      0      0      0      0      0      -      0      0      0      0      0      0      0      0      0      0      0      0      0      0      0      0      0      0      3      0      0      0      0      0      0      0      0      0      0      0      0      0      0      0      0      0      0      0      0      0     
0x2aebc75ad540           VOTEU.ANY UP0, P1                                                            6      2      6      65536  65536    65536    1      1      0      31     0      -             -          -      0      0      0      0      0      0      0      0      -      0      0      0      0      0      0      0      0      0      0      0      0      0      0      0      0      0      2      1      0      0      0      3      0      0      0      0      0      0      0      0      0      0      0      0      0      0      0      0      2     
0x2aebc75ad550     @P0   ELECT P1, URZ, PT                                                            5      1      5      65536  65536    65536    1      1      0      31     0      -             -          -      0      0      0      0      0      0      0      0      -      0      0      0      0      0      0      0      0      0      0      0      0      0      0      0      0      0      0      2      0      0      0      3      0      0      0      0      0      0      0      0      0      0      0      0      0      0      0      0      1     
0x2aebc75ad560     @P1   R2UR.BROADCAST UR10, R4                                                      13     8      13     65536  65536    65536    1      1      0      31     0      -             -          -      0      0      0      0      0      0      0      0      -      0      0      0      0      0      0      0      0      0      0      0      0      0      0      0      0      0      1      1      0      0      0      11     0      0      0      0      0      0      0      0      0      0      0      0      0      0      0      0      8     
0x2aebc75ad570     @P1   R2UR.BROADCAST UR11, R5                                                      1      1      1      65536  65536    65536    1      1      0      31     0      -             -          -      0      0      0      0      0      0      0      0      -      0      0      0      0      0      0      0      0      0      0      0      0      0      0      0      0      0      0      0      0      0      0      1      0      0      0      0      0      0      0      0      0      0      0      0      0      0      0      0      1     
0x2aebc75ad580     @P1   R2UR.BROADCAST UR12, R2                                                      5      2      5      65536  65536    65536    1      1      0      31     0      -             -          -      0      0      0      0      0      0      0      0      -      0      0      0      0      0      0      0      0      0      0      0      0      1      0      0      0      0      0      3      0      0      0      1      0      0      0      0      0      0      1      0      0      0      0      0      0      0      0      0      1     
0x2aebc75ad590     @P1   R2UR.BROADCAST UR13, R3                                                      1      0      1      65536  65536    65536    1      1      0      31     0      -             -          -      0      0      0      0      0      0      0      0      -      0      0      0      0      0      0      0      0      0      0      0      0      0      0      0      0      0      0      1      0      0      0      0      0      0      0      0      0      0      0      0      0      0      0      0      0      0      0      0      0     
0x2aebc75ad5a0     @P1   PLOP3.LUT P0, PT, P1, PT, PT, 0x8, 0x80                                      1      0      1      65536  65536    65536    1      1      0      31     0      -             -          -      0      0      0      0      0      0      0      0      -      0      0      0      0      0      0      0      0      0      0      0      0      0      0      0      0      0      0      1      0      0      0      0      0      0      0      0      0      0      0      0      0      0      0      0      0      0      0      0      0     
0x2aebc75ad5b0           PLOP3.LUT P1, PT, PT, PT, PT, 0x8, 0x80                                      7      2      7      65536  65536    65536    1      1      0      31     0      -             -          -      0      0      0      0      0      0      0      0      -      0      0      0      0      0      0      0      0      0      0      0      0      0      0      0      0      0      0      4      0      0      0      3      0      0      0      0      0      0      0      0      0      0      0      0      0      0      0      0      2     
0x2aebc75ad5c0           UTCHMMA.2CTA gdesc[UR12], gdesc[UR10], tmem[UR8], tmem[UR4], idesc[UR5], UP0 22     15     22     65536  65536    65536    1      1      0      31     0      TmemShared    Load,Store -      0      0      0      0      0      0      0      0      -      0      0      0      0      0      0      0      0      0      0      0      0      0      0      0      0      0      2      0      0      0      0      20     0      0      0      0      0      0      0      0      0      0      0      0      0      0      0      0      15    
0x2aebc75ad5d0     @P0   BRA.U.ANY 0x2aebc75ad550                                                     3      2      3      65536  65536    0        1      0      1      32     0      -             -          -      0      0      0      0      0      0      0      0      -      0      0      0      0      0      0      0      0      1      0      0      0      0      0      0      0      0      0      1      0      0      0      1      0      0      1      0      0      0      0      0      0      0      0      0      0      0      0      0      1     
0x2aebc75ad5e0           VIADD R2, R18, 0x20                                                          7      5      7      65536  65536    65536    1      1      1      31     0      -             -          -      0      0      0      0      0      0      0      0      -      0      0      0      0      0      0      0      0      0      0      0      0      0      0      0      0      0      0      1      0      0      0      6      0      0      0      0      0      0      0      0      0      0      0      0      0      0      0      0      5     
0x2aebc75ad5f0           R2UR UR8, R6                                                                 6      3      6      65536  65536    65536    1      1      0      31     0      -             -          -      0      0      0      0      0      0      0      0      -      0      0      0      0      0      0      0      0      0      0      0      0      0      0      0      0      0      3      0      3      0      0      0      0      0      0      0      0      0      0      0      0      0      0      0      0      3      0      0      0     
0x2aebc75ad600           VIADD R3, R17, 0x4040                                                        3      0      3      65536  65536    65536    1      1      0      31     0      -             -          -      0      0      0      0      0      0      0      0      -      0      0      0      0      0      0      0      0      0      0      0      0      0      0      0      0      0      0      3      0      0      0      0      0      0      0      0      0      0      0      0      0      0      0      0      0      0      0      0      0     
0x2aebc75ad610           PLOP3.LUT P0, PT, PT, PT, PT, 0x80, 0x8                                      1      0      1      65536  65536    65536    1      1      0      31     0      -             -          -      0      0      0      0      0      0      0      0      -      0      0      0      0      0      0      0      0      0      0      0      0      0      0      0      0      0      0      1      0      0      0      0      0      0      0      0      0      0      0      0      0      0      0      0      0      0      0      0      0     
0x2aebc75ad620           IMAD.MOV.U32 R5, RZ, RZ, 0x40004040                                          3      0      3      65536  65536    65536    1      1      0      31     0      -             -          -      0      0      0      0      0      0      0      0      -      0      0      0      0      0      0      0      0      0      0      0      0      0      0      0      0      0      0      3      0      0      0      0      0      0      0      0      0      0      0      0      0      0      0      0      0      0      0      0      0     
0x2aebc75ad630           ISETP.NE.U32.AND P1, PT, R2, RZ, PT                                          2      0      2      65536  65536    65536    1      1      0      31     0      -             -          -      0      0      0      0      0      0      0      0      -      0      0      0      0      0      0      0      0      0      0      0      0      0      0      0      0      0      0      2      0      0      0      0      0      0      0      0      0      0      0      0      0      0      0      0      0      0      0      0      0     
0x2aebc75ad640           VIADD R2, R17, 0x40                                                          2      0      2      65536  65536    65536    1      1      0      31     0      -             -          -      0      0      0      0      0      0      0      0      -      0      0      0      0      0      0      0      0      0      0      0      0      0      0      0      0      0      0      2      0      0      0      0      0      0      0      0      0      0      0      0      0      0      0      0      0      0      0      0      0     
0x2aebc75ad650           SHF.R.U32.HI R3, RZ, 0x4, R3                                                 2      0      2      65536  65536    65536    1      1      0      31     0      -             -          -      0      0      0      0      0      0      0      0      -      0      0      0      0      0      0      0      0      0      0      0      0      0      0      0      0      0      0      2      0      0      0      0      0      0      0      0      0      0      0      0      0      0      0      0      0      0      0      0      0     
0x2aebc75ad660           SHF.R.U32.HI R2, RZ, 0x4, R2                                                 10     5      10     65536  65536    65536    1      1      0      31     0      -             -          -      0      0      0      0      0      0      0      0      -      0      0      0      0      0      0      0      0      0      0      0      0      0      0      0      0      0      2      1      0      0      0      7      0      0      0      0      0      0      0      0      0      0      0      0      0      0      0      0      5     
0x2aebc75ad670           LOP3.LUT R4, R3, 0x3fff, RZ, 0xc0, !PT                                       4      1      4      65536  65536    65536    1      1      0      31     0      -             -          -      0      0      0      0      0      0      0      0      -      0      0      0      0      0      0      0      0      1      0      0      0      0      0      0      0      0      1      1      0      0      0      1      0      0      1      0      0      0      0      0      0      0      0      0      0      0      0      0      0     
0x2aebc75ad680           IMAD.MOV.U32 R3, RZ, RZ, 0x40004040                                          1      0      1      65536  65536    65536    1      1      0      31     0      -             -          -      0      0      0      0      0      0      0      0      -      0      0      0      0      0      0      0      0      0      0      0      0      0      0      0      0      0      0      1      0      0      0      0      0      0      0      0      0      0      0      0      0      0      0      0      0      0      0      0      0     
0x2aebc75ad690           LOP3.LUT R2, R2, 0x3fff, RZ, 0xc0, !PT                                       0      0      0      65536  65536    65536    1      1      0      31     0      -             -          -      0      0      0      0      0      0      0      0      -      0      0      0      0      0      0      0      0      0      0      0      0      0      0      0      0      0      0      0      0      0      0      0      0      0      0      0      0      0      0      0      0      0      0      0      0      0      0      0      0     
0x2aebc75ad6a0           VOTEU.ANY UP0, P1                                                            7      4      7      65536  65536    65536    1      1      0      31     0      -             -          -      0      0      0      0      0      0      0      0      -      0      0      0      0      0      0      0      0      0      0      0      0      0      0      0      0      0      0      0      0      0      0      7      0      0      0      0      0      0      0      0      0      0      0      0      0      0      0      0      4     
0x2aebc75ad6b0     @P0   ELECT P1, URZ, PT                                                            8      6      8      65536  65536    65536    1      1      0      31     0      -             -          -      0      0      0      0      0      0      0      0      -      0      0      0      0      0      0      0      0      0      0      0      0      0      0      0      0      0      1      0      0      0      0      7      0      0      0      0      0      0      0      0      0      0      0      0      0      0      0      0      6     
0x2aebc75ad6c0     @P1   R2UR.BROADCAST UR10, R4                                                      18     13     18     65536  65536    65536    1      1      0      31     0      -             -          -      0      0      0      0      0      0      0      0      -      0      0      0      0      0      0      0      0      0      0      0      0      3      0      0      0      0      1      0      0      0      0      14     0      0      0      0      0      0      0      0      0      0      0      0      0      0      0      0      13    
0x2aebc75ad6d0     @P1   R2UR.BROADCAST UR11, R5                                                      4      1      4      65536  65536    65536    1      1      0      31     0      -             -          -      0      0      0      0      0      0      0      0      -      0      0      0      0      0      0      0      0      0      0      0      0      0      0      0      0      0      0      3      0      0      0      1      0      0      0      0      0      0      0      0      0      0      0      0      0      0      0      0      1     
0x2aebc75ad6e0     @P1   R2UR.BROADCAST UR12, R2                                                      3      1      3      65536  65536    65536    1      1      0      31     0      -             -          -      0      0      0      0      0      0      0      0      -      0      0      0      0      0      0      0      0      0      0      0      0      0      0      0      0      0      0      1      0      0      0      2      0      0      0      0      0      0      0      0      0      0      0      0      0      0      0      0      1     
0x2aebc75ad6f0     @P1   R2UR.BROADCAST UR13, R3                                                      3      1      3      65536  65536    65536    1      1      0      31     0      -             -          -      0      0      0      0      0      0      0      0      -      0      0      0      0      0      0      0      0      0      0      0      0      0      0      0      0      0      0      1      0      0      0      2      0      0      0      0      0      0      0      0      0      0      0      0      0      0      0      0      1     
0x2aebc75ad700     @P1   PLOP3.LUT P0, PT, P1, PT, PT, 0x8, 0x80                                      1      1      1      65536  65536    65536    1      1      0      31     0      -             -          -      0      0      0      0      0      0      0      0      -      0      0      0      0      0      0      0      0      0      0      0      0      0      0      0      0      0      0      0      0      0      0      1      0      0      0      0      0      0      0      0      0      0      0      0      0      0      0      0      1     
0x2aebc75ad710           PLOP3.LUT P1, PT, PT, PT, PT, 0x8, 0x80                                      5      4      5      65536  65536    65536    1      1      0      31     0      -             -          -      0      0      0      0      0      0      0      0      -      0      0      0      0      0      0      0      0      0      0      0      0      0      0      0      0      0      0      1      0      0      0      4      0      0      0      0      0      0      0      0      0      0      0      0      0      0      0      0      4     
0x2aebc75ad720           UTCHMMA.2CTA gdesc[UR12], gdesc[UR10], tmem[UR8], tmem[UR4], idesc[UR5], UP0 12     6      12     65536  65536    65536    1      1      0      31     0      TmemShared    Load,Store -      0      0      0      0      0      0      0      0      -      0      0      0      0      0      0      0      0      0      0      0      0      0      0      0      0      0      3      1      0      0      0      8      0      0      0      0      0      0      0      0      0      0      0      0      0      0      0      0      6     
0x2aebc75ad730     @P0   BRA.U.ANY 0x2aebc75ad6b0                                                     4      0      4      65536  65536    0        1      0      1      32     0      -             -          -      0      0      0      0      0      0      0      0      -      0      0      0      0      0      0      0      0      0      0      0      0      0      0      0      0      0      1      2      0      0      0      1      0      0      0      0      0      0      0      0      0      0      0      0      0      0      0      0      0     
0x2aebc75ad740           VIADD R18, R18, 0x30                                                         6      4      6      65536  65536    65536    1      1      1      31     0      -             -          -      0      0      0      0      0      0      0      0      -      0      0      0      0      0      0      0      0      0      0      0      0      0      0      0      0      0      0      2      0      0      0      4      0      0      0      0      0      0      0      0      0      0      0      0      0      0      0      0      4     
0x2aebc75ad750           R2UR UR8, R6                                                                 11     11     11     65536  65536    65536    1      1      0      31     0      -             -          -      0      0      0      0      0      0      0      0      -      0      0      0      0      0      0      0      0      0      0      0      0      0      0      0      0      0      0      0      11     0      0      0      0      0      0      0      0      0      0      0      0      0      0      0      0      11     0      0      0     
0x2aebc75ad760           VIADD R2, R17, 0x60                                                          2      0      2      65536  65536    65536    1      1      0      31     0      -             -          -      0      0      0      0      0      0      0      0      -      0      0      0      0      0      0      0      0      0      0      0      0      0      0      0      0      0      0      2      0      0      0      0      0      0      0      0      0      0      0      0      0      0      0      0      0      0      0      0      0     
0x2aebc75ad770           PLOP3.LUT P0, PT, PT, PT, PT, 0x80, 0x8                                      2      0      2      65536  65536    65536    1      1      0      31     0      -             -          -      0      0      0      0      0      0      0      0      -      0      0      0      0      0      0      0      0      0      0      0      0      0      0      0      0      0      0      2      0      0      0      0      0      0      0      0      0      0      0      0      0      0      0      0      0      0      0      0      0     
0x2aebc75ad780           VIADD R17, R17, 0x4060                                                       0      0      0      65536  65536    65536    1      1      0      31     0      -             -          -      0      0      0      0      0      0      0      0      -      0      0      0      0      0      0      0      0      0      0      0      0      0      0      0      0      0      0      0      0      0      0      0      0      0      0      0      0      0      0      0      0      0      0      0      0      0      0      0      0     
0x2aebc75ad790           ISETP.NE.U32.AND P1, PT, R18, RZ, PT                                         1      0      1      65536  65536    65536    1      1      0      31     0      -             -          -      0      0      0      0      0      0      0      0      -      0      0      0      0      0      0      0      0      0      0      0      0      0      0      0      0      0      0      1      0      0      0      0      0      0      0      0      0      0      0      0      0      0      0      0      0      0      0      0      0     
0x2aebc75ad7a0           IMAD.MOV.U32 R3, RZ, RZ, 0x40004040                                          0      0      0      65536  65536    65536    1      1      0      31     0      -             -          -      0      0      0      0      0      0      0      0      -      0      0      0      0      0      0      0      0      0      0      0      0      0      0      0      0      0      0      0      0      0      0      0      0      0      0      0      0      0      0      0      0      0      0      0      0      0      0      0      0     
0x2aebc75ad7b0           SHF.R.U32.HI R2, RZ, 0x4, R2                                                 1      0      1      65536  65536    65536    1      1      0      31     0      -             -          -      0      0      0      0      0      0      0      0      -      0      0      0      0      0      0      0      0      0      0      0      0      0      0      0      0      0      0      1      0      0      0      0      0      0      0      0      0      0      0      0      0      0      0      0      0      0      0      0      0     
0x2aebc75ad7c0           IMAD.MOV.U32 R5, RZ, RZ, 0x40004040                                          1      0      1      65536  65536    65536    1      1      0      31     0      -             -          -      0      0      0      0      0      0      0      0      -      0      0      0      0      0      0      0      0      0      0      0      0      0      0      0      0      0      0      1      0      0      0      0      0      0      0      0      0      0      0      0      0      0      0      0      0      0      0      0      0     
0x2aebc75ad7d0           SHF.R.U32.HI R17, RZ, 0x4, R17                                               2      0      2      65536  65536    65536    1      1      0      31     0      -             -          -      0      0      0      0      0      0      0      0      -      0      0      0      0      0      0      0      0      0      0      0      0      0      0      0      0      0      0      2      0      0      0      0      0      0      0      0      0      0      0      0      0      0      0      0      0      0      0      0      0     
0x2aebc75ad7e0           LOP3.LUT R2, R2, 0x3fff, RZ, 0xc0, !PT                                       2      1      2      65536  65536    65536    1      1      0      31     0      -             -          -      0      0      0      0      0      0      0      0      -      0      0      0      0      0      0      0      0      0      0      0      0      0      0      0      0      0      0      0      0      0      0      2      0      0      0      0      0      0      0      0      0      0      0      0      0      0      0      0      1     
0x2aebc75ad7f0           LOP3.LUT R4, R17, 0x3fff, RZ, 0xc0, !PT                                      5      1      5      65536  65536    65536    1      1      0      31     0      -             -          -      0      0      0      0      0      0      0      0      -      0      0      0      0      0      0      0      0      0      0      0      0      1      0      0      0      0      0      1      0      0      0      3      0      0      0      0      0      0      0      0      0      0      0      0      0      0      0      0      1     
0x2aebc75ad800           VOTEU.ANY UP0, P1                                                            9      6      9      65536  65536    65536    1      1      0      31     0      -             -          -      0      0      0      0      0      0      0      0      -      0      0      0      0      0      0      0      0      0      0      0      0      0      0      0      0      0      1      1      0      0      0      7      0      0      0      0      0      0      0      0      0      0      0      0      0      0      0      0      6     
0x2aebc75ad810     @P0   ELECT P1, URZ, PT                                                            9      5      9      65536  65536    65536    1      1      0      31     0      -             -          -      0      0      0      0      0      0      0      0      -      0      0      0      0      0      0      0      0      0      0      0      0      0      0      0      0      0      1      2      0      0      0      6      0      0      0      0      0      0      0      0      0      0      0      0      0      0      0      0      5     
0x2aebc75ad820     @P1   R2UR.BROADCAST UR10, R4                                                      20     13     20     65536  65536    65536    1      1      0      31     0      -             -          -      0      0      0      0      0      0      0      0      -      0      0      0      0      0      0      0      0      0      0      0      0      1      0      0      0      0      0      1      0      0      0      18     0      0      0      0      0      0      0      0      0      0      0      0      0      0      0      0      13    
0x2aebc75ad830     @P1   R2UR.BROADCAST UR11, R5                                                      2      0      2      65536  65536    65536    1      1      0      31     0      -             -          -      0      0      0      0      0      0      0      0      -      0      0      0      0      0      0      0      0      0      0      0      0      0      0      0      0      0      0      2      0      0      0      0      0      0      0      0      0      0      0      0      0      0      0      0      0      0      0      0      0     
0x2aebc75ad840     @P1   R2UR.BROADCAST UR12, R2                                                      3      0      3      65536  65536    65536    1      1      0      31     0      -             -          -      0      0      0      0      0      0      0      0      -      0      0      0      0      0      0      0      0      0      0      0      0      0      0      0      0      0      0      2      0      0      0      1      0      0      0      0      0      0      0      0      0      0      0      0      0      0      0      0      0     
0x2aebc75ad850     @P1   R2UR.BROADCAST UR13, R3                                                      3      1      3      65536  65536    65536    1      1      0      31     0      -             -          -      0      0      0      0      0      0      0      0      -      0      0      0      0      0      0      0      0      0      0      0      0      0      0      0      0      0      0      2      0      0      0      1      0      0      0      0      0      0      0      0      0      0      0      0      0      0      0      0      1     
0x2aebc75ad860     @P1   PLOP3.LUT P0, PT, P1, PT, PT, 0x8, 0x80                                      5      2      5      65536  65536    65536    1      1      0      31     0      -             -          -      0      0      0      0      0      0      0      0      -      0      0      0      0      0      0      0      0      0      0      0      0      0      0      0      0      0      0      3      0      0      0      2      0      0      0      0      0      0      0      0      0      0      0      0      0      0      0      0      2     
0x2aebc75ad870           PLOP3.LUT P1, PT, PT, PT, PT, 0x8, 0x80                                      1      1      1      65536  65536    65536    1      1      0      31     0      -             -          -      0      0      0      0      0      0      0      0      -      0      0      0      0      0      0      0      0      0      0      0      0      0      0      0      0      0      0      0      0      0      0      1      0      0      0      0      0      0      0      0      0      0      0      0      0      0      0      0      1     
0x2aebc75ad880           UTCHMMA.2CTA gdesc[UR12], gdesc[UR10], tmem[UR8], tmem[UR4], idesc[UR5], UP0 11     9      11     65536  65536    65536    1      1      0      31     0      TmemShared    Load,Store -      0      0      0      0      0      0      0      0      -      0      0      0      0      0      0      0      0      0      0      0      0      0      0      0      0      0      0      0      0      0      0      11     0      0      0      0      0      0      0      0      0      0      0      0      0      0      0      0      9     
0x2aebc75ad890     @P0   BRA.U.ANY 0x2aebc75ad810                                                     4      2      4      65536  65536    0        1      0      1      32     0      -             -          -      0      0      0      0      0      0      0      0      -      0      0      0      0      0      0      0      0      0      0      0      0      0      0      0      0      0      0      1      0      0      0      3      0      0      0      0      0      0      0      0      0      0      0      0      0      0      0      0      2     
0x2aebc75ad8a0           PLOP3.LUT P0, PT, PT, PT, PT, 0x80, 0x8                                      7      5      7      65536  65536    65536    1      1      1      31     0      -             -          -      0      0      0      0      0      0      0      0      -      0      0      0      0      0      0      0      0      0      0      0      0      0      0      0      0      0      0      1      0      0      0      6      0      0      0      0      0      0      0      0      0      0      0      0      0      0      0      0      5     
0x2aebc75ad8b0           UMOV UR4, 0x3                                                                5      4      5      65536  65536    65536    1      1      0      31     0      -             -          -      0      0      0      0      0      0      0      0      -      0      0      0      0      0      0      0      0      0      0      0      0      0      0      0      0      0      0      0      5      0      0      0      0      0      0      0      0      0      0      0      0      0      0      0      0      4      0      0      0     
0x2aebc75ad8c0     @P0   ELECT P1, URZ, PT                                                            18     15     18     65536  65536    65536    1      1      0      31     0      -             -          -      0      0      0      0      0      0      0      0      -      0      0      0      0      0      0      0      0      0      0      0      0      1      0      0      0      0      1      1      0      0      0      15     0      0      0      0      0      0      0      0      0      0      0      0      0      0      0      0      15    
0x2aebc75ad8d0     @P1   R2UR.BROADCAST UR5, R12                                                      20     19     20     65536  65536    65536    1      1      0      31     0      -             -          -      0      0      0      0      0      0      0      0      -      0      0      0      0      0      0      0      0      0      0      0      0      0      0      0      0      0      0      0      0      0      0      20     0      0      0      0      0      0      0      0      0      0      0      0      0      0      0      0      19    
0x2aebc75ad8e0     @P1   PLOP3.LUT P0, PT, P1, PT, PT, 0x8, 0x80                                      1      1      1      65536  65536    65536    1      1      0      31     0      -             -          -      0      0      0      0      0      0      0      0      -      0      0      0      0      0      0      0      0      0      0      0      0      0      0      0      0      0      0      0      0      0      0      1      0      0      0      0      0      0      0      0      0      0      0      0      0      0      0      0      1     
0x2aebc75ad8f0           UTCBAR.2CTA.MULTICAST [UR5], URZ, UR4                                        10     6      10     65536  65536    65536    1      1      0      31     0      -             -          -      0      0      0      0      0      0      0      0      -      0      0      0      0      0      0      0      0      0      0      0      0      0      0      0      0      0      0      2      0      0      0      8      0      0      0      0      0      0      0      0      0      0      0      0      0      0      0      0      6     
0x2aebc75ad900           PLOP3.LUT P1, PT, PT, PT, PT, 0x8, 0x80                                      1      0      1      65536  65536    65536    1      1      0      31     0      -             -          -      0      0      0      0      0      0      0      0      -      0      0      0      0      0      0      0      0      0      0      0      0      0      0      0      0      0      0      1      0      0      0      0      0      0      0      0      0      0      0      0      0      0      0      0      0      0      0      0      0     
0x2aebc75ad910     @P0   BRA.U.ANY 0x2aebc75ad8c0                                                     2      0      2      65536  65536    0        1      0      1      32     0      -             -          -      0      0      0      0      0      0      0      0      -      0      0      0      0      0      0      0      0      0      0      0      0      0      0      0      0      0      0      2      0      0      0      0      0      0      0      0      0      0      0      0      0      0      0      0      0      0      0      0      0     
0x2aebc75ad920           BSYNC.RECONVERGENT B1                                                        76     65     76     589824 16777216 16777216 28     28     28     4      0      -             -          -      0      0      0      0      0      0      0      0      -      0      0      0      0      0      0      0      26     0      0      0      0      0      0      0      0      36     0      1      0      0      0      13     0      24     0      0      0      0      0      0      0      0      29     0      0      0      0      0      12    
0x2aebc75ad930           ISETP.GE.AND P0, PT, R11, R8, PT                                             211    141    211    524288 16777216 16777216 32     32     4      0      0      -             -          -      0      0      0      0      0      0      0      0      -      0      0      0      0      0      0      0      135    0      0      0      0      4      0      0      0      0      9      19     0      0      0      44     0      101    0      0      0      0      1      0      0      0      0      0      0      0      0      0      39    
0x2aebc75ad940           BSSY B1, 0x2aebc75adc70                                                      10     0      10     524288 16777216 16777216 32     32     0      0      0      -             -          -      0      0      0      0      0      0      0      0      -      0      0      0      0      0      0      0      0      0      0      0      0      0      0      0      0      0      0      10     0      0      0      0      0      0      0      0      0      0      0      0      0      0      0      0      0      0      0      0      0     
0x2aebc75ad950           ISETP.NE.OR P0, PT, R0, RZ, P0                                               43     20     43     524288 16777216 16777216 32     32     0      0      0      -             -          -      0      0      0      0      0      0      0      0      -      0      0      0      0      0      0      0      0      0      0      0      0      1      0      0      0      0      0      19     0      0      0      23     0      0      0      0      0      0      0      0      0      0      0      0      0      0      0      0      20    
0x2aebc75ad960     @P0   BRA 0x2aebc75adc60                                                           131    93     131    524288 16777216 16651264 32     31     1      1      125952 -             -          -      0      0      0      0      0      0      0      0      -      0      0      0      0      0      0      0      0      0      0      0      0      0      0      0      0      0      3      13     0      0      0      115    0      0      0      0      0      0      0      0      0      0      0      0      0      0      0      0      93    
0x2aebc75ad970           VIADD R3, R11, 0xfffffffd                                                    61     48     61     248832 248832   248832   1      1      30     31     0      -             -          -      0      0      0      0      0      0      0      0      -      0      0      0      0      0      0      0      13     0      0      0      0      0      0      0      0      5      1      9      0      0      0      33     0      13     0      0      0      0      0      0      0      0      5      0      0      0      0      0      30    
0x2aebc75ad980           YIELD                                                                        6      4      6      248832 248832   248832   1      1      0      31     0      -             -          -      0      0      0      0      0      0      0      0      -      0      0      0      0      0      0      0      0      0      0      0      0      0      0      0      0      4      0      2      0      0      0      0      0      0      0      0      0      0      0      0      0      0      4      0      0      0      0      0      0     
0x2aebc75ad990           IMAD.HI R2, R11, 0x55555556, RZ                                              259    233    259    248832 248832   248832   1      1      0      31     0      -             -          -      0      0      0      0      0      0      0      0      -      0      0      0      0      0      0      0      205    0      0      0      0      1      0      0      13     10     1      7      0      0      0      22     0      192    0      0      0      0      0      0      0      12     8      0      0      0      0      0      21    
0x2aebc75ad9a0           IMAD.HI R3, R3, 0x55555556, RZ                                               26     22     26     248832 248832   248832   1      1      0      31     0      -             -          -      0      0      0      0      0      0      0      0      -      0      0      0      0      0      0      0      0      0      0      0      0      0      0      0      0      0      1      3      0      0      0      22     0      0      0      0      0      0      0      0      0      0      0      0      0      0      0      0      22    
0x2aebc75ad9b0           LEA.HI R2, R2, R2, RZ, 0x1                                                   23     0      23     248832 248832   248832   1      1      0      31     0      -             -          -      0      0      0      0      0      0      0      0      -      0      0      0      0      0      0      0      0      17     0      0      0      0      0      0      0      0      0      6      0      0      0      0      0      0      0      0      0      0      0      0      0      0      0      0      0      0      0      0      0     
0x2aebc75ad9c0           LEA.HI R3, R3, R3, RZ, 0x1                                                   31     22     31     248832 248832   248832   1      1      0      31     0      -             -          -      0      0      0      0      0      0      0      0      -      0      0      0      0      0      0      0      0      9      0      0      0      2      0      0      0      0      0      5      0      0      0      15     0      0      8      0      0      0      0      0      0      0      0      0      0      0      0      0      14    
0x2aebc75ad9d0           IMAD R5, R2, -0x3, R11                                                       2      0      2      248832 248832   248832   1      1      0      31     0      -             -          -      0      0      0      0      0      0      0      0      -      0      0      0      0      0      0      0      0      0      0      0      0      0      0      0      0      0      0      2      0      0      0      0      0      0      0      0      0      0      0      0      0      0      0      0      0      0      0      0      0     
0x2aebc75ad9e0           LOP3.LUT R3, R3, 0x1, RZ, 0xc0, !PT                                          20     16     20     248832 248832   248832   1      1      0      31     0      -             -          -      0      0      0      0      0      0      0      0      -      0      0      0      0      0      0      0      0      0      0      0      0      1      0      0      0      0      1      3      0      0      0      15     0      0      0      0      0      0      1      0      0      0      0      0      0      0      0      0      15    
0x2aebc75ad9f0           IMAD R2, R5, 0x8, R14                                                        5      0      5      248832 248832   248832   1      1      0      31     0      -             -          -      0      0      0      0      0      0      0      0      -      0      0      0      0      0      0      0      0      0      0      0      0      0      0      0      0      0      0      5      0      0      0      0      0      0      0      0      0      0      0      0      0      0      0      0      0      0      0      0      0     
0x2aebc75ada00           SHF.L.U32 R3, R3, 0x1f, RZ                                                   23     16     23     248832 248832   248832   1      1      0      31     0      -             -          -      0      0      0      0      0      0      0      0      -      0      0      0      0      0      0      0      0      0      0      0      0      0      0      0      0      0      1      5      0      0      0      17     0      0      0      0      0      0      0      0      0      0      0      0      0      0      0      0      16    
0x2aebc75ada10           SYNCS.PHASECHK.TRANS64.TRYWAIT P0, [R2+URZ], R3                              24     13     24     248832 248832   248832   1      1      0      31     0      -             -          -      0      0      0      0      0      0      0      0      -      0      0      0      0      0      0      0      0      0      0      0      0      0      0      0      0      0      1      8      0      0      0      15     0      0      0      0      0      0      0      0      0      0      0      0      0      0      0      0      13    
0x2aebc75ada20     @!P0  BRA 0x2aebc75adc60                                                           196    178    196    248832 248832   123904   1      0      1      32     0      -             -          -      0      0      0      0      0      0      0      0      -      0      0      0      0      0      0      0      0      0      0      0      187    0      0      0      0      0      2      3      0      0      0      4      0      0      0      0      0      174    0      0      0      0      0      0      0      0      0      0      4     
0x2aebc75ada30           LDCU.64 UR8, c[0x0][0x348]                                                   21     17     21     124928 124928   124928   1      1      1      31     0      -             -          -      0      0      0      0      0      0      0      0      -      0      0      0      0      0      0      0      0      0      0      0      0      0      0      0      0      0      0      4      0      0      0      17     0      0      0      0      0      0      0      0      0      0      0      0      0      0      0      0      17    
0x2aebc75ada40           R2UR UR15, R9                                                                4      0      4      124928 124928   124928   1      1      0      31     0      -             -          -      0      0      0      0      0      0      0      0      -      0      0      0      0      0      0      0      0      0      0      0      0      0      0      0      0      0      0      4      0      0      0      0      0      0      0      0      0      0      0      0      0      0      0      0      0      0      0      0      0     
0x2aebc75ada50           IMAD R2, R5, 0x8, R13                                                        2      0      2      124928 124928   124928   1      1      0      31     0      -             -          -      0      0      0      0      0      0      0      0      -      0      0      0      0      0      0      0      0      0      0      0      0      0      0      0      0      0      0      2      0      0      0      0      0      0      0      0      0      0      0      0      0      0      0      0      0      0      0      0      0     
0x2aebc75ada60           PLOP3.LUT P0, PT, PT, PT, PT, 0x80, 0x8                                      3      0      3      124928 124928   124928   1      1      0      31     0      -             -          -      0      0      0      0      0      0      0      0      -      0      0      0      0      0      0      0      0      0      0      0      0      0      0      0      0      0      0      3      0      0      0      0      0      0      0      0      0      0      0      0      0      0      0      0      0      0      0      0      0     
0x2aebc75ada70           IMAD.MOV.U32 R3, RZ, RZ, 0x5000                                              1      0      1      124928 124928   124928   1      1      0      31     0      -             -          -      0      0      0      0      0      0      0      0      -      0      0      0      0      0      0      0      0      0      0      0      0      0      0      0      0      0      0      1      0      0      0      0      0      0      0      0      0      0      0      0      0      0      0      0      0      0      0      0      0     
0x2aebc75ada80           IMAD.SHL.U32 R4, R11, 0x40, RZ                                               4      3      4      124928 124928   124928   1      1      0      31     0      -             -          -      0      0      0      0      0      0      0      0      -      0      0      0      0      0      0      0      0      0      0      0      0      0      0      0      0      0      0      1      0      0      0      3      0      0      0      0      0      0      0      0      0      0      0      0      0      0      0      0      3     
0x2aebc75ada90           SYNCS.ARRIVE.TRANS64 RZ, [R2+URZ], R3                                        2      0      2      124928 124928   124928   1      1      0      31     0      -             -          -      0      0      0      0      0      0      0      0      -      0      0      0      0      0      0      0      0      0      0      0      0      0      0      0      0      0      0      1      0      0      0      1      0      0      0      0      0      0      0      0      0      0      0      0      0      0      0      0      0     
0x2aebc75adaa0           UIADD3 UR4, UP0, UPT, UR8, 0x80, URZ                                         25     18     25     124928 124928   124928   1      1      0      31     0      -             -          -      0      0      0      0      0      0      0      0      -      0      0      0      0      0      0      0      0      0      0      0      0      0      0      0      0      0      0      3      22     0      0      0      0      0      0      0      0      0      0      0      0      0      0      0      0      18     0      0      0     
0x2aebc75adab0           IMAD R3, R5, 0x5000, R10                                                     8      3      8      124928 124928   124928   1      1      0      31     0      -             -          -      0      0      0      0      0      0      0      0      -      0      0      0      0      0      0      0      0      0      0      0      4      0      0      0      0      0      0      4      0      0      0      0      0      0      0      0      0      3      0      0      0      0      0      0      0      0      0      0      0     
0x2aebc75adac0           UIADD3.X UR5, UPT, UPT, URZ, UR9, URZ, UP0, !UPT                             5      4      5      124928 124928   124928   1      1      0      31     0      -             -          -      0      0      0      0      0      0      0      0      -      0      0      0      0      0      0      0      0      0      0      0      0      0      0      0      0      0      0      1      0      0      0      4      0      0      0      0      0      0      0      0      0      0      0      0      0      0      0      0      4     
0x2aebc75adad0     @P0   ELECT P1, URZ, PT                                                            32     27     32     124928 124928   124928   1      1      0      31     0      -             -          -      0      0      0      0      0      0      0      0      -      0      0      0      0      0      0      0      0      0      0      0      0      0      0      0      0      0      1      2      0      0      0      29     0      0      0      0      0      0      0      0      0      0      0      0      0      0      0      0      27    
0x2aebc75adae0     @P1   R2UR.BROADCAST UR14, R4                                                      32     30     32     124928 124928   124928   1      1      0      31     0      -             -          -      0      0      0      0      0      0      0      0      -      0      0      0      0      0      0      0      0      0      0      0      0      0      0      0      0      0      0      2      0      0      0      30     0      0      0      0      0      0      0      0      0      0      0      0      0      0      0      0      30    
0x2aebc75adaf0     @P1   R2UR.BROADCAST UR13, R2                                                      6      2      6      124928 124928   124928   1      1      0      31     0      -             -          -      0      0      0      0      0      0      0      0      -      0      0      0      0      0      0      0      0      0      0      0      0      0      0      0      0      0      0      4      0      0      0      2      0      0      0      0      0      0      0      0      0      0      0      0      0      0      0      0      2     
0x2aebc75adb00     @P1   R2UR.BROADCAST UR12, R3                                                      5      5      5      124928 124928   124928   1      1      0      31     0      -             -          -      0      0      0      0      0      0      0      0      -      0      0      0      0      0      0      0      0      0      0      0      0      0      0      0      0      0      0      0      0      0      0      5      0      0      0      0      0      0      0      0      0      0      0      0      0      0      0      0      5     
0x2aebc75adb10     @P1   PLOP3.LUT P0, PT, P1, PT, PT, 0x8, 0x80                                      4      1      4      124928 124928   124928   1      1      0      31     0      -             -          -      0      0      0      0      0      0      0      0      -      0      0      0      0      0      0      0      0      0      0      0      0      0      0      0      0      0      0      3      0      0      0      1      0      0      0      0      0      0      0      0      0      0      0      0      0      0      0      0      1     
0x2aebc75adb20           PLOP3.LUT P1, PT, PT, PT, PT, 0x8, 0x80                                      11     5      11     124928 124928   124928   1      1      0      31     0      -             -          -      0      0      0      0      0      0      0      0      -      0      0      0      0      0      0      0      0      0      0      0      0      0      0      0      0      0      0      5      0      0      0      6      0      0      0      0      0      0      0      0      0      0      0      0      0      0      0      0      5     
0x2aebc75adb30           UTMALDG.2D [UR12], [UR4]                                                     23     19     23     124928 124928   124928   1      1      0      31     0      Global,Shared -          -      0      0      0      0      0      0      0      0      -      0      0      0      0      0      0      0      0      0      0      0      0      0      0      0      0      0      0      3      0      0      0      20     0      0      0      0      0      0      0      0      0      0      0      0      0      0      0      0      19    
0x2aebc75adb40     @P0   BRA.U.ANY 0x2aebc75adad0                                                     6      3      6      124928 124928   0        1      0      1      32     0      -             -          -      0      0      0      0      0      0      0      0      -      0      0      0      0      0      0      0      0      0      0      0      0      0      0      0      0      0      0      3      0      0      0      3      0      0      0      0      0      0      0      0      0      0      0      0      0      0      0      0      3     
0x2aebc75adb50           R2UR UR11, R16                                                               10     7      10     124928 124928   124928   1      1      1      31     0      -             -          -      0      0      0      0      0      0      0      0      -      0      0      0      0      0      0      0      0      0      0      0      0      0      0      0      0      0      0      2      0      0      0      8      0      0      0      0      0      0      0      0      0      0      0      0      0      0      0      0      7     
0x2aebc75adb60           UIADD3 UR4, UP0, UPT, UR8, 0x100, URZ                                        14     9      14     124928 124928   124928   1      1      0      31     0      -             -          -      0      0      0      0      0      0      0      0      -      0      0      0      0      0      0      0      0      0      0      0      11     0      0      0      0      0      0      3      0      0      0      0      0      0      0      0      0      9      0      0      0      0      0      0      0      0      0      0      0     
0x2aebc75adb70           PLOP3.LUT P0, PT, PT, PT, PT, 0x80, 0x8                                      1      0      1      124928 124928   124928   1      1      0      31     0      -             -          -      0      0      0      0      0      0      0      0      -      0      0      0      0      0      0      0      0      0      0      0      0      0      0      0      0      0      0      1      0      0      0      0      0      0      0      0      0      0      0      0      0      0      0      0      0      0      0      0      0     
0x2aebc75adb80           VIADD R3, R3, 0x4000                                                         3      0      3      124928 124928   124928   1      1      0      31     0      -             -          -      0      0      0      0      0      0      0      0      -      0      0      0      0      0      0      0      0      0      0      0      0      0      0      0      0      0      0      3      0      0      0      0      0      0      0      0      0      0      0      0      0      0      0      0      0      0      0      0      0     
0x2aebc75adb90           UIADD3.X UR5, UPT, UPT, URZ, UR9, URZ, UP0, !UPT                             7      4      7      124928 124928   124928   1      1      0      31     0      -             -          -      0      0      0      0      0      0      0      0      -      0      0      0      0      0      0      0      0      0      0      0      0      0      0      0      0      0      0      3      0      0      0      4      0      0      0      0      0      0      0      0      0      0      0      0      0      0      0      0      4     
0x2aebc75adba0     @P0   ELECT P1, URZ, PT                                                            39     29     39     124928 124928   124928   1      1      0      31     0      -             -          -      0      0      0      0      0      0      0      0      -      0      0      0      0      0      0      0      0      0      0      0      0      0      0      0      0      0      0      2      0      0      0      37     0      0      0      0      0      0      0      0      0      0      0      0      0      0      0      0      29    
0x2aebc75adbb0     @P1   R2UR.BROADCAST UR10, R4                                                      28     21     28     124928 124928   124928   1      1      0      31     0      -             -          -      0      0      0      0      0      0      0      0      -      0      0      0      0      0      0      0      0      0      0      0      0      0      0      0      0      0      0      5      0      0      0      23     0      0      0      0      0      0      0      0      0      0      0      0      0      0      0      0      21    
0x2aebc75adbc0     @P1   R2UR.BROADCAST UR9, R2                                                       4      3      4      124928 124928   124928   1      1      0      31     0      -             -          -      0      0      0      0      0      0      0      0      -      0      0      0      0      0      0      0      0      0      0      0      0      0      0      0      0      0      1      0      0      0      0      3      0      0      0      0      0      0      0      0      0      0      0      0      0      0      0      0      3     
0x2aebc75adbd0     @P1   R2UR.BROADCAST UR8, R3                                                       1      1      1      124928 124928   124928   1      1      0      31     0      -             -          -      0      0      0      0      0      0      0      0      -      0      0      0      0      0      0      0      0      0      0      0      0      0      0      0      0      0      0      0      0      0      0      1      0      0      0      0      0      0      0      0      0      0      0      0      0      0      0      0      1     
0x2aebc75adbe0     @P1   PLOP3.LUT P0, PT, P1, PT, PT, 0x8, 0x80                                      5      0      5      124928 124928   124928   1      1      0      31     0      -             -          -      0      0      0      0      0      0      0      0      -      0      0      0      0      0      0      0      0      0      0      0      0      0      0      0      0      0      0      5      0      0      0      0      0      0      0      0      0      0      0      0      0      0      0      0      0      0      0      0      0     
0x2aebc75adbf0           PLOP3.LUT P1, PT, PT, PT, PT, 0x8, 0x80                                      5      0      5      124928 124928   124928   1      1      0      31     0      -             -          -      0      0      0      0      0      0      0      0      -      0      0      0      0      0      0      0      0      0      0      0      0      0      0      0      0      0      0      5      0      0      0      0      0      0      0      0      0      0      0      0      0      0      0      0      0      0      0      0      0     
0x2aebc75adc00           UTMALDG.2D [UR8], [UR4]                                                      26     23     26     124928 124928   124928   1      1      0      31     0      Global,Shared -          -      0      0      0      0      0      0      0      0      -      0      0      0      0      0      0      0      0      0      0      0      0      0      0      0      0      0      0      2      0      0      0      24     0      0      0      0      0      0      0      0      0      0      0      0      0      0      0      0      23    
0x2aebc75adc10     @P0   BRA.U.ANY 0x2aebc75adba0                                                     9      3      9      124928 124928   0        1      0      1      32     0      -             -          -      0      0      0      0      0      0      0      0      -      0      0      0      0      0      0      0      0      0      0      0      0      0      0      0      0      0      0      5      0      0      0      4      0      0      0      0      0      0      0      0      0      0      0      0      0      0      0      0      3     
0x2aebc75adc20           VIADD R11, R11, 0x1                                                          16     14     16     124928 124928   124928   1      1      1      31     0      -             -          -      0      0      0      0      0      0      0      0      -      0      0      0      0      0      0      0      0      0      0      0      0      0      0      0      0      0      0      2      0      0      0      14     0      0      0      0      0      0      0      0      0      0      0      0      0      0      0      0      14    
0x2aebc75adc30           ISETP.NE.AND P0, PT, R11, R8, PT                                             6      5      6      124928 124928   124928   1      1      0      31     0      -             -          -      0      0      0      0      0      0      0      0      -      0      0      0      0      0      0      0      0      0      0      0      0      0      0      0      0      0      0      1      0      0      0      5      0      0      0      0      0      0      0      0      0      0      0      0      0      0      0      0      5     
0x2aebc75adc40     @P0   BRA 0x2aebc75ad970                                                           33     31     33     124928 124928   122880   1      0      1      32     0      -             -          -      0      0      0      0      0      0      0      0      -      0      0      0      0      0      0      0      0      0      0      0      0      0      0      0      0      0      0      1      0      0      0      32     0      0      0      0      0      0      0      0      0      0      0      0      0      0      0      0      31    
0x2aebc75adc50           IMAD.MOV.U32 R11, RZ, RZ, R8                                                 16     11     16     2048   2048     2048     1      1      1      31     0      -             -          -      0      0      0      0      0      0      0      0      -      0      0      0      0      0      0      0      0      0      0      0      0      0      0      0      0      0      0      5      0      0      0      11     0      0      0      0      0      0      0      0      0      0      0      0      0      0      0      0      11    
0x2aebc75adc60           BSYNC B1                                                                     82     66     82     650240 16777216 16777216 25     25     24     7      0      -             -          -      0      0      0      0      0      0      0      0      -      0      0      0      0      0      0      0      40     0      0      0      0      0      0      0      0      41     1      0      0      0      0      0      0      34     0      0      0      0      0      0      0      0      32     0      0      0      0      0      0     
0x2aebc75adc70           VIADD R15, R15, 0x1                                                          369    306    369    524288 16777216 16777216 32     32     7      0      0      -             -          -      0      0      0      0      0      0      0      0      -      0      0      0      0      0      0      0      272    1      0      0      0      2      0      0      7      0      3      20     0      0      0      64     0      239    1      0      0      0      0      0      0      7      0      0      0      0      0      0      59    
0x2aebc75adc80           ISETP.NE.AND P0, PT, R15, R8, PT                                             55     41     55     524288 16777216 16777216 32     32     0      0      0      -             -          -      0      0      0      0      0      0      0      0      -      0      0      0      0      0      0      0      0      0      0      0      0      0      0      0      0      0      3      8      0      0      0      44     0      0      0      0      0      0      0      0      0      0      0      0      0      0      0      0      41    
0x2aebc75adc90     @P0   BRA 0x2aebc75acd70                                                           164    120    164    524288 16777216 16515072 32     31     1      1      0      -             -          -      0      0      0      0      0      0      0      0      -      0      0      0      0      0      0      0      0      1      0      0      0      0      0      0      0      0      5      11     0      0      0      147    0      0      1      0      0      0      0      0      0      0      0      0      0      0      0      0      119   
0x2aebc75adca0           BSYNC B0                                                                     49     36     49     8192   262144   262144   32     32     1      0      0      -             -          -      0      0      0      0      0      0      0      0      -      0      0      0      0      0      0      0      0      0      0      0      0      0      0      0      0      0      0      7      0      0      0      42     0      0      0      0      0      0      0      0      0      0      0      0      0      0      0      0      36    
0x2aebc75adcb0           S2R R2, SR_CgaCtaId                                                          6      3      6      8192   262144   262144   32     32     0      0      0      -             -          -      0      0      0      0      0      0      0      0      -      0      0      0      0      0      0      0      1      1      0      0      0      0      0      0      0      0      0      2      0      0      0      2      0      1      0      0      0      0      0      0      0      0      0      0      0      0      0      0      2     
0x2aebc75adcc0           VIADD R8, R8, 0xffffffff                                                     0      0      0      8192   262144   262144   32     32     0      0      0      -             -          -      0      0      0      0      0      0      0      0      -      0      0      0      0      0      0      0      0      0      0      0      0      0      0      0      0      0      0      0      0      0      0      0      0      0      0      0      0      0      0      0      0      0      0      0      0      0      0      0      0     
0x2aebc75adcd0           MOV R4, 0x400                                                                0      0      0      8192   262144   262144   32     32     0      0      0      -             -          -      0      0      0      0      0      0      0      0      -      0      0      0      0      0      0      0      0      0      0      0      0      0      0      0      0      0      0      0      0      0      0      0      0      0      0      0      0      0      0      0      0      0      0      0      0      0      0      0      0     
0x2aebc75adce0           IMAD.HI R3, R8, 0x55555556, RZ                                               0      0      0      8192   262144   262144   32     32     0      0      0      -             -          -      0      0      0      0      0      0      0      0      -      0      0      0      0      0      0      0      0      0      0      0      0      0      0      0      0      0      0      0      0      0      0      0      0      0      0      0      0      0      0      0      0      0      0      0      0      0      0      0      0     
0x2aebc75adcf0           VIADD R5, R4, 0x8                                                            2      0      2      8192   262144   262144   32     32     0      0      0      -             -          -      0      0      0      0      0      0      0      0      -      0      0      0      0      0      0      0      0      0      0      0      0      1      0      0      0      0      0      0      0      0      0      1      0      0      0      0      0      0      0      0      0      0      0      0      0      0      0      0      0     
0x2aebc75add00           LEA.HI R3, R3, R3, RZ, 0x1                                                   1      0      1      8192   262144   262144   32     32     0      0      0      -             -          -      0      0      0      0      0      0      0      0      -      0      0      0      0      0      0      0      0      1      0      0      0      0      0      0      0      0      0      0      0      0      0      0      0      0      0      0      0      0      0      0      0      0      0      0      0      0      0      0      0     
0x2aebc75add10           IMAD R8, R3, -0x3, R8                                                        1      1      1      8192   262144   262144   32     32     0      0      0      -             -          -      0      0      0      0      0      0      0      0      -      0      0      0      0      0      0      0      0      0      0      0      0      0      0      0      0      0      0      0      0      0      0      1      0      0      0      0      0      0      0      0      0      0      0      0      0      0      0      0      1     
0x2aebc75add20           LOP3.LUT R3, R3, 0x1, RZ, 0xc0, !PT                                          1      0      1      8192   262144   262144   32     32     0      0      0      -             -          -      0      0      0      0      0      0      0      0      -      0      0      0      0      0      0      0      0      0      0      0      0      0      0      0      0      0      0      1      0      0      0      0      0      0      0      0      0      0      0      0      0      0      0      0      0      0      0      0      0     
0x2aebc75add30           SHF.L.U32 R3, R3, 0x1f, RZ                                                   1      0      1      8192   262144   262144   32     32     0      0      0      -             -          -      0      0      0      0      0      0      0      0      -      0      0      0      0      0      0      0      0      0      0      0      0      0      0      0      0      0      1      0      0      0      0      0      0      0      0      0      0      0      0      0      0      0      0      0      0      0      0      0      0     
0x2aebc75add40           LEA R5, R2, R5, 0x18                                                         0      0      0      8192   262144   262144   32     32     0      0      0      -             -          -      0      0      0      0      0      0      0      0      -      0      0      0      0      0      0      0      0      0      0      0      0      0      0      0      0      0      0      0      0      0      0      0      0      0      0      0      0      0      0      0      0      0      0      0      0      0      0      0      0     
0x2aebc75add50           IMAD R8, R8, 0x8, R5                                                         2      1      2      8192   262144   262144   32     32     0      0      0      -             -          -      0      0      0      0      0      0      0      0      -      0      0      0      0      0      0      0      0      0      0      0      0      0      0      0      0      0      0      0      0      0      0      2      0      0      0      0      0      0      0      0      0      0      0      0      0      0      0      0      1     
0x2aebc75add60           SYNCS.PHASECHK.TRANS64.TRYWAIT P0, [R8+URZ], R3                              0      0      0      8192   262144   262144   32     32     0      0      0      -             -          -      0      0      0      0      0      0      0      0      -      0      0      0      0      0      0      0      0      0      0      0      0      0      0      0      0      0      0      0      0      0      0      0      0      0      0      0      0      0      0      0      0      0      0      0      0      0      0      0      0     
0x2aebc75add70     @!P0  BRA 0x2aebc75af830                                                           61     57     61     8192   262144   229376   32     28     4      4      0      -             -          -      0      0      0      0      0      0      0      0      -      0      0      0      0      0      0      0      0      0      0      0      61     0      0      0      0      0      0      0      0      0      0      0      0      0      0      0      0      57     0      0      0      0      0      0      0      0      0      0      0     
0x2aebc75add80           LDCU UR4, c[0x0][0x39c]                                                      0      0      0      8192   262144   262144   32     32     4      0      0      -             -          -      0      0      0      0      0      0      0      0      -      0      0      0      0      0      0      0      0      0      0      0      0      0      0      0      0      0      0      0      0      0      0      0      0      0      0      0      0      0      0      0      0      0      0      0      0      0      0      0      0     
0x2aebc75add90           IMAD.U32 R3, R0, 0x10000, RZ                                                 0      0      0      8192   262144   262144   32     32     0      0      0      -             -          -      0      0      0      0      0      0      0      0      -      0      0      0      0      0      0      0      0      0      0      0      0      0      0      0      0      0      0      0      0      0      0      0      0      0      0      0      0      0      0      0      0      0      0      0      0      0      0      0      0     
0x2aebc75adda0           NOP                                                                          0      0      0      8192   262144   262144   32     32     0      0      0      -             -          -      0      0      0      0      0      0      0      0      -      0      0      0      0      0      0      0      0      0      0      0      0      0      0      0      0      0      0      0      0      0      0      0      0      0      0      0      0      0      0      0      0      0      0      0      0      0      0      0      0     
0x2aebc75addb0           IMAD.IADD R4, R9, 0x1, R0                                                    1      0      1      8192   262144   262144   32     32     0      0      0      -             -          -      0      0      0      0      0      0      0      0      -      0      0      0      0      0      0      0      0      0      0      0      0      0      0      0      0      0      0      1      0      0      0      0      0      0      0      0      0      0      0      0      0      0      0      0      0      0      0      0      0     
0x2aebc75addc0           ISETP.GT.U32.AND P0, PT, R0, 0x1f, PT                                        0      0      0      8192   262144   262144   32     32     0      0      0      -             -          -      0      0      0      0      0      0      0      0      -      0      0      0      0      0      0      0      0      0      0      0      0      0      0      0      0      0      0      0      0      0      0      0      0      0      0      0      0      0      0      0      0      0      0      0      0      0      0      0      0     
0x2aebc75addd0           LOP3.LUT R3, R3, 0x3e00000, RZ, 0xc0, !PT                                    0      0      0      8192   262144   262144   32     32     0      0      0      -             -          -      0      0      0      0      0      0      0      0      -      0      0      0      0      0      0      0      0      0      0      0      0      0      0      0      0      0      0      0      0      0      0      0      0      0      0      0      0      0      0      0      0      0      0      0      0      0      0      0      0     
0x2aebc75adde0           IMAD.IADD R3, R6, 0x1, R3                                                    2      2      2      8192   262144   262144   32     32     0      0      0      -             -          -      0      0      0      0      0      0      0      0      -      0      0      0      0      0      0      0      0      0      0      0      0      0      0      0      0      0      0      0      0      0      0      2      0      0      0      0      0      0      0      0      0      0      0      0      0      0      0      0      2     
0x2aebc75addf0           IMAD R7, R4, UR4, R7                                                         0      0      0      8192   262144   262144   32     32     0      0      0      -             -          -      0      0      0      0      0      0      0      0      -      0      0      0      0      0      0      0      0      0      0      0      0      0      0      0      0      0      0      0      0      0      0      0      0      0      0      0      0      0      0      0      0      0      0      0      0      0      0      0      0     
0x2aebc75ade00           WARPSYNC.ALL                                                                 2      0      2      8192   262144   262144   32     32     0      0      0      -             -          -      0      0      0      0      0      0      0      0      -      0      0      0      0      0      0      0      0      0      0      0      0      0      0      0      0      0      0      2      0      0      0      0      0      0      0      0      0      0      0      0      0      0      0      0      0      0      0      0      0     
0x2aebc75ade10           R2UR UR4, R3                                                                 1      1      1      8192   262144   262144   32     32     0      0      0      -             -          -      0      0      0      0      0      0      0      0      -      0      0      0      0      0      0      0      0      0      0      0      0      0      0      0      0      0      0      0      0      0      0      1      0      0      0      0      0      0      0      0      0      0      0      0      0      0      0      0      1     
0x2aebc75ade20           LDC.64 R4, c[0x0][0x390]                                                     1      0      1      8192   262144   262144   32     32     0      0      0      -             -          -      0      0      0      0      0      0      0      0      -      0      0      0      0      0      0      0      0      0      0      0      0      0      0      0      0      0      0      1      0      0      0      0      0      0      0      0      0      0      0      0      0      0      0      0      0      0      0      0      0     
0x2aebc75ade30           R2UR UR5, R3                                                                 0      0      0      8192   262144   262144   32     32     0      0      0      -             -          -      0      0      0      0      0      0      0      0      -      0      0      0      0      0      0      0      0      0      0      0      0      0      0      0      0      0      0      0      0      0      0      0      0      0      0      0      0      0      0      0      0      0      0      0      0      0      0      0      0     
0x2aebc75ade40           LDTM R9, tmem[UR4]                                                           0      0      0      8192   262144   262144   32     32     0      0      0      Tmem          Load       -      0      0      0      0      0      0      0      0      -      0      0      0      0      0      0      0      0      0      0      0      0      0      0      0      0      0      0      0      0      0      0      0      0      0      0      0      0      0      0      0      0      0      0      0      0      0      0      0      0     
0x2aebc75ade50           NOP                                                                          0      0      0      8192   262144   262144   32     32     0      0      0      -             -          -      0      0      0      0      0      0      0      0      -      0      0      0      0      0      0      0      0      0      0      0      0      0      0      0      0      0      0      0      0      0      0      0      0      0      0      0      0      0      0      0      0      0      0      0      0      0      0      0      0     
0x2aebc75ade60           LDTM R11, tmem[UR5+0x1]                                                      4      4      4      8192   262144   262144   32     32     0      0      0      Tmem          Load       -      0      0      0      0      0      0      0      0      -      0      0      0      0      0      0      0      0      0      0      0      0      0      0      0      0      0      0      0      4      0      0      0      0      0      0      0      0      0      0      0      0      0      0      0      0      4      0      0      0     
0x2aebc75ade70           R2UR UR4, R3                                                                 1      0      1      8192   262144   262144   32     32     0      0      0      -             -          -      0      0      0      0      0      0      0      0      -      0      0      0      0      0      0      0      0      0      0      0      0      0      0      0      0      0      0      1      0      0      0      0      0      0      0      0      0      0      0      0      0      0      0      0      0      0      0      0      0     
0x2aebc75ade80           R2UR UR5, R3                                                                 1      0      1      8192   262144   262144   32     32     0      0      0      -             -          -      0      0      0      0      0      0      0      0      -      0      0      0      0      0      0      0      0      0      0      0      0      0      0      0      0      0      0      1      0      0      0      0      0      0      0      0      0      0      0      0      0      0      0      0      0      0      0      0      0     
0x2aebc75ade90           IMAD.WIDE R4, R7, 0x4, R4                                                    0      0      0      8192   262144   262144   32     32     0      0      0      -             -          -      0      0      0      0      0      0      0      0      -      0      0      0      0      0      0      0      0      0      0      0      0      0      0      0      0      0      0      0      0      0      0      0      0      0      0      0      0      0      0      0      0      0      0      0      0      0      0      0      0     
0x2aebc75adea0           STG.E desc[UR6][R4.64], R9                                                   1      1      1      8192   262144   262144   32     32     0      0      0      Global        Store      32     262144 0      0      0      0      229376 262144 32768         0      0      0      0      0      0      0      0      0      0      0      0      0      0      0      0      0      0      0      0      0      0      1      0      0      0      0      0      0      0      0      0      0      0      0      0      0      0      0      1     
0x2aebc75adeb0           NOP                                                                          0      0      0      8192   262144   262144   32     32     0      0      0      -             -          -      0      0      0      0      0      0      0      0      -      0      0      0      0      0      0      0      0      0      0      0      0      0      0      0      0      0      0      0      0      0      0      0      0      0      0      0      0      0      0      0      0      0      0      0      0      0      0      0      0     
0x2aebc75adec0           STG.E desc[UR6][R4.64+0x4], R11                                              2      2      2      8192   262144   262144   32     32     0      0      0      Global        Store      32     262144 0      0      0      0      229376 262144 32768         0      0      0      0      0      0      0      0      0      0      2      0      0      0      0      0      0      0      0      0      0      0      0      0      0      0      0      2      0      0      0      0      0      0      0      0      0      0      0      0     
0x2aebc75aded0           LDTM R7, tmem[UR4+0x2]                                                       0      0      0      8192   262144   262144   32     32     0      0      0      Tmem          Load       -      0      0      0      0      0      0      0      0      -      0      0      0      0      0      0      0      0      0      0      0      0      0      0      0      0      0      0      0      0      0      0      0      0      0      0      0      0      0      0      0      0      0      0      0      0      0      0      0      0     
0x2aebc75adee0           NOP                                                                          0      0      0      8192   262144   262144   32     32     0      0      0      -             -          -      0      0      0      0      0      0      0      0      -      0      0      0      0      0      0      0      0      0      0      0      0      0      0      0      0      0      0      0      0      0      0      0      0      0      0      0      0      0      0      0      0      0      0      0      0      0      0      0      0     
0x2aebc75adef0           LDTM R13, tmem[UR5+0x3]                                                      2      1      2      8192   262144   262144   32     32     0      0      0      Tmem          Load       -      0      0      0      0      0      0      0      0      -      0      0      0      0      0      0      0      0      0      0      0      0      0      0      0      0      0      0      0      2      0      0      0      0      0      0      0      0      0      0      0      0      0      0      0      0      1      0      0      0     
0x2aebc75adf00           R2UR UR4, R3                                                                 0      0      0      8192   262144   262144   32     32     0      0      0      -             -          -      0      0      0      0      0      0      0      0      -      0      0      0      0      0      0      0      0      0      0      0      0      0      0      0      0      0      0      0      0      0      0      0      0      0      0      0      0      0      0      0      0      0      0      0      0      0      0      0      0     
0x2aebc75adf10           R2UR UR5, R3                                                                 0      0      0      8192   262144   262144   32     32     0      0      0      -             -          -      0      0      0      0      0      0      0      0      -      0      0      0      0      0      0      0      0      0      0      0      0      0      0      0      0      0      0      0      0      0      0      0      0      0      0      0      0      0      0      0      0      0      0      0      0      0      0      0      0     
0x2aebc75adf20           STG.E desc[UR6][R4.64+0x8], R7                                               5      5      5      8192   262144   262144   32     32     0      0      0      Global        Store      32     262144 0      0      0      0      229376 262144 32768         0      0      0      0      0      0      0      0      0      0      5      0      0      0      0      0      0      0      0      0      0      0      0      0      0      0      0      5      0      0      0      0      0      0      0      0      0      0      0      0     
0x2aebc75adf30           NOP                                                                          0      0      0      8192   262144   262144   32     32     0      0      0      -             -          -      0      0      0      0      0      0      0      0      -      0      0      0      0      0      0      0      0      0      0      0      0      0      0      0      0      0      0      0      0      0      0      0      0      0      0      0      0      0      0      0      0      0      0      0      0      0      0      0      0     
0x2aebc75adf40           STG.E desc[UR6][R4.64+0xc], R13                                              10     10     10     8192   262144   262144   32     32     0      0      0      Global        Store      32     262144 0      0      0      0      229376 262144 32768         0      0      0      0      0      0      0      0      0      0      10     0      0      0      0      0      0      0      0      0      0      0      0      0      0      0      0      10     0      0      0      0      0      0      0      0      0      0      0      0     
0x2aebc75adf50           LDTM R9, tmem[UR4+0x4]                                                       25     24     25     8192   262144   262144   32     32     0      0      0      Tmem          Load       -      0      0      0      0      0      0      0      0      -      0      0      0      0      0      0      0      0      0      0      0      25     0      0      0      0      0      0      0      0      0      0      0      0      0      0      0      0      24     0      0      0      0      0      0      0      0      0      0      0     
0x2aebc75adf60           NOP                                                                          1      0      1      8192   262144   262144   32     32     0      0      0      -             -          -      0      0      0      0      0      0      0      0      -      0      0      0      0      0      0      0      0      0      0      0      0      0      0      0      0      0      0      1      0      0      0      0      0      0      0      0      0      0      0      0      0      0      0      0      0      0      0      0      0     
0x2aebc75adf70           LDTM R11, tmem[UR5+0x5]                                                      9      9      9      8192   262144   262144   32     32     0      0      0      Tmem          Load       -      0      0      0      0      0      0      0      0      -      0      0      0      0      0      0      0      0      0      0      0      8      0      0      0      0      0      0      0      1      0      0      0      0      0      0      0      0      8      0      0      0      0      0      0      0      1      0      0      0     
0x2aebc75adf80           R2UR UR4, R3                                                                 0      0      0      8192   262144   262144   32     32     0      0      0      -             -          -      0      0      0      0      0      0      0      0      -      0      0      0      0      0      0      0      0      0      0      0      0      0      0      0      0      0      0      0      0      0      0      0      0      0      0      0      0      0      0      0      0      0      0      0      0      0      0      0      0     
0x2aebc75adf90           R2UR UR5, R3                                                                 0      0      0      8192   262144   262144   32     32     0      0      0      -             -          -      0      0      0      0      0      0      0      0      -      0      0      0      0      0      0      0      0      0      0      0      0      0      0      0      0      0      0      0      0      0      0      0      0      0      0      0      0      0      0      0      0      0      0      0      0      0      0      0      0     
0x2aebc75adfa0           STG.E desc[UR6][R4.64+0x10], R9                                              6      6      6      8192   262144   262144   32     32     0      0      0      Global        Store      32     262144 0      0      0      0      229376 262144 32768         0      0      0      0      0      0      0      0      0      0      6      0      0      0      0      0      0      0      0      0      0      0      0      0      0      0      0      6      0      0      0      0      0      0      0      0      0      0      0      0     
0x2aebc75adfb0           NOP                                                                          0      0      0      8192   262144   262144   32     32     0      0      0      -             -          -      0      0      0      0      0      0      0      0      -      0      0      0      0      0      0      0      0      0      0      0      0      0      0      0      0      0      0      0      0      0      0      0      0      0      0      0      0      0      0      0      0      0      0      0      0      0      0      0      0     
0x2aebc75adfc0           STG.E desc[UR6][R4.64+0x14], R11                                             8      8      8      8192   262144   262144   32     32     0      0      0      Global        Store      32     262144 0      0      0      0      229376 262144 32768         0      0      0      0      0      0      0      0      0      0      8      0      0      0      0      0      0      0      0      0      0      0      0      0      0      0      0      8      0      0      0      0      0      0      0      0      0      0      0      0     
0x2aebc75adfd0           LDTM R7, tmem[UR4+0x6]                                                       10     10     10     8192   262144   262144   32     32     0      0      0      Tmem          Load       -      0      0      0      0      0      0      0      0      -      0      0      0      0      0      0      0      0      0      0      0      10     0      0      0      0      0      0      0      0      0      0      0      0      0      0      0      0      10     0      0      0      0      0      0      0      0      0      0      0     
0x2aebc75adfe0           NOP                                                                          0      0      0      8192   262144   262144   32     32     0      0      0      -             -          -      0      0      0      0      0      0      0      0      -      0      0      0      0      0      0      0      0      0      0      0      0      0      0      0      0      0      0      0      0      0      0      0      0      0      0      0      0      0      0      0      0      0      0      0      0      0      0      0      0     
0x2aebc75adff0           LDTM R13, tmem[UR5+0x7]                                                      15     15     15     8192   262144   262144   32     32     0      0      0      Tmem          Load       -      0      0      0      0      0      0      0      0      -      0      0      0      0      0      0      0      0      0      0      0      15     0      0      0      0      0      0      0      0      0      0      0      0      0      0      0      0      15     0      0      0      0      0      0      0      0      0      0      0     
0x2aebc75ae000           R2UR UR4, R3                                                                 0      0      0      8192   262144   262144   32     32     0      0      0      -             -          -      0      0      0      0      0      0      0      0      -      0      0      0      0      0      0      0      0      0      0      0      0      0      0      0      0      0      0      0      0      0      0      0      0      0      0      0      0      0      0      0      0      0      0      0      0      0      0      0      0     
0x2aebc75ae010           R2UR UR5, R3                                                                 2      0      2      8192   262144   262144   32     32     0      0      0      -             -          -      0      0      0      0      0      0      0      0      -      0      0      0      0      0      0      0      0      0      0      0      0      0      0      0      0      0      0      2      0      0      0      0      0      0      0      0      0      0      0      0      0      0      0      0      0      0      0      0      0     
0x2aebc75ae020           STG.E desc[UR6][R4.64+0x18], R7                                              6      5      6      8192   262144   262144   32     32     0      0      0      Global        Store      32     262144 0      0      0      0      229376 262144 32768         0      0      0      0      0      0      0      0      0      0      6      0      0      0      0      0      0      0      0      0      0      0      0      0      0      0      0      5      0      0      0      0      0      0      0      0      0      0      0      0     
0x2aebc75ae030           NOP                                                                          0      0      0      8192   262144   262144   32     32     0      0      0      -             -          -      0      0      0      0      0      0      0      0      -      0      0      0      0      0      0      0      0      0      0      0      0      0      0      0      0      0      0      0      0      0      0      0      0      0      0      0      0      0      0      0      0      0      0      0      0      0      0      0      0     
0x2aebc75ae040           STG.E desc[UR6][R4.64+0x1c], R13                                             4      3      4      8192   262144   262144   32     32     0      0      0      Global        Store      32     262144 0      0      0      0      229376 262144 32768         0      0      0      0      0      0      0      0      0      0      3      0      0      0      0      0      0      1      0      0      0      0      0      0      0      0      0      3      0      0      0      0      0      0      0      0      0      0      0      0     
0x2aebc75ae050           LDTM R9, tmem[UR4+0x8]                                                       62     61     62     8192   262144   262144   32     32     0      0      0      Tmem          Load       -      0      0      0      0      0      0      0      0      -      0      0      0      0      0      0      0      0      0      0      0      61     0      0      0      0      0      0      0      0      0      0      1      0      0      0      0      0      60     0      0      0      0      0      0      0      0      0      0      1     
0x2aebc75ae060           NOP                                                                          1      0      1      8192   262144   262144   32     32     0      0      0      -             -          -      0      0      0      0      0      0      0      0      -      0      0      0      0      0      0      0      0      0      0      0      0      0      0      0      0      0      0      1      0      0      0      0      0      0      0      0      0      0      0      0      0      0      0      0      0      0      0      0      0     
0x2aebc75ae070           LDTM R11, tmem[UR5+0x9]                                                      17     15     17     8192   262144   262144   32     32     0      0      0      Tmem          Load       -      0      0      0      0      0      0      0      0      -      0      0      0      0      0      0      0      0      0      0      0      16     0      0      0      0      0      0      1      0      0      0      0      0      0      0      0      0      15     0      0      0      0      0      0      0      0      0      0      0     
0x2aebc75ae080           R2UR UR4, R3                                                                 0      0      0      8192   262144   262144   32     32     0      0      0      -             -          -      0      0      0      0      0      0      0      0      -      0      0      0      0      0      0      0      0      0      0      0      0      0      0      0      0      0      0      0      0      0      0      0      0      0      0      0      0      0      0      0      0      0      0      0      0      0      0      0      0     
0x2aebc75ae090           R2UR UR5, R3                                                                 0      0      0      8192   262144   262144   32     32     0      0      0      -             -          -      0      0      0      0      0      0      0      0      -      0      0      0      0      0      0      0      0      0      0      0      0      0      0      0      0      0      0      0      0      0      0      0      0      0      0      0      0      0      0      0      0      0      0      0      0      0      0      0      0     
0x2aebc75ae0a0           STG.E desc[UR6][R4.64+0x20], R9                                              11     11     11     8192   262144   262144   32     32     0      0      0      Global        Store      32     262144 0      0      0      0      229376 262144 32768         0      0      0      0      0      0      0      0      0      0      11     0      0      0      0      0      0      0      0      0      0      0      0      0      0      0      0      11     0      0      0      0      0      0      0      0      0      0      0      0     
0x2aebc75ae0b0           NOP                                                                          1      0      1      8192   262144   262144   32     32     0      0      0      -             -          -      0      0      0      0      0      0      0      0      -      0      0      0      0      0      0      0      0      0      0      0      0      0      0      0      0      0      0      1      0      0      0      0      0      0      0      0      0      0      0      0      0      0      0      0      0      0      0      0      0     
0x2aebc75ae0c0           STG.E desc[UR6][R4.64+0x24], R11                                             9      9      9      8192   262144   262144   32     32     0      0      0      Global        Store      32     262144 0      0      0      0      229376 262144 32768         0      0      0      0      0      0      0      0      0      0      9      0      0      0      0      0      0      0      0      0      0      0      0      0      0      0      0      9      0      0      0      0      0      0      0      0      0      0      0      0     
0x2aebc75ae0d0           LDTM R7, tmem[UR4+0xa]                                                       34     30     34     8192   262144   262144   32     32     0      0      0      Tmem          Load       -      0      0      0      0      0      0      0      0      -      0      0      0      0      0      0      0      0      0      0      0      32     0      0      0      0      0      0      0      0      0      0      2      0      0      0      0      0      28     0      0      0      0      0      0      0      0      0      0      2     
0x2aebc75ae0e0           NOP                                                                          0      0      0      8192   262144   262144   32     32     0      0      0      -             -          -      0      0      0      0      0      0      0      0      -      0      0      0      0      0      0      0      0      0      0      0      0      0      0      0      0      0      0      0      0      0      0      0      0      0      0      0      0      0      0      0      0      0      0      0      0      0      0      0      0     
0x2aebc75ae0f0           LDTM R13, tmem[UR5+0xb]                                                      18     18     18     8192   262144   262144   32     32     0      0      0      Tmem          Load       -      0      0      0      0      0      0      0      0      -      0      0      0      0      0      0      0      0      0      0      0      18     0      0      0      0      0      0      0      0      0      0      0      0      0      0      0      0      18     0      0      0      0      0      0      0      0      0      0      0     
0x2aebc75ae100           R2UR UR4, R3                                                                 1      0      1      8192   262144   262144   32     32     0      0      0      -             -          -      0      0      0      0      0      0      0      0      -      0      0      0      0      0      0      0      0      0      0      0      0      0      0      0      0      0      0      1      0      0      0      0      0      0      0      0      0      0      0      0      0      0      0      0      0      0      0      0      0     
0x2aebc75ae110           R2UR UR5, R3                                                                 0      0      0      8192   262144   262144   32     32     0      0      0      -             -          -      0      0      0      0      0      0      0      0      -      0      0      0      0      0      0      0      0      0      0      0      0      0      0      0      0      0      0      0      0      0      0      0      0      0      0      0      0      0      0      0      0      0      0      0      0      0      0      0      0     
0x2aebc75ae120           STG.E desc[UR6][R4.64+0x28], R7                                              13     13     13     8192   262144   262144   32     32     0      0      0      Global        Store      32     262144 0      0      0      0      229376 262144 32768         0      0      0      0      0      0      0      0      0      0      13     0      0      0      0      0      0      0      0      0      0      0      0      0      0      0      0      13     0      0      0      0      0      0      0      0      0      0      0      0     
0x2aebc75ae130           NOP                                                                          1      0      1      8192   262144   262144   32     32     0      0      0      -             -          -      0      0      0      0      0      0      0      0      -      0      0      0      0      0      0      0      0      0      0      0      0      0      0      0      0      0      0      1      0      0      0      0      0      0      0      0      0      0      0      0      0      0      0      0      0      0      0      0      0     
0x2aebc75ae140           STG.E desc[UR6][R4.64+0x2c], R13                                             13     12     13     8192   262144   262144   32     32     0      0      0      Global        Store      32     262144 0      0      0      0      229376 262144 32768         0      0      0      0      0      0      0      0      0      0      12     0      0      0      0      0      0      0      1      0      0      0      0      0      0      0      0      12     0      0      0      0      0      0      0      0      0      0      0      0     
0x2aebc75ae150           LDTM R9, tmem[UR4+0xc]                                                       67     63     67     8192   262144   262144   32     32     0      0      0      Tmem          Load       -      0      0      0      0      0      0      0      0      -      0      0      0      0      0      0      0      0      0      0      0      66     0      0      0      0      0      0      0      0      0      0      1      0      0      0      0      0      62     0      0      0      0      0      0      0      0      0      0      1     
0x2aebc75ae160           NOP                                                                          0      0      0      8192   262144   262144   32     32     0      0      0      -             -          -      0      0      0      0      0      0      0      0      -      0      0      0      0      0      0      0      0      0      0      0      0      0      0      0      0      0      0      0      0      0      0      0      0      0      0      0      0      0      0      0      0      0      0      0      0      0      0      0      0     
0x2aebc75ae170           LDTM R11, tmem[UR5+0xd]                                                      21     21     21     8192   262144   262144   32     32     0      0      0      Tmem          Load       -      0      0      0      0      0      0      0      0      -      0      0      0      0      0      0      0      0      0      0      0      21     0      0      0      0      0      0      0      0      0      0      0      0      0      0      0      0      21     0      0      0      0      0      0      0      0      0      0      0     
0x2aebc75ae180           R2UR UR4, R3                                                                 0      0      0      8192   262144   262144   32     32     0      0      0      -             -          -      0      0      0      0      0      0      0      0      -      0      0      0      0      0      0      0      0      0      0      0      0      0      0      0      0      0      0      0      0      0      0      0      0      0      0      0      0      0      0      0      0      0      0      0      0      0      0      0      0     
0x2aebc75ae190           R2UR UR5, R3                                                                 0      0      0      8192   262144   262144   32     32     0      0      0      -             -          -      0      0      0      0      0      0      0      0      -      0      0      0      0      0      0      0      0      0      0      0      0      0      0      0      0      0      0      0      0      0      0      0      0      0      0      0      0      0      0      0      0      0      0      0      0      0      0      0      0     
0x2aebc75ae1a0           STG.E desc[UR6][R4.64+0x30], R9                                              14     14     14     8192   262144   262144   32     32     0      0      0      Global        Store      32     262144 0      0      0      0      229376 262144 32768         0      0      0      0      0      0      0      0      0      0      14     0      0      0      0      0      0      0      0      0      0      0      0      0      0      0      0      14     0      0      0      0      0      0      0      0      0      0      0      0     
0x2aebc75ae1b0           NOP                                                                          0      0      0      8192   262144   262144   32     32     0      0      0      -             -          -      0      0      0      0      0      0      0      0      -      0      0      0      0      0      0      0      0      0      0      0      0      0      0      0      0      0      0      0      0      0      0      0      0      0      0      0      0      0      0      0      0      0      0      0      0      0      0      0      0     
0x2aebc75ae1c0           STG.E desc[UR6][R4.64+0x34], R11                                             16     15     16     8192   262144   262144   32     32     0      0      0      Global        Store      32     262144 0      0      0      0      229376 262144 32768         0      0      0      0      0      0      0      0      0      0      16     0      0      0      0      0      0      0      0      0      0      0      0      0      0      0      0      15     0      0      0      0      0      0      0      0      0      0      0      0     
0x2aebc75ae1d0           LDTM R7, tmem[UR4+0xe]                                                       44     41     44     8192   262144   262144   32     32     0      0      0      Tmem          Load       -      0      0      0      0      0      0      0      0      -      0      0      0      0      0      0      0      0      0      0      0      43     0      0      0      0      0      0      0      0      0      0      1      0      0      0      0      0      40     0      0      0      0      0      0      0      0      0      0      1     
0x2aebc75ae1e0           NOP                                                                          0      0      0      8192   262144   262144   32     32     0      0      0      -             -          -      0      0      0      0      0      0      0      0      -      0      0      0      0      0      0      0      0      0      0      0      0      0      0      0      0      0      0      0      0      0      0      0      0      0      0      0      0      0      0      0      0      0      0      0      0      0      0      0      0     
0x2aebc75ae1f0           LDTM R13, tmem[UR5+0xf]                                                      24     24     24     8192   262144   262144   32     32     0      0      0      Tmem          Load       -      0      0      0      0      0      0      0      0      -      0      0      0      0      0      0      0      0      0      0      0      24     0      0      0      0      0      0      0      0      0      0      0      0      0      0      0      0      24     0      0      0      0      0      0      0      0      0      0      0     
0x2aebc75ae200           R2UR UR4, R3                                                                 0      0      0      8192   262144   262144   32     32     0      0      0      -             -          -      0      0      0      0      0      0      0      0      -      0      0      0      0      0      0      0      0      0      0      0      0      0      0      0      0      0      0      0      0      0      0      0      0      0      0      0      0      0      0      0      0      0      0      0      0      0      0      0      0     
0x2aebc75ae210           R2UR UR5, R3                                                                 0      0      0      8192   262144   262144   32     32     0      0      0      -             -          -      0      0      0      0      0      0      0      0      -      0      0      0      0      0      0      0      0      0      0      0      0      0      0      0      0      0      0      0      0      0      0      0      0      0      0      0      0      0      0      0      0      0      0      0      0      0      0      0      0     
0x2aebc75ae220           STG.E desc[UR6][R4.64+0x38], R7                                              17     17     17     8192   262144   262144   32     32     0      0      0      Global        Store      32     262144 0      0      0      0      229376 262144 32768         0      0      0      0      0      0      0      0      0      0      17     0      0      0      0      0      0      0      0      0      0      0      0      0      0      0      0      17     0      0      0      0      0      0      0      0      0      0      0      0     
0x2aebc75ae230           NOP                                                                          0      0      0      8192   262144   262144   32     32     0      0      0      -             -          -      0      0      0      0      0      0      0      0      -      0      0      0      0      0      0      0      0      0      0      0      0      0      0      0      0      0      0      0      0      0      0      0      0      0      0      0      0      0      0      0      0      0      0      0      0      0      0      0      0     
0x2aebc75ae240           STG.E desc[UR6][R4.64+0x3c], R13                                             10     10     10     8192   262144   262144   32     32     0      0      0      Global        Store      32     262144 0      0      0      0      229376 262144 32768         0      0      0      0      0      0      0      0      0      0      9      0      0      0      0      0      0      0      0      0      0      0      1      0      0      0      0      9      0      0      0      0      0      0      0      0      0      0      0      1     
0x2aebc75ae250           LDTM R9, tmem[UR4+0x10]                                                      99     98     99     8192   262144   262144   32     32     0      0      0      Tmem          Load       -      0      0      0      0      0      0      0      0      -      0      0      0      0      0      0      0      0      0      0      0      98     0      0      0      0      0      0      0      0      0      0      1      0      0      0      0      0      97     0      0      0      0      0      0      0      0      0      0      1     
0x2aebc75ae260           NOP                                                                          0      0      0      8192   262144   262144   32     32     0      0      0      -             -          -      0      0      0      0      0      0      0      0      -      0      0      0      0      0      0      0      0      0      0      0      0      0      0      0      0      0      0      0      0      0      0      0      0      0      0      0      0      0      0      0      0      0      0      0      0      0      0      0      0     
0x2aebc75ae270           LDTM R11, tmem[UR5+0x11]                                                     23     23     23     8192   262144   262144   32     32     0      0      0      Tmem          Load       -      0      0      0      0      0      0      0      0      -      0      0      0      0      0      0      0      0      0      0      0      23     0      0      0      0      0      0      0      0      0      0      0      0      0      0      0      0      23     0      0      0      0      0      0      0      0      0      0      0     
0x2aebc75ae280           R2UR UR4, R3                                                                 0      0      0      8192   262144   262144   32     32     0      0      0      -             -          -      0      0      0      0      0      0      0      0      -      0      0      0      0      0      0      0      0      0      0      0      0      0      0      0      0      0      0      0      0      0      0      0      0      0      0      0      0      0      0      0      0      0      0      0      0      0      0      0      0     
0x2aebc75ae290           R2UR UR5, R3                                                                 1      0      1      8192   262144   262144   32     32     0      0      0      -             -          -      0      0      0      0      0      0      0      0      -      0      0      0      0      0      0      0      0      0      0      0      0      0      0      0      0      0      0      1      0      0      0      0      0      0      0      0      0      0      0      0      0      0      0      0      0      0      0      0      0     
0x2aebc75ae2a0           STG.E desc[UR6][R4.64+0x40], R9                                              18     18     18     8192   262144   262144   32     32     0      0      0      Global        Store      32     262144 0      0      0      0      229376 262144 32768         0      0      0      0      0      0      0      0      0      0      18     0      0      0      0      0      0      0      0      0      0      0      0      0      0      0      0      18     0      0      0      0      0      0      0      0      0      0      0      0     
0x2aebc75ae2b0           NOP                                                                          0      0      0      8192   262144   262144   32     32     0      0      0      -             -          -      0      0      0      0      0      0      0      0      -      0      0      0      0      0      0      0      0      0      0      0      0      0      0      0      0      0      0      0      0      0      0      0      0      0      0      0      0      0      0      0      0      0      0      0      0      0      0      0      0     
0x2aebc75ae2c0           STG.E desc[UR6][R4.64+0x44], R11                                             14     13     14     8192   262144   262144   32     32     0      0      0      Global        Store      32     262144 0      0      0      0      229376 262144 32768         0      0      0      0      0      0      0      0      0      0      13     0      0      0      0      0      0      0      1      0      0      0      0      0      0      0      0      13     0      0      0      0      0      0      0      0      0      0      0      0     
0x2aebc75ae2d0           LDTM R7, tmem[UR4+0x12]                                                      56     54     56     8192   262144   262144   32     32     0      0      0      Tmem          Load       -      0      0      0      0      0      0      0      0      -      0      0      0      0      0      0      0      0      0      0      0      54     0      0      0      0      0      0      1      0      0      0      1      0      0      0      0      0      53     0      0      0      0      0      0      0      0      0      0      1     
0x2aebc75ae2e0           NOP                                                                          1      0      1      8192   262144   262144   32     32     0      0      0      -             -          -      0      0      0      0      0      0      0      0      -      0      0      0      0      0      0      0      0      0      0      0      0      0      0      0      0      0      0      1      0      0      0      0      0      0      0      0      0      0      0      0      0      0      0      0      0      0      0      0      0     
0x2aebc75ae2f0           LDTM R13, tmem[UR5+0x13]                                                     22     22     22     8192   262144   262144   32     32     0      0      0      Tmem          Load       -      0      0      0      0      0      0      0      0      -      0      0      0      0      0      0      0      0      0      0      0      22     0      0      0      0      0      0      0      0      0      0      0      0      0      0      0      0      22     0      0      0      0      0      0      0      0      0      0      0     
0x2aebc75ae300           R2UR UR4, R3                                                                 0      0      0      8192   262144   262144   32     32     0      0      0      -             -          -      0      0      0      0      0      0      0      0      -      0      0      0      0      0      0      0      0      0      0      0      0      0      0      0      0      0      0      0      0      0      0      0      0      0      0      0      0      0      0      0      0      0      0      0      0      0      0      0      0     
0x2aebc75ae310           R2UR UR5, R3                                                                 0      0      0      8192   262144   262144   32     32     0      0      0      -             -          -      0      0      0      0      0      0      0      0      -      0      0      0      0      0      0      0      0      0      0      0      0      0      0      0      0      0      0      0      0      0      0      0      0      0      0      0      0      0      0      0      0      0      0      0      0      0      0      0      0     
0x2aebc75ae320           STG.E desc[UR6][R4.64+0x48], R7                                              18     18     18     8192   262144   262144   32     32     0      0      0      Global        Store      32     262144 0      0      0      0      229376 262144 32768         0      0      0      0      0      0      0      0      0      0      18     0      0      0      0      0      0      0      0      0      0      0      0      0      0      0      0      18     0      0      0      0      0      0      0      0      0      0      0      0     
0x2aebc75ae330           NOP                                                                          0      0      0      8192   262144   262144   32     32     0      0      0      -             -          -      0      0      0      0      0      0      0      0      -      0      0      0      0      0      0      0      0      0      0      0      0      0      0      0      0      0      0      0      0      0      0      0      0      0      0      0      0      0      0      0      0      0      0      0      0      0      0      0      0     
0x2aebc75ae340           STG.E desc[UR6][R4.64+0x4c], R13                                             25     25     25     8192   262144   262144   32     32     0      0      0      Global        Store      32     262144 0      0      0      0      229376 262144 32768         0      0      0      0      0      0      0      0      0      0      24     0      0      0      0      0      0      0      0      0      0      0      1      0      0      0      0      24     0      0      0      0      0      0      0      0      0      0      0      1     
0x2aebc75ae350           LDTM R9, tmem[UR4+0x14]                                                      117    113    117    8192   262144   262144   32     32     0      0      0      Tmem          Load       -      0      0      0      0      0      0      0      0      -      0      0      0      0      0      0      0      0      0      0      0      116    0      0      0      0      0      0      0      0      0      0      1      0      0      0      0      0      112    0      0      0      0      0      0      0      0      0      0      1     
0x2aebc75ae360           NOP                                                                          0      0      0      8192   262144   262144   32     32     0      0      0      -             -          -      0      0      0      0      0      0      0      0      -      0      0      0      0      0      0      0      0      0      0      0      0      0      0      0      0      0      0      0      0      0      0      0      0      0      0      0      0      0      0      0      0      0      0      0      0      0      0      0      0     
0x2aebc75ae370           LDTM R11, tmem[UR5+0x15]                                                     25     24     25     8192   262144   262144   32     32     0      0      0      Tmem          Load       -      0      0      0      0      0      0      0      0      -      0      0      0      0      0      0      0      0      0      0      0      25     0      0      0      0      0      0      0      0      0      0      0      0      0      0      0      0      24     0      0      0      0      0      0      0      0      0      0      0     
0x2aebc75ae380           R2UR UR4, R3                                                                 0      0      0      8192   262144   262144   32     32     0      0      0      -             -          -      0      0      0      0      0      0      0      0      -      0      0      0      0      0      0      0      0      0      0      0      0      0      0      0      0      0      0      0      0      0      0      0      0      0      0      0      0      0      0      0      0      0      0      0      0      0      0      0      0     
0x2aebc75ae390           R2UR UR5, R3                                                                 0      0      0      8192   262144   262144   32     32     0      0      0      -             -          -      0      0      0      0      0      0      0      0      -      0      0      0      0      0      0      0      0      0      0      0      0      0      0      0      0      0      0      0      0      0      0      0      0      0      0      0      0      0      0      0      0      0      0      0      0      0      0      0      0     
0x2aebc75ae3a0           STG.E desc[UR6][R4.64+0x50], R9                                              28     27     28     8192   262144   262144   32     32     0      0      0      Global        Store      32     262144 0      0      0      0      229376 262144 32768         0      0      0      0      0      0      0      0      0      0      27     0      0      0      0      0      0      0      1      0      0      0      0      0      0      0      0      27     0      0      0      0      0      0      0      0      0      0      0      0     
0x2aebc75ae3b0           NOP                                                                          1      0      1      8192   262144   262144   32     32     0      0      0      -             -          -      0      0      0      0      0      0      0      0      -      0      0      0      0      0      0      0      0      0      0      0      0      0      0      0      0      0      0      1      0      0      0      0      0      0      0      0      0      0      0      0      0      0      0      0      0      0      0      0      0     
0x2aebc75ae3c0           STG.E desc[UR6][R4.64+0x54], R11                                             21     21     21     8192   262144   262144   32     32     0      0      0      Global        Store      32     262144 0      0      0      0      229376 262144 32768         0      0      0      0      0      0      0      0      0      0      20     0      0      0      0      0      0      0      0      0      0      0      1      0      0      0      0      20     0      0      0      0      0      0      0      0      0      0      0      1     
0x2aebc75ae3d0           LDTM R7, tmem[UR4+0x16]                                                      58     57     58     8192   262144   262144   32     32     0      0      0      Tmem          Load       -      0      0      0      0      0      0      0      0      -      0      0      0      0      0      0      0      0      0      0      0      58     0      0      0      0      0      0      0      0      0      0      0      0      0      0      0      0      57     0      0      0      0      0      0      0      0      0      0      0     
0x2aebc75ae3e0           NOP                                                                          0      0      0      8192   262144   262144   32     32     0      0      0      -             -          -      0      0      0      0      0      0      0      0      -      0      0      0      0      0      0      0      0      0      0      0      0      0      0      0      0      0      0      0      0      0      0      0      0      0      0      0      0      0      0      0      0      0      0      0      0      0      0      0      0     
0x2aebc75ae3f0           LDTM R13, tmem[UR5+0x17]                                                     29     29     29     8192   262144   262144   32     32     0      0      0      Tmem          Load       -      0      0      0      0      0      0      0      0      -      0      0      0      0      0      0      0      0      0      0      0      29     0      0      0      0      0      0      0      0      0      0      0      0      0      0      0      0      29     0      0      0      0      0      0      0      0      0      0      0     
0x2aebc75ae400           R2UR UR4, R3                                                                 0      0      0      8192   262144   262144   32     32     0      0      0      -             -          -      0      0      0      0      0      0      0      0      -      0      0      0      0      0      0      0      0      0      0      0      0      0      0      0      0      0      0      0      0      0      0      0      0      0      0      0      0      0      0      0      0      0      0      0      0      0      0      0      0     
0x2aebc75ae410           R2UR UR5, R3                                                                 0      0      0      8192   262144   262144   32     32     0      0      0      -             -          -      0      0      0      0      0      0      0      0      -      0      0      0      0      0      0      0      0      0      0      0      0      0      0      0      0      0      0      0      0      0      0      0      0      0      0      0      0      0      0      0      0      0      0      0      0      0      0      0      0     
0x2aebc75ae420           STG.E desc[UR6][R4.64+0x58], R7                                              23     23     23     8192   262144   262144   32     32     0      0      0      Global        Store      32     262144 0      0      0      0      229376 262144 32768         0      0      0      0      0      0      0      0      0      0      23     0      0      0      0      0      0      0      0      0      0      0      0      0      0      0      0      23     0      0      0      0      0      0      0      0      0      0      0      0     
0x2aebc75ae430           NOP                                                                          0      0      0      8192   262144   262144   32     32     0      0      0      -             -          -      0      0      0      0      0      0      0      0      -      0      0      0      0      0      0      0      0      0      0      0      0      0      0      0      0      0      0      0      0      0      0      0      0      0      0      0      0      0      0      0      0      0      0      0      0      0      0      0      0     
0x2aebc75ae440           STG.E desc[UR6][R4.64+0x5c], R13                                             21     21     21     8192   262144   262144   32     32     0      0      0      Global        Store      32     262144 0      0      0      0      229376 262144 32768         0      0      0      0      0      0      0      0      0      0      21     0      0      0      0      0      0      0      0      0      0      0      0      0      0      0      0      21     0      0      0      0      0      0      0      0      0      0      0      0     
0x2aebc75ae450           LDTM R9, tmem[UR4+0x18]                                                      129    125    129    8192   262144   262144   32     32     0      0      0      Tmem          Load       -      0      0      0      0      0      0      0      0      -      0      0      0      0      0      0      0      0      0      0      0      128    0      0      0      0      0      0      1      0      0      0      0      0      0      0      0      0      125    0      0      0      0      0      0      0      0      0      0      0     
0x2aebc75ae460           NOP                                                                          0      0      0      8192   262144   262144   32     32     0      0      0      -             -          -      0      0      0      0      0      0      0      0      -      0      0      0      0      0      0      0      0      0      0      0      0      0      0      0      0      0      0      0      0      0      0      0      0      0      0      0      0      0      0      0      0      0      0      0      0      0      0      0      0     
0x2aebc75ae470           LDTM R11, tmem[UR5+0x19]                                                     24     24     24     8192   262144   262144   32     32     0      0      0      Tmem          Load       -      0      0      0      0      0      0      0      0      -      0      0      0      0      0      0      0      0      0      0      0      24     0      0      0      0      0      0      0      0      0      0      0      0      0      0      0      0      24     0      0      0      0      0      0      0      0      0      0      0     
0x2aebc75ae480           R2UR UR4, R3                                                                 0      0      0      8192   262144   262144   32     32     0      0      0      -             -          -      0      0      0      0      0      0      0      0      -      0      0      0      0      0      0      0      0      0      0      0      0      0      0      0      0      0      0      0      0      0      0      0      0      0      0      0      0      0      0      0      0      0      0      0      0      0      0      0      0     
0x2aebc75ae490           R2UR UR5, R3                                                                 1      0      1      8192   262144   262144   32     32     0      0      0      -             -          -      0      0      0      0      0      0      0      0      -      0      0      0      0      0      0      0      0      0      0      0      0      0      0      0      0      0      0      1      0      0      0      0      0      0      0      0      0      0      0      0      0      0      0      0      0      0      0      0      0     
0x2aebc75ae4a0           STG.E desc[UR6][R4.64+0x60], R9                                              20     20     20     8192   262144   262144   32     32     0      0      0      Global        Store      32     262144 0      0      0      0      229376 262144 32768         0      0      0      0      0      0      0      0      0      0      20     0      0      0      0      0      0      0      0      0      0      0      0      0      0      0      0      20     0      0      0      0      0      0      0      0      0      0      0      0     
0x2aebc75ae4b0           NOP                                                                          0      0      0      8192   262144   262144   32     32     0      0      0      -             -          -      0      0      0      0      0      0      0      0      -      0      0      0      0      0      0      0      0      0      0      0      0      0      0      0      0      0      0      0      0      0      0      0      0      0      0      0      0      0      0      0      0      0      0      0      0      0      0      0      0     
0x2aebc75ae4c0           STG.E desc[UR6][R4.64+0x64], R11                                             26     26     26     8192   262144   262144   32     32     0      0      0      Global        Store      32     262144 0      0      0      0      229376 262144 32768         0      0      0      0      0      0      0      0      0      0      24     0      0      0      0      0      0      0      0      0      0      0      2      0      0      0      0      24     0      0      0      0      0      0      0      0      0      0      0      2     
0x2aebc75ae4d0           LDTM R7, tmem[UR4+0x1a]                                                      80     78     80     8192   262144   262144   32     32     0      0      0      Tmem          Load       -      0      0      0      0      0      0      0      0      -      0      0      0      0      0      0      0      0      0      0      0      79     0      0      0      0      0      0      0      0      0      0      1      0      0      0      0      0      78     0      0      0      0      0      0      0      0      0      0      0     
0x2aebc75ae4e0           NOP                                                                          0      0      0      8192   262144   262144   32     32     0      0      0      -             -          -      0      0      0      0      0      0      0      0      -      0      0      0      0      0      0      0      0      0      0      0      0      0      0      0      0      0      0      0      0      0      0      0      0      0      0      0      0      0      0      0      0      0      0      0      0      0      0      0      0     
0x2aebc75ae4f0           LDTM R13, tmem[UR5+0x1b]                                                     27     27     27     8192   262144   262144   32     32     0      0      0      Tmem          Load       -      0      0      0      0      0      0      0      0      -      0      0      0      0      0      0      0      0      0      0      0      27     0      0      0      0      0      0      0      0      0      0      0      0      0      0      0      0      27     0      0      0      0      0      0      0      0      0      0      0     
0x2aebc75ae500           R2UR UR4, R3                                                                 0      0      0      8192   262144   262144   32     32     0      0      0      -             -          -      0      0      0      0      0      0      0      0      -      0      0      0      0      0      0      0      0      0      0      0      0      0      0      0      0      0      0      0      0      0      0      0      0      0      0      0      0      0      0      0      0      0      0      0      0      0      0      0      0     
0x2aebc75ae510           R2UR UR5, R3                                                                 1      0      1      8192   262144   262144   32     32     0      0      0      -             -          -      0      0      0      0      0      0      0      0      -      0      0      0      0      0      0      0      0      0      0      0      0      0      0      0      0      0      0      1      0      0      0      0      0      0      0      0      0      0      0      0      0      0      0      0      0      0      0      0      0     
0x2aebc75ae520           STG.E desc[UR6][R4.64+0x68], R7                                              26     26     26     8192   262144   262144   32     32     0      0      0      Global        Store      32     262144 0      0      0      0      229376 262144 32768         0      0      0      0      0      0      0      0      0      0      26     0      0      0      0      0      0      0      0      0      0      0      0      0      0      0      0      26     0      0      0      0      0      0      0      0      0      0      0      0     
0x2aebc75ae530           NOP                                                                          1      0      1      8192   262144   262144   32     32     0      0      0      -             -          -      0      0      0      0      0      0      0      0      -      0      0      0      0      0      0      0      0      0      0      0      0      0      0      0      0      0      0      1      0      0      0      0      0      0      0      0      0      0      0      0      0      0      0      0      0      0      0      0      0     
0x2aebc75ae540           STG.E desc[UR6][R4.64+0x6c], R13                                             20     20     20     8192   262144   262144   32     32     0      0      0      Global        Store      32     262144 0      0      0      0      229376 262144 32768         0      0      0      0      0      0      0      0      0      0      20     0      0      0      0      0      0      0      0      0      0      0      0      0      0      0      0      20     0      0      0      0      0      0      0      0      0      0      0      0     
0x2aebc75ae550           LDTM R9, tmem[UR4+0x1c]                                                      134    129    134    8192   262144   262144   32     32     0      0      0      Tmem          Load       -      0      0      0      0      0      0      0      0      -      0      0      0      0      0      0      0      0      0      0      0      133    0      0      0      0      0      0      0      0      0      0      1      0      0      0      0      0      128    0      0      0      0      0      0      0      0      0      0      1     
0x2aebc75ae560           NOP                                                                          0      0      0      8192   262144   262144   32     32     0      0      0      -             -          -      0      0      0      0      0      0      0      0      -      0      0      0      0      0      0      0      0      0      0      0      0      0      0      0      0      0      0      0      0      0      0      0      0      0      0      0      0      0      0      0      0      0      0      0      0      0      0      0      0     
0x2aebc75ae570           LDTM R11, tmem[UR5+0x1d]                                                     27     25     27     8192   262144   262144   32     32     0      0      0      Tmem          Load       -      0      0      0      0      0      0      0      0      -      0      0      0      0      0      0      0      0      0      0      0      25     0      0      0      0      0      0      2      0      0      0      0      0      0      0      0      0      25     0      0      0      0      0      0      0      0      0      0      0     
0x2aebc75ae580           R2UR UR4, R3                                                                 1      0      1      8192   262144   262144   32     32     0      0      0      -             -          -      0      0      0      0      0      0      0      0      -      0      0      0      0      0      0      0      0      0      0      0      0      0      0      0      0      0      0      1      0      0      0      0      0      0      0      0      0      0      0      0      0      0      0      0      0      0      0      0      0     
0x2aebc75ae590           R2UR UR5, R3                                                                 0      0      0      8192   262144   262144   32     32     0      0      0      -             -          -      0      0      0      0      0      0      0      0      -      0      0      0      0      0      0      0      0      0      0      0      0      0      0      0      0      0      0      0      0      0      0      0      0      0      0      0      0      0      0      0      0      0      0      0      0      0      0      0      0     
0x2aebc75ae5a0           STG.E desc[UR6][R4.64+0x70], R9                                              31     31     31     8192   262144   262144   32     32     0      0      0      Global        Store      32     262144 0      0      0      0      229376 262144 32768         0      0      0      0      0      0      0      0      0      0      31     0      0      0      0      0      0      0      0      0      0      0      0      0      0      0      0      31     0      0      0      0      0      0      0      0      0      0      0      0     
0x2aebc75ae5b0           NOP                                                                          0      0      0      8192   262144   262144   32     32     0      0      0      -             -          -      0      0      0      0      0      0      0      0      -      0      0      0      0      0      0      0      0      0      0      0      0      0      0      0      0      0      0      0      0      0      0      0      0      0      0      0      0      0      0      0      0      0      0      0      0      0      0      0      0     
0x2aebc75ae5c0           STG.E desc[UR6][R4.64+0x74], R11                                             27     26     27     8192   262144   262144   32     32     0      0      0      Global        Store      32     262144 0      0      0      0      229376 262144 32768         0      0      0      0      0      0      0      0      0      0      25     0      0      0      0      0      0      0      1      0      0      0      1      0      0      0      0      25     0      0      0      0      0      0      0      0      0      0      0      1     
0x2aebc75ae5d0           LDTM R7, tmem[UR4+0x1e]                                                      52     51     52     8192   262144   262144   32     32     0      0      0      Tmem          Load       -      0      0      0      0      0      0      0      0      -      0      0      0      0      0      0      0      0      0      0      0      51     0      0      0      0      0      0      0      0      0      0      1      0      0      0      0      0      50     0      0      0      0      0      0      0      0      0      0      1     
0x2aebc75ae5e0           NOP                                                                          0      0      0      8192   262144   262144   32     32     0      0      0      -             -          -      0      0      0      0      0      0      0      0      -      0      0      0      0      0      0      0      0      0      0      0      0      0      0      0      0      0      0      0      0      0      0      0      0      0      0      0      0      0      0      0      0      0      0      0      0      0      0      0      0     
0x2aebc75ae5f0           LDTM R13, tmem[UR5+0x1f]                                                     24     24     24     8192   262144   262144   32     32     0      0      0      Tmem          Load       -      0      0      0      0      0      0      0      0      -      0      0      0      0      0      0      0      0      0      0      0      23     0      0      0      0      0      0      0      1      0      0      0      0      0      0      0      0      23     0      0      0      0      0      0      0      1      0      0      0     
0x2aebc75ae600           R2UR UR4, R3                                                                 0      0      0      8192   262144   262144   32     32     0      0      0      -             -          -      0      0      0      0      0      0      0      0      -      0      0      0      0      0      0      0      0      0      0      0      0      0      0      0      0      0      0      0      0      0      0      0      0      0      0      0      0      0      0      0      0      0      0      0      0      0      0      0      0     
0x2aebc75ae610           R2UR UR5, R3                                                                 0      0      0      8192   262144   262144   32     32     0      0      0      -             -          -      0      0      0      0      0      0      0      0      -      0      0      0      0      0      0      0      0      0      0      0      0      0      0      0      0      0      0      0      0      0      0      0      0      0      0      0      0      0      0      0      0      0      0      0      0      0      0      0      0     
0x2aebc75ae620           STG.E desc[UR6][R4.64+0x78], R7                                              25     22     25     8192   262144   262144   32     32     0      0      0      Global        Store      32     262144 0      0      0      0      229376 262144 32768         0      0      0      0      0      0      0      0      0      0      23     0      0      0      0      0      0      0      2      0      0      0      0      0      0      0      0      22     0      0      0      0      0      0      0      0      0      0      0      0     
0x2aebc75ae630           NOP                                                                          0      0      0      8192   262144   262144   32     32     0      0      0      -             -          -      0      0      0      0      0      0      0      0      -      0      0      0      0      0      0      0      0      0      0      0      0      0      0      0      0      0      0      0      0      0      0      0      0      0      0      0      0      0      0      0      0      0      0      0      0      0      0      0      0     
0x2aebc75ae640           STG.E desc[UR6][R4.64+0x7c], R13                                             24     24     24     8192   262144   262144   32     32     0      0      0      Global        Store      32     262144 0      0      0      0      229376 262144 32768         0      0      0      0      0      0      0      0      0      0      24     0      0      0      0      0      0      0      0      0      0      0      0      0      0      0      0      24     0      0      0      0      0      0      0      0      0      0      0      0     
0x2aebc75ae650           LDTM R9, tmem[UR4+0x20]                                                      129    126    129    8192   262144   262144   32     32     0      0      0      Tmem          Load       -      0      0      0      0      0      0      0      0      -      0      0      0      0      0      0      0      0      0      0      0      128    0      0      0      0      0      0      0      0      0      0      1      0      0      0      0      0      125    0      0      0      0      0      0      0      0      0      0      1     
0x2aebc75ae660           NOP                                                                          0      0      0      8192   262144   262144   32     32     0      0      0      -             -          -      0      0      0      0      0      0      0      0      -      0      0      0      0      0      0      0      0      0      0      0      0      0      0      0      0      0      0      0      0      0      0      0      0      0      0      0      0      0      0      0      0      0      0      0      0      0      0      0      0     
0x2aebc75ae670           LDTM R11, tmem[UR5+0x21]                                                     39     37     39     8192   262144   262144   32     32     0      0      0      Tmem          Load       -      0      0      0      0      0      0      0      0      -      0      0      0      0      0      0      0      0      0      0      0      39     0      0      0      0      0      0      0      0      0      0      0      0      0      0      0      0      37     0      0      0      0      0      0      0      0      0      0      0     
0x2aebc75ae680           R2UR UR4, R3                                                                 0      0      0      8192   262144   262144   32     32     0      0      0      -             -          -      0      0      0      0      0      0      0      0      -      0      0      0      0      0      0      0      0      0      0      0      0      0      0      0      0      0      0      0      0      0      0      0      0      0      0      0      0      0      0      0      0      0      0      0      0      0      0      0      0     
0x2aebc75ae690           R2UR UR5, R3                                                                 0      0      0      8192   262144   262144   32     32     0      0      0      -             -          -      0      0      0      0      0      0      0      0      -      0      0      0      0      0      0      0      0      0      0      0      0      0      0      0      0      0      0      0      0      0      0      0      0      0      0      0      0      0      0      0      0      0      0      0      0      0      0      0      0     
0x2aebc75ae6a0           STG.E desc[UR6][R4.64+0x80], R9                                              24     24     24     8192   262144   262144   32     32     0      0      0      Global        Store      32     262144 0      0      0      0      229376 262144 32768         0      0      0      0      0      0      0      0      0      0      24     0      0      0      0      0      0      0      0      0      0      0      0      0      0      0      0      24     0      0      0      0      0      0      0      0      0      0      0      0     
0x2aebc75ae6b0           NOP                                                                          0      0      0      8192   262144   262144   32     32     0      0      0      -             -          -      0      0      0      0      0      0      0      0      -      0      0      0      0      0      0      0      0      0      0      0      0      0      0      0      0      0      0      0      0      0      0      0      0      0      0      0      0      0      0      0      0      0      0      0      0      0      0      0      0     
0x2aebc75ae6c0           STG.E desc[UR6][R4.64+0x84], R11                                             21     21     21     8192   262144   262144   32     32     0      0      0      Global        Store      32     262144 0      0      0      0      229376 262144 32768         0      0      0      0      0      0      0      0      0      0      20     0      0      0      1      0      0      0      0      0      0      0      0      0      0      0      0      20     0      0      0      1      0      0      0      0      0      0      0      0     
0x2aebc75ae6d0           LDTM R7, tmem[UR4+0x22]                                                      55     55     55     8192   262144   262144   32     32     0      0      0      Tmem          Load       -      0      0      0      0      0      0      0      0      -      0      0      0      0      0      0      0      0      0      0      0      55     0      0      0      0      0      0      0      0      0      0      0      0      0      0      0      0      55     0      0      0      0      0      0      0      0      0      0      0     
0x2aebc75ae6e0           NOP                                                                          0      0      0      8192   262144   262144   32     32     0      0      0      -             -          -      0      0      0      0      0      0      0      0      -      0      0      0      0      0      0      0      0      0      0      0      0      0      0      0      0      0      0      0      0      0      0      0      0      0      0      0      0      0      0      0      0      0      0      0      0      0      0      0      0     
0x2aebc75ae6f0           LDTM R13, tmem[UR5+0x23]                                                     26     26     26     8192   262144   262144   32     32     0      0      0      Tmem          Load       -      0      0      0      0      0      0      0      0      -      0      0      0      0      0      0      0      0      0      0      0      26     0      0      0      0      0      0      0      0      0      0      0      0      0      0      0      0      26     0      0      0      0      0      0      0      0      0      0      0     
0x2aebc75ae700           R2UR UR4, R3                                                                 0      0      0      8192   262144   262144   32     32     0      0      0      -             -          -      0      0      0      0      0      0      0      0      -      0      0      0      0      0      0      0      0      0      0      0      0      0      0      0      0      0      0      0      0      0      0      0      0      0      0      0      0      0      0      0      0      0      0      0      0      0      0      0      0     
0x2aebc75ae710           R2UR UR5, R3                                                                 0      0      0      8192   262144   262144   32     32     0      0      0      -             -          -      0      0      0      0      0      0      0      0      -      0      0      0      0      0      0      0      0      0      0      0      0      0      0      0      0      0      0      0      0      0      0      0      0      0      0      0      0      0      0      0      0      0      0      0      0      0      0      0      0     
0x2aebc75ae720           STG.E desc[UR6][R4.64+0x88], R7                                              33     32     33     8192   262144   262144   32     32     0      0      0      Global        Store      32     262144 0      0      0      0      229376 262144 32768         0      0      0      0      0      0      0      0      0      0      32     0      0      0      0      0      0      1      0      0      0      0      0      0      0      0      0      32     0      0      0      0      0      0      0      0      0      0      0      0     
0x2aebc75ae730           NOP                                                                          0      0      0      8192   262144   262144   32     32     0      0      0      -             -          -      0      0      0      0      0      0      0      0      -      0      0      0      0      0      0      0      0      0      0      0      0      0      0      0      0      0      0      0      0      0      0      0      0      0      0      0      0      0      0      0      0      0      0      0      0      0      0      0      0     
0x2aebc75ae740           STG.E desc[UR6][R4.64+0x8c], R13                                             26     26     26     8192   262144   262144   32     32     0      0      0      Global        Store      32     262144 0      0      0      0      229376 262144 32768         0      0      0      0      0      0      0      0      0      0      26     0      0      0      0      0      0      0      0      0      0      0      0      0      0      0      0      26     0      0      0      0      0      0      0      0      0      0      0      0     
0x2aebc75ae750           LDTM R9, tmem[UR4+0x24]                                                      134    130    134    8192   262144   262144   32     32     0      0      0      Tmem          Load       -      0      0      0      0      0      0      0      0      -      0      0      0      0      0      0      0      0      0      0      0      132    0      0      0      0      0      0      0      0      0      0      2      0      0      0      0      0      128    0      0      0      0      0      0      0      0      0      0      2     
0x2aebc75ae760           NOP                                                                          1      0      1      8192   262144   262144   32     32     0      0      0      -             -          -      0      0      0      0      0      0      0      0      -      0      0      0      0      0      0      0      0      0      0      0      0      0      0      0      0      0      0      1      0      0      0      0      0      0      0      0      0      0      0      0      0      0      0      0      0      0      0      0      0     
0x2aebc75ae770           LDTM R11, tmem[UR5+0x25]                                                     19     19     19     8192   262144   262144   32     32     0      0      0      Tmem          Load       -      0      0      0      0      0      0      0      0      -      0      0      0      0      0      0      0      0      0      0      0      19     0      0      0      0      0      0      0      0      0      0      0      0      0      0      0      0      19     0      0      0      0      0      0      0      0      0      0      0     
0x2aebc75ae780           R2UR UR4, R3                                                                 0      0      0      8192   262144   262144   32     32     0      0      0      -             -          -      0      0      0      0      0      0      0      0      -      0      0      0      0      0      0      0      0      0      0      0      0      0      0      0      0      0      0      0      0      0      0      0      0      0      0      0      0      0      0      0      0      0      0      0      0      0      0      0      0     
0x2aebc75ae790           R2UR UR5, R3                                                                 0      0      0      8192   262144   262144   32     32     0      0      0      -             -          -      0      0      0      0      0      0      0      0      -      0      0      0      0      0      0      0      0      0      0      0      0      0      0      0      0      0      0      0      0      0      0      0      0      0      0      0      0      0      0      0      0      0      0      0      0      0      0      0      0     
0x2aebc75ae7a0           STG.E desc[UR6][R4.64+0x90], R9                                              25     25     25     8192   262144   262144   32     32     0      0      0      Global        Store      32     262144 0      0      0      0      229376 262144 32768         0      0      0      0      0      0      0      0      0      0      25     0      0      0      0      0      0      0      0      0      0      0      0      0      0      0      0      25     0      0      0      0      0      0      0      0      0      0      0      0     
0x2aebc75ae7b0           NOP                                                                          0      0      0      8192   262144   262144   32     32     0      0      0      -             -          -      0      0      0      0      0      0      0      0      -      0      0      0      0      0      0      0      0      0      0      0      0      0      0      0      0      0      0      0      0      0      0      0      0      0      0      0      0      0      0      0      0      0      0      0      0      0      0      0      0     
0x2aebc75ae7c0           STG.E desc[UR6][R4.64+0x94], R11                                             20     20     20     8192   262144   262144   32     32     0      0      0      Global        Store      32     262144 0      0      0      0      229376 262144 32768         0      0      0      0      0      0      0      0      0      0      19     0      0      0      0      0      0      0      0      0      0      0      1      0      0      0      0      19     0      0      0      0      0      0      0      0      0      0      0      1     
0x2aebc75ae7d0           LDTM R7, tmem[UR4+0x26]                                                      56     54     56     8192   262144   262144   32     32     0      0      0      Tmem          Load       -      0      0      0      0      0      0      0      0      -      0      0      0      0      0      0      0      0      0      0      0      55     0      0      0      0      0      0      0      0      0      0      1      0      0      0      0      0      53     0      0      0      0      0      0      0      0      0      0      1     
0x2aebc75ae7e0           NOP                                                                          0      0      0      8192   262144   262144   32     32     0      0      0      -             -          -      0      0      0      0      0      0      0      0      -      0      0      0      0      0      0      0      0      0      0      0      0      0      0      0      0      0      0      0      0      0      0      0      0      0      0      0      0      0      0      0      0      0      0      0      0      0      0      0      0     
0x2aebc75ae7f0           LDTM R13, tmem[UR5+0x27]                                                     29     29     29     8192   262144   262144   32     32     0      0      0      Tmem          Load       -      0      0      0      0      0      0      0      0      -      0      0      0      0      0      0      0      0      0      0      0      29     0      0      0      0      0      0      0      0      0      0      0      0      0      0      0      0      29     0      0      0      0      0      0      0      0      0      0      0     
0x2aebc75ae800           R2UR UR4, R3                                                                 0      0      0      8192   262144   262144   32     32     0      0      0      -             -          -      0      0      0      0      0      0      0      0      -      0      0      0      0      0      0      0      0      0      0      0      0      0      0      0      0      0      0      0      0      0      0      0      0      0      0      0      0      0      0      0      0      0      0      0      0      0      0      0      0     
0x2aebc75ae810           R2UR UR5, R3                                                                 0      0      0      8192   262144   262144   32     32     0      0      0      -             -          -      0      0      0      0      0      0      0      0      -      0      0      0      0      0      0      0      0      0      0      0      0      0      0      0      0      0      0      0      0      0      0      0      0      0      0      0      0      0      0      0      0      0      0      0      0      0      0      0      0     
0x2aebc75ae820           STG.E desc[UR6][R4.64+0x98], R7                                              34     34     34     8192   262144   262144   32     32     0      0      0      Global        Store      32     262144 0      0      0      0      229376 262144 32768         0      0      0      0      0      0      0      0      0      0      34     0      0      0      0      0      0      0      0      0      0      0      0      0      0      0      0      34     0      0      0      0      0      0      0      0      0      0      0      0     
0x2aebc75ae830           NOP                                                                          0      0      0      8192   262144   262144   32     32     0      0      0      -             -          -      0      0      0      0      0      0      0      0      -      0      0      0      0      0      0      0      0      0      0      0      0      0      0      0      0      0      0      0      0      0      0      0      0      0      0      0      0      0      0      0      0      0      0      0      0      0      0      0      0     
0x2aebc75ae840           STG.E desc[UR6][R4.64+0x9c], R13                                             21     20     21     8192   262144   262144   32     32     0      0      0      Global        Store      32     262144 0      0      0      0      229376 262144 32768         0      0      0      0      0      0      0      0      0      0      20     0      0      0      0      0      0      0      1      0      0      0      0      0      0      0      0      20     0      0      0      0      0      0      0      0      0      0      0      0     
0x2aebc75ae850           LDTM R9, tmem[UR4+0x28]                                                      121    118    121    8192   262144   262144   32     32     0      0      0      Tmem          Load       -      0      0      0      0      0      0      0      0      -      0      0      0      0      0      0      0      0      0      0      0      120    0      0      0      0      0      0      0      0      0      0      1      0      0      0      0      0      117    0      0      0      0      0      0      0      0      0      0      1     
0x2aebc75ae860           NOP                                                                          0      0      0      8192   262144   262144   32     32     0      0      0      -             -          -      0      0      0      0      0      0      0      0      -      0      0      0      0      0      0      0      0      0      0      0      0      0      0      0      0      0      0      0      0      0      0      0      0      0      0      0      0      0      0      0      0      0      0      0      0      0      0      0      0     
0x2aebc75ae870           LDTM R11, tmem[UR5+0x29]                                                     28     28     28     8192   262144   262144   32     32     0      0      0      Tmem          Load       -      0      0      0      0      0      0      0      0      -      0      0      0      0      0      0      0      0      0      0      0      27     0      0      0      0      0      0      0      1      0      0      0      0      0      0      0      0      27     0      0      0      0      0      0      0      1      0      0      0     
0x2aebc75ae880           R2UR UR4, R3                                                                 1      0      1      8192   262144   262144   32     32     0      0      0      -             -          -      0      0      0      0      0      0      0      0      -      0      0      0      0      0      0      0      0      0      0      0      0      0      0      0      0      0      0      1      0      0      0      0      0      0      0      0      0      0      0      0      0      0      0      0      0      0      0      0      0     
0x2aebc75ae890           R2UR UR5, R3                                                                 0      0      0      8192   262144   262144   32     32     0      0      0      -             -          -      0      0      0      0      0      0      0      0      -      0      0      0      0      0      0      0      0      0      0      0      0      0      0      0      0      0      0      0      0      0      0      0      0      0      0      0      0      0      0      0      0      0      0      0      0      0      0      0      0     
0x2aebc75ae8a0           STG.E desc[UR6][R4.64+0xa0], R9                                              20     20     20     8192   262144   262144   32     32     0      0      0      Global        Store      32     262144 0      0      0      0      229376 262144 32768         0      0      0      0      0      0      0      0      0      0      20     0      0      0      0      0      0      0      0      0      0      0      0      0      0      0      0      20     0      0      0      0      0      0      0      0      0      0      0      0     
0x2aebc75ae8b0           NOP                                                                          0      0      0      8192   262144   262144   32     32     0      0      0      -             -          -      0      0      0      0      0      0      0      0      -      0      0      0      0      0      0      0      0      0      0      0      0      0      0      0      0      0      0      0      0      0      0      0      0      0      0      0      0      0      0      0      0      0      0      0      0      0      0      0      0     
0x2aebc75ae8c0           STG.E desc[UR6][R4.64+0xa4], R11                                             22     22     22     8192   262144   262144   32     32     0      0      0      Global        Store      32     262144 0      0      0      0      229376 262144 32768         0      0      0      0      0      0      0      0      0      0      22     0      0      0      0      0      0      0      0      0      0      0      0      0      0      0      0      22     0      0      0      0      0      0      0      0      0      0      0      0     
0x2aebc75ae8d0           LDTM R7, tmem[UR4+0x2a]                                                      60     59     60     8192   262144   262144   32     32     0      0      0      Tmem          Load       -      0      0      0      0      0      0      0      0      -      0      0      0      0      0      0      0      0      0      0      0      59     0      0      0      0      0      0      0      0      0      0      1      0      0      0      0      0      58     0      0      0      0      0      0      0      0      0      0      1     
0x2aebc75ae8e0           NOP                                                                          1      0      1      8192   262144   262144   32     32     0      0      0      -             -          -      0      0      0      0      0      0      0      0      -      0      0      0      0      0      0      0      0      0      0      0      0      0      0      0      0      0      0      1      0      0      0      0      0      0      0      0      0      0      0      0      0      0      0      0      0      0      0      0      0     
0x2aebc75ae8f0           LDTM R13, tmem[UR5+0x2b]                                                     26     25     26     8192   262144   262144   32     32     0      0      0      Tmem          Load       -      0      0      0      0      0      0      0      0      -      0      0      0      0      0      0      0      0      0      0      0      25     0      0      0      0      0      0      1      0      0      0      0      0      0      0      0      0      25     0      0      0      0      0      0      0      0      0      0      0     
0x2aebc75ae900           R2UR UR4, R3                                                                 0      0      0      8192   262144   262144   32     32     0      0      0      -             -          -      0      0      0      0      0      0      0      0      -      0      0      0      0      0      0      0      0      0      0      0      0      0      0      0      0      0      0      0      0      0      0      0      0      0      0      0      0      0      0      0      0      0      0      0      0      0      0      0      0     
0x2aebc75ae910           R2UR UR5, R3                                                                 1      0      1      8192   262144   262144   32     32     0      0      0      -             -          -      0      0      0      0      0      0      0      0      -      0      0      0      0      0      0      0      0      0      0      0      0      0      0      0      0      0      0      1      0      0      0      0      0      0      0      0      0      0      0      0      0      0      0      0      0      0      0      0      0     
0x2aebc75ae920           STG.E desc[UR6][R4.64+0xa8], R7                                              26     26     26     8192   262144   262144   32     32     0      0      0      Global        Store      32     262144 0      0      0      0      229376 262144 32768         0      0      0      0      0      0      0      0      0      0      26     0      0      0      0      0      0      0      0      0      0      0      0      0      0      0      0      26     0      0      0      0      0      0      0      0      0      0      0      0     
0x2aebc75ae930           NOP                                                                          0      0      0      8192   262144   262144   32     32     0      0      0      -             -          -      0      0      0      0      0      0      0      0      -      0      0      0      0      0      0      0      0      0      0      0      0      0      0      0      0      0      0      0      0      0      0      0      0      0      0      0      0      0      0      0      0      0      0      0      0      0      0      0      0     
0x2aebc75ae940           STG.E desc[UR6][R4.64+0xac], R13                                             27     26     27     8192   262144   262144   32     32     0      0      0      Global        Store      32     262144 0      0      0      0      229376 262144 32768         0      0      0      0      0      0      0      0      0      0      24     0      0      0      1      0      0      0      1      1      0      0      0      0      0      0      0      24     0      0      0      1      0      0      0      0      1      0      0      0     
0x2aebc75ae950           LDTM R9, tmem[UR4+0x2c]                                                      121    120    121    8192   262144   262144   32     32     0      0      0      Tmem          Load       -      0      0      0      0      0      0      0      0      -      0      0      0      0      0      0      0      0      0      0      0      120    0      0      0      0      0      0      0      0      0      0      1      0      0      0      0      0      119    0      0      0      0      0      0      0      0      0      0      1     
0x2aebc75ae960           NOP                                                                          0      0      0      8192   262144   262144   32     32     0      0      0      -             -          -      0      0      0      0      0      0      0      0      -      0      0      0      0      0      0      0      0      0      0      0      0      0      0      0      0      0      0      0      0      0      0      0      0      0      0      0      0      0      0      0      0      0      0      0      0      0      0      0      0     
0x2aebc75ae970           LDTM R11, tmem[UR5+0x2d]                                                     36     34     36     8192   262144   262144   32     32     0      0      0      Tmem          Load       -      0      0      0      0      0      0      0      0      -      0      0      0      0      0      0      0      0      0      0      0      35     0      0      0      0      0      0      1      0      0      0      0      0      0      0      0      0      34     0      0      0      0      0      0      0      0      0      0      0     
0x2aebc75ae980           R2UR UR4, R3                                                                 0      0      0      8192   262144   262144   32     32     0      0      0      -             -          -      0      0      0      0      0      0      0      0      -      0      0      0      0      0      0      0      0      0      0      0      0      0      0      0      0      0      0      0      0      0      0      0      0      0      0      0      0      0      0      0      0      0      0      0      0      0      0      0      0     
0x2aebc75ae990           R2UR UR5, R3                                                                 0      0      0      8192   262144   262144   32     32     0      0      0      -             -          -      0      0      0      0      0      0      0      0      -      0      0      0      0      0      0      0      0      0      0      0      0      0      0      0      0      0      0      0      0      0      0      0      0      0      0      0      0      0      0      0      0      0      0      0      0      0      0      0      0     
0x2aebc75ae9a0           STG.E desc[UR6][R4.64+0xb0], R9                                              24     24     24     8192   262144   262144   32     32     0      0      0      Global        Store      32     262144 0      0      0      0      229376 262144 32768         0      0      0      0      0      0      0      0      0      0      24     0      0      0      0      0      0      0      0      0      0      0      0      0      0      0      0      24     0      0      0      0      0      0      0      0      0      0      0      0     
0x2aebc75ae9b0           NOP                                                                          0      0      0      8192   262144   262144   32     32     0      0      0      -             -          -      0      0      0      0      0      0      0      0      -      0      0      0      0      0      0      0      0      0      0      0      0      0      0      0      0      0      0      0      0      0      0      0      0      0      0      0      0      0      0      0      0      0      0      0      0      0      0      0      0     
0x2aebc75ae9c0           STG.E desc[UR6][R4.64+0xb4], R11                                             11     10     11     8192   262144   262144   32     32     0      0      0      Global        Store      32     262144 0      0      0      0      229376 262144 32768         0      0      0      0      0      0      0      0      0      0      11     0      0      0      0      0      0      0      0      0      0      0      0      0      0      0      0      10     0      0      0      0      0      0      0      0      0      0      0      0     
0x2aebc75ae9d0           LDTM R7, tmem[UR4+0x2e]                                                      80     78     80     8192   262144   262144   32     32     0      0      0      Tmem          Load       -      0      0      0      0      0      0      0      0      -      0      0      0      0      0      0      0      0      0      0      0      78     0      0      0      0      0      0      1      0      0      0      1      0      0      0      0      0      77     0      0      0      0      0      0      0      0      0      0      1     
0x2aebc75ae9e0           NOP                                                                          0      0      0      8192   262144   262144   32     32     0      0      0      -             -          -      0      0      0      0      0      0      0      0      -      0      0      0      0      0      0      0      0      0      0      0      0      0      0      0      0      0      0      0      0      0      0      0      0      0      0      0      0      0      0      0      0      0      0      0      0      0      0      0      0     
0x2aebc75ae9f0           LDTM R13, tmem[UR5+0x2f]                                                     18     18     18     8192   262144   262144   32     32     0      0      0      Tmem          Load       -      0      0      0      0      0      0      0      0      -      0      0      0      0      0      0      0      0      0      0      0      18     0      0      0      0      0      0      0      0      0      0      0      0      0      0      0      0      18     0      0      0      0      0      0      0      0      0      0      0     
0x2aebc75aea00           R2UR UR4, R3                                                                 0      0      0      8192   262144   262144   32     32     0      0      0      -             -          -      0      0      0      0      0      0      0      0      -      0      0      0      0      0      0      0      0      0      0      0      0      0      0      0      0      0      0      0      0      0      0      0      0      0      0      0      0      0      0      0      0      0      0      0      0      0      0      0      0     
0x2aebc75aea10           R2UR UR5, R3                                                                 1      0      1      8192   262144   262144   32     32     0      0      0      -             -          -      0      0      0      0      0      0      0      0      -      0      0      0      0      0      0      0      0      0      0      0      0      0      0      0      0      0      0      1      0      0      0      0      0      0      0      0      0      0      0      0      0      0      0      0      0      0      0      0      0     
0x2aebc75aea20           STG.E desc[UR6][R4.64+0xb8], R7                                              21     21     21     8192   262144   262144   32     32     0      0      0      Global        Store      32     262144 0      0      0      0      229376 262144 32768         0      0      0      0      0      0      0      0      0      0      20     0      0      0      1      0      0      0      0      0      0      0      0      0      0      0      0      20     0      0      0      1      0      0      0      0      0      0      0      0     
0x2aebc75aea30           NOP                                                                          0      0      0      8192   262144   262144   32     32     0      0      0      -             -          -      0      0      0      0      0      0      0      0      -      0      0      0      0      0      0      0      0      0      0      0      0      0      0      0      0      0      0      0      0      0      0      0      0      0      0      0      0      0      0      0      0      0      0      0      0      0      0      0      0     
0x2aebc75aea40           STG.E desc[UR6][R4.64+0xbc], R13                                             24     24     24     8192   262144   262144   32     32     0      0      0      Global        Store      32     262144 0      0      0      0      229376 262144 32768         0      0      0      0      0      0      0      0      0      0      24     0      0      0      0      0      0      0      0      0      0      0      0      0      0      0      0      24     0      0      0      0      0      0      0      0      0      0      0      0     
0x2aebc75aea50           LDTM R9, tmem[UR4+0x30]                                                      108    106    108    8192   262144   262144   32     32     0      0      0      Tmem          Load       -      0      0      0      0      0      0      0      0      -      0      0      0      0      0      0      0      0      0      0      0      108    0      0      0      0      0      0      0      0      0      0      0      0      0      0      0      0      106    0      0      0      0      0      0      0      0      0      0      0     
0x2aebc75aea60           NOP                                                                          0      0      0      8192   262144   262144   32     32     0      0      0      -             -          -      0      0      0      0      0      0      0      0      -      0      0      0      0      0      0      0      0      0      0      0      0      0      0      0      0      0      0      0      0      0      0      0      0      0      0      0      0      0      0      0      0      0      0      0      0      0      0      0      0     
0x2aebc75aea70           LDTM R11, tmem[UR5+0x31]                                                     26     26     26     8192   262144   262144   32     32     0      0      0      Tmem          Load       -      0      0      0      0      0      0      0      0      -      0      0      0      0      0      0      0      0      0      0      0      26     0      0      0      0      0      0      0      0      0      0      0      0      0      0      0      0      26     0      0      0      0      0      0      0      0      0      0      0     
0x2aebc75aea80           R2UR UR4, R3                                                                 0      0      0      8192   262144   262144   32     32     0      0      0      -             -          -      0      0      0      0      0      0      0      0      -      0      0      0      0      0      0      0      0      0      0      0      0      0      0      0      0      0      0      0      0      0      0      0      0      0      0      0      0      0      0      0      0      0      0      0      0      0      0      0      0     
0x2aebc75aea90           R2UR UR5, R3                                                                 1      0      1      8192   262144   262144   32     32     0      0      0      -             -          -      0      0      0      0      0      0      0      0      -      0      0      0      0      0      0      0      0      0      0      0      0      0      0      0      0      0      0      1      0      0      0      0      0      0      0      0      0      0      0      0      0      0      0      0      0      0      0      0      0     
0x2aebc75aeaa0           STG.E desc[UR6][R4.64+0xc0], R9                                              24     24     24     8192   262144   262144   32     32     0      0      0      Global        Store      32     262144 0      0      0      0      229376 262144 32768         0      0      0      0      0      0      0      0      0      0      24     0      0      0      0      0      0      0      0      0      0      0      0      0      0      0      0      24     0      0      0      0      0      0      0      0      0      0      0      0     
0x2aebc75aeab0           NOP                                                                          2      0      2      8192   262144   262144   32     32     0      0      0      -             -          -      0      0      0      0      0      0      0      0      -      0      0      0      0      0      0      0      0      0      0      0      0      0      0      0      0      0      0      2      0      0      0      0      0      0      0      0      0      0      0      0      0      0      0      0      0      0      0      0      0     
0x2aebc75aeac0           STG.E desc[UR6][R4.64+0xc4], R11                                             27     26     27     8192   262144   262144   32     32     0      0      0      Global        Store      32     262144 0      0      0      0      229376 262144 32768         0      0      0      0      0      0      0      0      0      0      26     0      0      0      0      0      0      0      0      0      0      0      1      0      0      0      0      26     0      0      0      0      0      0      0      0      0      0      0      0     
0x2aebc75aead0           LDTM R7, tmem[UR4+0x32]                                                      58     55     58     8192   262144   262144   32     32     0      0      0      Tmem          Load       -      0      0      0      0      0      0      0      0      -      0      0      0      0      0      0      0      0      0      0      0      55     0      0      0      0      0      0      1      0      0      0      2      0      0      0      0      0      53     0      0      0      0      0      0      0      0      0      0      2     
0x2aebc75aeae0           NOP                                                                          1      0      1      8192   262144   262144   32     32     0      0      0      -             -          -      0      0      0      0      0      0      0      0      -      0      0      0      0      0      0      0      0      0      0      0      0      0      0      0      0      0      0      1      0      0      0      0      0      0      0      0      0      0      0      0      0      0      0      0      0      0      0      0      0     
0x2aebc75aeaf0           LDTM R13, tmem[UR5+0x33]                                                     24     24     24     8192   262144   262144   32     32     0      0      0      Tmem          Load       -      0      0      0      0      0      0      0      0      -      0      0      0      0      0      0      0      0      0      0      0      24     0      0      0      0      0      0      0      0      0      0      0      0      0      0      0      0      24     0      0      0      0      0      0      0      0      0      0      0     
0x2aebc75aeb00           R2UR UR4, R3                                                                 1      0      1      8192   262144   262144   32     32     0      0      0      -             -          -      0      0      0      0      0      0      0      0      -      0      0      0      0      0      0      0      0      0      0      0      0      0      0      0      0      0      0      1      0      0      0      0      0      0      0      0      0      0      0      0      0      0      0      0      0      0      0      0      0     
0x2aebc75aeb10           R2UR UR5, R3                                                                 0      0      0      8192   262144   262144   32     32     0      0      0      -             -          -      0      0      0      0      0      0      0      0      -      0      0      0      0      0      0      0      0      0      0      0      0      0      0      0      0      0      0      0      0      0      0      0      0      0      0      0      0      0      0      0      0      0      0      0      0      0      0      0      0     
0x2aebc75aeb20           STG.E desc[UR6][R4.64+0xc8], R7                                              22     22     22     8192   262144   262144   32     32     0      0      0      Global        Store      32     262144 0      0      0      0      229376 262144 32768         0      0      0      0      0      0      0      0      0      0      22     0      0      0      0      0      0      0      0      0      0      0      0      0      0      0      0      22     0      0      0      0      0      0      0      0      0      0      0      0     
0x2aebc75aeb30           NOP                                                                          0      0      0      8192   262144   262144   32     32     0      0      0      -             -          -      0      0      0      0      0      0      0      0      -      0      0      0      0      0      0      0      0      0      0      0      0      0      0      0      0      0      0      0      0      0      0      0      0      0      0      0      0      0      0      0      0      0      0      0      0      0      0      0      0     
0x2aebc75aeb40           STG.E desc[UR6][R4.64+0xcc], R13                                             33     33     33     8192   262144   262144   32     32     0      0      0      Global        Store      32     262144 0      0      0      0      229376 262144 32768         0      0      0      0      0      0      0      0      0      0      32     0      0      0      0      0      0      0      0      0      0      0      1      0      0      0      0      32     0      0      0      0      0      0      0      0      0      0      0      1     
0x2aebc75aeb50           LDTM R9, tmem[UR4+0x34]                                                      106    105    106    8192   262144   262144   32     32     0      0      0      Tmem          Load       -      0      0      0      0      0      0      0      0      -      0      0      0      0      0      0      0      0      0      0      0      106    0      0      0      0      0      0      0      0      0      0      0      0      0      0      0      0      105    0      0      0      0      0      0      0      0      0      0      0     
0x2aebc75aeb60           NOP                                                                          0      0      0      8192   262144   262144   32     32     0      0      0      -             -          -      0      0      0      0      0      0      0      0      -      0      0      0      0      0      0      0      0      0      0      0      0      0      0      0      0      0      0      0      0      0      0      0      0      0      0      0      0      0      0      0      0      0      0      0      0      0      0      0      0     
0x2aebc75aeb70           LDTM R11, tmem[UR5+0x35]                                                     30     29     30     8192   262144   262144   32     32     0      0      0      Tmem          Load       -      0      0      0      0      0      0      0      0      -      0      0      0      0      0      0      0      0      0      0      0      30     0      0      0      0      0      0      0      0      0      0      0      0      0      0      0      0      29     0      0      0      0      0      0      0      0      0      0      0     
0x2aebc75aeb80           R2UR UR4, R3                                                                 0      0      0      8192   262144   262144   32     32     0      0      0      -             -          -      0      0      0      0      0      0      0      0      -      0      0      0      0      0      0      0      0      0      0      0      0      0      0      0      0      0      0      0      0      0      0      0      0      0      0      0      0      0      0      0      0      0      0      0      0      0      0      0      0     
0x2aebc75aeb90           R2UR UR5, R3                                                                 0      0      0      8192   262144   262144   32     32     0      0      0      -             -          -      0      0      0      0      0      0      0      0      -      0      0      0      0      0      0      0      0      0      0      0      0      0      0      0      0      0      0      0      0      0      0      0      0      0      0      0      0      0      0      0      0      0      0      0      0      0      0      0      0     
0x2aebc75aeba0           STG.E desc[UR6][R4.64+0xd0], R9                                              19     18     19     8192   262144   262144   32     32     0      0      0      Global        Store      32     262144 0      0      0      0      229376 262144 32768         0      0      0      0      0      0      0      0      0      0      18     0      0      0      0      0      0      0      1      0      0      0      0      0      0      0      0      18     0      0      0      0      0      0      0      0      0      0      0      0     
0x2aebc75aebb0           NOP                                                                          0      0      0      8192   262144   262144   32     32     0      0      0      -             -          -      0      0      0      0      0      0      0      0      -      0      0      0      0      0      0      0      0      0      0      0      0      0      0      0      0      0      0      0      0      0      0      0      0      0      0      0      0      0      0      0      0      0      0      0      0      0      0      0      0     
0x2aebc75aebc0           STG.E desc[UR6][R4.64+0xd4], R11                                             31     31     31     8192   262144   262144   32     32     0      0      0      Global        Store      32     262144 0      0      0      0      229376 262144 32768         0      0      0      0      0      0      0      0      0      0      31     0      0      0      0      0      0      0      0      0      0      0      0      0      0      0      0      31     0      0      0      0      0      0      0      0      0      0      0      0     
0x2aebc75aebd0           LDTM R7, tmem[UR4+0x36]                                                      53     52     53     8192   262144   262144   32     32     0      0      0      Tmem          Load       -      0      0      0      0      0      0      0      0      -      0      0      0      0      0      0      0      0      0      0      0      53     0      0      0      0      0      0      0      0      0      0      0      0      0      0      0      0      52     0      0      0      0      0      0      0      0      0      0      0     
0x2aebc75aebe0           NOP                                                                          0      0      0      8192   262144   262144   32     32     0      0      0      -             -          -      0      0      0      0      0      0      0      0      -      0      0      0      0      0      0      0      0      0      0      0      0      0      0      0      0      0      0      0      0      0      0      0      0      0      0      0      0      0      0      0      0      0      0      0      0      0      0      0      0     
0x2aebc75aebf0           LDTM R13, tmem[UR5+0x37]                                                     33     33     33     8192   262144   262144   32     32     0      0      0      Tmem          Load       -      0      0      0      0      0      0      0      0      -      0      0      0      0      0      0      0      0      0      0      0      33     0      0      0      0      0      0      0      0      0      0      0      0      0      0      0      0      33     0      0      0      0      0      0      0      0      0      0      0     
0x2aebc75aec00           R2UR UR4, R3                                                                 0      0      0      8192   262144   262144   32     32     0      0      0      -             -          -      0      0      0      0      0      0      0      0      -      0      0      0      0      0      0      0      0      0      0      0      0      0      0      0      0      0      0      0      0      0      0      0      0      0      0      0      0      0      0      0      0      0      0      0      0      0      0      0      0     
0x2aebc75aec10           R2UR UR5, R3                                                                 0      0      0      8192   262144   262144   32     32     0      0      0      -             -          -      0      0      0      0      0      0      0      0      -      0      0      0      0      0      0      0      0      0      0      0      0      0      0      0      0      0      0      0      0      0      0      0      0      0      0      0      0      0      0      0      0      0      0      0      0      0      0      0      0     
0x2aebc75aec20           STG.E desc[UR6][R4.64+0xd8], R7                                              10     10     10     8192   262144   262144   32     32     0      0      0      Global        Store      32     262144 0      0      0      0      229376 262144 32768         0      0      0      0      0      0      0      0      0      0      10     0      0      0      0      0      0      0      0      0      0      0      0      0      0      0      0      10     0      0      0      0      0      0      0      0      0      0      0      0     
0x2aebc75aec30           NOP                                                                          0      0      0      8192   262144   262144   32     32     0      0      0      -             -          -      0      0      0      0      0      0      0      0      -      0      0      0      0      0      0      0      0      0      0      0      0      0      0      0      0      0      0      0      0      0      0      0      0      0      0      0      0      0      0      0      0      0      0      0      0      0      0      0      0     
0x2aebc75aec40           STG.E desc[UR6][R4.64+0xdc], R13                                             16     15     16     8192   262144   262144   32     32     0      0      0      Global        Store      32     262144 0      0      0      0      229376 262144 32768         0      0      0      0      0      0      0      0      0      0      14     0      0      0      0      0      0      0      1      0      0      0      1      0      0      0      0      14     0      0      0      0      0      0      0      0      0      0      0      1     
0x2aebc75aec50           LDTM R9, tmem[UR4+0x38]                                                      93     92     93     8192   262144   262144   32     32     0      0      0      Tmem          Load       -      0      0      0      0      0      0      0      0      -      0      0      0      0      0      0      0      0      0      0      0      91     0      0      0      0      0      0      0      0      0      0      2      0      0      0      0      0      90     0      0      0      0      0      0      0      0      0      0      2     
0x2aebc75aec60           NOP                                                                          0      0      0      8192   262144   262144   32     32     0      0      0      -             -          -      0      0      0      0      0      0      0      0      -      0      0      0      0      0      0      0      0      0      0      0      0      0      0      0      0      0      0      0      0      0      0      0      0      0      0      0      0      0      0      0      0      0      0      0      0      0      0      0      0     
0x2aebc75aec70           LDTM R11, tmem[UR5+0x39]                                                     23     23     23     8192   262144   262144   32     32     0      0      0      Tmem          Load       -      0      0      0      0      0      0      0      0      -      0      0      0      0      0      0      0      0      0      0      0      23     0      0      0      0      0      0      0      0      0      0      0      0      0      0      0      0      23     0      0      0      0      0      0      0      0      0      0      0     
0x2aebc75aec80           R2UR UR4, R3                                                                 0      0      0      8192   262144   262144   32     32     0      0      0      -             -          -      0      0      0      0      0      0      0      0      -      0      0      0      0      0      0      0      0      0      0      0      0      0      0      0      0      0      0      0      0      0      0      0      0      0      0      0      0      0      0      0      0      0      0      0      0      0      0      0      0     
0x2aebc75aec90           R2UR UR5, R3                                                                 2      0      2      8192   262144   262144   32     32     0      0      0      -             -          -      0      0      0      0      0      0      0      0      -      0      0      0      0      0      0      0      0      0      0      0      0      0      0      0      0      0      0      1      0      0      0      1      0      0      0      0      0      0      0      0      0      0      0      0      0      0      0      0      0     
0x2aebc75aeca0           STG.E desc[UR6][R4.64+0xe0], R9                                              13     13     13     8192   262144   262144   32     32     0      0      0      Global        Store      32     262144 0      0      0      0      229376 262144 32768         0      0      0      0      0      0      0      0      0      0      13     0      0      0      0      0      0      0      0      0      0      0      0      0      0      0      0      13     0      0      0      0      0      0      0      0      0      0      0      0     
0x2aebc75aecb0           NOP                                                                          0      0      0      8192   262144   262144   32     32     0      0      0      -             -          -      0      0      0      0      0      0      0      0      -      0      0      0      0      0      0      0      0      0      0      0      0      0      0      0      0      0      0      0      0      0      0      0      0      0      0      0      0      0      0      0      0      0      0      0      0      0      0      0      0     
0x2aebc75aecc0           STG.E desc[UR6][R4.64+0xe4], R11                                             10     10     10     8192   262144   262144   32     32     0      0      0      Global        Store      32     262144 0      0      0      0      229376 262144 32768         0      0      0      0      0      0      0      0      0      0      10     0      0      0      0      0      0      0      0      0      0      0      0      0      0      0      0      10     0      0      0      0      0      0      0      0      0      0      0      0     
0x2aebc75aecd0           LDTM R7, tmem[UR4+0x3a]                                                      80     78     80     8192   262144   262144   32     32     0      0      0      Tmem          Load       -      0      0      0      0      0      0      0      0      -      0      0      0      0      0      0      0      0      0      0      0      79     0      0      0      0      0      0      0      0      0      0      1      0      0      0      0      0      77     0      0      0      0      0      0      0      0      0      0      1     
0x2aebc75aece0           NOP                                                                          0      0      0      8192   262144   262144   32     32     0      0      0      -             -          -      0      0      0      0      0      0      0      0      -      0      0      0      0      0      0      0      0      0      0      0      0      0      0      0      0      0      0      0      0      0      0      0      0      0      0      0      0      0      0      0      0      0      0      0      0      0      0      0      0     
0x2aebc75aecf0           LDTM R13, tmem[UR5+0x3b]                                                     26     26     26     8192   262144   262144   32     32     0      0      0      Tmem          Load       -      0      0      0      0      0      0      0      0      -      0      0      0      0      0      0      0      0      0      0      0      26     0      0      0      0      0      0      0      0      0      0      0      0      0      0      0      0      26     0      0      0      0      0      0      0      0      0      0      0     
0x2aebc75aed00           R2UR UR4, R3                                                                 1      0      1      8192   262144   262144   32     32     0      0      0      -             -          -      0      0      0      0      0      0      0      0      -      0      0      0      0      0      0      0      0      0      0      0      0      0      0      0      0      0      0      1      0      0      0      0      0      0      0      0      0      0      0      0      0      0      0      0      0      0      0      0      0     
0x2aebc75aed10           R2UR UR5, R3                                                                 1      0      1      8192   262144   262144   32     32     0      0      0      -             -          -      0      0      0      0      0      0      0      0      -      0      0      0      0      0      0      0      0      0      0      0      0      0      0      0      0      0      0      1      0      0      0      0      0      0      0      0      0      0      0      0      0      0      0      0      0      0      0      0      0     
0x2aebc75aed20           STG.E desc[UR6][R4.64+0xe8], R7                                              7      7      7      8192   262144   262144   32     32     0      0      0      Global        Store      32     262144 0      0      0      0      229376 262144 32768         0      0      0      0      0      0      0      0      0      0      7      0      0      0      0      0      0      0      0      0      0      0      0      0      0      0      0      7      0      0      0      0      0      0      0      0      0      0      0      0     
0x2aebc75aed30           NOP                                                                          0      0      0      8192   262144   262144   32     32     0      0      0      -             -          -      0      0      0      0      0      0      0      0      -      0      0      0      0      0      0      0      0      0      0      0      0      0      0      0      0      0      0      0      0      0      0      0      0      0      0      0      0      0      0      0      0      0      0      0      0      0      0      0      0     
0x2aebc75aed40           STG.E desc[UR6][R4.64+0xec], R13                                             16     16     16     8192   262144   262144   32     32     0      0      0      Global        Store      32     262144 0      0      0      0      229376 262144 32768         0      0      0      0      0      0      0      0      0      0      16     0      0      0      0      0      0      0      0      0      0      0      0      0      0      0      0      16     0      0      0      0      0      0      0      0      0      0      0      0     
0x2aebc75aed50           LDTM R9, tmem[UR4+0x3c]                                                      85     84     85     8192   262144   262144   32     32     0      0      0      Tmem          Load       -      0      0      0      0      0      0      0      0      -      0      0      0      0      0      0      0      0      0      0      0      85     0      0      0      0      0      0      0      0      0      0      0      0      0      0      0      0      84     0      0      0      0      0      0      0      0      0      0      0     
0x2aebc75aed60           NOP                                                                          0      0      0      8192   262144   262144   32     32     0      0      0      -             -          -      0      0      0      0      0      0      0      0      -      0      0      0      0      0      0      0      0      0      0      0      0      0      0      0      0      0      0      0      0      0      0      0      0      0      0      0      0      0      0      0      0      0      0      0      0      0      0      0      0     
0x2aebc75aed70           LDTM R11, tmem[UR5+0x3d]                                                     18     18     18     8192   262144   262144   32     32     0      0      0      Tmem          Load       -      0      0      0      0      0      0      0      0      -      0      0      0      0      0      0      0      0      0      0      0      18     0      0      0      0      0      0      0      0      0      0      0      0      0      0      0      0      18     0      0      0      0      0      0      0      0      0      0      0     
0x2aebc75aed80           R2UR UR4, R3                                                                 2      0      2      8192   262144   262144   32     32     0      0      0      -             -          -      0      0      0      0      0      0      0      0      -      0      0      0      0      0      0      0      0      0      0      0      0      0      0      0      0      0      0      2      0      0      0      0      0      0      0      0      0      0      0      0      0      0      0      0      0      0      0      0      0     
0x2aebc75aed90           R2UR UR5, R3                                                                 0      0      0      8192   262144   262144   32     32     0      0      0      -             -          -      0      0      0      0      0      0      0      0      -      0      0      0      0      0      0      0      0      0      0      0      0      0      0      0      0      0      0      0      0      0      0      0      0      0      0      0      0      0      0      0      0      0      0      0      0      0      0      0      0     
0x2aebc75aeda0           STG.E desc[UR6][R4.64+0xf0], R9                                              12     12     12     8192   262144   262144   32     32     0      0      0      Global        Store      32     262144 0      0      0      0      229376 262144 32768         0      0      0      0      0      0      0      0      0      0      12     0      0      0      0      0      0      0      0      0      0      0      0      0      0      0      0      12     0      0      0      0      0      0      0      0      0      0      0      0     
0x2aebc75aedb0           NOP                                                                          0      0      0      8192   262144   262144   32     32     0      0      0      -             -          -      0      0      0      0      0      0      0      0      -      0      0      0      0      0      0      0      0      0      0      0      0      0      0      0      0      0      0      0      0      0      0      0      0      0      0      0      0      0      0      0      0      0      0      0      0      0      0      0      0     
0x2aebc75aedc0           STG.E desc[UR6][R4.64+0xf4], R11                                             19     19     19     8192   262144   262144   32     32     0      0      0      Global        Store      32     262144 0      0      0      0      229376 262144 32768         0      0      0      0      0      0      0      0      0      0      19     0      0      0      0      0      0      0      0      0      0      0      0      0      0      0      0      19     0      0      0      0      0      0      0      0      0      0      0      0     
0x2aebc75aedd0           LDTM R3, tmem[UR4+0x3e]                                                      2      2      2      8192   262144   262144   32     32     0      0      0      Tmem          Load       -      0      0      0      0      0      0      0      0      -      0      0      0      0      0      0      0      0      0      0      0      0      0      0      0      0      0      0      0      0      0      0      2      0      0      0      0      0      0      0      0      0      0      0      0      0      0      0      0      2     
0x2aebc75aede0           NOP                                                                          0      0      0      8192   262144   262144   32     32     0      0      0      -             -          -      0      0      0      0      0      0      0      0      -      0      0      0      0      0      0      0      0      0      0      0      0      0      0      0      0      0      0      0      0      0      0      0      0      0      0      0      0      0      0      0      0      0      0      0      0      0      0      0      0     
0x2aebc75aedf0           LDTM R7, tmem[UR5+0x3f]                                                      69     66     69     8192   262144   262144   32     32     0      0      0      Tmem          Load       -      0      0      0      0      0      0      0      0      -      0      0      0      0      0      0      0      0      0      0      0      68     0      0      0      0      0      0      0      1      0      0      0      0      0      0      0      0      65     0      0      0      0      0      0      0      1      0      0      0     
0x2aebc75aee00           LDCU UR4, c[0x0][0x36c]                                                      0      0      0      8192   262144   262144   32     32     0      0      0      -             -          -      0      0      0      0      0      0      0      0      -      0      0      0      0      0      0      0      0      0      0      0      0      0      0      0      0      0      0      0      0      0      0      0      0      0      0      0      0      0      0      0      0      0      0      0      0      0      0      0      0     
0x2aebc75aee10           UISETP.EQ.U32.AND UP0, UPT, UR4, 0x1, UPT                                    2      2      2      8192   262144   262144   32     32     0      0      0      -             -          -      0      0      0      0      0      0      0      0      -      0      0      0      0      0      0      0      0      0      0      0      0      0      0      0      0      0      0      0      2      0      0      0      0      0      0      0      0      0      0      0      0      0      0      0      0      2      0      0      0     
0x2aebc75aee20           STG.E desc[UR6][R4.64+0xf8], R3                                              15     15     15     8192   262144   262144   32     32     0      0      0      Global        Store      32     262144 0      0      0      0      229376 262144 32768         0      0      0      0      0      0      0      0      0      0      15     0      0      0      0      0      0      0      0      0      0      0      0      0      0      0      0      15     0      0      0      0      0      0      0      0      0      0      0      0     
0x2aebc75aee30           NOP                                                                          0      0      0      8192   262144   262144   32     32     0      0      0      -             -          -      0      0      0      0      0      0      0      0      -      0      0      0      0      0      0      0      0      0      0      0      0      0      0      0      0      0      0      0      0      0      0      0      0      0      0      0      0      0      0      0      0      0      0      0      0      0      0      0      0     
0x2aebc75aee40           STG.E desc[UR6][R4.64+0xfc], R7                                              8      8      8      8192   262144   262144   32     32     0      0      0      Global        Store      32     262144 0      0      0      0      229376 262144 32768         0      0      0      0      0      0      0      0      0      0      7      0      0      0      0      0      0      0      0      0      0      0      1      0      0      0      0      7      0      0      0      0      0      0      0      0      0      0      0      1     
0x2aebc75aee50           BRA.U !UP0, 0x2aebc75aeec0                                                   0      0      0      8192   262144   262144   32     32     0      0      0      -             -          -      0      0      0      0      0      0      0      0      -      0      0      0      0      0      0      0      0      0      0      0      0      0      0      0      0      0      0      0      0      0      0      0      0      0      0      0      0      0      0      0      0      0      0      0      0      0      0      0      0     
0x2aebc75aee60           MEMBAR.ALL.CTA                                                               12     12     12     8192   262144   262144   32     32     0      0      0      -             -          -      0      0      0      0      0      0      0      0      -      0      0      0      0      0      0      0      0      0      0      12     0      0      0      0      0      0      0      0      0      0      0      0      0      0      0      0      12     0      0      0      0      0      0      0      0      0      0      0      0     
0x2aebc75aee70           MEMBAR.ALL.GPU                                                               222    219    222    8192   262144   262144   32     32     0      0      0      -             -          -      0      0      0      0      0      0      0      0      -      0      0      0      0      0      0      0      0      0      0      0      221    0      0      0      0      0      0      0      0      0      0      1      0      0      0      0      0      218    0      0      0      0      0      0      0      0      0      0      1     
0x2aebc75aee80           ERRBAR                                                                       874    867    874    8192   262144   262144   32     32     0      0      0      -             -          -      0      0      0      0      0      0      0      0      -      0      0      0      0      0      0      0      0      0      0      0      0      0      872    0      0      0      0      1      0      0      0      1      0      0      0      0      0      0      0      866    0      0      0      0      0      0      0      0      1     
0x2aebc75aee90           CGAERRBAR                                                                    5      4      5      8192   262144   262144   32     32     0      0      0      -             -          -      0      0      0      0      0      0      0      0      -      0      0      0      0      0      0      0      0      0      0      0      0      0      0      0      0      0      0      0      0      0      0      5      0      0      0      0      0      0      0      0      0      0      0      0      0      0      0      0      4     
0x2aebc75aeea0           UCGABAR_ARV                                                                  12     12     12     8192   262144   262144   32     32     0      0      0      -             -          -      0      0      0      0      0      0      0      0      -      0      0      0      0      0      0      0      0      0      0      0      0      0      12     0      0      0      0      0      0      0      0      0      0      0      0      0      0      0      0      12     0      0      0      0      0      0      0      0      0     
0x2aebc75aeeb0           BRA 0x2aebc75aeed0                                                           0      0      0      8192   262144   262144   32     32     0      0      0      -             -          -      0      0      0      0      0      0      0      0      -      0      0      0      0      0      0      0      0      0      0      0      0      0      0      0      0      0      0      0      0      0      0      0      0      0      0      0      0      0      0      0      0      0      0      0      0      0      0      0      0     
0x2aebc75aeec0           NOP                                                                          0      0      0      0      0        0        0      0      32     32     0      -             -          -      0      0      0      0      0      0      0      0      -      0      0      0      0      0      0      0      0      0      0      0      0      0      0      0      0      0      0      0      0      0      0      0      0      0      0      0      0      0      0      0      0      0      0      0      0      0      0      0      0     
0x2aebc75aeed0           BRA.U !UP0, 0x2aebc75aef10                                                   1      0      1      8192   262144   262144   32     32     32     0      0      -             -          -      0      0      0      0      0      0      0      0      -      0      0      0      0      0      0      0      0      0      0      0      0      0      0      0      0      1      0      0      0      0      0      0      0      0      0      0      0      0      0      0      0      0      0      0      0      0      0      0      0     
0x2aebc75aeee0           UCGABAR_WAIT                                                                 108    107    108    8192   262144   262144   32     32     0      0      0      -             -          -      0      0      0      0      0      0      0      0      -      0      0      0      0      0      0      108    0      0      0      0      0      0      0      0      0      0      0      0      0      0      0      0      107    0      0      0      0      0      0      0      0      0      0      0      0      0      0      0      0     
0x2aebc75aeef0           CCTL.IVALL                                                                   0      0      0      8192   262144   262144   32     32     0      0      0      -             -          -      0      0      0      0      0      0      0      0      -      0      0      0      0      0      0      0      0      0      0      0      0      0      0      0      0      0      0      0      0      0      0      0      0      0      0      0      0      0      0      0      0      0      0      0      0      0      0      0      0     
0x2aebc75aef00           BRA 0x2aebc75aef20                                                           0      0      0      8192   262144   262144   32     32     0      0      0      -             -          -      0      0      0      0      0      0      0      0      -      0      0      0      0      0      0      0      0      0      0      0      0      0      0      0      0      0      0      0      0      0      0      0      0      0      0      0      0      0      0      0      0      0      0      0      0      0      0      0      0     
0x2aebc75aef10           BAR.SYNC.DEFER_BLOCKING 0x0                                                  0      0      0      0      0        0        0      0      32     32     0      -             -          -      0      0      0      0      0      0      0      0      -      0      0      0      0      0      0      0      0      0      0      0      0      0      0      0      0      0      0      0      0      0      0      0      0      0      0      0      0      0      0      0      0      0      0      0      0      0      0      0      0     
0x2aebc75aef20     @P0   EXIT                                                                         3      3      3      8192   262144   196608   32     24     24     8      0      -             -          -      0      0      0      0      0      0      0      0      -      0      0      0      0      0      0      0      1      0      0      0      0      0      0      0      0      2      0      0      0      0      0      0      0      1      0      0      0      0      0      0      0      0      2      0      0      0      0      0      0     
0x2aebc75aef30           MOV R3, 0x40                                                                 2      1      2      2048   65536    65536    32     32     8      0      0      -             -          -      0      0      0      0      0      0      0      0      -      0      0      0      0      0      0      0      2      0      0      0      0      0      0      0      0      0      0      0      0      0      0      0      0      1      0      0      0      0      0      0      0      0      0      0      0      0      0      0      0     
0x2aebc75aef40           NOP                                                                          0      0      0      2048   65536    65536    32     32     0      0      0      -             -          -      0      0      0      0      0      0      0      0      -      0      0      0      0      0      0      0      0      0      0      0      0      0      0      0      0      0      0      0      0      0      0      0      0      0      0      0      0      0      0      0      0      0      0      0      0      0      0      0      0     
0x2aebc75aef50           LEA R4, R2, R3, 0x18                                                         0      0      0      2048   65536    65536    32     32     0      0      0      -             -          -      0      0      0      0      0      0      0      0      -      0      0      0      0      0      0      0      0      0      0      0      0      0      0      0      0      0      0      0      0      0      0      0      0      0      0      0      0      0      0      0      0      0      0      0      0      0      0      0      0     
0x2aebc75aef60           UMOV UR5, 0x3                                                                0      0      0      2048   65536    65536    32     32     0      0      0      -             -          -      0      0      0      0      0      0      0      0      -      0      0      0      0      0      0      0      0      0      0      0      0      0      0      0      0      0      0      0      0      0      0      0      0      0      0      0      0      0      0      0      0      0      0      0      0      0      0      0      0     
0x2aebc75aef70           R2UR UR4, R6                                                                 0      0      0      2048   65536    65536    32     32     0      0      0      -             -          -      0      0      0      0      0      0      0      0      -      0      0      0      0      0      0      0      0      0      0      0      0      0      0      0      0      0      0      0      0      0      0      0      0      0      0      0      0      0      0      0      0      0      0      0      0      0      0      0      0     
0x2aebc75aef80           UMOV UR6, 0x1                                                                0      0      0      2048   65536    65536    32     32     0      0      0      -             -          -      0      0      0      0      0      0      0      0      -      0      0      0      0      0      0      0      0      0      0      0      0      0      0      0      0      0      0      0      0      0      0      0      0      0      0      0      0      0      0      0      0      0      0      0      0      0      0      0      0     
0x2aebc75aef90           ISETP.NE.AND P1, PT, R0, RZ, PT                                              0      0      0      2048   65536    65536    32     32     0      0      0      -             -          -      0      0      0      0      0      0      0      0      -      0      0      0      0      0      0      0      0      0      0      0      0      0      0      0      0      0      0      0      0      0      0      0      0      0      0      0      0      0      0      0      0      0      0      0      0      0      0      0      0     
0x2aebc75aefa0           LDS R2, [R4+0x14]                                                            0      0      0      2048   65536    65536    32     32     0      0      0      Shared        Load       32     0      1      0      2048   2048   0      0      0      -      0      0      0      0      0      0      0      0      0      0      0      0      0      0      0      0      0      0      0      0      0      0      0      0      0      0      0      0      0      0      0      0      0      0      0      0      0      0      0      0     
0x2aebc75aefb0           ULOP3.LUT UR4, UR4, 0xffff, URZ, 0xc0, !UPT                                  2      2      2      2048   65536    65536    32     32     0      0      0      -             -          -      0      0      0      0      0      0      0      0      -      0      0      0      0      0      0      0      0      0      0      0      0      0      0      0      0      0      0      0      0      0      0      2      0      0      0      0      0      0      0      0      0      0      0      0      0      0      0      0      2     
0x2aebc75aefc0           USHF.R.U32.HI UR4, URZ, 0x5, UR4                                             0      0      0      2048   65536    65536    32     32     0      0      0      -             -          -      0      0      0      0      0      0      0      0      -      0      0      0      0      0      0      0      0      0      0      0      0      0      0      0      0      0      0      0      0      0      0      0      0      0      0      0      0      0      0      0      0      0      0      0      0      0      0      0      0     
0x2aebc75aefd0           USHF.L.U32 UR5, UR5, UR4, URZ                                                1      1      1      2048   65536    65536    32     32     0      0      0      -             -          -      0      0      0      0      0      0      0      0      -      0      0      0      0      0      0      0      0      0      0      0      0      0      0      0      0      0      0      0      0      0      0      1      0      0      0      0      0      0      0      0      0      0      0      0      0      0      0      0      1     
0x2aebc75aefe0           USHF.L.U32 UR6, UR6, UR4, URZ                                                0      0      0      2048   65536    65536    32     32     0      0      0      -             -          -      0      0      0      0      0      0      0      0      -      0      0      0      0      0      0      0      0      0      0      0      0      0      0      0      0      0      0      0      0      0      0      0      0      0      0      0      0      0      0      0      0      0      0      0      0      0      0      0      0     
0x2aebc75aeff0           LOP3.LUT R2, R2, UR5, RZ, 0xc0, !PT                                          8      7      8      2048   65536    65536    32     32     0      0      0      -             -          -      0      0      0      0      0      0      0      0      -      0      0      0      0      0      0      0      0      0      0      0      0      0      0      0      0      0      0      0      8      0      0      0      0      0      0      0      0      0      0      0      0      0      0      0      0      7      0      0      0     
0x2aebc75af000           ISETP.NE.AND P0, PT, R2, UR5, PT                                             0      0      0      2048   65536    65536    32     32     0      0      0      -             -          -      0      0      0      0      0      0      0      0      -      0      0      0      0      0      0      0      0      0      0      0      0      0      0      0      0      0      0      0      0      0      0      0      0      0      0      0      0      0      0      0      0      0      0      0      0      0      0      0      0     
0x2aebc75af010     @P0   BRA 0x2aebc75af180                                                           2      2      2      2048   65536    0        32     0      32     32     0      -             -          -      0      0      0      0      0      0      0      0      -      0      0      0      0      0      0      0      0      0      0      0      0      0      0      0      0      0      0      0      0      0      0      2      0      0      0      0      0      0      0      0      0      0      0      0      0      0      0      0      2     
0x2aebc75af020           LDS R0, [R4+0x18]                                                            0      0      0      2048   65536    65536    32     32     32     0      0      Shared        Load       32     0      1      0      2048   2048   0      0      0      -      0      0      0      0      0      0      0      0      0      0      0      0      0      0      0      0      0      0      0      0      0      0      0      0      0      0      0      0      0      0      0      0      0      0      0      0      0      0      0      0     
0x2aebc75af030           LOP3.LUT R0, R0, UR6, RZ, 0xc0, !PT                                          6      6      6      2048   65536    65536    32     32     0      0      0      -             -          -      0      0      0      0      0      0      0      0      -      0      0      0      0      0      0      0      0      0      0      0      0      0      0      0      0      0      0      0      6      0      0      0      0      0      0      0      0      0      0      0      0      0      0      0      0      6      0      0      0     
0x2aebc75af040           ISETP.NE.AND P0, PT, R0, UR6, PT                                             0      0      0      2048   65536    65536    32     32     0      0      0      -             -          -      0      0      0      0      0      0      0      0      -      0      0      0      0      0      0      0      0      0      0      0      0      0      0      0      0      0      0      0      0      0      0      0      0      0      0      0      0      0      0      0      0      0      0      0      0      0      0      0      0     
0x2aebc75af050     @P0   BRA 0x2aebc75af150                                                           1      0      1      2048   65536    0        32     0      32     32     0      -             -          -      0      0      0      0      0      0      0      0      -      0      0      0      0      0      0      0      0      0      0      0      0      0      0      0      0      0      0      0      0      0      0      1      0      0      0      0      0      0      0      0      0      0      0      0      0      0      0      0      0     
0x2aebc75af060           S2R R2, SR_LANEID                                                            1      1      1      2048   65536    65536    32     32     32     0      0      -             -          -      0      0      0      0      0      0      0      0      -      0      0      0      0      0      0      0      0      0      0      0      0      0      0      0      0      0      0      0      0      0      0      1      0      0      0      0      0      0      0      0      0      0      0      0      0      0      0      0      1     
0x2aebc75af070           ULOP3.LUT UR4, URZ, UR5, URZ, 0x33, !UPT                                     0      0      0      2048   65536    65536    32     32     0      0      0      -             -          -      0      0      0      0      0      0      0      0      -      0      0      0      0      0      0      0      0      0      0      0      0      0      0      0      0      0      0      0      0      0      0      0      0      0      0      0      0      0      0      0      0      0      0      0      0      0      0      0      0     
0x2aebc75af080           LOP3.LUT R0, RZ, UR6, RZ, 0x33, !PT                                          0      0      0      2048   65536    65536    32     32     0      0      0      -             -          -      0      0      0      0      0      0      0      0      -      0      0      0      0      0      0      0      0      0      0      0      0      0      0      0      0      0      0      0      0      0      0      0      0      0      0      0      0      0      0      0      0      0      0      0      0      0      0      0      0     
0x2aebc75af090           VOTEU.ANY UR5, UPT, PT                                                       0      0      0      2048   65536    65536    32     32     0      0      0      -             -          -      0      0      0      0      0      0      0      0      -      0      0      0      0      0      0      0      0      0      0      0      0      0      0      0      0      0      0      0      0      0      0      0      0      0      0      0      0      0      0      0      0      0      0      0      0      0      0      0      0     
0x2aebc75af0a0           REDUX UR6, R0                                                                0      0      0      2048   65536    65536    32     32     0      0      0      -             -          -      0      0      0      0      0      0      0      0      -      0      0      0      0      0      0      0      0      0      0      0      0      0      0      0      0      0      0      0      0      0      0      0      0      0      0      0      0      0      0      0      0      0      0      0      0      0      0      0      0     
0x2aebc75af0b0           IMAD.U32 R5, RZ, RZ, UR4                                                     0      0      0      2048   65536    65536    32     32     0      0      0      -             -          -      0      0      0      0      0      0      0      0      -      0      0      0      0      0      0      0      0      0      0      0      0      0      0      0      0      0      0      0      0      0      0      0      0      0      0      0      0      0      0      0      0      0      0      0      0      0      0      0      0     
0x2aebc75af0c0           UFLO.U32 UR5, UR5                                                            0      0      0      2048   65536    65536    32     32     0      0      0      -             -          -      0      0      0      0      0      0      0      0      -      0      0      0      0      0      0      0      0      0      0      0      0      0      0      0      0      0      0      0      0      0      0      0      0      0      0      0      0      0      0      0      0      0      0      0      0      0      0      0      0     
0x2aebc75af0d0           UTCATOMSWS.AND URZ, UR4                                                      0      0      0      2048   65536    65536    32     32     0      0      0      -             -          -      0      0      0      0      0      0      0      0      -      0      0      0      0      0      0      0      0      0      0      0      0      0      0      0      0      0      0      0      0      0      0      0      0      0      0      0      0      0      0      0      0      0      0      0      0      0      0      0      0     
0x2aebc75af0e0           REDUX UR7, R5                                                                0      0      0      2048   65536    65536    32     32     0      0      0      -             -          -      0      0      0      0      0      0      0      0      -      0      0      0      0      0      0      0      0      0      0      0      0      0      0      0      0      0      0      0      0      0      0      0      0      0      0      0      0      0      0      0      0      0      0      0      0      0      0      0      0     
0x2aebc75af0f0           IMAD.U32 R3, RZ, RZ, UR6                                                     1      1      1      2048   65536    65536    32     32     0      0      0      -             -          -      0      0      0      0      0      0      0      0      -      0      0      0      0      0      0      0      0      0      0      0      0      0      0      0      0      0      0      0      1      0      0      0      0      0      0      0      0      0      0      0      0      0      0      0      0      1      0      0      0     
0x2aebc75af100           ISETP.EQ.U32.AND P0, PT, R2, UR5, PT                                         1      1      1      2048   65536    65536    32     32     0      0      0      -             -          -      0      0      0      0      0      0      0      0      -      0      0      0      0      0      0      0      0      0      0      0      0      0      0      0      0      0      0      0      1      0      0      0      0      0      0      0      0      0      0      0      0      0      0      0      0      1      0      0      0     
0x2aebc75af110           IMAD.U32 R2, RZ, RZ, UR7                                                     0      0      0      2048   65536    65536    32     32     0      0      0      -             -          -      0      0      0      0      0      0      0      0      -      0      0      0      0      0      0      0      0      0      0      0      0      0      0      0      0      0      0      0      0      0      0      0      0      0      0      0      0      0      0      0      0      0      0      0      0      0      0      0      0     
0x2aebc75af120     @P0   ATOMS.AND RZ, [R4+0x14], R2                                                  1      1      1      2048   65536    2048     32     1      31     31     0      Shared        Atomic     32     0      1      0      2048   2048   0      0      0      -      0      0      0      0      0      0      0      0      0      0      0      0      0      0      0      0      0      0      0      0      0      0      1      0      0      0      0      0      0      0      0      0      0      0      0      0      0      0      0      1     
0x2aebc75af130     @P0   ATOMS.AND RZ, [R4+0x18], R3                                                  0      0      0      2048   65536    2048     32     1      0      31     0      Shared        Atomic     32     0      1      0      2048   2048   0      0      0      -      0      0      0      0      0      0      0      0      0      0      0      0      0      0      0      0      0      0      0      0      0      0      0      0      0      0      0      0      0      0      0      0      0      0      0      0      0      0      0      0     
0x2aebc75af140           BRA 0x2aebc75af1a0                                                           0      0      0      2048   65536    65536    32     32     31     0      0      -             -          -      0      0      0      0      0      0      0      0      -      0      0      0      0      0      0      0      0      0      0      0      0      0      0      0      0      0      0      0      0      0      0      0      0      0      0      0      0      0      0      0      0      0      0      0      0      0      0      0      0     
0x2aebc75af150           MOV R2, 0x30f0                                                               1      1      1      0      0        0        0      0      32     32     0      -             -          -      0      0      0      0      0      0      0      0      -      0      0      0      0      0      0      0      0      0      0      0      0      0      0      0      0      0      0      0      0      0      0      1      0      0      0      0      0      0      0      0      0      0      0      0      0      0      0      0      1     
0x2aebc75af160           CALL.REL.NOINC 0x2aebc75af870                                                0      0      0      0      0        0        0      0      0      32     0      -             -          -      0      0      0      0      0      0      0      0      -      0      0      0      0      0      0      0      0      0      0      0      0      0      0      0      0      0      0      0      0      0      0      0      0      0      0      0      0      0      0      0      0      0      0      0      0      0      0      0      0     
0x2aebc75af170           BRA 0x2aebc75af1a0                                                           0      0      0      0      0        0        0      0      0      32     0      -             -          -      0      0      0      0      0      0      0      0      -      0      0      0      0      0      0      0      0      0      0      0      0      0      0      0      0      0      0      0      0      0      0      0      0      0      0      0      0      0      0      0      0      0      0      0      0      0      0      0      0     
0x2aebc75af180           MOV R2, 0x3120                                                               0      0      0      0      0        0        0      0      0      32     0      -             -          -      0      0      0      0      0      0      0      0      -      0      0      0      0      0      0      0      0      0      0      0      0      0      0      0      0      0      0      0      0      0      0      0      0      0      0      0      0      0      0      0      0      0      0      0      0      0      0      0      0     
0x2aebc75af190           CALL.REL.NOINC 0x2aebc75af8d0                                                0      0      0      0      0        0        0      0      0      32     0      -             -          -      0      0      0      0      0      0      0      0      -      0      0      0      0      0      0      0      0      0      0      0      0      0      0      0      0      0      0      0      0      0      0      0      0      0      0      0      0      0      0      0      0      0      0      0      0      0      0      0      0     
0x2aebc75af1a0           NOP                                                                          0      0      0      2048   65536    65536    32     32     32     0      0      -             -          -      0      0      0      0      0      0      0      0      -      0      0      0      0      0      0      0      0      0      0      0      0      0      0      0      0      0      0      0      0      0      0      0      0      0      0      0      0      0      0      0      0      0      0      0      0      0      0      0      0     
0x2aebc75af1b0     @P1   EXIT                                                                         2      2      2      2048   65536    63488    32     31     1      1      0      -             -          -      0      0      0      0      0      0      0      0      -      0      0      0      0      0      0      0      0      0      0      0      0      0      0      0      0      0      0      0      2      0      0      0      0      0      0      0      0      0      0      0      0      0      0      0      0      2      0      0      0     
0x2aebc75af1c0           S2UR UR6, SR_CgaCtaId                                                        0      0      0      2048   2048     2048     1      1      30     31     0      -             -          -      0      0      0      0      0      0      0      0      -      0      0      0      0      0      0      0      0      0      0      0      0      0      0      0      0      0      0      0      0      0      0      0      0      0      0      0      0      0      0      0      0      0      0      0      0      0      0      0      0     
0x2aebc75af1d0           UMOV UR4, 0x400                                                              0      0      0      2048   2048     2048     1      1      0      31     0      -             -          -      0      0      0      0      0      0      0      0      -      0      0      0      0      0      0      0      0      0      0      0      0      0      0      0      0      0      0      0      0      0      0      0      0      0      0      0      0      0      0      0      0      0      0      0      0      0      0      0      0     
0x2aebc75af1e0           UIADD3 UR5, UPT, UPT, UR4, 0x8, URZ                                          0      0      0      2048   2048     2048     1      1      0      31     0      -             -          -      0      0      0      0      0      0      0      0      -      0      0      0      0      0      0      0      0      0      0      0      0      0      0      0      0      0      0      0      0      0      0      0      0      0      0      0      0      0      0      0      0      0      0      0      0      0      0      0      0     
0x2aebc75af1f0           UIADD3 UR4, UPT, UPT, UR4, 0x20, URZ                                         0      0      0      2048   2048     2048     1      1      0      31     0      -             -          -      0      0      0      0      0      0      0      0      -      0      0      0      0      0      0      0      0      0      0      0      0      0      0      0      0      0      0      0      0      0      0      0      0      0      0      0      0      0      0      0      0      0      0      0      0      0      0      0      0     
0x2aebc75af200           ULEA UR5, UR6, UR5, 0x18                                                     1      1      1      2048   2048     2048     1      1      0      31     0      -             -          -      0      0      0      0      0      0      0      0      -      0      0      0      0      0      0      0      0      0      0      0      0      0      0      0      0      0      0      0      1      0      0      0      0      0      0      0      0      0      0      0      0      0      0      0      0      1      0      0      0     
0x2aebc75af210           ULEA UR4, UR6, UR4, 0x18                                                     0      0      0      2048   2048     2048     1      1      0      31     0      -             -          -      0      0      0      0      0      0      0      0      -      0      0      0      0      0      0      0      0      0      0      0      0      0      0      0      0      0      0      0      0      0      0      0      0      0      0      0      0      0      0      0      0      0      0      0      0      0      0      0      0     
0x2aebc75af220           SYNCS.CCTL.IV [UR5]                                                          4      3      4      2048   2048     2048     1      1      0      31     0      -             -          -      0      0      0      0      0      0      0      0      -      0      0      0      0      0      0      0      0      0      0      0      0      0      0      0      0      0      0      1      0      0      0      3      0      0      0      0      0      0      0      0      0      0      0      0      0      0      0      0      3     
0x2aebc75af230           SYNCS.CCTL.IV [UR4]                                                          3      3      3      2048   2048     2048     1      1      0      31     0      -             -          -      0      0      0      0      0      0      0      0      -      0      0      0      0      0      0      0      0      0      0      0      3      0      0      0      0      0      0      0      0      0      0      0      0      0      0      0      0      3      0      0      0      0      0      0      0      0      0      0      0     
0x2aebc75af240           SYNCS.CCTL.IV [UR5+0x8]                                                      3      3      3      2048   2048     2048     1      1      0      31     0      -             -          -      0      0      0      0      0      0      0      0      -      0      0      0      0      0      0      0      0      0      0      0      3      0      0      0      0      0      0      0      0      0      0      0      0      0      0      0      0      3      0      0      0      0      0      0      0      0      0      0      0     
0x2aebc75af250           SYNCS.CCTL.IV [UR4+0x8]                                                      7      7      7      2048   2048     2048     1      1      0      31     0      -             -          -      0      0      0      0      0      0      0      0      -      0      0      0      0      0      0      0      0      0      0      0      7      0      0      0      0      0      0      0      0      0      0      0      0      0      0      0      0      7      0      0      0      0      0      0      0      0      0      0      0     
0x2aebc75af260           SYNCS.CCTL.IV [UR5+0x10]                                                     3      3      3      2048   2048     2048     1      1      0      31     0      -             -          -      0      0      0      0      0      0      0      0      -      0      0      0      0      0      0      0      0      0      0      0      3      0      0      0      0      0      0      0      0      0      0      0      0      0      0      0      0      3      0      0      0      0      0      0      0      0      0      0      0     
0x2aebc75af270           SYNCS.CCTL.IV [UR4+0x10]                                                     6      6      6      2048   2048     2048     1      1      0      31     0      -             -          -      0      0      0      0      0      0      0      0      -      0      0      0      0      0      0      0      0      0      0      0      6      0      0      0      0      0      0      0      0      0      0      0      0      0      0      0      0      6      0      0      0      0      0      0      0      0      0      0      0     
0x2aebc75af280           EXIT                                                                         0      0      0      2048   2048     2048     1      1      0      31     0      -             -          -      0      0      0      0      0      0      0      0      -      0      0      0      0      0      0      0      0      0      0      0      0      0      0      0      0      0      0      0      0      0      0      0      0      0      0      0      0      0      0      0      0      0      0      0      0      0      0      0      0     
0x2aebc75af290           SYNCS.PHASECHK.TRANS64.TRYWAIT P1, [R11+URZ+0x8], R4                         3      3      3      0      0        0        0      0      1      32     0      -             -          -      0      0      0      0      0      0      0      0      -      0      0      0      0      0      0      0      2      0      0      0      0      0      0      0      0      0      0      0      0      0      0      1      0      2      0      0      0      0      0      0      0      0      0      0      0      0      0      0      1     
0x2aebc75af2a0     @!P1  NANOSLEEP.SYNCS 0x989680                                                     0      0      0      0      0        0        0      0      0      32     0      -             -          -      0      0      0      0      0      0      0      0      -      0      0      0      0      0      0      0      0      0      0      0      0      0      0      0      0      0      0      0      0      0      0      0      0      0      0      0      0      0      0      0      0      0      0      0      0      0      0      0      0     
0x2aebc75af2b0     @!P1  SYNCS.PHASECHK.TRANS64 P1, [R11+URZ+0x8], R4                                 0      0      0      0      0        0        0      0      0      32     0      -             -          -      0      0      0      0      0      0      0      0      -      0      0      0      0      0      0      0      0      0      0      0      0      0      0      0      0      0      0      0      0      0      0      0      0      0      0      0      0      0      0      0      0      0      0      0      0      0      0      0      0     
0x2aebc75af2c0     @!P1  BRA 0x2aebc75af290                                                           0      0      0      0      0        0        0      0      0      32     0      -             -          -      0      0      0      0      0      0      0      0      -      0      0      0      0      0      0      0      0      0      0      0      0      0      0      0      0      0      0      0      0      0      0      0      0      0      0      0      0      0      0      0      0      0      0      0      0      0      0      0      0     
0x2aebc75af2d0           BRA 0x2aebc75ac480                                                           0      0      0      0      0        0        0      0      0      32     0      -             -          -      0      0      0      0      0      0      0      0      -      0      0      0      0      0      0      0      0      0      0      0      0      0      0      0      0      0      0      0      0      0      0      0      0      0      0      0      0      0      0      0      0      0      0      0      0      0      0      0      0     
0x2aebc75af2e0           SYNCS.PHASECHK.TRANS64.TRYWAIT P0, [R11+URZ+0x8], R2                         0      0      0      1242   1242     1242     1      1      1      31     0      -             -          -      0      0      0      0      0      0      0      0      -      0      0      0      0      0      0      0      0      0      0      0      0      0      0      0      0      0      0      0      0      0      0      0      0      0      0      0      0      0      0      0      0      0      0      0      0      0      0      0      0     
0x2aebc75af2f0     @!P0  NANOSLEEP.SYNCS 0x989680                                                     0      0      0      1242   1242     1208     1      0      1      32     0      -             -          -      0      0      0      0      0      0      0      0      -      0      0      0      0      0      0      0      0      0      0      0      0      0      0      0      0      0      0      0      0      0      0      0      0      0      0      0      0      0      0      0      0      0      0      0      0      0      0      0      0     
0x2aebc75af300     @!P0  SYNCS.PHASECHK.TRANS64 P0, [R11+URZ+0x8], R2                                 4      4      4      1242   1242     1208     1      0      0      32     0      -             -          -      0      0      0      0      0      0      0      0      -      0      0      0      0      0      0      0      2      0      0      0      0      0      0      0      0      0      0      0      0      2      0      0      0      2      0      0      0      0      0      0      0      0      0      0      0      0      2      0      0     
0x2aebc75af310     @!P0  BRA 0x2aebc75af2e0                                                           1      1      1      1242   1242     218      1      0      0      32     0      -             -          -      0      0      0      0      0      0      0      0      -      0      0      0      0      0      0      0      0      0      0      0      1      0      0      0      0      0      0      0      0      0      0      0      0      0      0      0      0      1      0      0      0      0      0      0      0      0      0      0      0     
0x2aebc75af320           BRA 0x2aebc75ac5f0                                                           0      0      0      1024   1024     1024     1      1      1      31     0      -             -          -      0      0      0      0      0      0      0      0      -      0      0      0      0      0      0      0      0      0      0      0      0      0      0      0      0      0      0      0      0      0      0      0      0      0      0      0      0      0      0      0      0      0      0      0      0      0      0      0      0     
0x2aebc75af330           IMAD.MOV.U32 R2, RZ, RZ, -0x1                                                0      0      0      0      0        0        0      0      1      32     0      -             -          -      0      0      0      0      0      0      0      0      -      0      0      0      0      0      0      0      0      0      0      0      0      0      0      0      0      0      0      0      0      0      0      0      0      0      0      0      0      0      0      0      0      0      0      0      0      0      0      0      0     
0x2aebc75af340           WARPSYNC.COLLECTIVE.ALL 0x2aebc75af3b0                                       0      0      0      0      0        0        0      0      0      32     0      -             -          -      0      0      0      0      0      0      0      0      -      0      0      0      0      0      0      0      0      0      0      0      0      0      0      0      0      0      0      0      0      0      0      0      0      0      0      0      0      0      0      0      0      0      0      0      0      0      0      0      0     
0x2aebc75af350           MEMBAR.ALL.CTA                                                               0      0      0      0      0        0        0      0      0      32     0      -             -          -      0      0      0      0      0      0      0      0      -      0      0      0      0      0      0      0      0      0      0      0      0      0      0      0      0      0      0      0      0      0      0      0      0      0      0      0      0      0      0      0      0      0      0      0      0      0      0      0      0     
0x2aebc75af360           MEMBAR.ALL.GPU                                                               0      0      0      0      0        0        0      0      0      32     0      -             -          -      0      0      0      0      0      0      0      0      -      0      0      0      0      0      0      0      0      0      0      0      0      0      0      0      0      0      0      0      0      0      0      0      0      0      0      0      0      0      0      0      0      0      0      0      0      0      0      0      0     
0x2aebc75af370           ERRBAR                                                                       0      0      0      0      0        0        0      0      0      32     0      -             -          -      0      0      0      0      0      0      0      0      -      0      0      0      0      0      0      0      0      0      0      0      0      0      0      0      0      0      0      0      0      0      0      0      0      0      0      0      0      0      0      0      0      0      0      0      0      0      0      0      0     
0x2aebc75af380           CGAERRBAR                                                                    0      0      0      0      0        0        0      0      0      32     0      -             -          -      0      0      0      0      0      0      0      0      -      0      0      0      0      0      0      0      0      0      0      0      0      0      0      0      0      0      0      0      0      0      0      0      0      0      0      0      0      0      0      0      0      0      0      0      0      0      0      0      0     
0x2aebc75af390           UCGABAR_ARV                                                                  0      0      0      0      0        0        0      0      0      32     0      -             -          -      0      0      0      0      0      0      0      0      -      0      0      0      0      0      0      0      0      0      0      0      0      0      0      0      0      0      0      0      0      0      0      0      0      0      0      0      0      0      0      0      0      0      0      0      0      0      0      0      0     
0x2aebc75af3a0           ENDCOLLECTIVE                                                                0      0      0      0      0        0        0      0      0      32     0      -             -          -      0      0      0      0      0      0      0      0      -      0      0      0      0      0      0      0      0      0      0      0      0      0      0      0      0      0      0      0      0      0      0      0      0      0      0      0      0      0      0      0      0      0      0      0      0      0      0      0      0     
0x2aebc75af3b0           BRA 0x2aebc75ac860                                                           0      0      0      0      0        0        0      0      0      32     0      -             -          -      0      0      0      0      0      0      0      0      -      0      0      0      0      0      0      0      0      0      0      0      0      0      0      0      0      0      0      0      0      0      0      0      0      0      0      0      0      0      0      0      0      0      0      0      0      0      0      0      0     
0x2aebc75af3c0           IMAD.MOV.U32 R2, RZ, RZ, -0x1                                                0      0      0      0      0        0        0      0      0      32     0      -             -          -      0      0      0      0      0      0      0      0      -      0      0      0      0      0      0      0      0      0      0      0      0      0      0      0      0      0      0      0      0      0      0      0      0      0      0      0      0      0      0      0      0      0      0      0      0      0      0      0      0     
0x2aebc75af3d0           WARPSYNC.COLLECTIVE R2, 0x2aebc75af400                                       0      0      0      0      0        0        0      0      0      32     0      -             -          -      0      0      0      0      0      0      0      0      -      0      0      0      0      0      0      0      0      0      0      0      0      0      0      0      0      0      0      0      0      0      0      0      0      0      0      0      0      0      0      0      0      0      0      0      0      0      0      0      0     
0x2aebc75af3e0           NOP                                                                          0      0      0      0      0        0        0      0      0      32     0      -             -          -      0      0      0      0      0      0      0      0      -      0      0      0      0      0      0      0      0      0      0      0      0      0      0      0      0      0      0      0      0      0      0      0      0      0      0      0      0      0      0      0      0      0      0      0      0      0      0      0      0     
0x2aebc75af3f0           ENDCOLLECTIVE                                                                0      0      0      0      0        0        0      0      0      32     0      -             -          -      0      0      0      0      0      0      0      0      -      0      0      0      0      0      0      0      0      0      0      0      0      0      0      0      0      0      0      0      0      0      0      0      0      0      0      0      0      0      0      0      0      0      0      0      0      0      0      0      0     
0x2aebc75af400           BRA 0x2aebc75ac860                                                           0      0      0      0      0        0        0      0      0      32     0      -             -          -      0      0      0      0      0      0      0      0      -      0      0      0      0      0      0      0      0      0      0      0      0      0      0      0      0      0      0      0      0      0      0      0      0      0      0      0      0      0      0      0      0      0      0      0      0      0      0      0      0     
0x2aebc75af410           BSSY B0, 0x2aebc75af480                                                      0      0      0      0      0        0        0      0      0      32     0      -             -          -      0      0      0      0      0      0      0      0      -      0      0      0      0      0      0      0      0      0      0      0      0      0      0      0      0      0      0      0      0      0      0      0      0      0      0      0      0      0      0      0      0      0      0      0      0      0      0      0      0     
0x2aebc75af420           IMAD.MOV.U32 R2, RZ, RZ, -0x1                                                0      0      0      0      0        0        0      0      0      32     0      -             -          -      0      0      0      0      0      0      0      0      -      0      0      0      0      0      0      0      0      0      0      0      0      0      0      0      0      0      0      0      0      0      0      0      0      0      0      0      0      0      0      0      0      0      0      0      0      0      0      0      0     
0x2aebc75af430           WARPSYNC.COLLECTIVE.ALL 0x2aebc75af470                                       0      0      0      0      0        0        0      0      0      32     0      -             -          -      0      0      0      0      0      0      0      0      -      0      0      0      0      0      0      0      0      0      0      0      0      0      0      0      0      0      0      0      0      0      0      0      0      0      0      0      0      0      0      0      0      0      0      0      0      0      0      0      0     
0x2aebc75af440           UCGABAR_WAIT                                                                 0      0      0      0      0        0        0      0      0      32     0      -             -          -      0      0      0      0      0      0      0      0      -      0      0      0      0      0      0      0      0      0      0      0      0      0      0      0      0      0      0      0      0      0      0      0      0      0      0      0      0      0      0      0      0      0      0      0      0      0      0      0      0     
0x2aebc75af450           CCTL.IVALL                                                                   0      0      0      0      0        0        0      0      0      32     0      -             -          -      0      0      0      0      0      0      0      0      -      0      0      0      0      0      0      0      0      0      0      0      0      0      0      0      0      0      0      0      0      0      0      0      0      0      0      0      0      0      0      0      0      0      0      0      0      0      0      0      0     
0x2aebc75af460           ENDCOLLECTIVE                                                                0      0      0      0      0        0        0      0      0      32     0      -             -          -      0      0      0      0      0      0      0      0      -      0      0      0      0      0      0      0      0      0      0      0      0      0      0      0      0      0      0      0      0      0      0      0      0      0      0      0      0      0      0      0      0      0      0      0      0      0      0      0      0     
0x2aebc75af470           BSYNC B0                                                                     0      0      0      0      0        0        0      0      0      32     0      -             -          -      0      0      0      0      0      0      0      0      -      0      0      0      0      0      0      0      0      0      0      0      0      0      0      0      0      0      0      0      0      0      0      0      0      0      0      0      0      0      0      0      0      0      0      0      0      0      0      0      0     
0x2aebc75af480           BRA 0x2aebc75ac8f0                                                           0      0      0      0      0        0        0      0      0      32     0      -             -          -      0      0      0      0      0      0      0      0      -      0      0      0      0      0      0      0      0      0      0      0      0      0      0      0      0      0      0      0      0      0      0      0      0      0      0      0      0      0      0      0      0      0      0      0      0      0      0      0      0     
0x2aebc75af490           BSSY B0, 0x2aebc75af540                                                      0      0      0      0      0        0        0      0      0      32     0      -             -          -      0      0      0      0      0      0      0      0      -      0      0      0      0      0      0      0      0      0      0      0      0      0      0      0      0      0      0      0      0      0      0      0      0      0      0      0      0      0      0      0      0      0      0      0      0      0      0      0      0     
0x2aebc75af4a0           IMAD.MOV.U32 R3, RZ, RZ, 0x0                                                 0      0      0      0      0        0        0      0      0      32     0      -             -          -      0      0      0      0      0      0      0      0      -      0      0      0      0      0      0      0      0      0      0      0      0      0      0      0      0      0      0      0      0      0      0      0      0      0      0      0      0      0      0      0      0      0      0      0      0      0      0      0      0     
0x2aebc75af4b0           IMAD.MOV.U32 R4, RZ, RZ, 0x0                                                 0      0      0      0      0        0        0      0      0      32     0      -             -          -      0      0      0      0      0      0      0      0      -      0      0      0      0      0      0      0      0      0      0      0      0      0      0      0      0      0      0      0      0      0      0      0      0      0      0      0      0      0      0      0      0      0      0      0      0      0      0      0      0     
0x2aebc75af4c0           IMAD.MOV.U32 R2, RZ, RZ, -0x1                                                0      0      0      0      0        0        0      0      0      32     0      -             -          -      0      0      0      0      0      0      0      0      -      0      0      0      0      0      0      0      0      0      0      0      0      0      0      0      0      0      0      0      0      0      0      0      0      0      0      0      0      0      0      0      0      0      0      0      0      0      0      0      0     
0x2aebc75af4d0           WARPSYNC.COLLECTIVE.ALL 0x2aebc75af530                                       0      0      0      0      0        0        0      0      0      32     0      -             -          -      0      0      0      0      0      0      0      0      -      0      0      0      0      0      0      0      0      0      0      0      0      0      0      0      0      0      0      0      0      0      0      0      0      0      0      0      0      0      0      0      0      0      0      0      0      0      0      0      0     
0x2aebc75af4e0           SHF.L.U32 R4, R4, 0x10, RZ                                                   0      0      0      0      0        0        0      0      0      32     0      -             -          -      0      0      0      0      0      0      0      0      -      0      0      0      0      0      0      0      0      0      0      0      0      0      0      0      0      0      0      0      0      0      0      0      0      0      0      0      0      0      0      0      0      0      0      0      0      0      0      0      0     
0x2aebc75af4f0           LOP3.LUT R4, R4, 0xf, R3, 0xf8, !PT                                          0      0      0      0      0        0        0      0      0      32     0      -             -          -      0      0      0      0      0      0      0      0      -      0      0      0      0      0      0      0      0      0      0      0      0      0      0      0      0      0      0      0      0      0      0      0      0      0      0      0      0      0      0      0      0      0      0      0      0      0      0      0      0     
0x2aebc75af500           BAR.SYNC.DEFER_BLOCKING R4, R4                                               0      0      0      0      0        0        0      0      0      32     0      -             -          -      0      0      0      0      0      0      0      0      -      0      0      0      0      0      0      0      0      0      0      0      0      0      0      0      0      0      0      0      0      0      0      0      0      0      0      0      0      0      0      0      0      0      0      0      0      0      0      0      0     
0x2aebc75af510           SHF.R.U32 R4, R4, 0x10, RZ                                                   0      0      0      0      0        0        0      0      0      32     0      -             -          -      0      0      0      0      0      0      0      0      -      0      0      0      0      0      0      0      0      0      0      0      0      0      0      0      0      0      0      0      0      0      0      0      0      0      0      0      0      0      0      0      0      0      0      0      0      0      0      0      0     
0x2aebc75af520           ENDCOLLECTIVE                                                                0      0      0      0      0        0        0      0      0      32     0      -             -          -      0      0      0      0      0      0      0      0      -      0      0      0      0      0      0      0      0      0      0      0      0      0      0      0      0      0      0      0      0      0      0      0      0      0      0      0      0      0      0      0      0      0      0      0      0      0      0      0      0     
0x2aebc75af530           BSYNC B0                                                                     0      0      0      0      0        0        0      0      0      32     0      -             -          -      0      0      0      0      0      0      0      0      -      0      0      0      0      0      0      0      0      0      0      0      0      0      0      0      0      0      0      0      0      0      0      0      0      0      0      0      0      0      0      0      0      0      0      0      0      0      0      0      0     
0x2aebc75af540           BRA 0x2aebc75ac8f0                                                           0      0      0      0      0        0        0      0      0      32     0      -             -          -      0      0      0      0      0      0      0      0      -      0      0      0      0      0      0      0      0      0      0      0      0      0      0      0      0      0      0      0      0      0      0      0      0      0      0      0      0      0      0      0      0      0      0      0      0      0      0      0      0     
0x2aebc75af550           YIELD                                                                        0      0      0      0      0        0        0      0      0      32     0      -             -          -      0      0      0      0      0      0      0      0      -      0      0      0      0      0      0      0      0      0      0      0      0      0      0      0      0      0      0      0      0      0      0      0      0      0      0      0      0      0      0      0      0      0      0      0      0      0      0      0      0     
0x2aebc75af560           SYNCS.PHASECHK.TRANS64.TRYWAIT P0, [R12+URZ], R11                            0      0      0      0      0        0        0      0      0      32     0      -             -          -      0      0      0      0      0      0      0      0      -      0      0      0      0      0      0      0      0      0      0      0      0      0      0      0      0      0      0      0      0      0      0      0      0      0      0      0      0      0      0      0      0      0      0      0      0      0      0      0      0     
0x2aebc75af570     @!P0  BRA 0x2aebc75af550                                                           0      0      0      0      0        0        0      0      0      32     0      -             -          -      0      0      0      0      0      0      0      0      -      0      0      0      0      0      0      0      0      0      0      0      0      0      0      0      0      0      0      0      0      0      0      0      0      0      0      0      0      0      0      0      0      0      0      0      0      0      0      0      0     
0x2aebc75af580           BRA 0x2aebc75acf00                                                           0      0      0      0      0        0        0      0      0      32     0      -             -          -      0      0      0      0      0      0      0      0      -      0      0      0      0      0      0      0      0      0      0      0      0      0      0      0      0      0      0      0      0      0      0      0      0      0      0      0      0      0      0      0      0      0      0      0      0      0      0      0      0     
0x2aebc75af590           YIELD                                                                        0      0      0      0      0        0        0      0      0      32     0      -             -          -      0      0      0      0      0      0      0      0      -      0      0      0      0      0      0      0      0      0      0      0      0      0      0      0      0      0      0      0      0      0      0      0      0      0      0      0      0      0      0      0      0      0      0      0      0      0      0      0      0     
0x2aebc75af5a0           SYNCS.PHASECHK.TRANS64.TRYWAIT P0, [R5+URZ], R4                              0      0      0      0      0        0        0      0      0      32     0      -             -          -      0      0      0      0      0      0      0      0      -      0      0      0      0      0      0      0      0      0      0      0      0      0      0      0      0      0      0      0      0      0      0      0      0      0      0      0      0      0      0      0      0      0      0      0      0      0      0      0      0     
0x2aebc75af5b0     @!P0  BRA 0x2aebc75af590                                                           0      0      0      0      0        0        0      0      0      32     0      -             -          -      0      0      0      0      0      0      0      0      -      0      0      0      0      0      0      0      0      0      0      0      0      0      0      0      0      0      0      0      0      0      0      0      0      0      0      0      0      0      0      0      0      0      0      0      0      0      0      0      0     
0x2aebc75af5c0           BRA 0x2aebc75ad180                                                           0      0      0      0      0        0        0      0      0      32     0      -             -          -      0      0      0      0      0      0      0      0      -      0      0      0      0      0      0      0      0      0      0      0      0      0      0      0      0      0      0      0      0      0      0      0      0      0      0      0      0      0      0      0      0      0      0      0      0      0      0      0      0     
0x2aebc75af5d0           BSSY B1, 0x2aebc75af670                                                      0      0      0      0      0        0        0      0      0      32     0      -             -          -      0      0      0      0      0      0      0      0      -      0      0      0      0      0      0      0      0      0      0      0      0      0      0      0      0      0      0      0      0      0      0      0      0      0      0      0      0      0      0      0      0      0      0      0      0      0      0      0      0     
0x2aebc75af5e0           IMAD.MOV.U32 R2, RZ, RZ, -0x1                                                0      0      0      0      0        0        0      0      0      32     0      -             -          -      0      0      0      0      0      0      0      0      -      0      0      0      0      0      0      0      0      0      0      0      0      0      0      0      0      0      0      0      0      0      0      0      0      0      0      0      0      0      0      0      0      0      0      0      0      0      0      0      0     
0x2aebc75af5f0           WARPSYNC.COLLECTIVE.ALL 0x2aebc75af660                                       0      0      0      0      0        0        0      0      0      32     0      -             -          -      0      0      0      0      0      0      0      0      -      0      0      0      0      0      0      0      0      0      0      0      0      0      0      0      0      0      0      0      0      0      0      0      0      0      0      0      0      0      0      0      0      0      0      0      0      0      0      0      0     
0x2aebc75af600           MEMBAR.ALL.CTA                                                               0      0      0      0      0        0        0      0      0      32     0      -             -          -      0      0      0      0      0      0      0      0      -      0      0      0      0      0      0      0      0      0      0      0      0      0      0      0      0      0      0      0      0      0      0      0      0      0      0      0      0      0      0      0      0      0      0      0      0      0      0      0      0     
0x2aebc75af610           MEMBAR.ALL.GPU                                                               0      0      0      0      0        0        0      0      0      32     0      -             -          -      0      0      0      0      0      0      0      0      -      0      0      0      0      0      0      0      0      0      0      0      0      0      0      0      0      0      0      0      0      0      0      0      0      0      0      0      0      0      0      0      0      0      0      0      0      0      0      0      0     
0x2aebc75af620           ERRBAR                                                                       0      0      0      0      0        0        0      0      0      32     0      -             -          -      0      0      0      0      0      0      0      0      -      0      0      0      0      0      0      0      0      0      0      0      0      0      0      0      0      0      0      0      0      0      0      0      0      0      0      0      0      0      0      0      0      0      0      0      0      0      0      0      0     
0x2aebc75af630           CGAERRBAR                                                                    0      0      0      0      0        0        0      0      0      32     0      -             -          -      0      0      0      0      0      0      0      0      -      0      0      0      0      0      0      0      0      0      0      0      0      0      0      0      0      0      0      0      0      0      0      0      0      0      0      0      0      0      0      0      0      0      0      0      0      0      0      0      0     
0x2aebc75af640           UCGABAR_ARV                                                                  0      0      0      0      0        0        0      0      0      32     0      -             -          -      0      0      0      0      0      0      0      0      -      0      0      0      0      0      0      0      0      0      0      0      0      0      0      0      0      0      0      0      0      0      0      0      0      0      0      0      0      0      0      0      0      0      0      0      0      0      0      0      0     
0x2aebc75af650           ENDCOLLECTIVE                                                                0      0      0      0      0        0        0      0      0      32     0      -             -          -      0      0      0      0      0      0      0      0      -      0      0      0      0      0      0      0      0      0      0      0      0      0      0      0      0      0      0      0      0      0      0      0      0      0      0      0      0      0      0      0      0      0      0      0      0      0      0      0      0     
0x2aebc75af660           BSYNC B1                                                                     0      0      0      0      0        0        0      0      0      32     0      -             -          -      0      0      0      0      0      0      0      0      -      0      0      0      0      0      0      0      0      0      0      0      0      0      0      0      0      0      0      0      0      0      0      0      0      0      0      0      0      0      0      0      0      0      0      0      0      0      0      0      0     
0x2aebc75af670           BRA 0x2aebc75ad250                                                           0      0      0      0      0        0        0      0      0      32     0      -             -          -      0      0      0      0      0      0      0      0      -      0      0      0      0      0      0      0      0      0      0      0      0      0      0      0      0      0      0      0      0      0      0      0      0      0      0      0      0      0      0      0      0      0      0      0      0      0      0      0      0     
0x2aebc75af680           BSSY B1, 0x2aebc75af6e0                                                      0      0      0      0      0        0        0      0      0      32     0      -             -          -      0      0      0      0      0      0      0      0      -      0      0      0      0      0      0      0      0      0      0      0      0      0      0      0      0      0      0      0      0      0      0      0      0      0      0      0      0      0      0      0      0      0      0      0      0      0      0      0      0     
0x2aebc75af690           IMAD.MOV.U32 R2, RZ, RZ, -0x1                                                0      0      0      0      0        0        0      0      0      32     0      -             -          -      0      0      0      0      0      0      0      0      -      0      0      0      0      0      0      0      0      0      0      0      0      0      0      0      0      0      0      0      0      0      0      0      0      0      0      0      0      0      0      0      0      0      0      0      0      0      0      0      0     
0x2aebc75af6a0           WARPSYNC.COLLECTIVE R2, 0x2aebc75af6d0                                       0      0      0      0      0        0        0      0      0      32     0      -             -          -      0      0      0      0      0      0      0      0      -      0      0      0      0      0      0      0      0      0      0      0      0      0      0      0      0      0      0      0      0      0      0      0      0      0      0      0      0      0      0      0      0      0      0      0      0      0      0      0      0     
0x2aebc75af6b0           NOP                                                                          0      0      0      0      0        0        0      0      0      32     0      -             -          -      0      0      0      0      0      0      0      0      -      0      0      0      0      0      0      0      0      0      0      0      0      0      0      0      0      0      0      0      0      0      0      0      0      0      0      0      0      0      0      0      0      0      0      0      0      0      0      0      0     
0x2aebc75af6c0           ENDCOLLECTIVE                                                                0      0      0      0      0        0        0      0      0      32     0      -             -          -      0      0      0      0      0      0      0      0      -      0      0      0      0      0      0      0      0      0      0      0      0      0      0      0      0      0      0      0      0      0      0      0      0      0      0      0      0      0      0      0      0      0      0      0      0      0      0      0      0     
0x2aebc75af6d0           BSYNC B1                                                                     0      0      0      0      0        0        0      0      0      32     0      -             -          -      0      0      0      0      0      0      0      0      -      0      0      0      0      0      0      0      0      0      0      0      0      0      0      0      0      0      0      0      0      0      0      0      0      0      0      0      0      0      0      0      0      0      0      0      0      0      0      0      0     
0x2aebc75af6e0           BRA 0x2aebc75ad250                                                           0      0      0      0      0        0        0      0      0      32     0      -             -          -      0      0      0      0      0      0      0      0      -      0      0      0      0      0      0      0      0      0      0      0      0      0      0      0      0      0      0      0      0      0      0      0      0      0      0      0      0      0      0      0      0      0      0      0      0      0      0      0      0     
0x2aebc75af6f0           BSSY B1, 0x2aebc75af760                                                      0      0      0      0      0        0        0      0      0      32     0      -             -          -      0      0      0      0      0      0      0      0      -      0      0      0      0      0      0      0      0      0      0      0      0      0      0      0      0      0      0      0      0      0      0      0      0      0      0      0      0      0      0      0      0      0      0      0      0      0      0      0      0     
0x2aebc75af700           IMAD.MOV.U32 R2, RZ, RZ, -0x1                                                0      0      0      0      0        0        0      0      0      32     0      -             -          -      0      0      0      0      0      0      0      0      -      0      0      0      0      0      0      0      0      0      0      0      0      0      0      0      0      0      0      0      0      0      0      0      0      0      0      0      0      0      0      0      0      0      0      0      0      0      0      0      0     
0x2aebc75af710           WARPSYNC.COLLECTIVE.ALL 0x2aebc75af750                                       0      0      0      0      0        0        0      0      0      32     0      -             -          -      0      0      0      0      0      0      0      0      -      0      0      0      0      0      0      0      0      0      0      0      0      0      0      0      0      0      0      0      0      0      0      0      0      0      0      0      0      0      0      0      0      0      0      0      0      0      0      0      0     
0x2aebc75af720           UCGABAR_WAIT                                                                 0      0      0      0      0        0        0      0      0      32     0      -             -          -      0      0      0      0      0      0      0      0      -      0      0      0      0      0      0      0      0      0      0      0      0      0      0      0      0      0      0      0      0      0      0      0      0      0      0      0      0      0      0      0      0      0      0      0      0      0      0      0      0     
0x2aebc75af730           CCTL.IVALL                                                                   0      0      0      0      0        0        0      0      0      32     0      -             -          -      0      0      0      0      0      0      0      0      -      0      0      0      0      0      0      0      0      0      0      0      0      0      0      0      0      0      0      0      0      0      0      0      0      0      0      0      0      0      0      0      0      0      0      0      0      0      0      0      0     
0x2aebc75af740           ENDCOLLECTIVE                                                                0      0      0      0      0        0        0      0      0      32     0      -             -          -      0      0      0      0      0      0      0      0      -      0      0      0      0      0      0      0      0      0      0      0      0      0      0      0      0      0      0      0      0      0      0      0      0      0      0      0      0      0      0      0      0      0      0      0      0      0      0      0      0     
0x2aebc75af750           BSYNC B1                                                                     0      0      0      0      0        0        0      0      0      32     0      -             -          -      0      0      0      0      0      0      0      0      -      0      0      0      0      0      0      0      0      0      0      0      0      0      0      0      0      0      0      0      0      0      0      0      0      0      0      0      0      0      0      0      0      0      0      0      0      0      0      0      0     
0x2aebc75af760           BRA 0x2aebc75ad2e0                                                           0      0      0      0      0        0        0      0      0      32     0      -             -          -      0      0      0      0      0      0      0      0      -      0      0      0      0      0      0      0      0      0      0      0      0      0      0      0      0      0      0      0      0      0      0      0      0      0      0      0      0      0      0      0      0      0      0      0      0      0      0      0      0     
0x2aebc75af770           BSSY B1, 0x2aebc75af820                                                      0      0      0      0      0        0        0      0      0      32     0      -             -          -      0      0      0      0      0      0      0      0      -      0      0      0      0      0      0      0      0      0      0      0      0      0      0      0      0      0      0      0      0      0      0      0      0      0      0      0      0      0      0      0      0      0      0      0      0      0      0      0      0     
0x2aebc75af780           IMAD.MOV.U32 R3, RZ, RZ, 0x0                                                 0      0      0      0      0        0        0      0      0      32     0      -             -          -      0      0      0      0      0      0      0      0      -      0      0      0      0      0      0      0      0      0      0      0      0      0      0      0      0      0      0      0      0      0      0      0      0      0      0      0      0      0      0      0      0      0      0      0      0      0      0      0      0     
0x2aebc75af790           IMAD.MOV.U32 R4, RZ, RZ, 0x0                                                 0      0      0      0      0        0        0      0      0      32     0      -             -          -      0      0      0      0      0      0      0      0      -      0      0      0      0      0      0      0      0      0      0      0      0      0      0      0      0      0      0      0      0      0      0      0      0      0      0      0      0      0      0      0      0      0      0      0      0      0      0      0      0     
0x2aebc75af7a0           IMAD.MOV.U32 R2, RZ, RZ, -0x1                                                0      0      0      0      0        0        0      0      0      32     0      -             -          -      0      0      0      0      0      0      0      0      -      0      0      0      0      0      0      0      0      0      0      0      0      0      0      0      0      0      0      0      0      0      0      0      0      0      0      0      0      0      0      0      0      0      0      0      0      0      0      0      0     
0x2aebc75af7b0           WARPSYNC.COLLECTIVE.ALL 0x2aebc75af810                                       0      0      0      0      0        0        0      0      0      32     0      -             -          -      0      0      0      0      0      0      0      0      -      0      0      0      0      0      0      0      0      0      0      0      0      0      0      0      0      0      0      0      0      0      0      0      0      0      0      0      0      0      0      0      0      0      0      0      0      0      0      0      0     
0x2aebc75af7c0           SHF.L.U32 R4, R4, 0x10, RZ                                                   0      0      0      0      0        0        0      0      0      32     0      -             -          -      0      0      0      0      0      0      0      0      -      0      0      0      0      0      0      0      0      0      0      0      0      0      0      0      0      0      0      0      0      0      0      0      0      0      0      0      0      0      0      0      0      0      0      0      0      0      0      0      0     
0x2aebc75af7d0           LOP3.LUT R4, R4, 0xf, R3, 0xf8, !PT                                          0      0      0      0      0        0        0      0      0      32     0      -             -          -      0      0      0      0      0      0      0      0      -      0      0      0      0      0      0      0      0      0      0      0      0      0      0      0      0      0      0      0      0      0      0      0      0      0      0      0      0      0      0      0      0      0      0      0      0      0      0      0      0     
0x2aebc75af7e0           BAR.SYNC.DEFER_BLOCKING R4, R4                                               0      0      0      0      0        0        0      0      0      32     0      -             -          -      0      0      0      0      0      0      0      0      -      0      0      0      0      0      0      0      0      0      0      0      0      0      0      0      0      0      0      0      0      0      0      0      0      0      0      0      0      0      0      0      0      0      0      0      0      0      0      0      0     
0x2aebc75af7f0           SHF.R.U32 R4, R4, 0x10, RZ                                                   0      0      0      0      0        0        0      0      0      32     0      -             -          -      0      0      0      0      0      0      0      0      -      0      0      0      0      0      0      0      0      0      0      0      0      0      0      0      0      0      0      0      0      0      0      0      0      0      0      0      0      0      0      0      0      0      0      0      0      0      0      0      0     
0x2aebc75af800           ENDCOLLECTIVE                                                                0      0      0      0      0        0        0      0      0      32     0      -             -          -      0      0      0      0      0      0      0      0      -      0      0      0      0      0      0      0      0      0      0      0      0      0      0      0      0      0      0      0      0      0      0      0      0      0      0      0      0      0      0      0      0      0      0      0      0      0      0      0      0     
0x2aebc75af810           BSYNC B1                                                                     0      0      0      0      0        0        0      0      0      32     0      -             -          -      0      0      0      0      0      0      0      0      -      0      0      0      0      0      0      0      0      0      0      0      0      0      0      0      0      0      0      0      0      0      0      0      0      0      0      0      0      0      0      0      0      0      0      0      0      0      0      0      0     
0x2aebc75af820           BRA 0x2aebc75ad2e0                                                           0      0      0      0      0        0        0      0      0      32     0      -             -          -      0      0      0      0      0      0      0      0      -      0      0      0      0      0      0      0      0      0      0      0      0      0      0      0      0      0      0      0      0      0      0      0      0      0      0      0      0      0      0      0      0      0      0      0      0      0      0      0      0     
0x2aebc75af830           YIELD                                                                        0      0      0      45366  1451712  1451712  32     32     32     0      0      -             -          -      0      0      0      0      0      0      0      0      -      0      0      0      0      0      0      0      0      0      0      0      0      0      0      0      0      0      0      0      0      0      0      0      0      0      0      0      0      0      0      0      0      0      0      0      0      0      0      0      0     
0x2aebc75af840           SYNCS.PHASECHK.TRANS64.TRYWAIT P0, [R8+URZ], R3                              0      0      0      45366  1451712  1451712  32     32     0      0      0      -             -          -      0      0      0      0      0      0      0      0      -      0      0      0      0      0      0      0      0      0      0      0      0      0      0      0      0      0      0      0      0      0      0      0      0      0      0      0      0      0      0      0      0      0      0      0      0      0      0      0      0     
0x2aebc75af850     @!P0  BRA 0x2aebc75af830                                                           0      0      0      45366  1451712  1222336  32     26     6      6      0      -             -          -      0      0      0      0      0      0      0      0      -      0      0      0      0      0      0      0      0      0      0      0      0      0      0      0      0      0      0      0      0      0      0      0      0      0      0      0      0      0      0      0      0      0      0      0      0      0      0      0      0     
0x2aebc75af860           BRA 0x2aebc75add80                                                           0      0      0      7168   229376   229376   32     32     6      0      0      -             -          -      0      0      0      0      0      0      0      0      -      0      0      0      0      0      0      0      0      0      0      0      0      0      0      0      0      0      0      0      0      0      0      0      0      0      0      0      0      0      0      0      0      0      0      0      0      0      0      0      0     
0x2aebc75af870           BPT.TRAP 0x1                                                                 0      0      0      0      0        0        0      0      32     32     0      -             -          -      0      0      0      0      0      0      0      0      -      0      0      0      0      0      0      0      0      0      0      0      0      0      0      0      0      0      0      0      0      0      0      0      0      0      0      0      0      0      0      0      0      0      0      0      0      0      0      0      0     
0x2aebc75af880           IMAD.MOV.U32 R3, RZ, RZ, 0x0                                                 0      0      0      0      0        0        0      0      0      32     0      -             -          -      0      0      0      0      0      0      0      0      -      0      0      0      0      0      0      0      0      0      0      0      0      0      0      0      0      0      0      0      0      0      0      0      0      0      0      0      0      0      0      0      0      0      0      0      0      0      0      0      0     
0x2aebc75af890           RET.REL.NODEC R2, 0x2aebc75ac080                                             0      0      0      0      0        0        0      0      0      32     0      -             -          -      0      0      0      0      0      0      0      0      -      0      0      0      0      0      0      0      0      0      0      0      0      0      0      0      0      0      0      0      0      0      0      0      0      0      0      0      0      0      0      0      0      0      0      0      0      0      0      0      0     
0x2aebc75af8a0           BPT.TRAP 0x1                                                                 0      0      0      0      0        0        0      0      0      32     0      -             -          -      0      0      0      0      0      0      0      0      -      0      0      0      0      0      0      0      0      0      0      0      0      0      0      0      0      0      0      0      0      0      0      0      0      0      0      0      0      0      0      0      0      0      0      0      0      0      0      0      0     
0x2aebc75af8b0           IMAD.MOV.U32 R3, RZ, RZ, 0x0                                                 0      0      0      0      0        0        0      0      0      32     0      -             -          -      0      0      0      0      0      0      0      0      -      0      0      0      0      0      0      0      0      0      0      0      0      0      0      0      0      0      0      0      0      0      0      0      0      0      0      0      0      0      0      0      0      0      0      0      0      0      0      0      0     
0x2aebc75af8c0           RET.REL.NODEC R2, 0x2aebc75ac080                                             0      0      0      0      0        0        0      0      0      32     0      -             -          -      0      0      0      0      0      0      0      0      -      0      0      0      0      0      0      0      0      0      0      0      0      0      0      0      0      0      0      0      0      0      0      0      0      0      0      0      0      0      0      0      0      0      0      0      0      0      0      0      0     
0x2aebc75af8d0           BPT.TRAP 0x1                                                                 0      0      0      0      0        0        0      0      0      32     0      -             -          -      0      0      0      0      0      0      0      0      -      0      0      0      0      0      0      0      0      0      0      0      0      0      0      0      0      0      0      0      0      0      0      0      0      0      0      0      0      0      0      0      0      0      0      0      0      0      0      0      0     
0x2aebc75af8e0           IMAD.MOV.U32 R3, RZ, RZ, 0x0                                                 0      0      0      0      0        0        0      0      0      32     0      -             -          -      0      0      0      0      0      0      0      0      -      0      0      0      0      0      0      0      0      0      0      0      0      0      0      0      0      0      0      0      0      0      0      0      0      0      0      0      0      0      0      0      0      0      0      0      0      0      0      0      0     
0x2aebc75af8f0           RET.REL.NODEC R2, 0x2aebc75ac080                                             0      0      0      0      0        0        0      0      0      32     0      -             -          -      0      0      0      0      0      0      0      0      -      0      0      0      0      0      0      0      0      0      0      0      0      0      0      0      0      0      0      0      0      0      0      0      0      0      0      0      0      0      0      0      0      0      0      0      0      0      0      0      0     
0x2aebc75af900           BRA `(.L_x_0) 0x2aebc75af900                                                 0      0      0      0      0        0        0      0      0      0      0      -             -          -      0      0      0      0      0      0      0      0      -      0      0      0      0      0      0      0      0      0      0      0      0      0      0      0      0      0      0      0      0      0      0      0      0      0      0      0      0      0      0      0      0      0      0      0      0      0      0      0      0     
0x2aebc75af910           NOP                                                                          0      0      0      0      0        0        0      0      0      32     0      -             -          -      0      0      0      0      0      0      0      0      -      0      0      0      0      0      0      0      0      0      0      0      0      0      0      0      0      0      0      0      0      0      0      0      0      0      0      0      0      0      0      0      0      0      0      0      0      0      0      0      0     
0x2aebc75af920           NOP                                                                          0      0      0      0      0        0        0      0      0      32     0      -             -          -      0      0      0      0      0      0      0      0      -      0      0      0      0      0      0      0      0      0      0      0      0      0      0      0      0      0      0      0      0      0      0      0      0      0      0      0      0      0      0      0      0      0      0      0      0      0      0      0      0     
0x2aebc75af930           NOP                                                                          0      0      0      0      0        0        0      0      0      32     0      -             -          -      0      0      0      0      0      0      0      0      -      0      0      0      0      0      0      0      0      0      0      0      0      0      0      0      0      0      0      0      0      0      0      0      0      0      0      0      0      0      0      0      0      0      0      0      0      0      0      0      0     
0x2aebc75af940           NOP                                                                          0      0      0      0      0        0        0      0      0      32     0      -             -          -      0      0      0      0      0      0      0      0      -      0      0      0      0      0      0      0      0      0      0      0      0      0      0      0      0      0      0      0      0      0      0      0      0      0      0      0      0      0      0      0      0      0      0      0      0      0      0      0      0     
0x2aebc75af950           NOP                                                                          0      0      0      0      0        0        0      0      0      32     0      -             -          -      0      0      0      0      0      0      0      0      -      0      0      0      0      0      0      0      0      0      0      0      0      0      0      0      0      0      0      0      0      0      0      0      0      0      0      0      0      0      0      0      0      0      0      0      0      0      0      0      0     
0x2aebc75af960           NOP                                                                          0      0      0      0      0        0        0      0      0      32     0      -             -          -      0      0      0      0      0      0      0      0      -      0      0      0      0      0      0      0      0      0      0      0      0      0      0      0      0      0      0      0      0      0      0      0      0      0      0      0      0      0      0      0      0      0      0      0      0      0      0      0      0     
0x2aebc75af970           NOP                                                                          0      0      0      0      0        0        0      0      0      32     0      -             -          -      0      0      0      0      0      0      0      0      -      0      0      0      0      0      0      0      0      0      0      0      0      0      0      0      0      0      0      0      0      0      0      0      0      0      0      0      0      0      0      0      0      0      0      0      0      0      0      0      0     
0x2aebc75af980           NOP                                                                          0      0      0      0      0        0        0      0      0      32     0      -             -          -      0      0      0      0      0      0      0      0      -      0      0      0      0      0      0      0      0      0      0      0      0      0      0      0      0      0      0      0      0      0      0      0      0      0      0      0      0      0      0      0      0      0      0      0      0      0      0      0      0     
0x2aebc75af990           NOP                                                                          0      0      0      0      0        0        0      0      0      32     0      -             -          -      0      0      0      0      0      0      0      0      -      0      0      0      0      0      0      0      0      0      0      0      0      0      0      0      0      0      0      0      0      0      0      0      0      0      0      0      0      0      0      0      0      0      0      0      0      0      0      0      0     
0x2aebc75af9a0           NOP                                                                          0      0      0      0      0        0        0      0      0      32     0      -             -          -      0      0      0      0      0      0      0      0      -      0      0      0      0      0      0      0      0      0      0      0      0      0      0      0      0      0      0      0      0      0      0      0      0      0      0      0      0      0      0      0      0      0      0      0      0      0      0      0      0     
0x2aebc75af9b0           NOP                                                                          0      0      0      0      0        0        0      0      0      32     0      -             -          -      0      0      0      0      0      0      0      0      -      0      0      0      0      0      0      0      0      0      0      0      0      0      0      0      0      0      0      0      0      0      0      0      0      0      0      0      0      0      0      0      0      0      0      0      0      0      0      0      0     
0x2aebc75af9c0           NOP                                                                          0      0      0      0      0        0        0      0      0      32     0      -             -          -      0      0      0      0      0      0      0      0      -      0      0      0      0      0      0      0      0      0      0      0      0      0      0      0      0      0      0      0      0      0      0      0      0      0      0      0      0      0      0      0      0      0      0      0      0      0      0      0      0     
0x2aebc75af9d0           NOP                                                                          0      0      0      0      0        0        0      0      0      32     0      -             -          -      0      0      0      0      0      0      0      0      -      0      0      0      0      0      0      0      0      0      0      0      0      0      0      0      0      0      0      0      0      0      0      0      0      0      0      0      0      0      0      0      0      0      0      0      0      0      0      0      0     
0x2aebc75af9e0           NOP                                                                          0      0      0      0      0        0        0      0      0      32     0      -             -          -      0      0      0      0      0      0      0      0      -      0      0      0      0      0      0      0      0      0      0      0      0      0      0      0      0      0      0      0      0      0      0      0      0      0      0      0      0      0      0      0      0      0      0      0      0      0      0      0      0     
0x2aebc75af9f0           NOP                                                                          0      0      0      0      0        0        0      0      0      32     0      -             -          -      0      0      0      0      0      0      0      0      -      0      0      0      0      0      0      0      0      0      0      0      0      0      0      0      0      0      0      0      0      0      0      0      0      0      0      0      0      0      0      0      0      0      0      0      0      0      0      0      0     
