------------------ ------------------------------------------------------------------------------ ------ ------ ------ ------- --------- --------- ------ ------ ------ ------ ------ ---------------------- ---------- ------ ------- ------ ------ ------- ------- ------ -------- -------- ------ ------ ------ ------ ------ ------ ------ ------ ------ ------ ------ ------ ------ ------ ------ ------ ------ ------ ------ ------ ------ ------ ------ ------ ------ ------ ------ ------ ------ ------ ------ ------ ------ ------ ------ ------ ------ ------ ------ ------ ------ ------
Kernel Name        gemm_tiled(const __nv_bfloat16 *, const __nv_bfloat16 *, flo                                                                                                                                                                                                                                                                                                                                                                                                                                                                                                                    
                   at *, int, int, int)                                                                                                                                                                                                                                                                                                                                                                                                                                                                                                                                                            
------------------ ------------------------------------------------------------------------------ ------ ------ ------ ------- --------- --------- ------ ------ ------ ------ ------ ---------------------- ---------- ------ ------- ------ ------ ------- ------- ------ -------- -------- ------ ------ ------ ------ ------ ------ ------ ------ ------ ------ ------ ------ ------ ------ ------ ------ ------ ------ ------ ------ ------ ------ ------ ------ ------ ------ ------ ------ ------ ------ ------ ------ ------ ------ ------ ------ ------ ------ ------ ------ ------ ------
Address            Source                                                                         Warp S Warp S # Samp Instru  Thread    Predic    Avg. T Avg. P Deriva Avg. P Diverg Addres                 Access     Access L1 Tag  L1 Con L1 Wav L1 Wav  L1 Wav  L2 The L2 The   L2 The   L2 The L2 Exp L2 Exp L2 Exp L2 Exp L2 Exp L2 Exp L2 Exp stall_ stall_ stall_ stall_ stall_ stall_ stall_ stall_ stall_ stall_ stall_ stall_ stall_ stall_ stall_ stall_ stall_ stall_ stall_ stall_ stall_ stall_ stall_ stall_ stall_ stall_ stall_ stall_ stall_ stall_ stall_ stall_ stall_ stall_
                                                                                                  tall S tall S les    ctions   Instr    ated-O    hreads redica tive A redica ent Br s Spac                  Opera      Size   Reque  flicts efront efront  efront  oretic oretic   oretic   oretic licit  licit  licit  licit  licit  licit  licit  barrie branch dispat drain  lg     long_s math   membar mio    misc   no_ins not_se select short_ sleep  tex    wait   barrie branch dispat drain  lg (No long_s math ( membar mio (N misc ( no_ins not_se select short_ sleepi tex (N wait (
                                                                                                  amplin amplin         Execu  uction    n Thre     Execu ted-On vg. Pr ted-On anches e                      tion              sts Gl   Share s Shar s Shar  s Shar  al Sec al Sec   al Sec   al Sec Evict  Hit Po Hit Po Hit Po Hit Po Miss P Miss P r      _resol ch                   b                                  t      lected ed     sb                          r (Not _resol ch (No (Not I t Issu b (Not Not Is  (Not  ot Iss Not Is t (Not lected ed (No sb (No ng (No ot Iss Not Is
                                                                                                  g (All g (Not        ted     s Exec    ad Ins    ted     Threa edicat  Threa                                                 obal    d N-Wa ed Exc ed      ed Ide  tors G tors G   tors G   tors L Polici licy E licy E licy E licy E olicy  olicy         ving                                                                                                             Issue ving ( t Issu ssued) ed)     Issue sued)  Issued ued)   sued)   Issue  (Not  t Issu t Issu t Issu ued)   sued) 
                                                                                                   Sampl -issue                uted      tructi           ds Exe ed-On  ds Une                                                         y      essive         al      lobal  lobal    lobal    ocal   es     vict F vict L vict N vict N Evict  Evict                                                                                                                         d)     Not Is ed)                  d)            )                    d)     Issued ed)    ed)    ed)                 
                                                                                                  es)    d Samp                          ons Ex           cuted  Thread xecute                                                                                       Excess          Ideal                  irst   ast    ormal  ormal  First  Normal                                                                                                                               sued)                                                                 )                                        
                                                                                                         les)                            ecuted                  s Exec d                                                                                            ive                                                         Demote                                                                                                                                                                                                                                                            
                                                                                                                                                                 uted                                                                                                                                                                                                                                                                                                                                                                                                                              
0x2a5f5d5ac000           LDC R1, c[0x0][0x37c]                                                    3      2      3      8192    262144    262144    32     32     0      0      0      -                      -          -      0       0      0      0       0       0      0        0        0      -      0      0      0      0      0      0      0      0      0      0      0      0      0      0      0      0      0      0      0      0      0      0      3      0      0      0      0      0      0      0      0      0      0      0      0      0      0      0      0      2     
0x2a5f5d5ac010           S2R R0, SR_TID.X                                                         8      8      8      8192    262144    262144    32     32     0      0      0      -                      -          -      0       0      0      0       0       0      0        0        0      -      0      0      0      0      0      0      0      0      0      0      0      0      0      0      8      0      0      0      0      0      0      0      0      0      0      0      0      0      0      0      0      8      0      0      0      0      0      0      0      0     
0x2a5f5d5ac020           S2UR UR4, SR_CgaCtaId                                                    0      0      0      8192    262144    262144    32     32     0      0      0      -                      -          -      0       0      0      0       0       0      0        0        0      -      0      0      0      0      0      0      0      0      0      0      0      0      0      0      0      0      0      0      0      0      0      0      0      0      0      0      0      0      0      0      0      0      0      0      0      0      0      0      0      0     
0x2a5f5d5ac030           MOV R3, 0x400                                                            0      0      0      8192    262144    262144    32     32     0      0      0      -                      -          -      0       0      0      0       0       0      0        0        0      -      0      0      0      0      0      0      0      0      0      0      0      0      0      0      0      0      0      0      0      0      0      0      0      0      0      0      0      0      0      0      0      0      0      0      0      0      0      0      0      0     
0x2a5f5d5ac040           VIADD R2, R3, 0x10                                                       0      0      0      8192    262144    262144    32     32     0      0      0      -                      -          -      0       0      0      0       0       0      0        0        0      -      0      0      0      0      0      0      0      0      0      0      0      0      0      0      0      0      0      0      0      0      0      0      0      0      0      0      0      0      0      0      0      0      0      0      0      0      0      0      0      0     
0x2a5f5d5ac050           S2UR UR7, SR_SWINHI                                                      0      0      0      8192    262144    262144    32     32     0      0      0      -                      -          -      0       0      0      0       0       0      0        0        0      -      0      0      0      0      0      0      0      0      0      0      0      0      0      0      0      0      0      0      0      0      0      0      0      0      0      0      0      0      0      0      0      0      0      0      0      0      0      0      0      0     
0x2a5f5d5ac060           R2UR UR6, R2                                                             0      0      0      8192    262144    262144    32     32     0      0      0      -                      -          -      0       0      0      0       0       0      0        0        0      -      0      0      0      0      0      0      0      0      0      0      0      0      0      0      0      0      0      0      0      0      0      0      0      0      0      0      0      0      0      0      0      0      0      0      0      0      0      0      0      0     
0x2a5f5d5ac070           IMAD.U32 R20, RZ, RZ, UR4                                                2      1      2      8192    262144    262144    32     32     0      0      0      -                      -          -      0       0      0      0       0       0      0        0        0      -      0      0      0      0      0      0      0      0      0      0      0      0      0      0      0      0      0      0      0      2      0      0      0      0      0      0      0      0      0      0      0      0      0      0      0      0      1      0      0      0     
0x2a5f5d5ac080           UMOV UR4, 0x1                                                            0      0      0      8192    262144    262144    32     32     0      0      0      -                      -          -      0       0      0      0       0       0      0        0        0      -      0      0      0      0      0      0      0      0      0      0      0      0      0      0      0      0      0      0      0      0      0      0      0      0      0      0      0      0      0      0      0      0      0      0      0      0      0      0      0      0     
0x2a5f5d5ac090           R2UR UR8, R20                                                            0      0      0      8192    262144    262144    32     32     0      0      0      -                      -          -      0       0      0      0       0       0      0        0        0      -      0      0      0      0      0      0      0      0      0      0      0      0      0      0      0      0      0      0      0      0      0      0      0      0      0      0      0      0      0      0      0      0      0      0      0      0      0      0      0      0     
0x2a5f5d5ac0a0           ISETP.NE.AND P0, PT, R0, RZ, PT                                          28     27     28     8192    262144    262144    32     32     0      0      0      -                      -          -      0       0      0      0       0       0      0        0        0      -      0      0      0      0      0      0      0      0      0      0      0      0      0      0      0      0      0      0      1      27     0      0      0      0      0      0      0      0      0      0      0      0      0      0      0      0      27     0      0      0     
0x2a5f5d5ac0b0           ULEA UR6, UR8, UR6, 0x18                                                 0      0      0      8192    262144    262144    32     32     0      0      0      -                      -          -      0       0      0      0       0       0      0        0        0      -      0      0      0      0      0      0      0      0      0      0      0      0      0      0      0      0      0      0      0      0      0      0      0      0      0      0      0      0      0      0      0      0      0      0      0      0      0      0      0      0     
0x2a5f5d5ac0c0     @!P0  VIADD R5, R3, 0x8                                                        0      0      0      8192    262144    2048      32     0      32     32     0      -                      -          -      0       0      0      0       0       0      0        0        0      -      0      0      0      0      0      0      0      0      0      0      0      0      0      0      0      0      0      0      0      0      0      0      0      0      0      0      0      0      0      0      0      0      0      0      0      0      0      0      0      0     
0x2a5f5d5ac0d0           VOTEU.ALL UP0, P0                                                        0      0      0      8192    262144    262144    32     32     32     0      0      -                      -          -      0       0      0      0       0       0      0        0        0      -      0      0      0      0      0      0      0      0      0      0      0      0      0      0      0      0      0      0      0      0      0      0      0      0      0      0      0      0      0      0      0      0      0      0      0      0      0      0      0      0     
0x2a5f5d5ac0e0     @!P0  LEA R5, R20, R5, 0x18                                                    1      1      1      8192    262144    2048      32     0      32     32     0      -                      -          -      0       0      0      0       0       0      0        0        0      -      0      0      0      0      0      0      0      0      0      0      0      0      1      0      0      0      0      0      0      0      0      0      0      0      0      0      0      0      0      1      0      0      0      0      0      0      0      0      0      0     
0x2a5f5d5ac0f0     @!UP0 UIADD3 UR4, UPT, UPT, -UR4, 0x100000, URZ                                0      0      0      8192    262144    65536     32     8      8      24     0      -                      -          -      0       0      0      0       0       0      0        0        0      -      0      0      0      0      0      0      0      0      0      0      0      0      0      0      0      0      0      0      0      0      0      0      0      0      0      0      0      0      0      0      0      0      0      0      0      0      0      0      0      0     
0x2a5f5d5ac100     @!UP0 USHF.L.U32 UR5, UR4, 0xb, URZ                                            1      0      1      8192    262144    65536     32     8      0      24     0      -                      -          -      0       0      0      0       0       0      0        0        0      -      0      0      0      0      0      0      0      0      0      0      0      0      0      0      0      0      0      0      0      0      0      0      1      0      0      0      0      0      0      0      0      0      0      0      0      0      0      0      0      0     
0x2a5f5d5ac110     @!UP0 USHF.L.U32 UR4, UR4, 0x1, URZ                                            0      0      0      8192    262144    65536     32     8      0      24     0      -                      -          -      0       0      0      0       0       0      0        0        0      -      0      0      0      0      0      0      0      0      0      0      0      0      0      0      0      0      0      0      0      0      0      0      0      0      0      0      0      0      0      0      0      0      0      0      0      0      0      0      0      0     
0x2a5f5d5ac120           VOTEU.ALL UP0, P0                                                        0      0      0      8192    262144    262144    32     32     24     0      0      -                      -          -      0       0      0      0       0       0      0        0        0      -      0      0      0      0      0      0      0      0      0      0      0      0      0      0      0      0      0      0      0      0      0      0      0      0      0      0      0      0      0      0      0      0      0      0      0      0      0      0      0      0     
0x2a5f5d5ac130     @!P0  R2UR UR9, R5                                                             0      0      0      8192    262144    2048      32     0      32     32     0      -                      -          -      0       0      0      0       0       0      0        0        0      -      0      0      0      0      0      0      0      0      0      0      0      0      0      0      0      0      0      0      0      0      0      0      0      0      0      0      0      0      0      0      0      0      0      0      0      0      0      0      0      0     
0x2a5f5d5ac140     @!UP0 SYNCS.EXCH.64 URZ, [UR9], UR4                                            1      1      1      8192    262144    65536     32     8      8      24     0      -                      -          -      0       0      0      0       0       0      0        0        0      -      0      0      0      0      0      0      0      0      0      0      0      0      0      0      1      0      0      0      0      0      0      0      0      0      0      0      0      0      0      0      0      1      0      0      0      0      0      0      0      0     
0x2a5f5d5ac150           UMOV UR4, UR6                                                            2      1      2      8192    262144    262144    32     32     24     0      0      -                      -          -      0       0      0      0       0       0      0        0        0      -      0      0      0      0      0      0      0      0      0      0      0      2      0      0      0      0      0      0      0      0      0      0      0      0      0      0      0      0      1      0      0      0      0      0      0      0      0      0      0      0     
0x2a5f5d5ac160           UMOV UR5, UR7                                                            0      0      0      8192    262144    262144    32     32     0      0      0      -                      -          -      0       0      0      0       0       0      0        0        0      -      0      0      0      0      0      0      0      0      0      0      0      0      0      0      0      0      0      0      0      0      0      0      0      0      0      0      0      0      0      0      0      0      0      0      0      0      0      0      0      0     
0x2a5f5d5ac170           UIADD3 UR4, UP0, UPT, UR4, 0x3ff, URZ                                    0      0      0      8192    262144    262144    32     32     0      0      0      -                      -          -      0       0      0      0       0       0      0        0        0      -      0      0      0      0      0      0      0      0      0      0      0      0      0      0      0      0      0      0      0      0      0      0      0      0      0      0      0      0      0      0      0      0      0      0      0      0      0      0      0      0     
0x2a5f5d5ac180           UIADD3.X UR11, UPT, UPT, URZ, UR5, URZ, UP0, !UPT                        0      0      0      8192    262144    262144    32     32     0      0      0      -                      -          -      0       0      0      0       0       0      0        0        0      -      0      0      0      0      0      0      0      0      0      0      0      0      0      0      0      0      0      0      0      0      0      0      0      0      0      0      0      0      0      0      0      0      0      0      0      0      0      0      0      0     
0x2a5f5d5ac190           ULOP3.LUT UR12, UR4, 0xfffffc00, URZ, 0xc0, !UPT                         0      0      0      8192    262144    262144    32     32     0      0      0      -                      -          -      0       0      0      0       0       0      0        0        0      -      0      0      0      0      0      0      0      0      0      0      0      0      0      0      0      0      0      0      0      0      0      0      0      0      0      0      0      0      0      0      0      0      0      0      0      0      0      0      0      0     
0x2a5f5d5ac1a0     @!P0  BRA 0x2a5f5d5ac1e0                                                       0      0      0      8192    262144    2048      32     0      32     32     2048   -                      -          -      0       0      0      0       0       0      0        0        0      -      0      0      0      0      0      0      0      0      0      0      0      0      0      0      0      0      0      0      0      0      0      0      0      0      0      0      0      0      0      0      0      0      0      0      0      0      0      0      0      0     
0x2a5f5d5ac1b0           ISETP.GT.U32.AND P1, PT, R0, 0x1f, PT                                    0      0      0      8192    260096    260096    31     31     31     1      0      -                      -          -      0       0      0      0       0       0      0        0        0      -      0      0      0      0      0      0      0      0      0      0      0      0      0      0      0      0      0      0      0      0      0      0      0      0      0      0      0      0      0      0      0      0      0      0      0      0      0      0      0      0     
0x2a5f5d5ac1c0           PLOP3.LUT P0, PT, PT, PT, PT, 0x8, 0x80                                  0      0      0      8192    260096    260096    31     31     0      1      0      -                      -          -      0       0      0      0       0       0      0        0        0      -      0      0      0      0      0      0      0      0      0      0      0      0      0      0      0      0      0      0      0      0      0      0      0      0      0      0      0      0      0      0      0      0      0      0      0      0      0      0      0      0     
0x2a5f5d5ac1d0     @P1   BRA 0x2a5f5d5ac4e0                                                       2      0      2      8192    260096    196608    31     24     7      8      0      -                      -          -      0       0      0      0       0       0      0        0        0      -      0      0      0      0      0      0      0      0      0      0      0      0      0      0      0      0      0      0      0      0      0      0      2      0      0      0      0      0      0      0      0      0      0      0      0      0      0      0      0      0     
0x2a5f5d5ac1e0           MOV R5, 0x40                                                             0      0      0      4096    65536     65536     16     16     8      16     0      -                      -          -      0       0      0      0       0       0      0        0        0      -      0      0      0      0      0      0      0      0      0      0      0      0      0      0      0      0      0      0      0      0      0      0      0      0      0      0      0      0      0      0      0      0      0      0      0      0      0      0      0      0     
0x2a5f5d5ac1f0           WARPSYNC.ALL                                                             0      0      0      4096    65536     65536     16     16     0      16     0      -                      -          -      0       0      0      0       0       0      0        0        0      -      0      0      0      0      0      0      0      0      0      0      0      0      0      0      0      0      0      0      0      0      0      0      0      0      0      0      0      0      0      0      0      0      0      0      0      0      0      0      0      0     
0x2a5f5d5ac200           LEA R6, R20, R5, 0x18                                                    1      0      1      2048    65536     65536     32     32     16     0      0      -                      -          -      0       0      0      0       0       0      0        0        0      -      0      0      0      0      0      0      0      1      0      0      0      0      0      0      0      0      0      0      0      0      0      0      0      0      0      0      0      0      0      0      0      0      0      0      0      0      0      0      0      0     
0x2a5f5d5ac210           LEA R20, R20, R3, 0x18                                                   0      0      0      2048    65536     65536     32     32     0      0      0      -                      -          -      0       0      0      0       0       0      0        0        0      -      0      0      0      0      0      0      0      0      0      0      0      0      0      0      0      0      0      0      0      0      0      0      0      0      0      0      0      0      0      0      0      0      0      0      0      0      0      0      0      0     
0x2a5f5d5ac220           LDS.U8 R2, [R6+0x1c]                                                     0      0      0      2048    65536     65536     32     32     0      0      0      Shared                 Load       8      0       1      0      2048    2048    0      0        0        0      -      0      0      0      0      0      0      0      0      0      0      0      0      0      0      0      0      0      0      0      0      0      0      0      0      0      0      0      0      0      0      0      0      0      0      0      0      0      0      0      0     
0x2a5f5d5ac230           ISETP.NE.AND P0, PT, R2, RZ, PT                                          9      9      9      2048    65536     65536     32     32     0      0      0      -                      -          -      0       0      0      0       0       0      0        0        0      -      0      0      0      0      0      0      0      0      0      0      0      0      0      0      0      0      0      0      0      9      0      0      0      0      0      0      0      0      0      0      0      0      0      0      0      0      9      0      0      0     
0x2a5f5d5ac240     @P0   BRA 0x2a5f5d5ac400                                                       0      0      0      2048    65536     0         32     0      32     32     0      -                      -          -      0       0      0      0       0       0      0        0        0      -      0      0      0      0      0      0      0      0      0      0      0      0      0      0      0      0      0      0      0      0      0      0      0      0      0      0      0      0      0      0      0      0      0      0      0      0      0      0      0      0     
0x2a5f5d5ac250           ELECT P0, URZ, PT                                                        0      0      0      2048    65536     65536     32     32     32     0      0      -                      -          -      0       0      0      0       0       0      0        0        0      -      0      0      0      0      0      0      0      0      0      0      0      0      0      0      0      0      0      0      0      0      0      0      0      0      0      0      0      0      0      0      0      0      0      0      0      0      0      0      0      0     
0x2a5f5d5ac260     @!P0  BRA 0x2a5f5d5ac440                                                       0      0      0      2048    65536     63488     32     31     1      1      2048   -                      -          -      0       0      0      0       0       0      0        0        0      -      0      0      0      0      0      0      0      0      0      0      0      0      0      0      0      0      0      0      0      0      0      0      0      0      0      0      0      0      0      0      0      0      0      0      0      0      0      0      0      0     
0x2a5f5d5ac270           UMOV UR4, 0x2                                                            0      0      0      2048    2048      2048      1      1      30     31     0      -                      -          -      0       0      0      0       0       0      0        0        0      -      0      0      0      0      0      0      0      0      0      0      0      0      0      0      0      0      0      0      0      0      0      0      0      0      0      0      0      0      0      0      0      0      0      0      0      0      0      0      0      0     
0x2a5f5d5ac280           DEPBAR.LE SB0, 0x36                                                      0      0      0      2048    2048      2048      1      1      0      31     0      -                      -          -      0       0      0      0       0       0      0        0        0      -      0      0      0      0      0      0      0      0      0      0      0      0      0      0      0      0      0      0      0      0      0      0      0      0      0      0      0      0      0      0      0      0      0      0      0      0      0      0      0      0     
0x2a5f5d5ac290           UTCATOMSWS.FIND_AND_SET.ALIGN UP0, UR4, UR4                              0      0      0      2048    2048      2048      1      1      0      31     0      -                      -          -      0       0      0      0       0       0      0        0        0      -      0      0      0      0      0      0      0      0      0      0      0      0      0      0      0      0      0      0      0      0      0      0      0      0      0      0      0      0      0      0      0      0      0      0      0      0      0      0      0      0     
0x2a5f5d5ac2a0           IMAD.U32 R2, RZ, RZ, UR4                                                 0      0      0      2048    2048      2048      1      1      0      31     0      -                      -          -      0       0      0      0       0       0      0        0        0      -      0      0      0      0      0      0      0      0      0      0      0      0      0      0      0      0      0      0      0      0      0      0      0      0      0      0      0      0      0      0      0      0      0      0      0      0      0      0      0      0     
0x2a5f5d5ac2b0           BRA.U UP0, 0x2a5f5d5ac370                                                0      0      0      2048    2048      2048      1      1      0      31     0      -                      -          -      0       0      0      0       0       0      0        0        0      -      0      0      0      0      0      0      0      0      0      0      0      0      0      0      0      0      0      0      0      0      0      0      0      0      0      0      0      0      0      0      0      0      0      0      0      0      0      0      0      0     
0x2a5f5d5ac2c0           PLOP3.LUT P0, PT, PT, PT, PT, 0x80, 0x8                                  0      0      0      0       0         0         0      0      1      32     0      -                      -          -      0       0      0      0       0       0      0        0        0      -      0      0      0      0      0      0      0      0      0      0      0      0      0      0      0      0      0      0      0      0      0      0      0      0      0      0      0      0      0      0      0      0      0      0      0      0      0      0      0      0     
0x2a5f5d5ac2d0           NANOSLEEP 0x64                                                           0      0      0      0       0         0         0      0      0      32     0      -                      -          -      0       0      0      0       0       0      0        0        0      -      0      0      0      0      0      0      0      0      0      0      0      0      0      0      0      0      0      0      0      0      0      0      0      0      0      0      0      0      0      0      0      0      0      0      0      0      0      0      0      0     
0x2a5f5d5ac2e0           UMOV UR5, 0x2                                                            0      0      0      0       0         0         0      0      0      32     0      -                      -          -      0       0      0      0       0       0      0        0        0      -      0      0      0      0      0      0      0      0      0      0      0      0      0      0      0      0      0      0      0      0      0      0      0      0      0      0      0      0      0      0      0      0      0      0      0      0      0      0      0      0     
0x2a5f5d5ac2f0     @P0   ELECT P1, URZ, PT                                                        0      0      0      0       0         0         0      0      0      32     0      -                      -          -      0       0      0      0       0       0      0        0        0      -      0      0      0      0      0      0      0      0      0      0      0      0      0      0      0      0      0      0      0      0      0      0      0      0      0      0      0      0      0      0      0      0      0      0      0      0      0      0      0      0     
0x2a5f5d5ac300           DEPBAR.LE SB1, 0x36                                                      0      0      0      0       0         0         0      0      0      32     0      -                      -          -      0       0      0      0       0       0      0        0        0      -      0      0      0      0      0      0      0      0      0      0      0      0      0      0      0      0      0      0      0      0      0      0      0      0      0      0      0      0      0      0      0      0      0      0      0      0      0      0      0      0     
0x2a5f5d5ac310           UTCATOMSWS.FIND_AND_SET.ALIGN UP0, UR4, UR5                              0      0      0      0       0         0         0      0      0      32     0      -                      -          -      0       0      0      0       0       0      0        0        0      -      0      0      0      0      0      0      0      0      0      0      0      0      0      0      0      0      0      0      0      0      0      0      0      0      0      0      0      0      0      0      0      0      0      0      0      0      0      0      0      0     
0x2a5f5d5ac320     @P1   PLOP3.LUT P0, PT, P1, PT, PT, 0x8, 0x80                                  0      0      0      0       0         0         0      0      0      32     0      -                      -          -      0       0      0      0       0       0      0        0        0      -      0      0      0      0      0      0      0      0      0      0      0      0      0      0      0      0      0      0      0      0      0      0      0      0      0      0      0      0      0      0      0      0      0      0      0      0      0      0      0      0     
0x2a5f5d5ac330           PLOP3.LUT P1, PT, PT, PT, PT, 0x8, 0x80                                  0      0      0      0       0         0         0      0      0      32     0      -                      -          -      0       0      0      0       0       0      0        0        0      -      0      0      0      0      0      0      0      0      0      0      0      0      0      0      0      0      0      0      0      0      0      0      0      0      0      0      0      0      0      0      0      0      0      0      0      0      0      0      0      0     
0x2a5f5d5ac340     @P0   BRA.U.ANY 0x2a5f5d5ac2f0                                                 0      0      0      0       0         0         0      0      0      32     0      -                      -          -      0       0      0      0       0       0      0        0        0      -      0      0      0      0      0      0      0      0      0      0      0      0      0      0      0      0      0      0      0      0      0      0      0      0      0      0      0      0      0      0      0      0      0      0      0      0      0      0      0      0     
0x2a5f5d5ac350           IMAD.U32 R2, RZ, RZ, UR4                                                 0      0      0      0       0         0         0      0      0      32     0      -                      -          -      0       0      0      0       0       0      0        0        0      -      0      0      0      0      0      0      0      0      0      0      0      0      0      0      0      0      0      0      0      0      0      0      0      0      0      0      0      0      0      0      0      0      0      0      0      0      0      0      0      0     
0x2a5f5d5ac360           BRA.U !UP0, 0x2a5f5d5ac2c0                                               0      0      0      0       0         0         0      0      0      32     0      -                      -          -      0       0      0      0       0       0      0        0        0      -      0      0      0      0      0      0      0      0      0      0      0      0      0      0      0      0      0      0      0      0      0      0      0      0      0      0      0      0      0      0      0      0      0      0      0      0      0      0      0      0     
0x2a5f5d5ac370           IMAD.MOV.U32 R3, RZ, RZ, 0x3                                             0      0      0      2048    2048      2048      1      1      1      31     0      -                      -          -      0       0      0      0       0       0      0        0        0      -      0      0      0      0      0      0      0      0      0      0      0      0      0      0      0      0      0      0      0      0      0      0      0      0      0      0      0      0      0      0      0      0      0      0      0      0      0      0      0      0     
0x2a5f5d5ac380           IMAD.MOV.U32 R5, RZ, RZ, 0x1                                             0      0      0      2048    2048      2048      1      1      0      31     0      -                      -          -      0       0      0      0       0       0      0        0        0      -      0      0      0      0      0      0      0      0      0      0      0      0      0      0      0      0      0      0      0      0      0      0      0      0      0      0      0      0      0      0      0      0      0      0      0      0      0      0      0      0     
0x2a5f5d5ac390           SHF.L.U32 R3, R3, R2, RZ                                                 0      0      0      2048    2048      2048      1      1      0      31     0      -                      -          -      0       0      0      0       0       0      0        0        0      -      0      0      0      0      0      0      0      0      0      0      0      0      0      0      0      0      0      0      0      0      0      0      0      0      0      0      0      0      0      0      0      0      0      0      0      0      0      0      0      0     
0x2a5f5d5ac3a0           SHF.L.U32 R4, R5, R2, RZ                                                 0      0      0      2048    2048      2048      1      1      0      31     0      -                      -          -      0       0      0      0       0       0      0        0        0      -      0      0      0      0      0      0      0      0      0      0      0      0      0      0      0      0      0      0      0      0      0      0      0      0      0      0      0      0      0      0      0      0      0      0      0      0      0      0      0      0     
0x2a5f5d5ac3b0           IMAD.SHL.U32 R2, R2, 0x20, RZ                                            0      0      0      2048    2048      2048      1      1      0      31     0      -                      -          -      0       0      0      0       0       0      0        0        0      -      0      0      0      0      0      0      0      0      0      0      0      0      0      0      0      0      0      0      0      0      0      0      0      0      0      0      0      0      0      0      0      0      0      0      0      0      0      0      0      0     
0x2a5f5d5ac3c0           ATOMS.OR RZ, [R6+0x14], R3                                               3      3      3      2048    2048      2048      1      1      0      31     0      Shared                 Atomic     32     0       1      0      2048    2048    0      0        0        0      -      0      0      0      0      0      0      0      0      0      0      0      0      0      0      3      0      0      0      0      0      0      0      0      0      0      0      0      0      0      0      0      3      0      0      0      0      0      0      0      0     
0x2a5f5d5ac3d0           ATOMS.OR RZ, [R6+0x18], R4                                               6      6      6      2048    2048      2048      1      1      0      31     0      Shared                 Atomic     32     0       1      0      2048    2048    0      0        0        0      -      0      0      0      0      0      0      0      0      0      0      0      0      0      0      6      0      0      0      0      0      0      0      0      0      0      0      0      0      0      0      0      6      0      0      0      0      0      0      0      0     
0x2a5f5d5ac3e0           STS [R20], R2                                                            3      3      3      2048    2048      2048      1      1      0      31     0      Shared                 Store      32     0       1      0      2048    2048    0      0        0        0      -      0      0      0      0      0      0      0      0      0      0      0      0      0      0      3      0      0      0      0      0      0      0      0      0      0      0      0      0      0      0      0      3      0      0      0      0      0      0      0      0     
0x2a5f5d5ac3f0           BRA 0x2a5f5d5ac440                                                       0      0      0      2048    2048      2048      1      1      0      31     0      -                      -          -      0       0      0      0       0       0      0        0        0      -      0      0      0      0      0      0      0      0      0      0      0      0      0      0      0      0      0      0      0      0      0      0      0      0      0      0      0      0      0      0      0      0      0      0      0      0      0      0      0      0     
0x2a5f5d5ac400           IMAD.MOV.U32 R3, RZ, RZ, -0x1                                            0      0      0      0       0         0         0      0      1      32     0      -                      -          -      0       0      0      0       0       0      0        0        0      -      0      0      0      0      0      0      0      0      0      0      0      0      0      0      0      0      0      0      0      0      0      0      0      0      0      0      0      0      0      0      0      0      0      0      0      0      0      0      0      0     
0x2a5f5d5ac410           MOV R2, 0x440                                                            0      0      0      0       0         0         0      0      0      32     0      -                      -          -      0       0      0      0       0       0      0        0        0      -      0      0      0      0      0      0      0      0      0      0      0      0      0      0      0      0      0      0      0      0      0      0      0      0      0      0      0      0      0      0      0      0      0      0      0      0      0      0      0      0     
0x2a5f5d5ac420           STS [R20], R3                                                            0      0      0      0       0         0         0      0      0      32     0                                               0       0      0      0       0       0      0        0        0      -      0      0      0      0      0      0      0      0      0      0      0      0      0      0      0      0      0      0      0      0      0      0      0      0      0      0      0      0      0      0      0      0      0      0      0      0      0      0      0      0     
0x2a5f5d5ac430           CALL.REL.NOINC 0x2a5f5d5aec00                                            0      0      0      0       0         0         0      0      0      32     0      -                      -          -      0       0      0      0       0       0      0        0        0      -      0      0      0      0      0      0      0      0      0      0      0      0      0      0      0      0      0      0      0      0      0      0      0      0      0      0      0      0      0      0      0      0      0      0      0      0      0      0      0      0     
0x2a5f5d5ac440           WARPSYNC.ALL                                                             0      0      0      4096    65536     65536     16     16     16     16     0      -                      -          -      0       0      0      0       0       0      0        0        0      -      0      0      0      0      0      0      0      0      0      0      0      0      0      0      0      0      0      0      0      0      0      0      0      0      0      0      0      0      0      0      0      0      0      0      0      0      0      0      0      0     
0x2a5f5d5ac450           S2UR UR4, SR_CgaCtaId                                                    0      0      0      2048    65536     65536     32     32     16     0      0      -                      -          -      0       0      0      0       0       0      0        0        0      -      0      0      0      0      0      0      0      0      0      0      0      0      0      0      0      0      0      0      0      0      0      0      0      0      0      0      0      0      0      0      0      0      0      0      0      0      0      0      0      0     
0x2a5f5d5ac460           UVIRTCOUNT.DEALLOC.SMPOOL 0x80                                           0      0      0      2048    65536     65536     32     32     0      0      0      -                      -          -      0       0      0      0       0       0      0        0        0      -      0      0      0      0      0      0      0      0      0      0      0      0      0      0      0      0      0      0      0      0      0      0      0      0      0      0      0      0      0      0      0      0      0      0      0      0      0      0      0      0     
0x2a5f5d5ac470           ELECT P0, URZ, PT                                                        0      0      0      2048    65536     65536     32     32     0      0      0      -                      -          -      0       0      0      0       0       0      0        0        0      -      0      0      0      0      0      0      0      0      0      0      0      0      0      0      0      0      0      0      0      0      0      0      0      0      0      0      0      0      0      0      0      0      0      0      0      0      0      0      0      0     
0x2a5f5d5ac480           MOV R3, 0x40                                                             0      0      0      2048    65536     65536     32     32     0      0      0      -                      -          -      0       0      0      0       0       0      0        0        0      -      0      0      0      0      0      0      0      0      0      0      0      0      0      0      0      0      0      0      0      0      0      0      0      0      0      0      0      0      0      0      0      0      0      0      0      0      0      0      0      0     
0x2a5f5d5ac490           IMAD.MOV.U32 R2, RZ, RZ, 0x1                                             5      5      5      2048    65536     65536     32     32     0      0      0      -                      -          -      0       0      0      0       0       0      0        0        0      -      0      0      0      0      0      0      0      0      0      0      0      0      0      0      0      0      0      0      0      5      0      0      0      0      0      0      0      0      0      0      0      0      0      0      0      0      5      0      0      0     
0x2a5f5d5ac4a0           IMAD.U32 R20, RZ, RZ, UR4                                                0      0      0      2048    65536     65536     32     32     0      0      0      -                      -          -      0       0      0      0       0       0      0        0        0      -      0      0      0      0      0      0      0      0      0      0      0      0      0      0      0      0      0      0      0      0      0      0      0      0      0      0      0      0      0      0      0      0      0      0      0      0      0      0      0      0     
0x2a5f5d5ac4b0           LEA R3, R20, R3, 0x18                                                    0      0      0      2048    65536     65536     32     32     0      0      0      -                      -          -      0       0      0      0       0       0      0        0        0      -      0      0      0      0      0      0      0      0      0      0      0      0      0      0      0      0      0      0      0      0      0      0      0      0      0      0      0      0      0      0      0      0      0      0      0      0      0      0      0      0     
0x2a5f5d5ac4c0     @P0   STS.U8 [R3+0x1c], R2                                                     3      3      3      2048    65536     2048      32     1      31     31     0      Shared                 Store      8      0       1      0      2048    2048    0      0        0        0      -      0      0      0      0      0      0      0      0      0      0      0      0      0      0      3      0      0      0      0      0      0      0      0      0      0      0      0      0      0      0      0      3      0      0      0      0      0      0      0      0     
0x2a5f5d5ac4d0           PLOP3.LUT P0, PT, PT, PT, PT, 0x80, 0x8                                  0      0      0      2048    65536     65536     32     32     31     0      0      -                      -          -      0       0      0      0       0       0      0        0        0      -      0      0      0      0      0      0      0      0      0      0      0      0      0      0      0      0      0      0      0      0      0      0      0      0      0      0      0      0      0      0      0      0      0      0      0      0      0      0      0      0     
0x2a5f5d5ac4e0           WARPSYNC.ALL                                                             2      2      2      8192    262144    262144    32     32     0      0      0      -                      -          -      0       0      0      0       0       0      0        0        0      -      0      0      0      0      0      0      0      0      0      0      0      0      0      0      0      0      2      0      0      0      0      0      0      0      0      0      0      0      0      0      0      0      0      2      0      0      0      0      0      0     
0x2a5f5d5ac4f0           BAR.SYNC.DEFER_BLOCKING 0x0                                              0      0      0      8192    262144    262144    32     32     0      0      0      -                      -          -      0       0      0      0       0       0      0        0        0      -      0      0      0      0      0      0      0      0      0      0      0      0      0      0      0      0      0      0      0      0      0      0      0      0      0      0      0      0      0      0      0      0      0      0      0      0      0      0      0      0     
0x2a5f5d5ac500           MOV R3, 0x400                                                            9      9      9      8192    262144    262144    32     32     0      0      0      -                      -          -      0       0      0      0       0       0      0        0        0      -      0      0      0      0      0      0      0      0      0      0      0      0      0      0      0      0      0      0      0      9      0      0      0      0      0      0      0      0      0      0      0      0      0      0      0      0      9      0      0      0     
0x2a5f5d5ac510           LEA R3, R20, R3, 0x18                                                    1      0      1      8192    262144    262144    32     32     0      0      0      -                      -          -      0       0      0      0       0       0      0        0        0      -      0      0      0      0      0      0      0      0      0      0      0      0      1      0      0      0      0      0      0      0      0      0      0      0      0      0      0      0      0      0      0      0      0      0      0      0      0      0      0      0     
0x2a5f5d5ac520           LDCU UR4, c[0x0][0x3a0]                                                  126    117    126    8192    262144    262144    32     32     0      0      0      -                      -          -      0       0      0      0       0       0      0        0        0      -      0      0      0      0      0      0      126    0      0      0      0      0      0      0      0      0      0      0      0      0      0      0      0      117    0      0      0      0      0      0      0      0      0      0      0      0      0      0      0      0     
0x2a5f5d5ac530           S2UR UR8, SR_CTAID.X                                                     0      0      0      8192    262144    262144    32     32     0      0      0      -                      -          -      0       0      0      0       0       0      0        0        0      -      0      0      0      0      0      0      0      0      0      0      0      0      0      0      0      0      0      0      0      0      0      0      0      0      0      0      0      0      0      0      0      0      0      0      0      0      0      0      0      0     
0x2a5f5d5ac540           LDCU.64 UR16, c[0x0][0x358]                                              1      0      1      8192    262144    262144    32     32     0      0      0      -                      -          -      0       0      0      0       0       0      0        0        0      -      0      0      0      0      0      0      0      0      0      0      0      0      0      0      0      0      0      0      1      0      0      0      0      0      0      0      0      0      0      0      0      0      0      0      0      0      0      0      0      0     
0x2a5f5d5ac550           S2UR UR9, SR_CTAID.Y                                                     1      0      1      8192    262144    262144    32     32     0      0      0      -                      -          -      0       0      0      0       0       0      0        0        0      -      0      0      0      0      0      0      0      0      0      0      0      0      0      0      0      0      0      0      0      0      0      0      1      0      0      0      0      0      0      0      0      0      0      0      0      0      0      0      0      0     
0x2a5f5d5ac560           LDS R3, [R3]                                                             5      5      5      8192    262144    262144    32     32     0      0      0      Shared                 Load       32     0       1      0      8192    8192    0      0        0        0      -      0      0      0      0      0      0      0      0      0      0      0      0      0      0      5      0      0      0      0      0      0      0      0      0      0      0      0      0      0      0      0      5      0      0      0      0      0      0      0      0     
0x2a5f5d5ac570           UISETP.GE.AND UP0, UPT, UR4, 0x40, UPT                                   1      1      1      8192    262144    262144    32     32     0      0      0      -                      -          -      0       0      0      0       0       0      0        0        0      -      0      0      0      0      0      0      0      0      0      0      0      0      1      0      0      0      0      0      0      0      0      0      0      0      0      0      0      0      0      1      0      0      0      0      0      0      0      0      0      0     
0x2a5f5d5ac580           USHF.L.U32 UR8, UR8, 0x7, URZ                                            1      1      1      8192    262144    262144    32     32     0      0      0      -                      -          -      0       0      0      0       0       0      0        0        0      -      0      0      0      0      0      0      0      0      0      0      0      0      0      0      0      0      0      0      0      1      0      0      0      0      0      0      0      0      0      0      0      0      0      0      0      0      1      0      0      0     
0x2a5f5d5ac590           USHF.L.U32 UR9, UR9, 0x6, URZ                                            1      0      1      8192    262144    262144    32     32     0      0      0      -                      -          -      0       0      0      0       0       0      0        0        0      -      0      0      0      0      0      0      0      0      0      0      0      0      0      0      0      0      0      0      1      0      0      0      0      0      0      0      0      0      0      0      0      0      0      0      0      0      0      0      0      0     
0x2a5f5d5ac5a0           R2UR UR21, R3                                                            37     35     37     8192    262144    262144    32     32     0      0      0      -                      -          -      0       0      0      0       0       0      0        0        0      -      0      0      0      0      0      0      0      0      0      0      0      0      0      0      0      0      0      0      0      37     0      0      0      0      0      0      0      0      0      0      0      0      0      0      0      0      35     0      0      0     
0x2a5f5d5ac5b0           BRA.U !UP0, 0x2a5f5d5adbe0                                               0      0      0      8192    262144    262144    32     32     0      0      0      -                      -          -      0       0      0      0       0       0      0        0        0      -      0      0      0      0      0      0      0      0      0      0      0      0      0      0      0      0      0      0      0      0      0      0      0      0      0      0      0      0      0      0      0      0      0      0      0      0      0      0      0      0     
0x2a5f5d5ac5c0           LDC R3, c[0x0][0x360]                                                    1      0      1      8192    262144    262144    32     32     0      0      0      -                      -          -      0       0      0      0       0       0      0        0        0      -      0      0      0      0      0      0      0      0      0      0      0      0      0      0      0      0      0      0      1      0      0      0      0      0      0      0      0      0      0      0      0      0      0      0      0      0      0      0      0      0     
0x2a5f5d5ac5d0           MOV R10, 0x630                                                           1      0      1      8192    262144    262144    32     32     0      0      0      -                      -          -      0       0      0      0       0       0      0        0        0      -      0      0      0      0      0      0      0      0      0      0      0      0      0      0      0      0      0      0      1      0      0      0      0      0      0      0      0      0      0      0      0      0      0      0      0      0      0      0      0      0     
0x2a5f5d5ac5e0           IMAD.IADD R2, R0, 0x1, R3                                                2      1      2      8192    262144    262144    32     32     0      0      0      -                      -          -      0       0      0      0       0       0      0        0        0      -      0      0      0      0      0      0      0      0      0      0      0      0      0      0      0      0      0      0      0      2      0      0      0      0      0      0      0      0      0      0      0      0      0      0      0      0      1      0      0      0     
0x2a5f5d5ac5f0           LOP3.LUT R9, R3, 0xffff, RZ, 0xc0, !PT                                   0      0      0      8192    262144    262144    32     32     0      0      0      -                      -          -      0       0      0      0       0       0      0        0        0      -      0      0      0      0      0      0      0      0      0      0      0      0      0      0      0      0      0      0      0      0      0      0      0      0      0      0      0      0      0      0      0      0      0      0      0      0      0      0      0      0     
0x2a5f5d5ac600           LOP3.LUT R4, R2, 0x1fff, RZ, 0x3c, !PT                                   0      0      0      8192    262144    262144    32     32     0      0      0      -                      -          -      0       0      0      0       0       0      0        0        0      -      0      0      0      0      0      0      0      0      0      0      0      0      0      0      0      0      0      0      0      0      0      0      0      0      0      0      0      0      0      0      0      0      0      0      0      0      0      0      0      0     
0x2a5f5d5ac610           LOP3.LUT R8, R4, 0xffff, RZ, 0xc0, !PT                                   0      0      0      8192    262144    262144    32     32     0      0      0      -                      -          -      0       0      0      0       0       0      0        0        0      -      0      0      0      0      0      0      0      0      0      0      0      0      0      0      0      0      0      0      0      0      0      0      0      0      0      0      0      0      0      0      0      0      0      0      0      0      0      0      0      0     
0x2a5f5d5ac620           CALL.REL.NOINC 0x2a5f5d5aec60                                            0      0      0      8192    262144    262144    32     32     0      0      0      -                      -          -      0       0      0      0       0       0      0        0        0      -      0      0      0      0      0      0      0      0      0      0      0      0      0      0      0      0      0      0      0      0      0      0      0      0      0      0      0      0      0      0      0      0      0      0      0      0      0      0      0      0     
0x2a5f5d5ac630           LOP3.LUT R4, R2, 0xfff, RZ, 0x3c, !PT                                    1      0      1      8192    262144    262144    32     32     0      0      0      -                      -          -      0       0      0      0       0       0      0        0        0      -      0      0      0      0      0      0      0      1      0      0      0      0      0      0      0      0      0      0      0      0      0      0      0      0      0      0      0      0      0      0      0      0      0      0      0      0      0      0      0      0     
0x2a5f5d5ac640           IMAD.MOV.U32 R11, RZ, RZ, R12                                            0      0      0      8192    262144    262144    32     32     0      0      0      -                      -          -      0       0      0      0       0       0      0        0        0      -      0      0      0      0      0      0      0      0      0      0      0      0      0      0      0      0      0      0      0      0      0      0      0      0      0      0      0      0      0      0      0      0      0      0      0      0      0      0      0      0     
0x2a5f5d5ac650           LOP3.LUT R9, R3, 0xffff, RZ, 0xc0, !PT                                   0      0      0      8192    262144    262144    32     32     0      0      0      -                      -          -      0       0      0      0       0       0      0        0        0      -      0      0      0      0      0      0      0      0      0      0      0      0      0      0      0      0      0      0      0      0      0      0      0      0      0      0      0      0      0      0      0      0      0      0      0      0      0      0      0      0     
0x2a5f5d5ac660           LOP3.LUT R8, R4, 0xffff, RZ, 0xc0, !PT                                   0      0      0      8192    262144    262144    32     32     0      0      0      -                      -          -      0       0      0      0       0       0      0        0        0      -      0      0      0      0      0      0      0      0      0      0      0      0      0      0      0      0      0      0      0      0      0      0      0      0      0      0      0      0      0      0      0      0      0      0      0      0      0      0      0      0     
0x2a5f5d5ac670           MOV R10, 0x690                                                           0      0      0      8192    262144    262144    32     32     0      0      0      -                      -          -      0       0      0      0       0       0      0        0        0      -      0      0      0      0      0      0      0      0      0      0      0      0      0      0      0      0      0      0      0      0      0      0      0      0      0      0      0      0      0      0      0      0      0      0      0      0      0      0      0      0     
0x2a5f5d5ac680           CALL.REL.NOINC 0x2a5f5d5aec60                                            1      0      1      8192    262144    262144    32     32     0      0      0      -                      -          -      0       0      0      0       0       0      0        0        0      -      0      0      0      0      0      0      0      0      0      0      0      0      0      0      0      0      0      1      0      0      0      0      0      0      0      0      0      0      0      0      0      0      0      0      0      0      0      0      0      0     
0x2a5f5d5ac690           LDCU UR5, c[0x0][0x3a0]                                                  0      0      0      8192    262144    262144    32     32     0      0      0      -                      -          -      0       0      0      0       0       0      0        0        0      -      0      0      0      0      0      0      0      0      0      0      0      0      0      0      0      0      0      0      0      0      0      0      0      0      0      0      0      0      0      0      0      0      0      0      0      0      0      0      0      0     
0x2a5f5d5ac6a0           IMAD.SHL.U32 R6, R0, 0x2, RZ                                             1      0      1      8192    262144    262144    32     32     0      0      0      -                      -          -      0       0      0      0       0       0      0        0        0      -      0      0      0      0      0      0      0      0      0      0      0      0      0      0      0      0      0      0      1      0      0      0      0      0      0      0      0      0      0      0      0      0      0      0      0      0      0      0      0      0     
0x2a5f5d5ac6b0           SHF.R.U32.HI R5, RZ, 0x2, R0                                             0      0      0      8192    262144    262144    32     32     0      0      0      -                      -          -      0       0      0      0       0       0      0        0        0      -      0      0      0      0      0      0      0      0      0      0      0      0      0      0      0      0      0      0      0      0      0      0      0      0      0      0      0      0      0      0      0      0      0      0      0      0      0      0      0      0     
0x2a5f5d5ac6c0           IMAD.SHL.U32 R15, R2, 0x2, RZ                                            0      0      0      8192    262144    262144    32     32     0      0      0      -                      -          -      0       0      0      0       0       0      0        0        0      -      0      0      0      0      0      0      0      0      0      0      0      0      0      0      0      0      0      0      0      0      0      0      0      0      0      0      0      0      0      0      0      0      0      0      0      0      0      0      0      0     
0x2a5f5d5ac6d0           LOP3.LUT R8, R2, 0x3f, RZ, 0xc0, !PT                                     0      0      0      8192    262144    262144    32     32     0      0      0      -                      -          -      0       0      0      0       0       0      0        0        0      -      0      0      0      0      0      0      0      0      0      0      0      0      0      0      0      0      0      0      0      0      0      0      0      0      0      0      0      0      0      0      0      0      0      0      0      0      0      0      0      0     
0x2a5f5d5ac6e0           LOP3.LUT R7, R6, 0x70, R5, 0x48, !PT                                     0      0      0      8192    262144    262144    32     32     0      0      0      -                      -          -      0       0      0      0       0       0      0        0        0      -      0      0      0      0      0      0      0      0      0      0      0      0      0      0      0      0      0      0      0      0      0      0      0      0      0      0      0      0      0      0      0      0      0      0      0      0      0      0      0      0     
0x2a5f5d5ac6f0           LEA.HI R13, R2, UR9, RZ, 0x1a                                            0      0      0      8192    262144    262144    32     32     0      0      0      -                      -          -      0       0      0      0       0       0      0        0        0      -      0      0      0      0      0      0      0      0      0      0      0      0      0      0      0      0      0      0      0      0      0      0      0      0      0      0      0      0      0      0      0      0      0      0      0      0      0      0      0      0     
0x2a5f5d5ac700           LOP3.LUT R14, R7, 0xe, R6, 0xf8, !PT                                     0      0      0      8192    262144    262144    32     32     0      0      0      -                      -          -      0       0      0      0       0       0      0        0        0      -      0      0      0      0      0      0      0      0      0      0      0      0      0      0      0      0      0      0      0      0      0      0      0      0      0      0      0      0      0      0      0      0      0      0      0      0      0      0      0      0     
0x2a5f5d5ac710           IMAD.IADD R6, R2, 0x1, R3                                                0      0      0      8192    262144    262144    32     32     0      0      0      -                      -          -      0       0      0      0       0       0      0        0        0      -      0      0      0      0      0      0      0      0      0      0      0      0      0      0      0      0      0      0      0      0      0      0      0      0      0      0      0      0      0      0      0      0      0      0      0      0      0      0      0      0     
0x2a5f5d5ac720           SHF.R.U32.HI R10, RZ, 0x2, R2                                            0      0      0      8192    262144    262144    32     32     0      0      0      -                      -          -      0       0      0      0       0       0      0        0        0      -      0      0      0      0      0      0      0      0      0      0      0      0      0      0      0      0      0      0      0      0      0      0      0      0      0      0      0      0      0      0      0      0      0      0      0      0      0      0      0      0     
0x2a5f5d5ac730           LEA.HI R9, R2, UR8, RZ, 0x1a                                             0      0      0      8192    262144    262144    32     32     0      0      0      -                      -          -      0       0      0      0       0       0      0        0        0      -      0      0      0      0      0      0      0      0      0      0      0      0      0      0      0      0      0      0      0      0      0      0      0      0      0      0      0      0      0      0      0      0      0      0      0      0      0      0      0      0     
0x2a5f5d5ac740           IMAD.SHL.U32 R19, R6, 0x2, RZ                                            0      0      0      8192    262144    262144    32     32     0      0      0      -                      -          -      0       0      0      0       0       0      0        0        0      -      0      0      0      0      0      0      0      0      0      0      0      0      0      0      0      0      0      0      0      0      0      0      0      0      0      0      0      0      0      0      0      0      0      0      0      0      0      0      0      0     
0x2a5f5d5ac750           SHF.R.U32.HI R16, RZ, 0x2, R6                                            0      0      0      8192    262144    262144    32     32     0      0      0      -                      -          -      0       0      0      0       0       0      0        0        0      -      0      0      0      0      0      0      0      0      0      0      0      0      0      0      0      0      0      0      0      0      0      0      0      0      0      0      0      0      0      0      0      0      0      0      0      0      0      0      0      0     
0x2a5f5d5ac760           IMAD.IADD R28, R6, 0x1, R3                                               0      0      0      8192    262144    262144    32     32     0      0      0      -                      -          -      0       0      0      0       0       0      0        0        0      -      0      0      0      0      0      0      0      0      0      0      0      0      0      0      0      0      0      0      0      0      0      0      0      0      0      0      0      0      0      0      0      0      0      0      0      0      0      0      0      0     
0x2a5f5d5ac770           LOP3.LUT R10, R15, 0x70, R10, 0x48, !PT                                  0      0      0      8192    262144    262144    32     32     0      0      0      -                      -          -      0       0      0      0       0       0      0        0        0      -      0      0      0      0      0      0      0      0      0      0      0      0      0      0      0      0      0      0      0      0      0      0      0      0      0      0      0      0      0      0      0      0      0      0      0      0      0      0      0      0     
0x2a5f5d5ac780           IMAD R5, R13, UR5, R8                                                    0      0      0      8192    262144    262144    32     32     0      0      0      -                      -          -      0       0      0      0       0       0      0        0        0      -      0      0      0      0      0      0      0      0      0      0      0      0      0      0      0      0      0      0      0      0      0      0      0      0      0      0      0      0      0      0      0      0      0      0      0      0      0      0      0      0     
0x2a5f5d5ac790           SHF.R.U32.HI R13, RZ, 0x6, R0                                            0      0      0      8192    262144    262144    32     32     0      0      0      -                      -          -      0       0      0      0       0       0      0        0        0      -      0      0      0      0      0      0      0      0      0      0      0      0      0      0      0      0      0      0      0      0      0      0      0      0      0      0      0      0      0      0      0      0      0      0      0      0      0      0      0      0     
0x2a5f5d5ac7a0           IMAD R4, R9, UR5, R8                                                     0      0      0      8192    262144    262144    32     32     0      0      0      -                      -          -      0       0      0      0       0       0      0        0        0      -      0      0      0      0      0      0      0      0      0      0      0      0      0      0      0      0      0      0      0      0      0      0      0      0      0      0      0      0      0      0      0      0      0      0      0      0      0      0      0      0     
0x2a5f5d5ac7b0           LOP3.LUT R20, R19, 0x70, R16, 0x48, !PT                                  0      0      0      8192    262144    262144    32     32     0      0      0      -                      -          -      0       0      0      0       0       0      0        0        0      -      0      0      0      0      0      0      0      0      0      0      0      0      0      0      0      0      0      0      0      0      0      0      0      0      0      0      0      0      0      0      0      0      0      0      0      0      0      0      0      0     
0x2a5f5d5ac7c0           USHF.R.S32.HI UR4, URZ, 0x1f, UR5                                        0      0      0      8192    262144    262144    32     32     0      0      0      -                      -          -      0       0      0      0       0       0      0        0        0      -      0      0      0      0      0      0      0      0      0      0      0      0      0      0      0      0      0      0      0      0      0      0      0      0      0      0      0      0      0      0      0      0      0      0      0      0      0      0      0      0     
0x2a5f5d5ac7d0           LOP3.LUT R8, R0, 0x3f, RZ, 0xc0, !PT                                     0      0      0      8192    262144    262144    32     32     0      0      0      -                      -          -      0       0      0      0       0       0      0        0        0      -      0      0      0      0      0      0      0      0      0      0      0      0      0      0      0      0      0      0      0      0      0      0      0      0      0      0      0      0      0      0      0      0      0      0      0      0      0      0      0      0     
0x2a5f5d5ac7e0           VIADD R7, R13, UR8                                                       0      0      0      8192    262144    262144    32     32     0      0      0      -                      -          -      0       0      0      0       0       0      0        0        0      -      0      0      0      0      0      0      0      0      0      0      0      0      0      0      0      0      0      0      0      0      0      0      0      0      0      0      0      0      0      0      0      0      0      0      0      0      0      0      0      0     
0x2a5f5d5ac7f0           LOP3.LUT R16, R10, 0xe, R15, 0xf8, !PT                                   0      0      0      8192    262144    262144    32     32     0      0      0      -                      -          -      0       0      0      0       0       0      0        0        0      -      0      0      0      0      0      0      0      0      0      0      0      0      0      0      0      0      0      0      0      0      0      0      0      0      0      0      0      0      0      0      0      0      0      0      0      0      0      0      0      0     
0x2a5f5d5ac800           VIADD R9, R13, UR9                                                       0      0      0      8192    262144    262144    32     32     0      0      0      -                      -          -      0       0      0      0       0       0      0        0        0      -      0      0      0      0      0      0      0      0      0      0      0      0      0      0      0      0      0      0      0      0      0      0      0      0      0      0      0      0      0      0      0      0      0      0      0      0      0      0      0      0     
0x2a5f5d5ac810           LOP3.LUT R20, R20, 0xe, R19, 0xf8, !PT                                   0      0      0      8192    262144    262144    32     32     0      0      0      -                      -          -      0       0      0      0       0       0      0        0        0      -      0      0      0      0      0      0      0      0      0      0      0      0      0      0      0      0      0      0      0      0      0      0      0      0      0      0      0      0      0      0      0      0      0      0      0      0      0      0      0      0     
0x2a5f5d5ac820           IMAD R14, R13, 0x80, R14                                                 0      0      0      8192    262144    262144    32     32     0      0      0      -                      -          -      0       0      0      0       0       0      0        0        0      -      0      0      0      0      0      0      0      0      0      0      0      0      0      0      0      0      0      0      0      0      0      0      0      0      0      0      0      0      0      0      0      0      0      0      0      0      0      0      0      0     
0x2a5f5d5ac830           LOP3.LUT R17, R6, 0x3f, RZ, 0xc0, !PT                                    0      0      0      8192    262144    262144    32     32     0      0      0      -                      -          -      0       0      0      0       0       0      0        0        0      -      0      0      0      0      0      0      0      0      0      0      0      0      0      0      0      0      0      0      0      0      0      0      0      0      0      0      0      0      0      0      0      0      0      0      0      0      0      0      0      0     
0x2a5f5d5ac840           IMAD R7, R7, UR5, R8                                                     1      0      1      8192    262144    262144    32     32     0      0      0      -                      -          -      0       0      0      0       0       0      0        0        0      -      0      0      0      0      0      0      0      0      0      0      0      0      0      0      0      0      0      0      1      0      0      0      0      0      0      0      0      0      0      0      0      0      0      0      0      0      0      0      0      0     
0x2a5f5d5ac850           LEA.HI R18, R6, UR8, RZ, 0x1a                                            0      0      0      8192    262144    262144    32     32     0      0      0      -                      -          -      0       0      0      0       0       0      0        0        0      -      0      0      0      0      0      0      0      0      0      0      0      0      0      0      0      0      0      0      0      0      0      0      0      0      0      0      0      0      0      0      0      0      0      0      0      0      0      0      0      0     
0x2a5f5d5ac860           IMAD R8, R9, UR5, R8                                                     0      0      0      8192    262144    262144    32     32     0      0      0      -                      -          -      0       0      0      0       0       0      0        0        0      -      0      0      0      0      0      0      0      0      0      0      0      0      0      0      0      0      0      0      0      0      0      0      0      0      0      0      0      0      0      0      0      0      0      0      0      0      0      0      0      0     
0x2a5f5d5ac870           LOP3.LUT R16, R16, 0x1f80, R15, 0xf8, !PT                                0      0      0      8192    262144    262144    32     32     0      0      0      -                      -          -      0       0      0      0       0       0      0        0        0      -      0      0      0      0      0      0      0      0      0      0      0      0      0      0      0      0      0      0      0      0      0      0      0      0      0      0      0      0      0      0      0      0      0      0      0      0      0      0      0      0     
0x2a5f5d5ac880           ULEA.HI UR4, UR4, UR5, URZ, 0x6                                          0      0      0      8192    262144    262144    32     32     0      0      0      -                      -          -      0       0      0      0       0       0      0        0        0      -      0      0      0      0      0      0      0      0      0      0      0      0      0      0      0      0      0      0      0      0      0      0      0      0      0      0      0      0      0      0      0      0      0      0      0      0      0      0      0      0     
0x2a5f5d5ac890           LOP3.LUT R19, R20, 0x3f80, R19, 0xf8, !PT                                0      0      0      8192    262144    262144    32     32     0      0      0      -                      -          -      0       0      0      0       0       0      0        0        0      -      0      0      0      0      0      0      0      0      0      0      0      0      0      0      0      0      0      0      0      0      0      0      0      0      0      0      0      0      0      0      0      0      0      0      0      0      0      0      0      0     
0x2a5f5d5ac8a0           IMAD R9, R18, UR5, R17                                                   0      0      0      8192    262144    262144    32     32     0      0      0      -                      -          -      0       0      0      0       0       0      0        0        0      -      0      0      0      0      0      0      0      0      0      0      0      0      0      0      0      0      0      0      0      0      0      0      0      0      0      0      0      0      0      0      0      0      0      0      0      0      0      0      0      0     
0x2a5f5d5ac8b0           LEA.HI R22, R6, UR9, RZ, 0x1a                                            0      0      0      8192    262144    262144    32     32     0      0      0      -                      -          -      0       0      0      0       0       0      0        0        0      -      0      0      0      0      0      0      0      0      0      0      0      0      0      0      0      0      0      0      0      0      0      0      0      0      0      0      0      0      0      0      0      0      0      0      0      0      0      0      0      0     
0x2a5f5d5ac8c0           IMAD.MOV.U32 R13, RZ, RZ, RZ                                             0      0      0      8192    262144    262144    32     32     0      0      0      -                      -          -      0       0      0      0       0       0      0        0        0      -      0      0      0      0      0      0      0      0      0      0      0      0      0      0      0      0      0      0      0      0      0      0      0      0      0      0      0      0      0      0      0      0      0      0      0      0      0      0      0      0     
0x2a5f5d5ac8d0           IADD3 R14, P1, PT, R14, UR12, RZ                                         0      0      0      8192    262144    262144    32     32     0      0      0      -                      -          -      0       0      0      0       0       0      0        0        0      -      0      0      0      0      0      0      0      0      0      0      0      0      0      0      0      0      0      0      0      0      0      0      0      0      0      0      0      0      0      0      0      0      0      0      0      0      0      0      0      0     
0x2a5f5d5ac8e0           USHF.R.S32.HI UR10, URZ, 0x6, UR4                                        0      0      0      8192    262144    262144    32     32     0      0      0      -                      -          -      0       0      0      0       0       0      0        0        0      -      0      0      0      0      0      0      0      0      0      0      0      0      0      0      0      0      0      0      0      0      0      0      0      0      0      0      0      0      0      0      0      0      0      0      0      0      0      0      0      0     
0x2a5f5d5ac8f0           IADD3 R16, P2, PT, R16, UR12, RZ                                         0      0      0      8192    262144    262144    32     32     0      0      0      -                      -          -      0       0      0      0       0       0      0        0        0      -      0      0      0      0      0      0      0      0      0      0      0      0      0      0      0      0      0      0      0      0      0      0      0      0      0      0      0      0      0      0      0      0      0      0      0      0      0      0      0      0     
0x2a5f5d5ac900           IMAD R10, R22, UR5, R17                                                  0      0      0      8192    262144    262144    32     32     0      0      0      -                      -          -      0       0      0      0       0       0      0        0        0      -      0      0      0      0      0      0      0      0      0      0      0      0      0      0      0      0      0      0      0      0      0      0      0      0      0      0      0      0      0      0      0      0      0      0      0      0      0      0      0      0     
0x2a5f5d5ac910           IADD3 R18, P3, PT, R19, UR12, RZ                                         0      0      0      8192    262144    262144    32     32     0      0      0      -                      -          -      0       0      0      0       0       0      0        0        0      -      0      0      0      0      0      0      0      0      0      0      0      0      0      0      0      0      0      0      0      0      0      0      0      0      0      0      0      0      0      0      0      0      0      0      0      0      0      0      0      0     
0x2a5f5d5ac920           IMAD.X R15, RZ, RZ, UR11, P1                                             0      0      0      8192    262144    262144    32     32     0      0      0      -                      -          -      0       0      0      0       0       0      0        0        0      -      0      0      0      0      0      0      0      0      0      0      0      0      0      0      0      0      0      0      0      0      0      0      0      0      0      0      0      0      0      0      0      0      0      0      0      0      0      0      0      0     
0x2a5f5d5ac930           LOP3.LUT R11, R11, 0x3, RZ, 0xc0, !PT                                    0      0      0      8192    262144    262144    32     32     0      0      0      -                      -          -      0       0      0      0       0       0      0        0        0      -      0      0      0      0      0      0      0      0      0      0      0      0      0      0      0      0      0      0      0      0      0      0      0      0      0      0      0      0      0      0      0      0      0      0      0      0      0      0      0      0     
0x2a5f5d5ac940           IMAD.X R17, RZ, RZ, UR11, P2                                             0      0      0      8192    262144    262144    32     32     0      0      0      -                      -          -      0       0      0      0       0       0      0        0        0      -      0      0      0      0      0      0      0      0      0      0      0      0      0      0      0      0      0      0      0      0      0      0      0      0      0      0      0      0      0      0      0      0      0      0      0      0      0      0      0      0     
0x2a5f5d5ac950           LOP3.LUT R12, R12, 0x3, RZ, 0xc0, !PT                                    0      0      0      8192    262144    262144    32     32     0      0      0      -                      -          -      0       0      0      0       0       0      0        0        0      -      0      0      0      0      0      0      0      0      0      0      0      0      0      0      0      0      0      0      0      0      0      0      0      0      0      0      0      0      0      0      0      0      0      0      0      0      0      0      0      0     
0x2a5f5d5ac960           IMAD.X R19, RZ, RZ, UR11, P3                                             0      0      0      8192    262144    262144    32     32     0      0      0      -                      -          -      0       0      0      0       0       0      0        0        0      -      0      0      0      0      0      0      0      0      0      0      0      0      0      0      0      0      0      0      0      0      0      0      0      0      0      0      0      0      0      0      0      0      0      0      0      0      0      0      0      0     
0x2a5f5d5ac970           ISETP.NE.AND P1, PT, R11, 0x2, PT                                        25     16     25     524288  16777216  16777216  32     32     0      0      0      -                      -          -      0       0      0      0       0       0      0        0        0      -      0      0      0      0      0      0      0      17     0      0      0      0      0      0      0      0      8      0      0      0      0      0      0      0      11     0      0      0      0      0      0      0      0      5      0      0      0      0      0      0     
0x2a5f5d5ac980           BSSY.RECONVERGENT B0, 0x2a5f5d5acb00                                     10     4      10     524288  16777216  16777216  32     32     0      0      0      -                      -          -      0       0      0      0       0       0      0        0        0      -      0      0      0      0      0      0      0      0      1      0      0      0      0      0      0      0      5      1      3      0      0      0      0      0      0      1      0      0      0      0      0      0      0      3      0      0      0      0      0      0     
0x2a5f5d5ac990           IMAD.MOV.U32 R36, RZ, RZ, R0                                             3      0      3      524288  16777216  16777216  32     32     0      0      0      -                      -          -      0       0      0      0       0       0      0        0        0      -      0      0      0      0      0      0      0      0      0      0      0      0      0      0      0      0      0      0      3      0      0      0      0      0      0      0      0      0      0      0      0      0      0      0      0      0      0      0      0      0     
0x2a5f5d5ac9a0     @!P1  BRA 0x2a5f5d5acaf0                                                       57     30     57     524288  16777216  16777216  32     32     0      0      0      -                      -          -      0       0      0      0       0       0      0        0        0      -      0      0      0      0      0      0      0      0      2      0      0      0      0      0      0      0      0      5      2      0      0      0      48     0      0      0      0      0      0      0      0      0      0      0      0      0      0      0      0      30    
0x2a5f5d5ac9b0           LDC.64 R20, c[0x0][0x380]                                                25     12     25     0       0         0         0      0      32     32     0      -                      -          -      0       0      0      0       0       0      0        0        0      -      0      0      0      0      0      0      0      0      0      0      0      0      0      0      0      0      0      0      8      0      0      0      17     0      0      0      0      0      0      0      0      0      0      0      0      0      0      0      0      12    
0x2a5f5d5ac9c0           IMAD R23, R13, 0x40, R7                                                  0      0      0      0       0         0         0      0      0      32     0      -                      -          -      0       0      0      0       0       0      0        0        0      -      0      0      0      0      0      0      0      0      0      0      0      0      0      0      0      0      0      0      0      0      0      0      0      0      0      0      0      0      0      0      0      0      0      0      0      0      0      0      0      0     
0x2a5f5d5ac9d0           IMAD.WIDE.U32 R22, R23, 0x2, R20                                         0      0      0      0       0         0         0      0      0      32     0      -                      -          -      0       0      0      0       0       0      0        0        0      -      0      0      0      0      0      0      0      0      0      0      0      0      0      0      0      0      0      0      0      0      0      0      0      0      0      0      0      0      0      0      0      0      0      0      0      0      0      0      0      0     
0x2a5f5d5ac9e0           LDG.E.U16 R23, desc[UR16][R22.64]                                        0      0      0      0       0         0         0      0      0      32     0                                               0       0      0      0       0       0      0        0        0             0      0      0      0      0      0      0      0      0      0      0      0      0      0      0      0      0      0      0      0      0      0      0      0      0      0      0      0      0      0      0      0      0      0      0      0      0      0      0      0     
0x2a5f5d5ac9f0           ISETP.NE.AND P1, PT, R11, 0x3, PT                                        0      0      0      0       0         0         0      0      0      32     0      -                      -          -      0       0      0      0       0       0      0        0        0      -      0      0      0      0      0      0      0      0      0      0      0      0      0      0      0      0      0      0      0      0      0      0      0      0      0      0      0      0      0      0      0      0      0      0      0      0      0      0      0      0     
0x2a5f5d5aca00           IMAD.MOV.U32 R36, RZ, RZ, R2                                             0      0      0      0       0         0         0      0      0      32     0      -                      -          -      0       0      0      0       0       0      0        0        0      -      0      0      0      0      0      0      0      0      0      0      0      0      0      0      0      0      0      0      0      0      0      0      0      0      0      0      0      0      0      0      0      0      0      0      0      0      0      0      0      0     
0x2a5f5d5aca10           ST.E.U16 desc[UR16][R14.64], R23                                         0      0      0      0       0         0         0      0      0      32     0                                               0       0      0      0       0       0      0        0        0             0      0      0      0      0      0      0      0      0      0      0      0      0      0      0      0      0      0      0      0      0      0      0      0      0      0      0      0      0      0      0      0      0      0      0      0      0      0      0      0     
0x2a5f5d5aca20     @!P1  BRA 0x2a5f5d5acaf0                                                       0      0      0      0       0         0         0      0      0      32     0      -                      -          -      0       0      0      0       0       0      0        0        0      -      0      0      0      0      0      0      0      0      0      0      0      0      0      0      0      0      0      0      0      0      0      0      0      0      0      0      0      0      0      0      0      0      0      0      0      0      0      0      0      0     
0x2a5f5d5aca30           IMAD R23, R13, 0x40, R4                                                  0      0      0      0       0         0         0      0      0      32     0      -                      -          -      0       0      0      0       0       0      0        0        0      -      0      0      0      0      0      0      0      0      0      0      0      0      0      0      0      0      0      0      0      0      0      0      0      0      0      0      0      0      0      0      0      0      0      0      0      0      0      0      0      0     
0x2a5f5d5aca40           IMAD.WIDE.U32 R22, R23, 0x2, R20                                         0      0      0      0       0         0         0      0      0      32     0      -                      -          -      0       0      0      0       0       0      0        0        0      -      0      0      0      0      0      0      0      0      0      0      0      0      0      0      0      0      0      0      0      0      0      0      0      0      0      0      0      0      0      0      0      0      0      0      0      0      0      0      0      0     
0x2a5f5d5aca50           LDG.E.U16 R23, desc[UR16][R22.64]                                        0      0      0      0       0         0         0      0      0      32     0                                               0       0      0      0       0       0      0        0        0             0      0      0      0      0      0      0      0      0      0      0      0      0      0      0      0      0      0      0      0      0      0      0      0      0      0      0      0      0      0      0      0      0      0      0      0      0      0      0      0     
0x2a5f5d5aca60           ISETP.NE.AND P1, PT, R11, RZ, PT                                         0      0      0      0       0         0         0      0      0      32     0      -                      -          -      0       0      0      0       0       0      0        0        0      -      0      0      0      0      0      0      0      0      0      0      0      0      0      0      0      0      0      0      0      0      0      0      0      0      0      0      0      0      0      0      0      0      0      0      0      0      0      0      0      0     
0x2a5f5d5aca70           IMAD.MOV.U32 R36, RZ, RZ, R6                                             0      0      0      0       0         0         0      0      0      32     0      -                      -          -      0       0      0      0       0       0      0        0        0      -      0      0      0      0      0      0      0      0      0      0      0      0      0      0      0      0      0      0      0      0      0      0      0      0      0      0      0      0      0      0      0      0      0      0      0      0      0      0      0      0     
0x2a5f5d5aca80           ST.E.U16 desc[UR16][R16.64], R23                                         0      0      0      0       0         0         0      0      0      32     0                                               0       0      0      0       0       0      0        0        0             0      0      0      0      0      0      0      0      0      0      0      0      0      0      0      0      0      0      0      0      0      0      0      0      0      0      0      0      0      0      0      0      0      0      0      0      0      0      0      0     
0x2a5f5d5aca90     @!P1  BRA 0x2a5f5d5acaf0                                                       0      0      0      0       0         0         0      0      0      32     0      -                      -          -      0       0      0      0       0       0      0        0        0      -      0      0      0      0      0      0      0      0      0      0      0      0      0      0      0      0      0      0      0      0      0      0      0      0      0      0      0      0      0      0      0      0      0      0      0      0      0      0      0      0     
0x2a5f5d5acaa0           IMAD R23, R13, 0x40, R9                                                  0      0      0      0       0         0         0      0      0      32     0      -                      -          -      0       0      0      0       0       0      0        0        0      -      0      0      0      0      0      0      0      0      0      0      0      0      0      0      0      0      0      0      0      0      0      0      0      0      0      0      0      0      0      0      0      0      0      0      0      0      0      0      0      0     
0x2a5f5d5acab0           IMAD.WIDE.U32 R20, R23, 0x2, R20                                         0      0      0      0       0         0         0      0      0      32     0      -                      -          -      0       0      0      0       0       0      0        0        0      -      0      0      0      0      0      0      0      0      0      0      0      0      0      0      0      0      0      0      0      0      0      0      0      0      0      0      0      0      0      0      0      0      0      0      0      0      0      0      0      0     
0x2a5f5d5acac0           LDG.E.U16 R21, desc[UR16][R20.64]                                        0      0      0      0       0         0         0      0      0      32     0                                               0       0      0      0       0       0      0        0        0             0      0      0      0      0      0      0      0      0      0      0      0      0      0      0      0      0      0      0      0      0      0      0      0      0      0      0      0      0      0      0      0      0      0      0      0      0      0      0      0     
0x2a5f5d5acad0           IMAD.MOV.U32 R36, RZ, RZ, R28                                            0      0      0      0       0         0         0      0      0      32     0      -                      -          -      0       0      0      0       0       0      0        0        0      -      0      0      0      0      0      0      0      0      0      0      0      0      0      0      0      0      0      0      0      0      0      0      0      0      0      0      0      0      0      0      0      0      0      0      0      0      0      0      0      0     
0x2a5f5d5acae0           ST.E.U16 desc[UR16][R18.64], R21                                         0      0      0      0       0         0         0      0      0      32     0                                               0       0      0      0       0       0      0        0        0             0      0      0      0      0      0      0      0      0      0      0      0      0      0      0      0      0      0      0      0      0      0      0      0      0      0      0      0      0      0      0      0      0      0      0      0      0      0      0      0     
0x2a5f5d5acaf0           BSYNC.RECONVERGENT B0                                                    26     16     26     524288  16777216  16777216  32     32     32     0      0      -                      -          -      0       0      0      0       0       0      0        0        0      -      0      0      0      0      0      0      0      18     1      0      0      0      0      0      0      0      7      0      0      0      0      0      0      0      11     1      0      0      0      0      0      0      0      4      0      0      0      0      0      0     
0x2a5f5d5acb00           BSSY.RECONVERGENT B0, 0x2a5f5d5acf60                                     72     46     72     524288  16777216  16777216  32     32     0      0      0      -                      -          -      0       0      0      0       0       0      0        0        0      -      0      0      0      0      0      0      0      46     0      0      0      0      0      0      0      0      0      1      6      0      0      0      19     0      33     0      0      0      0      0      0      0      0      0      0      0      0      0      0      13    
0x2a5f5d5acb10           IMAD R30, R3, 0x2, R36                                                   1      0      1      524288  16777216  16777216  32     32     0      0      0      -                      -          -      0       0      0      0       0       0      0        0        0      -      0      0      0      0      0      0      0      0      1      0      0      0      0      0      0      0      0      0      0      0      0      0      0      0      0      0      0      0      0      0      0      0      0      0      0      0      0      0      0      0     
0x2a5f5d5acb20           IMAD R32, R3, 0x3, R36                                                   9      2      9      524288  16777216  16777216  32     32     0      0      0      -                      -          -      0       0      0      0       0       0      0        0        0      -      0      0      0      0      0      0      0      0      0      0      0      0      1      0      0      0      0      1      4      0      0      0      3      0      0      0      0      0      0      1      0      0      0      0      0      0      0      0      0      1     
0x2a5f5d5acb30           IMAD.IADD R34, R36, 0x1, R3                                              8      4      8      524288  16777216  16777216  32     32     0      0      0      -                      -          -      0       0      0      0       0       0      0        0        0      -      0      0      0      0      0      0      0      0      0      0      0      0      0      0      0      0      0      0      2      0      0      0      6      0      0      0      0      0      0      0      0      0      0      0      0      0      0      0      0      4     
0x2a5f5d5acb40           LDC R29, c[0x0][0x3a0]                                                   432    318    432    8388608 268435456 268435456 32     32     0      0      0      -                      -          -      0       0      0      0       0       0      0        0        0      -      0      0      0      0      0      0      0      195    17     0      0      0      0      0      0      0      170    19     5      0      0      0      26     0      143    9      0      0      0      0      0      0      0      145    0      0      0      0      0      21    
0x2a5f5d5acb50           LOP3.LUT R22, R36, 0x3f, RZ, 0xc0, !PT                                   105    25     105    8388608 268435456 268435456 32     32     0      0      0      -                      -          -      0       0      0      0       0       0      0        0        0      -      0      0      0      0      0      0      0      0      4      0      0      26     0      0      0      0      0      1      74     0      0      0      0      0      0      0      0      0      25     0      0      0      0      0      0      0      0      0      0      0     
0x2a5f5d5acb60           LEA.HI R24, R36, UR8, RZ, 0x1a                                           197    62     197    8388608 268435456 268435456 32     32     0      0      0      -                      -          -      0       0      0      0       0       0      0        0        0      -      0      0      0      0      0      0      0      0      7      0      0      0      19     0      0      0      0      22     69     0      0      0      80     0      0      2      0      0      0      7      0      0      0      0      0      0      0      0      0      53    
0x2a5f5d5acb70           IMAD R22, R13, 0x40, R22                                                 294    148    294    8388608 268435456 268435456 32     32     0      0      0      -                      -          -      0       0      0      0       0       0      0        0        0      -      0      0      0      0      0      0      0      0      1      0      0      0      15     0      0      0      0      27     76     0      0      0      175    0      0      0      0      0      0      3      0      0      0      0      0      0      0      0      0      145   
0x2a5f5d5acb80           LDC.64 R20, c[0x0][0x380]                                                159    66     159    8388608 268435456 268435456 32     32     0      0      0      -                      -          -      0       0      0      0       0       0      0        0        0      -      0      0      0      0      0      0      0      0      1      0      0      0      0      0      0      0      0      3      70     0      0      0      85     0      0      1      0      0      0      0      0      0      0      0      0      0      0      0      0      65    
0x2a5f5d5acb90           IMAD R25, R24, R29, R22                                                  1275   926    1275   8388608 268435456 268435456 32     32     0      0      0      -                      -          -      0       0      0      0       0       0      0        0        0      -      0      0      0      0      0      0      0      0      6      0      0      0      26     0      0      0      0      19     90     1030   0      0      104    0      0      5      0      0      0      4      0      0      0      0      0      0      856    0      0      61    
0x2a5f5d5acba0           IMAD.WIDE.U32 R24, R25, 0x2, R20                                         733    497    733    8388608 268435456 268435456 32     32     0      0      0      -                      -          -      0       0      0      0       0       0      0        0        0      -      0      0      0      0      0      0      0      0      6      0      0      0      16     0      0      0      0      23     69     367    0      0      252    0      0      5      0      0      0      2      0      0      0      0      0      0      303    0      0      187   
0x2a5f5d5acbb0           LDG.E.U16 R31, desc[UR16][R24.64]                                        750    522    750    8388608 268435456 268435456 32     32     0      0      0      Global                 Load       16     8388608 0      0      0       0       0      16777216 16777216 0             0      0      0      0      0      0      0      0      191    0      77     0      0      0      53     0      0      35     71     0      0      0      323    0      0      152    0      76     0      0      0      52     0      0      0      0      0      0      0      242   
0x2a5f5d5acbc0           IMAD.SHL.U32 R22, R36, 0x2, RZ                                           70     0      70     8388608 268435456 268435456 32     32     0      0      0      -                      -          -      0       0      0      0       0       0      0        0        0      -      0      0      0      0      0      0      0      0      2      0      0      0      0      0      0      0      0      0      68     0      0      0      0      0      0      0      0      0      0      0      0      0      0      0      0      0      0      0      0      0     
0x2a5f5d5acbd0           SHF.R.U32.HI R23, RZ, 0x2, R36                                           70     0      70     8388608 268435456 268435456 32     32     0      0      0      -                      -          -      0       0      0      0       0       0      0        0        0      -      0      0      0      0      0      0      0      0      4      0      0      0      0      0      0      0      0      0      66     0      0      0      0      0      0      0      0      0      0      0      0      0      0      0      0      0      0      0      0      0     
0x2a5f5d5acbe0           LOP3.LUT R26, R34, 0x3f, RZ, 0xc0, !PT                                   195    71     195    8388608 268435456 268435456 32     32     0      0      0      -                      -          -      0       0      0      0       0       0      0        0        0      -      0      0      0      0      0      0      0      0      7      0      0      0      24     0      0      0      0      24     57     0      0      0      83     0      0      4      0      0      0      12     0      0      0      0      0      0      0      0      0      55    
0x2a5f5d5acbf0           LOP3.LUT R23, R22, 0x70, R23, 0x48, !PT                                  182    70     182    8388608 268435456 268435456 32     32     0      0      0      -                      -          -      0       0      0      0       0       0      0        0        0      -      0      0      0      0      0      0      0      0      13     0      0      0      18     0      0      0      0      14     72     0      0      0      65     0      0      4      0      0      0      10     0      0      0      0      0      0      0      0      0      56    
0x2a5f5d5acc00           LEA.HI R27, R34, UR8, RZ, 0x1a                                           210    75     210    8388608 268435456 268435456 32     32     0      0      0      -                      -          -      0       0      0      0       0       0      0        0        0      -      0      0      0      0      0      0      0      0      29     0      0      0      25     0      0      0      0      15     87     0      0      0      54     0      0      18     0      0      0      15     0      0      0      0      0      0      0      0      0      42    
0x2a5f5d5acc10           IMAD R26, R13, 0x40, R26                                                 59     0      59     8388608 268435456 268435456 32     32     0      0      0      -                      -          -      0       0      0      0       0       0      0        0        0      -      0      0      0      0      0      0      0      0      1      0      0      0      0      0      0      0      0      0      58     0      0      0      0      0      0      0      0      0      0      0      0      0      0      0      0      0      0      0      0      0     
0x2a5f5d5acc20           LOP3.LUT R23, R23, 0xe, R22, 0xf8, !PT                                   94     0      94     8388608 268435456 268435456 32     32     0      0      0      -                      -          -      0       0      0      0       0       0      0        0        0      -      0      0      0      0      0      0      0      0      17     0      0      0      0      0      0      0      0      0      77     0      0      0      0      0      0      0      0      0      0      0      0      0      0      0      0      0      0      0      0      0     
0x2a5f5d5acc30           IMAD R27, R27, R29, R26                                                  274    127    274    8388608 268435456 268435456 32     32     0      0      0      -                      -          -      0       0      0      0       0       0      0        0        0      -      0      0      0      0      0      0      0      0      0      0      0      0      17     0      0      0      0      17     74     0      0      0      166    0      0      0      0      0      0      3      0      0      0      0      0      0      0      0      0      124   
0x2a5f5d5acc40           LOP3.LUT R23, R23, 0x3f80, R22, 0xf8, !PT                                85     0      85     8388608 268435456 268435456 32     32     0      0      0      -                      -          -      0       0      0      0       0       0      0        0        0      -      0      0      0      0      0      0      0      0      2      0      0      0      0      0      0      0      0      0      83     0      0      0      0      0      0      0      0      0      0      0      0      0      0      0      0      0      0      0      0      0     
0x2a5f5d5acc50           IMAD.WIDE.U32 R24, R27, 0x2, R20                                         279    151    279    8388608 268435456 268435456 32     32     0      0      0      -                      -          -      0       0      0      0       0       0      0        0        0      -      0      0      0      0      0      0      0      0      1      0      0      41     11     0      0      0      0      11     77     0      0      0      138    0      0      0      0      0      41     2      0      0      0      0      0      0      0      0      0      108   
0x2a5f5d5acc60           IADD3 R22, P1, PT, R23, UR12, RZ                                         78     0      78     8388608 268435456 268435456 32     32     0      0      0      -                      -          -      0       0      0      0       0       0      0        0        0      -      0      0      0      0      0      0      0      0      6      0      0      0      0      0      0      0      0      0      72     0      0      0      0      0      0      0      0      0      0      0      0      0      0      0      0      0      0      0      0      0     
0x2a5f5d5acc70           IMAD.X R23, RZ, RZ, UR11, P1                                             773    546    773    8388608 268435456 268435456 32     32     0      0      0      -                      -          -      0       0      0      0       0       0      0        0        0      -      0      0      0      0      0      0      0      0      3      0      0      0      15     0      0      0      0      23     78     0      0      0      654    0      0      0      0      0      0      4      0      0      0      0      0      0      0      0      0      542   
0x2a5f5d5acc80           SHF.R.U32.HI R27, RZ, 0x2, R34                                           72     0      72     8388608 268435456 268435456 32     32     0      0      0      -                      -          -      0       0      0      0       0       0      0        0        0      -      0      0      0      0      0      0      0      0      5      0      0      0      0      0      0      0      0      0      67     0      0      0      0      0      0      0      0      0      0      0      0      0      0      0      0      0      0      0      0      0     
0x2a5f5d5acc90           IMAD.SHL.U32 R26, R34, 0x2, RZ                                           69     0      69     8388608 268435456 268435456 32     32     0      0      0      -                      -          -      0       0      0      0       0       0      0        0        0      -      0      0      0      0      0      0      0      0      0      0      0      0      0      0      0      0      0      0      69     0      0      0      0      0      0      0      0      0      0      0      0      0      0      0      0      0      0      0      0      0     
0x2a5f5d5acca0           ST.E.U16 desc[UR16][R22.64], R31                                         40383  32021  40383  8388608 268435456 268435456 32     32     0      0      0      Shared,Tmem,TmemShared            16     0       1      0      8388608 8388608 0      0        0        0             0      0      0      0      0      0      0      0      24     0      17     40080  0      0      13     0      0      23     68     0      0      0      158    0      0      8      0      17     31866  0      0      13     0      0      0      0      0      0      0      117   
0x2a5f5d5accb0           LDG.E.U16 R33, desc[UR16][R24.64]                                        366    187    366    8388608 268435456 268435456 32     32     0      0      0      Global                 Load       16     8388608 0      0      0       0       0      16777216 16777216 0             0      0      0      0      0      0      0      0      17     0      6      0      0      0      7      0      0      16     92     0      0      0      228    0      0      0      0      6      0      0      0      6      0      0      0      0      0      0      0      175   
0x2a5f5d5accc0           LOP3.LUT R27, R26, 0x70, R27, 0x48, !PT                                  79     0      79     8388608 268435456 268435456 32     32     0      0      0      -                      -          -      0       0      0      0       0       0      0        0        0      -      0      0      0      0      0      0      0      0      0      0      0      0      0      0      0      0      0      0      79     0      0      0      0      0      0      0      0      0      0      0      0      0      0      0      0      0      0      0      0      0     
0x2a5f5d5accd0           LOP3.LUT R35, R30, 0x3f, RZ, 0xc0, !PT                                   253    89     253    8388608 268435456 268435456 32     32     0      0      0      -                      -          -      0       0      0      0       0       0      0        0        0      -      0      0      0      0      0      0      0      0      21     0      0      0      44     0      0      0      0      28     74     0      0      0      86     0      0      2      0      0      0      18     0      0      0      0      0      0      0      0      0      69    
0x2a5f5d5acce0           LOP3.LUT R27, R27, 0xe, R26, 0xf8, !PT                                   178    68     178    8388608 268435456 268435456 32     32     0      0      0      -                      -          -      0       0      0      0       0       0      0        0        0      -      0      0      0      0      0      0      0      0      4      0      0      0      9      0      0      0      0      13     75     0      0      0      77     0      0      1      0      0      0      5      0      0      0      0      0      0      0      0      0      62    
0x2a5f5d5accf0           LEA.HI R37, R30, UR8, RZ, 0x1a                                           180    66     180    8388608 268435456 268435456 32     32     0      0      0      -                      -          -      0       0      0      0       0       0      0        0        0      -      0      0      0      0      0      0      0      0      17     0      0      0      21     0      0      0      0      18     61     0      0      0      63     0      0      6      0      0      0      7      0      0      0      0      0      0      0      0      0      53    
0x2a5f5d5acd00           IMAD R35, R13, 0x40, R35                                                 66     0      66     8388608 268435456 268435456 32     32     0      0      0      -                      -          -      0       0      0      0       0       0      0        0        0      -      0      0      0      0      0      0      0      0      0      0      0      0      0      0      0      0      0      0      66     0      0      0      0      0      0      0      0      0      0      0      0      0      0      0      0      0      0      0      0      0     
0x2a5f5d5acd10           LOP3.LUT R27, R27, 0x3f80, R26, 0xf8, !PT                                81     0      81     8388608 268435456 268435456 32     32     0      0      0      -                      -          -      0       0      0      0       0       0      0        0        0      -      0      0      0      0      0      0      0      0      14     0      0      0      0      0      0      0      0      0      67     0      0      0      0      0      0      0      0      0      0      0      0      0      0      0      0      0      0      0      0      0     
0x2a5f5d5acd20           IMAD R23, R37, R29, R35                                                  312    145    312    8388608 268435456 268435456 32     32     0      0      0      -                      -          -      0       0      0      0       0       0      0        0        0      -      0      0      0      0      0      0      0      0      4      0      0      39     14     0      0      0      0      15     76     0      0      0      164    0      0      0      0      0      34     7      0      0      0      0      0      0      0      0      0      104   
0x2a5f5d5acd30           IADD3 R26, P1, PT, R27, UR12, RZ                                         81     0      81     8388608 268435456 268435456 32     32     0      0      0      -                      -          -      0       0      0      0       0       0      0        0        0      -      0      0      0      0      0      0      0      0      1      0      0      0      0      0      0      0      0      0      80     0      0      0      0      0      0      0      0      0      0      0      0      0      0      0      0      0      0      0      0      0     
0x2a5f5d5acd40           IMAD.WIDE.U32 R22, R23, 0x2, R20                                         280    135    280    8388608 268435456 268435456 32     32     0      0      0      -                      -          -      0       0      0      0       0       0      0        0        0      -      0      0      0      0      0      0      0      0      6      0      0      0      24     0      0      0      0      13     71     0      0      0      166    0      0      1      0      0      0      6      0      0      0      0      0      0      0      0      0      128   
0x2a5f5d5acd50           IMAD.X R27, RZ, RZ, UR11, P1                                             566    174    566    8388608 268435456 268435456 32     32     0      0      0      -                      -          -      0       0      0      0       0       0      0        0        0      -      0      0      0      0      0      0      0      0      15     0      0      0      39     0      0      0      0      16     82     0      0      0      414    0      0      0      0      0      0      4      0      0      0      0      0      0      0      0      0      170   
0x2a5f5d5acd60           SHF.R.U32.HI R25, RZ, 0x2, R30                                           408    8      408    8388608 268435456 268435456 32     32     0      0      0      -                      -          -      0       0      0      0       0       0      0        0        0      -      0      0      0      0      0      0      0      0      331    0      0      8      0      0      0      0      0      0      69     0      0      0      0      0      0      0      0      0      8      0      0      0      0      0      0      0      0      0      0      0     
0x2a5f5d5acd70           IMAD.SHL.U32 R24, R30, 0x2, RZ                                           82     0      82     8388608 268435456 268435456 32     32     0      0      0      -                      -          -      0       0      0      0       0       0      0        0        0      -      0      0      0      0      0      0      0      0      1      0      0      0      0      0      0      0      0      0      81     0      0      0      0      0      0      0      0      0      0      0      0      0      0      0      0      0      0      0      0      0     
0x2a5f5d5acd80           ST.E.U16 desc[UR16][R26.64], R33                                         44735  35782  44735  8388608 268435456 268435456 32     32     0      0      0      Shared,Tmem,TmemShared            16     0       1      0      8388608 8388608 0      0        0        0             0      0      0      0      0      0      0      0      19     0      7      44450  0      0      5      0      0      38     61     0      0      0      155    0      0      4      0      6      35661  0      0      5      0      0      0      0      0      0      0      106   
0x2a5f5d5acd90           LDG.E.U16 R31, desc[UR16][R22.64]                                        339    190    339    8388608 268435456 268435456 32     32     0      0      0      Global                 Load       16     8388608 0      0      0       0       0      16777216 16777216 0             0      0      0      0      0      0      0      0      16     0      3      0      0      0      7      0      0      11     85     0      0      0      217    0      0      2      0      3      0      0      0      7      0      0      0      0      0      0      0      178   
0x2a5f5d5acda0           LOP3.LUT R25, R24, 0x70, R25, 0x48, !PT                                  61     0      61     8388608 268435456 268435456 32     32     0      0      0      -                      -          -      0       0      0      0       0       0      0        0        0      -      0      0      0      0      0      0      0      0      0      0      0      0      0      0      0      0      0      0      61     0      0      0      0      0      0      0      0      0      0      0      0      0      0      0      0      0      0      0      0      0     
0x2a5f5d5acdb0           LOP3.LUT R35, R32, 0x3f, RZ, 0xc0, !PT                                   191    62     191    8388608 268435456 268435456 32     32     0      0      0      -                      -          -      0       0      0      0       0       0      0        0        0      -      0      0      0      0      0      0      0      0      15     0      0      0      22     0      0      0      0      20     70     0      0      0      64     0      0      2      0      0      0      11     0      0      0      0      0      0      0      0      0      49    
0x2a5f5d5acdc0           LOP3.LUT R25, R25, 0xe, R24, 0xf8, !PT                                   180    68     180    8388608 268435456 268435456 32     32     0      0      0      -                      -          -      0       0      0      0       0       0      0        0        0      -      0      0      0      0      0      0      0      0      13     0      0      0      10     0      0      0      0      13     69     0      0      0      75     0      0      4      0      0      0      4      0      0      0      0      0      0      0      0      0      60    
0x2a5f5d5acdd0           LEA.HI R37, R32, UR8, RZ, 0x1a                                           209    74     209    8388608 268435456 268435456 32     32     0      0      0      -                      -          -      0       0      0      0       0       0      0        0        0      -      0      0      0      0      0      0      0      0      18     0      0      0      26     0      0      0      0      16     83     0      0      0      66     0      0      3      0      0      0      16     0      0      0      0      0      0      0      0      0      55    
0x2a5f5d5acde0           IMAD R35, R13, 0x40, R35                                                 90     0      90     8388608 268435456 268435456 32     32     0      0      0      -                      -          -      0       0      0      0       0       0      0        0        0      -      0      0      0      0      0      0      0      0      3      0      0      0      0      0      0      0      0      0      87     0      0      0      0      0      0      0      0      0      0      0      0      0      0      0      0      0      0      0      0      0     
0x2a5f5d5acdf0           LOP3.LUT R25, R25, 0x3f80, R24, 0xf8, !PT                                89     0      89     8388608 268435456 268435456 32     32     0      0      0      -                      -          -      0       0      0      0       0       0      0        0        0      -      0      0      0      0      0      0      0      0      12     0      0      0      0      0      0      0      0      0      77     0      0      0      0      0      0      0      0      0      0      0      0      0      0      0      0      0      0      0      0      0     
0x2a5f5d5ace00           IMAD R35, R37, R29, R35                                                  273    110    273    8388608 268435456 268435456 32     32     0      0      0      -                      -          -      0       0      0      0       0       0      0        0        0      -      0      0      0      0      0      0      0      0      0      0      0      0      10     0      0      0      0      18     68     0      0      0      177    0      0      0      0      0      0      1      0      0      0      0      0      0      0      0      0      109   
0x2a5f5d5ace10           IADD3 R24, P1, PT, R25, UR12, RZ                                         89     0      89     8388608 268435456 268435456 32     32     0      0      0      -                      -          -      0       0      0      0       0       0      0        0        0      -      0      0      0      0      0      0      0      0      1      0      0      0      0      0      0      0      0      0      88     0      0      0      0      0      0      0      0      0      0      0      0      0      0      0      0      0      0      0      0      0     
0x2a5f5d5ace20           IMAD.WIDE.U32 R20, R35, 0x2, R20                                         271    121    271    8388608 268435456 268435456 32     32     0      0      0      -                      -          -      0       0      0      0       0       0      0        0        0      -      0      0      0      0      0      0      0      0      6      0      0      0      14     0      0      0      0      11     78     0      0      0      162    0      0      0      0      0      0      1      0      0      0      0      0      0      0      0      0      120   
0x2a5f5d5ace30           IMAD.X R25, RZ, RZ, UR11, P1                                             586    183    586    8388608 268435456 268435456 32     32     0      0      0      -                      -          -      0       0      0      0       0       0      0        0        0      -      0      0      0      0      0      0      0      0      9      0      0      0      23     0      0      0      0      20     73     0      0      0      461    0      0      1      0      0      0      0      0      0      0      0      0      0      0      0      0      182   
0x2a5f5d5ace40           SHF.R.U32.HI R23, RZ, 0x2, R32                                           418    28     418    8388608 268435456 268435456 32     32     0      0      0      -                      -          -      0       0      0      0       0       0      0        0        0      -      0      0      0      0      0      0      0      0      325    0      0      29     0      0      0      0      0      1      63     0      0      0      0      0      0      0      0      0      28     0      0      0      0      0      0      0      0      0      0      0     
0x2a5f5d5ace50           IMAD.SHL.U32 R22, R32, 0x2, RZ                                           55     0      55     8388608 268435456 268435456 32     32     0      0      0      -                      -          -      0       0      0      0       0       0      0        0        0      -      0      0      0      0      0      0      0      0      0      0      0      0      0      0      0      0      0      0      55     0      0      0      0      0      0      0      0      0      0      0      0      0      0      0      0      0      0      0      0      0     
0x2a5f5d5ace60           ST.E.U16 desc[UR16][R24.64], R31                                         39432  31701  39432  8388608 268435456 268435456 32     32     0      0      0      Shared,Tmem,TmemShared            16     0       1      0      8388608 8388608 0      0        0        0             0      0      0      0      0      0      0      0      20     0      7      39155  0      0      4      0      0      40     63     0      0      0      143    0      0      6      0      7      31585  0      0      4      0      0      0      0      0      0      0      99    
0x2a5f5d5ace70           LDG.E.U16 R21, desc[UR16][R20.64]                                        359    210    359    8388608 268435456 268435456 32     32     0      0      0      Global                 Load       16     8388608 0      0      0       0       0      16777216 16777216 0             0      0      0      0      0      0      0      0      8      0      8      0      0      0      0      0      0      19     73     0      0      0      251    0      0      0      0      8      0      0      0      0      0      0      0      0      0      0      0      202   
0x2a5f5d5ace80           LOP3.LUT R23, R22, 0x70, R23, 0x48, !PT                                  74     0      74     8388608 268435456 268435456 32     32     0      0      0      -                      -          -      0       0      0      0       0       0      0        0        0      -      0      0      0      0      0      0      0      0      1      0      0      0      0      0      0      0      0      0      73     0      0      0      0      0      0      0      0      0      0      0      0      0      0      0      0      0      0      0      0      0     
0x2a5f5d5ace90           IMAD R30, R3, 0x4, R30                                                   102    0      102    8388608 268435456 268435456 32     32     0      0      0      -                      -          -      0       0      0      0       0       0      0        0        0      -      0      0      0      0      0      0      0      0      5      0      0      0      0      0      0      0      0      0      97     0      0      0      0      0      0      0      0      0      0      0      0      0      0      0      0      0      0      0      0      0     
0x2a5f5d5acea0           IADD3 R36, PT, PT, R3, R36, R3                                           97     0      97     8388608 268435456 268435456 32     32     0      0      0      -                      -          -      0       0      0      0       0       0      0        0        0      -      0      0      0      0      0      0      0      0      13     0      0      0      0      0      0      0      0      0      84     0      0      0      0      0      0      0      0      0      0      0      0      0      0      0      0      0      0      0      0      0     
0x2a5f5d5aceb0           IMAD R32, R3, 0x4, R32                                                   78     0      78     8388608 268435456 268435456 32     32     0      0      0      -                      -          -      0       0      0      0       0       0      0        0        0      -      0      0      0      0      0      0      0      0      2      0      0      0      0      0      0      0      0      0      76     0      0      0      0      0      0      0      0      0      0      0      0      0      0      0      0      0      0      0      0      0     
0x2a5f5d5acec0           LOP3.LUT R23, R23, 0xe, R22, 0xf8, !PT                                   77     0      77     8388608 268435456 268435456 32     32     0      0      0      -                      -          -      0       0      0      0       0       0      0        0        0      -      0      0      0      0      0      0      0      0      0      0      0      0      0      0      0      0      0      0      77     0      0      0      0      0      0      0      0      0      0      0      0      0      0      0      0      0      0      0      0      0     
0x2a5f5d5aced0           IMAD R34, R3, 0x4, R34                                                   68     0      68     8388608 268435456 268435456 32     32     0      0      0      -                      -          -      0       0      0      0       0       0      0        0        0      -      0      0      0      0      0      0      0      0      0      0      0      0      0      0      0      0      0      0      68     0      0      0      0      0      0      0      0      0      0      0      0      0      0      0      0      0      0      0      0      0     
0x2a5f5d5acee0           IADD3 R36, PT, PT, R3, R36, R3                                           77     0      77     8388608 268435456 268435456 32     32     0      0      0      -                      -          -      0       0      0      0       0       0      0        0        0      -      0      0      0      0      0      0      0      0      0      0      0      0      0      0      0      0      0      0      77     0      0      0      0      0      0      0      0      0      0      0      0      0      0      0      0      0      0      0      0      0     
0x2a5f5d5acef0           LOP3.LUT R23, R23, 0x3f80, R22, 0xf8, !PT                                282    78     282    8388608 268435456 268435456 32     32     0      0      0      -                      -          -      0       0      0      0       0       0      0        0        0      -      0      0      0      0      0      0      0      0      20     0      0      0      53     0      0      0      0      57     78     0      0      0      74     0      0      12     0      0      0      21     0      0      0      0      0      0      0      0      0      45    
0x2a5f5d5acf00           IADD3 R22, P1, PT, R23, UR12, RZ                                         542    286    542    8388608 268435456 268435456 32     32     0      0      0      -                      -          -      0       0      0      0       0       0      0        0        0      -      0      0      0      0      0      0      0      0      25     0      0      0      57     0      0      0      0      55     78     0      0      0      327    0      0      5      0      0      0      27     0      0      0      0      0      0      0      0      0      254   
0x2a5f5d5acf10           IMAD.X R23, RZ, RZ, UR11, P1                                             461    257    461    8388608 268435456 268435456 32     32     0      0      0      -                      -          -      0       0      0      0       0       0      0        0        0      -      0      0      0      0      0      0      0      0      1      0      0      0      20     0      0      0      0      22     92     0      0      0      326    0      0      1      0      0      0      2      0      0      0      0      0      0      0      0      0      254   
0x2a5f5d5acf20           ISETP.GE.U32.AND P1, PT, R36, 0x2000, PT                                 79     0      79     8388608 268435456 268435456 32     32     0      0      0      -                      -          -      0       0      0      0       0       0      0        0        0      -      0      0      0      0      0      0      0      0      18     0      0      0      0      0      0      0      0      0      61     0      0      0      0      0      0      0      0      0      0      0      0      0      0      0      0      0      0      0      0      0     
0x2a5f5d5acf30           ST.E.U16 desc[UR16][R22.64], R21                                         45569  36923  45569  8388608 268435456 268435456 32     32     0      0      0      Shared,Tmem,TmemShared            16     0       1      0      8388608 8388608 0      0        0        0             0      0      0      0      0      0      0      0      16     0      14     45240  0      0      0      0      0      30     75     0      0      0      194    0      0      7      0      14     36743  0      0      0      0      0      0      0      0      0      0      159   
0x2a5f5d5acf40     @!P1  BRA 0x2a5f5d5acb40                                                       714    474    714    8388608 268435456 251658240 32     30     2      2      0      -                      -          -      0       0      0      0       0       0      0        0        0      -      0      0      0      0      0      0      0      0      1      0      0      0      0      0      0      0      0      13     81     0      0      0      619    0      0      0      0      0      0      0      0      0      0      0      0      0      0      0      0      474   
0x2a5f5d5acf50           BSYNC.RECONVERGENT B0                                                    399    246    399    524288  16777216  16777216  32     32     2      0      0      -                      -          -      0       0      0      0       0       0      0        0        0      -      0      0      0      0      0      0      0      1      0      0      0      0      0      0      0      0      0      4      88     0      0      0      306    0      1      0      0      0      0      0      0      0      0      0      0      0      0      0      0      245   
0x2a5f5d5acf60           ISETP.NE.AND P1, PT, R12, 0x2, PT                                        74     52     74     524288  16777216  16777216  32     32     0      0      0      -                      -          -      0       0      0      0       0       0      0        0        0      -      0      0      0      0      0      0      0      42     2      0      0      0      2      0      0      0      0      1      6      0      0      0      21     0      34     2      0      0      0      0      0      0      0      0      0      0      0      0      0      16    
0x2a5f5d5acf70           BSSY.RECONVERGENT B0, 0x2a5f5d5ad0e0                                     3      0      3      524288  16777216  16777216  32     32     0      0      0      -                      -          -      0       0      0      0       0       0      0        0        0      -      0      0      0      0      0      0      0      0      0      0      0      0      0      0      0      0      0      0      3      0      0      0      0      0      0      0      0      0      0      0      0      0      0      0      0      0      0      0      0      0     
0x2a5f5d5acf80           IMAD.MOV.U32 R26, RZ, RZ, R0                                             2      0      2      524288  16777216  16777216  32     32     0      0      0      -                      -          -      0       0      0      0       0       0      0        0        0      -      0      0      0      0      0      0      0      0      0      0      0      0      0      0      0      0      0      0      2      0      0      0      0      0      0      0      0      0      0      0      0      0      0      0      0      0      0      0      0      0     
0x2a5f5d5acf90     @!P1  BRA 0x2a5f5d5ad0d0                                                       59     45     59     524288  16777216  16777216  32     32     0      0      0      -                      -          -      0       0      0      0       0       0      0        0        0      -      0      0      0      0      0      0      0      0      0      0      0      0      0      0      0      0      0      2      4      0      0      0      53     0      0      0      0      0      0      0      0      0      0      0      0      0      0      0      0      45    
0x2a5f5d5acfa0           LDC.64 R20, c[0x0][0x388]                                                28     20     28     0       0         0         0      0      32     32     0      -                      -          -      0       0      0      0       0       0      0        0        0      -      0      0      0      0      0      0      0      0      0      0      0      0      0      0      0      0      0      0      1      0      0      0      27     0      0      0      0      0      0      0      0      0      0      0      0      0      0      0      0      20    
0x2a5f5d5acfb0           IMAD R23, R13, 0x40, R8                                                  0      0      0      0       0         0         0      0      0      32     0      -                      -          -      0       0      0      0       0       0      0        0        0      -      0      0      0      0      0      0      0      0      0      0      0      0      0      0      0      0      0      0      0      0      0      0      0      0      0      0      0      0      0      0      0      0      0      0      0      0      0      0      0      0     
0x2a5f5d5acfc0           IMAD.WIDE.U32 R22, R23, 0x2, R20                                         0      0      0      0       0         0         0      0      0      32     0      -                      -          -      0       0      0      0       0       0      0        0        0      -      0      0      0      0      0      0      0      0      0      0      0      0      0      0      0      0      0      0      0      0      0      0      0      0      0      0      0      0      0      0      0      0      0      0      0      0      0      0      0      0     
0x2a5f5d5acfd0           LDG.E.U16 R23, desc[UR16][R22.64]                                        0      0      0      0       0         0         0      0      0      32     0                                               0       0      0      0       0       0      0        0        0             0      0      0      0      0      0      0      0      0      0      0      0      0      0      0      0      0      0      0      0      0      0      0      0      0      0      0      0      0      0      0      0      0      0      0      0      0      0      0      0     
0x2a5f5d5acfe0           ISETP.NE.AND P1, PT, R12, 0x3, PT                                        0      0      0      0       0         0         0      0      0      32     0      -                      -          -      0       0      0      0       0       0      0        0        0      -      0      0      0      0      0      0      0      0      0      0      0      0      0      0      0      0      0      0      0      0      0      0      0      0      0      0      0      0      0      0      0      0      0      0      0      0      0      0      0      0     
0x2a5f5d5acff0           IMAD.MOV.U32 R26, RZ, RZ, R2                                             0      0      0      0       0         0         0      0      0      32     0      -                      -          -      0       0      0      0       0       0      0        0        0      -      0      0      0      0      0      0      0      0      0      0      0      0      0      0      0      0      0      0      0      0      0      0      0      0      0      0      0      0      0      0      0      0      0      0      0      0      0      0      0      0     
0x2a5f5d5ad000           ST.E.U16 desc[UR16][R14.64+0x4000], R23                                  0      0      0      0       0         0         0      0      0      32     0                                               0       0      0      0       0       0      0        0        0             0      0      0      0      0      0      0      0      0      0      0      0      0      0      0      0      0      0      0      0      0      0      0      0      0      0      0      0      0      0      0      0      0      0      0      0      0      0      0      0     
0x2a5f5d5ad010     @!P1  BRA 0x2a5f5d5ad0d0                                                       0      0      0      0       0         0         0      0      0      32     0      -                      -          -      0       0      0      0       0       0      0        0        0      -      0      0      0      0      0      0      0      0      0      0      0      0      0      0      0      0      0      0      0      0      0      0      0      0      0      0      0      0      0      0      0      0      0      0      0      0      0      0      0      0     
0x2a5f5d5ad020           IMAD R23, R13, 0x40, R5                                                  0      0      0      0       0         0         0      0      0      32     0      -                      -          -      0       0      0      0       0       0      0        0        0      -      0      0      0      0      0      0      0      0      0      0      0      0      0      0      0      0      0      0      0      0      0      0      0      0      0      0      0      0      0      0      0      0      0      0      0      0      0      0      0      0     
0x2a5f5d5ad030           IMAD.WIDE.U32 R22, R23, 0x2, R20                                         0      0      0      0       0         0         0      0      0      32     0      -                      -          -      0       0      0      0       0       0      0        0        0      -      0      0      0      0      0      0      0      0      0      0      0      0      0      0      0      0      0      0      0      0      0      0      0      0      0      0      0      0      0      0      0      0      0      0      0      0      0      0      0      0     
0x2a5f5d5ad040           LDG.E.U16 R23, desc[UR16][R22.64]                                        0      0      0      0       0         0         0      0      0      32     0                                               0       0      0      0       0       0      0        0        0             0      0      0      0      0      0      0      0      0      0      0      0      0      0      0      0      0      0      0      0      0      0      0      0      0      0      0      0      0      0      0      0      0      0      0      0      0      0      0      0     
0x2a5f5d5ad050           ISETP.NE.AND P1, PT, R12, RZ, PT                                         0      0      0      0       0         0         0      0      0      32     0      -                      -          -      0       0      0      0       0       0      0        0        0      -      0      0      0      0      0      0      0      0      0      0      0      0      0      0      0      0      0      0      0      0      0      0      0      0      0      0      0      0      0      0      0      0      0      0      0      0      0      0      0      0     
0x2a5f5d5ad060     @P1   IMAD R25, R13, 0x40, R10                                                 0      0      0      0       0         0         0      0      0      32     0      -                      -          -      0       0      0      0       0       0      0        0        0      -      0      0      0      0      0      0      0      0      0      0      0      0      0      0      0      0      0      0      0      0      0      0      0      0      0      0      0      0      0      0      0      0      0      0      0      0      0      0      0      0     
0x2a5f5d5ad070     @P1   IMAD.WIDE.U32 R20, R25, 0x2, R20                                         0      0      0      0       0         0         0      0      0      32     0      -                      -          -      0       0      0      0       0       0      0        0        0      -      0      0      0      0      0      0      0      0      0      0      0      0      0      0      0      0      0      0      0      0      0      0      0      0      0      0      0      0      0      0      0      0      0      0      0      0      0      0      0      0     
0x2a5f5d5ad080           ST.E.U16 desc[UR16][R16.64+0x4000], R23                                  0      0      0      0       0         0         0      0      0      32     0                                               0       0      0      0       0       0      0        0        0             0      0      0      0      0      0      0      0      0      0      0      0      0      0      0      0      0      0      0      0      0      0      0      0      0      0      0      0      0      0      0      0      0      0      0      0      0      0      0      0     
0x2a5f5d5ad090     @P1   LDG.E.U16 R21, desc[UR16][R20.64]                                        0      0      0      0       0         0         0      0      0      32     0                                               0       0      0      0       0       0      0        0        0             0      0      0      0      0      0      0      0      0      0      0      0      0      0      0      0      0      0      0      0      0      0      0      0      0      0      0      0      0      0      0      0      0      0      0      0      0      0      0      0     
0x2a5f5d5ad0a0           IMAD.MOV.U32 R26, RZ, RZ, R6                                             0      0      0      0       0         0         0      0      0      32     0      -                      -          -      0       0      0      0       0       0      0        0        0      -      0      0      0      0      0      0      0      0      0      0      0      0      0      0      0      0      0      0      0      0      0      0      0      0      0      0      0      0      0      0      0      0      0      0      0      0      0      0      0      0     
0x2a5f5d5ad0b0     @P1   IMAD.MOV.U32 R26, RZ, RZ, R28                                            0      0      0      0       0         0         0      0      0      32     0      -                      -          -      0       0      0      0       0       0      0        0        0      -      0      0      0      0      0      0      0      0      0      0      0      0      0      0      0      0      0      0      0      0      0      0      0      0      0      0      0      0      0      0      0      0      0      0      0      0      0      0      0      0     
0x2a5f5d5ad0c0     @P1   ST.E.U16 desc[UR16][R18.64+0x4000], R21                                  0      0      0      0       0         0         0      0      0      32     0                                               0       0      0      0       0       0      0        0        0             0      0      0      0      0      0      0      0      0      0      0      0      0      0      0      0      0      0      0      0      0      0      0      0      0      0      0      0      0      0      0      0      0      0      0      0      0      0      0      0     
0x2a5f5d5ad0d0           BSYNC.RECONVERGENT B0                                                    28     21     28     524288  16777216  16777216  32     32     32     0      0      -                      -          -      0       0      0      0       0       0      0        0        0      -      0      0      0      0      0      0      0      12     0      0      0      0      0      0      0      0      16     0      0      0      0      0      0      0      9      0      0      0      0      0      0      0      0      12     0      0      0      0      0      0     
0x2a5f5d5ad0e0           BSSY.RECONVERGENT B0, 0x2a5f5d5ad4f0                                     75     51     75     524288  16777216  16777216  32     32     0      0      0      -                      -          -      0       0      0      0       0       0      0        0        0      -      0      0      0      0      0      0      0      38     1      0      0      1      0      0      0      0      0      3      6      0      0      0      26     0      30     0      0      0      1      0      0      0      0      0      0      0      0      0      0      20    
0x2a5f5d5ad0f0           LDC.64 R20, c[0x0][0x388]                                                174    128    174    4194304 134217728 134217728 32     32     0      0      0      -                      -          -      0       0      0      0       0       0      0        0        0      -      0      0      0      0      0      0      0      84     5      0      0      6      0      0      0      0      69     4      6      0      0      0      0      0      62     3      0      0      6      0      0      0      0      57     0      0      0      0      0      0     
0x2a5f5d5ad100           LOP3.LUT R22, R26, 0x3f, RZ, 0xc0, !PT                                   118    52     118    4194304 134217728 134217728 32     32     0      0      0      -                      -          -      0       0      0      0       0       0      0        0        0      -      0      0      0      0      0      0      0      0      7      0      0      0      5      0      0      0      61     9      36     0      0      0      0      0      0      3      0      0      0      1      0      0      0      48     0      0      0      0      0      0     
0x2a5f5d5ad110           LEA.HI R24, R26, UR9, RZ, 0x1a                                           88     36     88     4194304 134217728 134217728 32     32     0      0      0      -                      -          -      0       0      0      0       0       0      0        0        0      -      0      0      0      0      0      0      0      0      3      0      0      0      7      0      0      0      0      4      34     0      0      0      40     0      0      2      0      0      0      4      0      0      0      0      0      0      0      0      0      30    
0x2a5f5d5ad120           IMAD R22, R13, 0x40, R22                                                 116    52     116    4194304 134217728 134217728 32     32     0      0      0      -                      -          -      0       0      0      0       0       0      0        0        0      -      0      0      0      0      0      0      0      0      0      0      0      0      8      0      0      0      0      8      40     0      0      0      60     0      0      0      0      0      0      6      0      0      0      0      0      0      0      0      0      46    
0x2a5f5d5ad130           IMAD R25, R24, R29, R22                                                  171    93     171    4194304 134217728 134217728 32     32     0      0      0      -                      -          -      0       0      0      0       0       0      0        0        0      -      0      0      0      0      0      0      0      0      0      0      0      0      2      0      0      0      0      6      41     0      0      0      122    0      0      0      0      0      0      0      0      0      0      0      0      0      0      0      0      93    
0x2a5f5d5ad140           IMAD.WIDE.U32 R24, R25, 0x2, R20                                         465    338    465    4194304 134217728 134217728 32     32     0      0      0      -                      -          -      0       0      0      0       0       0      0        0        0      -      0      0      0      0      0      0      0      0      1      0      0      0      10     0      0      0      0      9      42     288    0      0      115    0      0      1      0      0      0      4      0      0      0      0      0      0      248    0      0      85    
0x2a5f5d5ad150           LDG.E.U16 R27, desc[UR16][R24.64]                                        305    220    305    4194304 134217728 134217728 32     32     0      0      0      Global                 Load       16     4194304 0      0      0       0       0      8388608  8388608  0             0      0      0      0      0      0      0      0      79     0      9      0      0      0      3      0      0      8      29     0      0      0      177    0      0      62     0      9      0      0      0      3      0      0      0      0      0      0      0      146   
0x2a5f5d5ad160           IMAD.SHL.U32 R22, R26, 0x2, RZ                                           25     0      25     4194304 134217728 134217728 32     32     0      0      0      -                      -          -      0       0      0      0       0       0      0        0        0      -      0      0      0      0      0      0      0      0      0      0      0      0      0      0      0      0      0      0      25     0      0      0      0      0      0      0      0      0      0      0      0      0      0      0      0      0      0      0      0      0     
0x2a5f5d5ad170           SHF.R.U32.HI R23, RZ, 0x2, R26                                           39     0      39     4194304 134217728 134217728 32     32     0      0      0      -                      -          -      0       0      0      0       0       0      0        0        0      -      0      0      0      0      0      0      0      0      1      0      0      0      0      0      0      0      0      0      38     0      0      0      0      0      0      0      0      0      0      0      0      0      0      0      0      0      0      0      0      0     
0x2a5f5d5ad180           IMAD.IADD R26, R3, 0x1, R26                                              50     0      50     4194304 134217728 134217728 32     32     0      0      0      -                      -          -      0       0      0      0       0       0      0        0        0      -      0      0      0      0      0      0      0      0      1      0      0      0      0      0      0      0      0      0      49     0      0      0      0      0      0      0      0      0      0      0      0      0      0      0      0      0      0      0      0      0     
0x2a5f5d5ad190           LOP3.LUT R23, R22, 0x70, R23, 0x48, !PT                                  134    58     134    4194304 134217728 134217728 32     32     0      0      0      -                      -          -      0       0      0      0       0       0      0        0        0      -      0      0      0      0      0      0      0      0      4      0      0      0      10     0      0      0      0      24     32     0      0      0      64     0      0      1      0      0      0      6      0      0      0      0      0      0      0      0      0      51    
0x2a5f5d5ad1a0           LOP3.LUT R30, R26, 0x3f, RZ, 0xc0, !PT                                   98     39     98     4194304 134217728 134217728 32     32     0      0      0      -                      -          -      0       0      0      0       0       0      0        0        0      -      0      0      0      0      0      0      0      0      4      0      0      0      5      0      0      0      0      7      36     0      0      0      46     0      0      1      0      0      0      4      0      0      0      0      0      0      0      0      0      34    
0x2a5f5d5ad1b0           LOP3.LUT R23, R23, 0xe, R22, 0xf8, !PT                                   99     31     99     4194304 134217728 134217728 32     32     0      0      0      -                      -          -      0       0      0      0       0       0      0        0        0      -      0      0      0      0      0      0      0      0      17     0      0      0      3      0      0      0      0      1      44     0      0      0      34     0      0      7      0      0      0      1      0      0      0      0      0      0      0      0      0      23    
0x2a5f5d5ad1c0           LEA.HI R32, R26, UR9, RZ, 0x1a                                           93     27     93     4194304 134217728 134217728 32     32     0      0      0      -                      -          -      0       0      0      0       0       0      0        0        0      -      0      0      0      0      0      0      0      0      7      0      0      0      5      0      0      0      0      5      43     0      0      0      33     0      0      2      0      0      0      3      0      0      0      0      0      0      0      0      0      22    
0x2a5f5d5ad1d0           IMAD R30, R13, 0x40, R30                                                 37     0      37     4194304 134217728 134217728 32     32     0      0      0      -                      -          -      0       0      0      0       0       0      0        0        0      -      0      0      0      0      0      0      0      0      0      0      0      0      0      0      0      0      0      0      37     0      0      0      0      0      0      0      0      0      0      0      0      0      0      0      0      0      0      0      0      0     
0x2a5f5d5ad1e0           LOP3.LUT R23, R23, 0x1f80, R22, 0xf8, !PT                                42     0      42     4194304 134217728 134217728 32     32     0      0      0      -                      -          -      0       0      0      0       0       0      0        0        0      -      0      0      0      0      0      0      0      0      12     0      0      0      0      0      0      0      0      0      30     0      0      0      0      0      0      0      0      0      0      0      0      0      0      0      0      0      0      0      0      0     
0x2a5f5d5ad1f0           IMAD R25, R32, R29, R30                                                  127    60     127    4194304 134217728 134217728 32     32     0      0      0      -                      -          -      0       0      0      0       0       0      0        0        0      -      0      0      0      0      0      0      0      0      0      0      0      11     8      0      0      0      0      4      39     0      0      0      65     0      0      0      0      0      10     2      0      0      0      0      0      0      0      0      0      48    
0x2a5f5d5ad200           IADD3 R22, P1, PT, R23, UR12, RZ                                         26     0      26     4194304 134217728 134217728 32     32     0      0      0      -                      -          -      0       0      0      0       0       0      0        0        0      -      0      0      0      0      0      0      0      0      0      0      0      0      0      0      0      0      0      0      26     0      0      0      0      0      0      0      0      0      0      0      0      0      0      0      0      0      0      0      0      0     
0x2a5f5d5ad210           IMAD.WIDE.U32 R24, R25, 0x2, R20                                         135    73     135    4194304 134217728 134217728 32     32     0      0      0      -                      -          -      0       0      0      0       0       0      0        0        0      -      0      0      0      0      0      0      0      0      4      0      0      0      4      0      0      0      0      4      36     0      0      0      87     0      0      1      0      0      0      1      0      0      0      0      0      0      0      0      0      71    
0x2a5f5d5ad220           IMAD.X R23, RZ, RZ, UR11, P1                                             282    100    282    4194304 134217728 134217728 32     32     0      0      0      -                      -          -      0       0      0      0       0       0      0        0        0      -      0      0      0      0      0      0      0      0      9      0      0      0      23     0      0      0      0      4      31     0      0      0      215    0      0      1      0      0      0      0      0      0      0      0      0      0      0      0      0      99    
0x2a5f5d5ad230           ST.E.U16 desc[UR16][R22.64+0x4000], R27                                  20234  16287  20234  4194304 134217728 134217728 32     32     0      0      0      Shared,Tmem,TmemShared            16     0       1      0      4194304 4194304 0      0        0        0             0      0      0      0      0      0      0      0      1      0      18     19851  0      0      0      0      0      12     41     0      0      0      311    0      0      1      0      17     16151  0      0      0      0      0      0      0      0      0      0      118   
0x2a5f5d5ad240           LDG.E.U16 R31, desc[UR16][R24.64]                                        185    121    185    4194304 134217728 134217728 32     32     0      0      0      Global                 Load       16     4194304 0      0      0       0       0      8388608  8388608  0             0      0      0      0      0      0      0      0      2      0      8      0      0      0      0      0      0      9      34     0      0      0      132    0      0      1      0      8      0      0      0      0      0      0      0      0      0      0      0      112   
0x2a5f5d5ad250           IMAD.SHL.U32 R30, R26, 0x2, RZ                                           40     0      40     4194304 134217728 134217728 32     32     0      0      0      -                      -          -      0       0      0      0       0       0      0        0        0      -      0      0      0      0      0      0      0      0      1      0      0      0      0      0      0      0      0      0      39     0      0      0      0      0      0      0      0      0      0      0      0      0      0      0      0      0      0      0      0      0     
0x2a5f5d5ad260           SHF.R.U32.HI R33, RZ, 0x2, R26                                           38     0      38     4194304 134217728 134217728 32     32     0      0      0      -                      -          -      0       0      0      0       0       0      0        0        0      -      0      0      0      0      0      0      0      0      5      0      0      0      0      0      0      0      0      0      33     0      0      0      0      0      0      0      0      0      0      0      0      0      0      0      0      0      0      0      0      0     
0x2a5f5d5ad270           IMAD.IADD R26, R26, 0x1, R3                                              44     0      44     4194304 134217728 134217728 32     32     0      0      0      -                      -          -      0       0      0      0       0       0      0        0        0      -      0      0      0      0      0      0      0      0      6      0      0      0      0      0      0      0      0      0      38     0      0      0      0      0      0      0      0      0      0      0      0      0      0      0      0      0      0      0      0      0     
0x2a5f5d5ad280           LOP3.LUT R33, R30, 0x70, R33, 0x48, !PT                                  152    75     152    4194304 134217728 134217728 32     32     0      0      0      -                      -          -      0       0      0      0       0       0      0        0        0      -      0      0      0      0      0      0      0      0      3      0      0      0      22     0      0      0      0      18     29     0      0      0      80     0      0      1      0      0      0      10     0      0      0      0      0      0      0      0      0      64    
0x2a5f5d5ad290           LOP3.LUT R32, R26, 0x3f, RZ, 0xc0, !PT                                   103    51     103    4194304 134217728 134217728 32     32     0      0      0      -                      -          -      0       0      0      0       0       0      0        0        0      -      0      0      0      0      0      0      0      0      2      0      0      0      10     0      0      0      0      9      31     0      0      0      51     0      0      2      0      0      0      8      0      0      0      0      0      0      0      0      0      41    
0x2a5f5d5ad2a0           LOP3.LUT R33, R33, 0xe, R30, 0xf8, !PT                                   88     28     88     4194304 134217728 134217728 32     32     0      0      0      -                      -          -      0       0      0      0       0       0      0        0        0      -      0      0      0      0      0      0      0      0      6      0      0      0      5      0      0      0      0      3      38     0      0      0      36     0      0      1      0      0      0      1      0      0      0      0      0      0      0      0      0      26    
0x2a5f5d5ad2b0           IMAD R32, R13, 0x40, R32                                                 163    66     163    4194304 134217728 134217728 32     32     0      0      0      -                      -          -      0       0      0      0       0       0      0        0        0      -      0      0      0      0      0      0      0      0      0      0      0      0      16     0      0      0      0      13     38     0      0      0      96     0      0      0      0      0      0      3      0      0      0      0      0      0      0      0      0      63    
0x2a5f5d5ad2c0           LOP3.LUT R33, R33, 0x1f80, R30, 0xf8, !PT                                43     0      43     4194304 134217728 134217728 32     32     0      0      0      -                      -          -      0       0      0      0       0       0      0        0        0      -      0      0      0      0      0      0      0      0      5      0      0      0      0      0      0      0      0      0      38     0      0      0      0      0      0      0      0      0      0      0      0      0      0      0      0      0      0      0      0      0     
0x2a5f5d5ad2d0           LEA.HI R30, R26, UR9, RZ, 0x1a                                           85     47     85     4194304 134217728 134217728 32     32     0      0      0      -                      -          -      0       0      0      0       0       0      0        0        0      -      0      0      0      0      0      0      0      0      22     0      0      0      1      0      0      0      0      2      29     0      0      0      31     0      0      18     0      0      0      1      0      0      0      0      0      0      0      0      0      28    
0x2a5f5d5ad2e0           IADD3 R22, P1, PT, R33, UR12, RZ                                         114    64     114    4194304 134217728 134217728 32     32     0      0      0      -                      -          -      0       0      0      0       0       0      0        0        0      -      0      0      0      0      0      0      0      0      1      0      0      26     2      0      0      0      0      3      45     0      0      0      37     0      0      1      0      0      26     1      0      0      0      0      0      0      0      0      0      36    
0x2a5f5d5ad2f0           IMAD R25, R30, R29, R32                                                  135    67     135    4194304 134217728 134217728 32     32     0      0      0      -                      -          -      0       0      0      0       0       0      0        0        0      -      0      0      0      0      0      0      0      0      0      0      0      5      6      0      0      0      0      7      43     0      0      0      74     0      0      0      0      0      5      3      0      0      0      0      0      0      0      0      0      59    
0x2a5f5d5ad300           IMAD.X R23, RZ, RZ, UR11, P1                                             82     31     82     4194304 134217728 134217728 32     32     0      0      0      -                      -          -      0       0      0      0       0       0      0        0        0      -      0      0      0      0      0      0      0      0      0      0      0      0      0      0      0      0      0      2      38     0      0      0      42     0      0      0      0      0      0      0      0      0      0      0      0      0      0      0      0      31    
0x2a5f5d5ad310           IMAD.WIDE.U32 R24, R25, 0x2, R20                                         79     23     79     4194304 134217728 134217728 32     32     0      0      0      -                      -          -      0       0      0      0       0       0      0        0        0      -      0      0      0      0      0      0      0      0      0      0      0      0      3      0      0      0      0      4      38     0      0      0      34     0      0      0      0      0      0      2      0      0      0      0      0      0      0      0      0      21    
0x2a5f5d5ad320           SHF.R.U32.HI R33, RZ, 0x2, R26                                           45     0      45     4194304 134217728 134217728 32     32     0      0      0      -                      -          -      0       0      0      0       0       0      0        0        0      -      0      0      0      0      0      0      0      0      2      0      0      0      0      0      0      0      0      0      43     0      0      0      0      0      0      0      0      0      0      0      0      0      0      0      0      0      0      0      0      0     
0x2a5f5d5ad330           ST.E.U16 desc[UR16][R22.64+0x4000], R31                                  22655  18902  22655  4194304 134217728 134217728 32     32     0      0      0      Shared,Tmem,TmemShared            16     0       1      0      4194304 4194304 0      0        0        0             0      0      0      0      0      0      0      0      6      0      29     22535  0      0      2      0      0      8      45     0      0      0      30     0      0      4      0      29     18848  0      0      2      0      0      0      0      0      0      0      19    
0x2a5f5d5ad340           LDG.E.U16 R27, desc[UR16][R24.64]                                        197    122    197    4194304 134217728 134217728 32     32     0      0      0      Global                 Load       16     4194304 0      0      0       0       0      8388608  8388608  0             0      0      0      0      0      0      0      0      6      0      11     0      0      0      2      0      0      5      47     0      0      0      126    0      0      4      0      11     0      0      0      2      0      0      0      0      0      0      0      105   
0x2a5f5d5ad350           IMAD.SHL.U32 R30, R26, 0x2, RZ                                           28     0      28     4194304 134217728 134217728 32     32     0      0      0      -                      -          -      0       0      0      0       0       0      0        0        0      -      0      0      0      0      0      0      0      0      0      0      0      0      0      0      0      0      0      0      28     0      0      0      0      0      0      0      0      0      0      0      0      0      0      0      0      0      0      0      0      0     
0x2a5f5d5ad360           IMAD.IADD R26, R26, 0x1, R3                                              101    27     101    4194304 134217728 134217728 32     32     0      0      0      -                      -          -      0       0      0      0       0       0      0        0        0      -      0      0      0      0      0      0      0      0      1      0      0      0      14     0      0      0      0      14     41     0      0      0      31     0      0      1      0      0      0      6      0      0      0      0      0      0      0      0      0      20    
0x2a5f5d5ad370           LOP3.LUT R33, R30, 0x70, R33, 0x48, !PT                                  176    83     176    4194304 134217728 134217728 32     32     0      0      0      -                      -          -      0       0      0      0       0       0      0        0        0      -      0      0      0      0      0      0      0      0      5      0      0      0      17     0      0      0      0      20     43     0      0      0      91     0      0      3      0      0      0      8      0      0      0      0      0      0      0      0      0      72    
0x2a5f5d5ad380           LOP3.LUT R32, R26, 0x3f, RZ, 0xc0, !PT                                   98     37     98     4194304 134217728 134217728 32     32     0      0      0      -                      -          -      0       0      0      0       0       0      0        0        0      -      0      0      0      0      0      0      0      0      3      0      0      0      8      0      0      0      0      13     35     0      0      0      39     0      0      0      0      0      0      6      0      0      0      0      0      0      0      0      0      31    
0x2a5f5d5ad390           LOP3.LUT R33, R33, 0xe, R30, 0xf8, !PT                                   82     32     82     4194304 134217728 134217728 32     32     0      0      0      -                      -          -      0       0      0      0       0       0      0        0        0      -      0      0      0      0      0      0      0      0      4      0      0      0      3      0      0      0      0      5      31     0      0      0      39     0      0      0      0      0      0      3      0      0      0      0      0      0      0      0      0      29    
0x2a5f5d5ad3a0           IMAD R32, R13, 0x40, R32                                                 160    63     160    4194304 134217728 134217728 32     32     0      0      0      -                      -          -      0       0      0      0       0       0      0        0        0      -      0      0      0      0      0      0      0      0      1      0      0      0      9      0      0      0      0      8      41     0      0      0      101    0      0      1      0      0      0      4      0      0      0      0      0      0      0      0      0      58    
0x2a5f5d5ad3b0           LOP3.LUT R33, R33, 0x1f80, R30, 0xf8, !PT                                32     0      32     4194304 134217728 134217728 32     32     0      0      0      -                      -          -      0       0      0      0       0       0      0        0        0      -      0      0      0      0      0      0      0      0      2      0      0      0      0      0      0      0      0      0      30     0      0      0      0      0      0      0      0      0      0      0      0      0      0      0      0      0      0      0      0      0     
0x2a5f5d5ad3c0           LEA.HI R30, R26, UR9, RZ, 0x1a                                           108    55     108    4194304 134217728 134217728 32     32     0      0      0      -                      -          -      0       0      0      0       0       0      0        0        0      -      0      0      0      0      0      0      0      0      12     0      0      0      2      0      0      0      0      3      40     0      0      0      51     0      0      11     0      0      0      0      0      0      0      0      0      0      0      0      0      44    
0x2a5f5d5ad3d0           IADD3 R22, P1, PT, R33, UR12, RZ                                         113    65     113    4194304 134217728 134217728 32     32     0      0      0      -                      -          -      0       0      0      0       0       0      0        0        0      -      0      0      0      0      0      0      0      0      1      0      0      21     4      0      0      0      0      2      42     0      0      0      43     0      0      1      0      0      21     2      0      0      0      0      0      0      0      0      0      41    
0x2a5f5d5ad3e0           IMAD R25, R30, R29, R32                                                  124    63     124    4194304 134217728 134217728 32     32     0      0      0      -                      -          -      0       0      0      0       0       0      0        0        0      -      0      0      0      0      0      0      0      0      0      0      0      3      3      0      0      0      0      2      45     0      0      0      71     0      0      0      0      0      3      1      0      0      0      0      0      0      0      0      0      59    
0x2a5f5d5ad3f0           IMAD.X R23, RZ, RZ, UR11, P1                                             89     44     89     4194304 134217728 134217728 32     32     0      0      0      -                      -          -      0       0      0      0       0       0      0        0        0      -      0      0      0      0      0      0      0      0      0      0      0      0      1      0      0      0      0      0      32     0      0      0      56     0      0      0      0      0      0      0      0      0      0      0      0      0      0      0      0      44    
0x2a5f5d5ad400           IMAD.WIDE.U32 R20, R25, 0x2, R20                                         82     30     82     4194304 134217728 134217728 32     32     0      0      0      -                      -          -      0       0      0      0       0       0      0        0        0      -      0      0      0      0      0      0      0      0      0      0      0      0      2      0      0      0      0      2      41     0      0      0      37     0      0      0      0      0      0      0      0      0      0      0      0      0      0      0      0      30    
0x2a5f5d5ad410           ST.E.U16 desc[UR16][R22.64+0x4000], R27                                  20655  17261  20655  4194304 134217728 134217728 32     32     0      0      0      Shared,Tmem,TmemShared            16     0       1      0      4194304 4194304 0      0        0        0             0      0      0      0      0      0      0      0      3      0      58     20474  0      0      7      0      0      10     31     0      0      0      72     0      0      0      0      58     17136  0      0      7      0      0      0      0      0      0      0      60    
0x2a5f5d5ad420           LDG.E.U16 R21, desc[UR16][R20.64]                                        198    122    198    4194304 134217728 134217728 32     32     0      0      0      Global                 Load       16     4194304 0      0      0       0       0      8388608  8388608  0             0      0      0      0      0      0      0      0      3      0      27     0      0      0      1      0      0      11     33     0      0      0      123    0      0      2      0      26     0      0      0      1      0      0      0      0      0      0      0      93    
0x2a5f5d5ad430           IMAD.SHL.U32 R24, R26, 0x2, RZ                                           35     0      35     4194304 134217728 134217728 32     32     0      0      0      -                      -          -      0       0      0      0       0       0      0        0        0      -      0      0      0      0      0      0      0      0      0      0      0      0      0      0      0      0      0      0      35     0      0      0      0      0      0      0      0      0      0      0      0      0      0      0      0      0      0      0      0      0     
0x2a5f5d5ad440           SHF.R.U32.HI R25, RZ, 0x2, R26                                           44     0      44     4194304 134217728 134217728 32     32     0      0      0      -                      -          -      0       0      0      0       0       0      0        0        0      -      0      0      0      0      0      0      0      0      4      0      0      0      0      0      0      0      0      0      40     0      0      0      0      0      0      0      0      0      0      0      0      0      0      0      0      0      0      0      0      0     
0x2a5f5d5ad450           IMAD.IADD R26, R26, 0x1, R3                                              44     0      44     4194304 134217728 134217728 32     32     0      0      0      -                      -          -      0       0      0      0       0       0      0        0        0      -      0      0      0      0      0      0      0      0      1      0      0      0      0      0      0      0      0      0      43     0      0      0      0      0      0      0      0      0      0      0      0      0      0      0      0      0      0      0      0      0     
0x2a5f5d5ad460           LOP3.LUT R25, R24, 0x70, R25, 0x48, !PT                                  139    70     139    4194304 134217728 134217728 32     32     0      0      0      -                      -          -      0       0      0      0       0       0      0        0        0      -      0      0      0      0      0      0      0      0      0      0      0      0      11     0      0      0      0      8      45     0      0      0      75     0      0      0      0      0      0      8      0      0      0      0      0      0      0      0      0      62    
0x2a5f5d5ad470           LOP3.LUT R25, R25, 0xe, R24, 0xf8, !PT                                   202    98     202    4194304 134217728 134217728 32     32     0      0      0      -                      -          -      0       0      0      0       0       0      0        0        0      -      0      0      0      0      0      0      0      0      4      0      0      0      9      0      0      0      0      16     55     0      0      0      118    0      0      2      0      0      0      6      0      0      0      0      0      0      0      0      0      90    
0x2a5f5d5ad480           LOP3.LUT R25, R25, 0x1f80, R24, 0xf8, !PT                                209    114    209    4194304 134217728 134217728 32     32     0      0      0      -                      -          -      0       0      0      0       0       0      0        0        0      -      0      0      0      0      0      0      0      0      6      0      0      0      9      0      0      0      0      11     41     0      0      0      142    0      0      5      0      0      0      6      0      0      0      0      0      0      0      0      0      103   
0x2a5f5d5ad490           IADD3 R24, P1, PT, R25, UR12, RZ                                         199    115    199    4194304 134217728 134217728 32     32     0      0      0      -                      -          -      0       0      0      0       0       0      0        0        0      -      0      0      0      0      0      0      0      0      4      0      0      0      8      0      0      0      0      11     45     0      0      0      131    0      0      1      0      0      0      4      0      0      0      0      0      0      0      0      0      110   
0x2a5f5d5ad4a0           IMAD.X R25, RZ, RZ, UR11, P1                                             234    149    234    4194304 134217728 134217728 32     32     0      0      0      -                      -          -      0       0      0      0       0       0      0        0        0      -      0      0      0      0      0      0      0      0      1      0      0      0      4      0      0      0      0      6      46     0      0      0      177    0      0      1      0      0      0      1      0      0      0      0      0      0      0      0      0      147   
0x2a5f5d5ad4b0           ISETP.GE.U32.AND P1, PT, R26, 0x1000, PT                                 48     0      48     4194304 134217728 134217728 32     32     0      0      0      -                      -          -      0       0      0      0       0       0      0        0        0      -      0      0      0      0      0      0      0      0      6      0      0      0      0      0      0      0      0      0      42     0      0      0      0      0      0      0      0      0      0      0      0      0      0      0      0      0      0      0      0      0     
0x2a5f5d5ad4c0           ST.E.U16 desc[UR16][R24.64+0x4000], R21                                  23990  19931  23990  4194304 134217728 134217728 32     32     0      0      0      Shared,Tmem,TmemShared            16     0       1      0      4194304 4194304 0      0        0        0             0      0      0      0      0      0      0      0      3      0      74     23738  0      0      13     0      0      13     29     0      0      0      120    0      0      0      0      73     19741  0      0      13     0      0      0      0      0      0      0      104   
0x2a5f5d5ad4d0     @!P1  BRA 0x2a5f5d5ad0f0                                                       347    242    347    4194304 134217728 117440512 32     28     4      4      0      -                      -          -      0       0      0      0       0       0      0        0        0      -      0      0      0      0      0      0      0      0      1      0      0      0      0      0      0      0      0      5      33     0      0      0      308    0      0      1      0      0      0      0      0      0      0      0      0      0      0      0      0      241   
0x2a5f5d5ad4e0           BSYNC.RECONVERGENT B0                                                    215    133    215    524288  16777216  16777216  32     32     4      0      0      -                      -          -      0       0      0      0       0       0      0        0        0      -      0      0      0      0      0      0      0      4      0      0      0      0      0      0      0      0      0      1      47     0      0      0      163    0      4      0      0      0      0      0      0      0      0      0      0      0      0      0      0      129   
0x2a5f5d5ad4f0           MEMBAR.ALL.CTA                                                           112    88     112    524288  16777216  16777216  32     32     0      0      0      -                      -          -      0       0      0      0       0       0      0        0        0      -      0      0      0      0      0      0      0      39     0      0      38     0      0      0      7      0      0      1      4      0      0      0      23     0      29     0      0      37     0      0      0      7      0      0      0      0      0      0      0      15    
0x2a5f5d5ad500           FENCE.VIEW.ASYNC.S                                                       135    126    135    524288  16777216  16777216  32     32     0      0      0      -                      -          -      0       0      0      0       0       0      0        0        0      -      0      0      0      0      0      0      0      0      0      0      49     55     0      0      4      0      0      0      5      0      0      0      22     0      0      0      0      49     54     0      0      4      0      0      0      0      0      0      0      19    
0x2a5f5d5ad510           BAR.SYNC.DEFER_BLOCKING 0x0                                              189    151    189    524288  16777216  16777216  32     32     0      0      0      -                      -          -      0       0      0      0       0       0      0        0        0      -      0      0      0      0      0      0      0      0      1      0      0      177    0      0      0      0      0      3      4      0      0      0      4      0      0      0      0      0      147    0      0      0      0      0      0      0      0      0      0      4     
0x2a5f5d5ad520           ISETP.NE.AND P1, PT, R0, RZ, PT                                          8      0      8      524288  16777216  16777216  32     32     0      0      0      -                      -          -      0       0      0      0       0       0      0        0        0      -      0      0      0      0      0      0      0      0      0      0      0      0      0      0      0      0      0      0      8      0      0      0      0      0      0      0      0      0      0      0      0      0      0      0      0      0      0      0      0      0     
0x2a5f5d5ad530           BSSY.RECONVERGENT B0, 0x2a5f5d5adb10                                     2513   2096   2513   524288  16777216  16777216  32     32     0      0      0      -                      -          -      0       0      0      0       0       0      0        0        0      -      0      0      0      0      0      0      2489   0      0      0      0      0      0      0      0      0      0      1      0      0      0      0      23     2080   0      0      0      0      0      0      0      0      0      0      0      0      0      0      0      16    
0x2a5f5d5ad540           NOP                                                                      4      0      4      524288  16777216  16777216  32     32     0      0      0      -                      -          -      0       0      0      0       0       0      0        0        0      -      0      0      0      0      0      0      0      0      0      0      0      0      0      0      0      0      0      0      4      0      0      0      0      0      0      0      0      0      0      0      0      0      0      0      0      0      0      0      0      0     
0x2a5f5d5ad550     @P1   BRA 0x2a5f5d5adb00                                                       30     17     30     524288  16777216  16646144  32     31     1      1      131072 -                      -          -      0       0      0      0       0       0      0        0        0      -      0      0      0      0      0      0      0      0      0      0      0      0      0      0      0      0      0      0      4      0      0      0      26     0      0      0      0      0      0      0      0      0      0      0      0      0      0      0      0      17    
0x2a5f5d5ad560           IMAD.SHL.U32 R20, R13, 0x4, RZ                                           33     23     33     131072  131072    131072    1      1      30     31     0      -                      -          -      0       0      0      0       0       0      0        0        0      -      0      0      0      0      0      0      0      1      0      0      0      0      0      0      0      0      0      1      6      0      0      0      25     0      1      0      0      0      0      0      0      0      0      0      0      0      0      0      0      22    
0x2a5f5d5ad570           UMOV UR4, UR12                                                           2      0      2      131072  131072    131072    1      1      0      31     0      -                      -          -      0       0      0      0       0       0      0        0        0      -      0      0      0      0      0      0      0      0      0      0      0      0      0      0      0      0      0      0      2      0      0      0      0      0      0      0      0      0      0      0      0      0      0      0      0      0      0      0      0      0     
0x2a5f5d5ad580           UMOV UR5, UR11                                                           1      0      1      131072  131072    131072    1      1      0      31     0      -                      -          -      0       0      0      0       0       0      0        0        0      -      0      0      0      0      0      0      0      0      0      0      0      0      0      0      0      0      0      0      1      0      0      0      0      0      0      0      0      0      0      0      0      0      0      0      0      0      0      0      0      0     
0x2a5f5d5ad590           PLOP3.LUT P1, PT, PT, PT, PT, 0x80, 0x8                                  2      0      2      131072  131072    131072    1      1      0      31     0      -                      -          -      0       0      0      0       0       0      0        0        0      -      0      0      0      0      0      0      0      0      0      0      0      0      0      0      0      0      0      0      2      0      0      0      0      0      0      0      0      0      0      0      0      0      0      0      0      0      0      0      0      0     
0x2a5f5d5ad5a0           UMOV UR4, UR4                                                            2      0      2      131072  131072    131072    1      1      0      31     0      -                      -          -      0       0      0      0       0       0      0        0        0      -      0      0      0      0      0      0      0      0      0      0      0      0      0      0      0      0      0      0      2      0      0      0      0      0      0      0      0      0      0      0      0      0      0      0      0      0      0      0      0      0     
0x2a5f5d5ad5b0           R2UR UR22, R20                                                           0      0      0      131072  131072    131072    1      1      0      31     0      -                      -          -      0       0      0      0       0       0      0        0        0      -      0      0      0      0      0      0      0      0      0      0      0      0      0      0      0      0      0      0      0      0      0      0      0      0      0      0      0      0      0      0      0      0      0      0      0      0      0      0      0      0     
0x2a5f5d5ad5c0           USHF.R.U32.HI UR5, URZ, 0x4, UR4                                         1      0      1      131072  131072    131072    1      1      0      31     0      -                      -          -      0       0      0      0       0       0      0        0        0      -      0      0      0      0      0      0      0      0      0      0      0      0      0      0      0      0      0      0      1      0      0      0      0      0      0      0      0      0      0      0      0      0      0      0      0      0      0      0      0      0     
0x2a5f5d5ad5d0           UIADD3 UR7, UPT, UPT, UR4, 0x20, URZ                                     1      1      1      131072  131072    131072    1      1      0      31     0      -                      -          -      0       0      0      0       0       0      0        0        0      -      0      0      0      0      0      0      0      0      0      0      0      0      0      0      0      0      0      0      0      0      0      0      1      0      0      0      0      0      0      0      0      0      0      0      0      0      0      0      0      1     
0x2a5f5d5ad5e0           UIADD3 UR13, UPT, UPT, UR4, 0x4020, URZ                                  2      2      2      131072  131072    131072    1      1      0      31     0      -                      -          -      0       0      0      0       0       0      0        0        0      -      0      0      0      0      0      0      0      0      0      0      0      0      0      0      0      0      0      0      0      0      0      0      2      0      0      0      0      0      0      0      0      0      0      0      0      0      0      0      0      2     
0x2a5f5d5ad5f0           UIADD3 UR6, UPT, UPT, UR4, 0x4000, URZ                                   3      1      3      131072  131072    131072    1      1      0      31     0      -                      -          -      0       0      0      0       0       0      0        0        0      -      0      0      0      0      0      0      0      0      0      0      0      0      0      0      0      0      0      0      2      0      0      0      1      0      0      0      0      0      0      0      0      0      0      0      0      0      0      0      0      1     
0x2a5f5d5ad600           UIADD3 UR14, UPT, UPT, UR4, 0x40, URZ                                    2      0      2      131072  131072    131072    1      1      0      31     0      -                      -          -      0       0      0      0       0       0      0        0        0      -      0      0      0      0      0      0      0      0      0      0      0      0      0      0      0      0      0      0      2      0      0      0      0      0      0      0      0      0      0      0      0      0      0      0      0      0      0      0      0      0     
0x2a5f5d5ad610           UIADD3 UR18, UPT, UPT, UR4, 0x4040, URZ                                  5      4      5      131072  131072    131072    1      1      0      31     0      -                      -          -      0       0      0      0       0       0      0        0        0      -      0      0      0      0      0      0      0      0      0      0      0      0      0      0      0      0      0      0      1      0      0      0      4      0      0      0      0      0      0      0      0      0      0      0      0      0      0      0      0      4     
0x2a5f5d5ad620           UIADD3 UR19, UPT, UPT, UR4, 0x60, URZ                                    2      1      2      131072  131072    131072    1      1      0      31     0      -                      -          -      0       0      0      0       0       0      0        0        0      -      0      0      0      0      0      0      0      0      1      0      0      0      0      0      0      0      0      0      0      0      0      0      1      0      0      1      0      0      0      0      0      0      0      0      0      0      0      0      0      0     
0x2a5f5d5ad630           UIADD3 UR20, UPT, UPT, UR4, 0x4060, URZ                                  3      2      3      131072  131072    131072    1      1      0      31     0      -                      -          -      0       0      0      0       0       0      0        0        0      -      0      0      0      0      0      0      0      0      0      0      0      0      0      0      0      0      0      0      1      0      0      0      2      0      0      0      0      0      0      0      0      0      0      0      0      0      0      0      0      2     
0x2a5f5d5ad640           ULOP3.LUT UR4, UR5, 0x3fff, URZ, 0xc0, !UPT                              4      1      4      131072  131072    131072    1      1      0      31     0      -                      -          -      0       0      0      0       0       0      0        0        0      -      0      0      0      0      0      0      0      0      0      0      0      0      0      0      0      0      0      0      3      0      0      0      1      0      0      0      0      0      0      0      0      0      0      0      0      0      0      0      0      1     
0x2a5f5d5ad650           USHF.R.U32.HI UR7, URZ, 0x4, UR7                                         1      0      1      131072  131072    131072    1      1      0      31     0      -                      -          -      0       0      0      0       0       0      0        0        0      -      0      0      0      0      0      0      0      0      0      0      0      0      0      0      0      0      0      0      0      0      0      0      1      0      0      0      0      0      0      0      0      0      0      0      0      0      0      0      0      0     
0x2a5f5d5ad660           USHF.R.U32.HI UR5, URZ, 0x4, UR13                                        3      0      3      131072  131072    131072    1      1      0      31     0      -                      -          -      0       0      0      0       0       0      0        0        0      -      0      0      0      0      0      0      0      0      1      0      0      0      0      0      0      0      0      0      2      0      0      0      0      0      0      0      0      0      0      0      0      0      0      0      0      0      0      0      0      0     
0x2a5f5d5ad670           USHF.R.U32.HI UR6, URZ, 0x4, UR6                                         1      0      1      131072  131072    131072    1      1      0      31     0      -                      -          -      0       0      0      0       0       0      0        0        0      -      0      0      0      0      0      0      0      0      0      0      0      0      0      0      0      0      0      0      1      0      0      0      0      0      0      0      0      0      0      0      0      0      0      0      0      0      0      0      0      0     
0x2a5f5d5ad680           USHF.R.U32.HI UR15, URZ, 0x4, UR14                                       3      1      3      131072  131072    131072    1      1      0      31     0      -                      -          -      0       0      0      0       0       0      0        0        0      -      0      0      0      0      0      0      0      0      0      0      0      0      0      0      0      0      0      0      1      0      0      0      2      0      0      0      0      0      0      0      0      0      0      0      0      0      0      0      0      1     
0x2a5f5d5ad690           USHF.R.U32.HI UR18, URZ, 0x4, UR18                                       7      0      7      131072  131072    131072    1      1      0      31     0      -                      -          -      0       0      0      0       0       0      0        0        0      -      0      0      0      0      0      0      0      0      0      0      0      0      0      0      0      0      0      1      4      0      0      0      2      0      0      0      0      0      0      0      0      0      0      0      0      0      0      0      0      0     
0x2a5f5d5ad6a0           USHF.R.U32.HI UR19, URZ, 0x4, UR19                                       2      0      2      131072  131072    131072    1      1      0      31     0      -                      -          -      0       0      0      0       0       0      0        0        0      -      0      0      0      0      0      0      0      0      0      0      0      0      0      0      0      0      0      0      2      0      0      0      0      0      0      0      0      0      0      0      0      0      0      0      0      0      0      0      0      0     
0x2a5f5d5ad6b0           USHF.R.U32.HI UR20, URZ, 0x4, UR20                                       1      0      1      131072  131072    131072    1      1      0      31     0      -                      -          -      0       0      0      0       0       0      0        0        0      -      0      0      0      0      0      0      0      0      0      0      0      0      0      0      0      0      0      0      1      0      0      0      0      0      0      0      0      0      0      0      0      0      0      0      0      0      0      0      0      0     
0x2a5f5d5ad6c0           ULOP3.LUT UR13, UR7, 0x3fff, URZ, 0xc0, !UPT                             0      0      0      131072  131072    131072    1      1      0      31     0      -                      -          -      0       0      0      0       0       0      0        0        0      -      0      0      0      0      0      0      0      0      0      0      0      0      0      0      0      0      0      0      0      0      0      0      0      0      0      0      0      0      0      0      0      0      0      0      0      0      0      0      0      0     
0x2a5f5d5ad6d0           ULOP3.LUT UR14, UR5, 0x3fff, URZ, 0xc0, !UPT                             1      1      1      131072  131072    131072    1      1      0      31     0      -                      -          -      0       0      0      0       0       0      0        0        0      -      0      0      0      0      0      0      0      0      0      0      0      0      0      0      0      0      0      0      0      0      0      0      1      0      0      0      0      0      0      0      0      0      0      0      0      0      0      0      0      1     
0x2a5f5d5ad6e0           UISETP.NE.U32.AND UP0, UPT, UR22, URZ, UPT                               2      1      2      131072  131072    131072    1      1      0      31     0      -                      -          -      0       0      0      0       0       0      0        0        0      -      0      0      0      0      0      0      0      0      0      0      0      0      0      0      0      0      0      1      0      0      0      0      1      0      0      0      0      0      0      0      0      0      0      0      0      0      0      0      0      1     
0x2a5f5d5ad6f0           ULOP3.LUT UR6, UR6, 0x3fff, URZ, 0xc0, !UPT                              2      1      2      131072  131072    131072    1      1      0      31     0      -                      -          -      0       0      0      0       0       0      0        0        0      -      0      0      0      0      0      0      0      0      0      0      0      0      0      0      0      0      0      0      0      0      0      0      2      0      0      0      0      0      0      0      0      0      0      0      0      0      0      0      0      1     
0x2a5f5d5ad700           ULOP3.LUT UR15, UR15, 0x3fff, URZ, 0xc0, !UPT                            5      3      5      131072  131072    131072    1      1      0      31     0      -                      -          -      0       0      0      0       0       0      0        0        0      -      0      0      0      0      0      0      0      0      0      0      0      0      0      0      0      0      0      0      2      0      0      0      3      0      0      0      0      0      0      0      0      0      0      0      0      0      0      0      0      3     
0x2a5f5d5ad710           ULOP3.LUT UR18, UR18, 0x3fff, URZ, 0xc0, !UPT                            3      1      3      131072  131072    131072    1      1      0      31     0      -                      -          -      0       0      0      0       0       0      0        0        0      -      0      0      0      0      0      0      0      0      0      0      0      0      0      0      0      0      0      0      2      0      0      0      1      0      0      0      0      0      0      0      0      0      0      0      0      0      0      0      0      1     
0x2a5f5d5ad720           ULOP3.LUT UR19, UR19, 0x3fff, URZ, 0xc0, !UPT                            2      1      2      131072  131072    131072    1      1      0      31     0      -                      -          -      0       0      0      0       0       0      0        0        0      -      0      0      0      0      0      0      0      0      0      0      0      0      0      0      0      0      0      0      1      0      0      0      1      0      0      0      0      0      0      0      0      0      0      0      0      0      0      0      0      1     
0x2a5f5d5ad730           ULOP3.LUT UR20, UR20, 0x3fff, URZ, 0xc0, !UPT                            5      3      5      131072  131072    131072    1      1      0      31     0      -                      -          -      0       0      0      0       0       0      0        0        0      -      0      0      0      0      0      0      0      0      0      0      0      0      0      0      0      0      0      0      2      0      0      0      3      0      0      0      0      0      0      0      0      0      0      0      0      0      0      0      0      3     
0x2a5f5d5ad740           UMOV UR22, 0x0                                                           1      0      1      131072  131072    131072    1      1      0      31     0      -                      -          -      0       0      0      0       0       0      0        0        0      -      0      0      0      0      0      0      0      0      0      0      0      0      0      0      0      0      0      0      1      0      0      0      0      0      0      0      0      0      0      0      0      0      0      0      0      0      0      0      0      0     
0x2a5f5d5ad750           UMOV UR23, 0x8100490                                                     0      0      0      131072  131072    131072    1      1      0      31     0      -                      -          -      0       0      0      0       0       0      0        0        0      -      0      0      0      0      0      0      0      0      0      0      0      0      0      0      0      0      0      0      0      0      0      0      0      0      0      0      0      0      0      0      0      0      0      0      0      0      0      0      0      0     
0x2a5f5d5ad760           UMOV UR5, 0x40004040                                                     0      0      0      131072  131072    131072    1      1      0      31     0      -                      -          -      0       0      0      0       0       0      0        0        0      -      0      0      0      0      0      0      0      0      0      0      0      0      0      0      0      0      0      0      0      0      0      0      0      0      0      0      0      0      0      0      0      0      0      0      0      0      0      0      0      0     
0x2a5f5d5ad770           UMOV UR7, 0x40004040                                                     3      0      3      131072  131072    131072    1      1      0      31     0      -                      -          -      0       0      0      0       0       0      0        0        0      -      0      0      0      0      0      0      0      0      0      0      0      0      0      0      0      0      1      0      2      0      0      0      0      0      0      0      0      0      0      0      0      0      0      0      0      0      0      0      0      0     
0x2a5f5d5ad780     @P1   ELECT P2, URZ, PT                                                        18     15     18     131072  131072    131072    1      1      0      31     0      -                      -          -      0       0      0      0       0       0      0        0        0      -      0      0      0      0      0      0      0      0      0      0      0      0      1      0      0      0      0      1      0      0      0      0      16     0      0      0      0      0      0      1      0      0      0      0      0      0      0      0      0      14    
0x2a5f5d5ad790           UTCHMMA gdesc[UR4], gdesc[UR6], tmem[UR21], tmem[UR22], idesc[UR23], UP0 2      0      2      131072  131072    131072    1      1      0      31     0      TmemShared             Load,Store -      0       0      0      0       0       0      0        0        0      -      0      0      0      0      0      0      0      0      0      0      0      0      0      0      0      0      0      0      2      0      0      0      0      0      0      0      0      0      0      0      0      0      0      0      0      0      0      0      0      0     
0x2a5f5d5ad7a0     @P2   PLOP3.LUT P1, PT, P2, PT, PT, 0x8, 0x80                                  19     14     19     131072  131072    131072    1      1      0      31     0      -                      -          -      0       0      0      0       0       0      0        0        0      -      0      0      0      0      0      0      0      0      2      0      0      0      0      0      0      0      0      1      0      0      0      0      16     0      0      2      0      0      0      0      0      0      0      0      0      0      0      0      0      12    
0x2a5f5d5ad7b0           PLOP3.LUT P2, PT, PT, PT, PT, 0x8, 0x80                                  5      1      5      131072  131072    131072    1      1      0      31     0      -                      -          -      0       0      0      0       0       0      0        0        0      -      0      0      0      0      0      0      0      0      0      0      0      0      0      0      0      0      0      0      4      0      0      0      1      0      0      0      0      0      0      0      0      0      0      0      0      0      0      0      0      1     
0x2a5f5d5ad7c0     @P1   BRA.U.ANY 0x2a5f5d5ad780                                                 21     12     21     131072  131072    0         1      0      1      32     0      -                      -          -      0       0      0      0       0       0      0        0        0      -      0      0      0      0      0      0      0      0      0      0      0      0      0      0      0      0      0      0      3      0      0      0      18     0      0      0      0      0      0      0      0      0      0      0      0      0      0      0      0      12    
0x2a5f5d5ad7d0           VIADD R21, R20, 0x10                                                     8      5      8      131072  131072    131072    1      1      1      31     0      -                      -          -      0       0      0      0       0       0      0        0        0      -      0      0      0      0      0      0      0      0      0      0      0      0      0      0      0      0      0      0      2      0      0      0      6      0      0      0      0      0      0      0      0      0      0      0      0      0      0      0      0      5     
0x2a5f5d5ad7e0           PLOP3.LUT P1, PT, PT, PT, PT, 0x80, 0x8                                  2      0      2      131072  131072    131072    1      1      0      31     0      -                      -          -      0       0      0      0       0       0      0        0        0      -      0      0      0      0      0      0      0      0      0      0      0      0      0      0      0      0      0      0      2      0      0      0      0      0      0      0      0      0      0      0      0      0      0      0      0      0      0      0      0      0     
0x2a5f5d5ad7f0           UMOV UR5, 0x40004040                                                     9      4      9      131072  131072    131072    1      1      0      31     0      -                      -          -      0       0      0      0       0       0      0        0        0      -      0      0      0      0      0      0      0      0      0      0      0      0      0      0      0      0      0      0      4      5      0      0      0      0      0      0      0      0      0      0      0      0      0      0      0      0      4      0      0      0     
0x2a5f5d5ad800           UMOV UR6, UR14                                                           0      0      0      131072  131072    131072    1      1      0      31     0      -                      -          -      0       0      0      0       0       0      0        0        0      -      0      0      0      0      0      0      0      0      0      0      0      0      0      0      0      0      0      0      0      0      0      0      0      0      0      0      0      0      0      0      0      0      0      0      0      0      0      0      0      0     
0x2a5f5d5ad810           UMOV UR7, 0x40004040                                                     5      0      5      131072  131072    131072    1      1      0      31     0      -                      -          -      0       0      0      0       0       0      0        0        0      -      0      0      0      0      0      0      0      0      0      0      0      0      0      0      0      0      0      0      5      0      0      0      0      0      0      0      0      0      0      0      0      0      0      0      0      0      0      0      0      0     
0x2a5f5d5ad820           R2UR UR4, R21                                                            1      0      1      131072  131072    131072    1      1      0      31     0      -                      -          -      0       0      0      0       0       0      0        0        0      -      0      0      0      0      0      0      0      0      0      0      0      0      0      0      0      0      0      0      1      0      0      0      0      0      0      0      0      0      0      0      0      0      0      0      0      0      0      0      0      0     
0x2a5f5d5ad830           UISETP.NE.U32.AND UP0, UPT, UR4, URZ, UPT                                23     14     23     131072  131072    131072    1      1      0      31     0      -                      -          -      0       0      0      0       0       0      0        0        0      -      0      0      0      0      0      0      0      0      0      0      0      0      2      0      0      0      0      1      3      0      0      0      17     0      0      0      0      0      0      2      0      0      0      0      0      0      0      0      0      12    
0x2a5f5d5ad840           UMOV UR4, UR13                                                           4      3      4      131072  131072    131072    1      1      0      31     0      -                      -          -      0       0      0      0       0       0      0        0        0      -      0      0      0      0      0      0      0      0      0      0      0      0      0      0      0      0      0      0      0      0      0      0      4      0      0      0      0      0      0      0      0      0      0      0      0      0      0      0      0      3     
0x2a5f5d5ad850     @P1   ELECT P2, URZ, PT                                                        11     5      11     131072  131072    131072    1      1      0      31     0      -                      -          -      0       0      0      0       0       0      0        0        0      -      0      0      0      0      0      0      0      0      1      0      0      0      0      0      0      0      0      0      2      0      0      0      8      0      0      0      0      0      0      0      0      0      0      0      0      0      0      0      0      5     
0x2a5f5d5ad860           UTCHMMA gdesc[UR4], gdesc[UR6], tmem[UR21], tmem[UR22], idesc[UR23], UP0 1      0      1      131072  131072    131072    1      1      0      31     0      TmemShared             Load,Store -      0       0      0      0       0       0      0        0        0      -      0      0      0      0      0      0      0      0      0      0      0      0      0      0      0      0      0      0      1      0      0      0      0      0      0      0      0      0      0      0      0      0      0      0      0      0      0      0      0      0     
0x2a5f5d5ad870     @P2   PLOP3.LUT P1, PT, P2, PT, PT, 0x8, 0x80                                  21     10     21     131072  131072    131072    1      1      0      31     0      -                      -          -      0       0      0      0       0       0      0        0        0      -      0      0      0      0      0      0      0      0      0      0      0      0      1      0      0      0      0      1      2      0      0      0      17     0      0      0      0      0      0      0      0      0      0      0      0      0      0      0      0      10    
0x2a5f5d5ad880           PLOP3.LUT P2, PT, PT, PT, PT, 0x8, 0x80                                  2      1      2      131072  131072    131072    1      1      0      31     0      -                      -          -      0       0      0      0       0       0      0        0        0      -      0      0      0      0      0      0      0      0      0      0      0      0      1      0      0      0      0      0      1      0      0      0      0      0      0      0      0      0      0      1      0      0      0      0      0      0      0      0      0      0     
0x2a5f5d5ad890     @P1   BRA.U.ANY 0x2a5f5d5ad850                                                 22     17     22     131072  131072    0         1      0      1      32     0      -                      -          -      0       0      0      0       0       0      0        0        0      -      0      0      0      0      0      0      0      0      1      0      0      0      0      0      0      0      0      0      1      0      0      0      20     0      0      0      0      0      0      0      0      0      0      0      0      0      0      0      0      17    
0x2a5f5d5ad8a0           VIADD R21, R20, 0x20                                                     12     7      12     131072  131072    131072    1      1      1      31     0      -                      -          -      0       0      0      0       0       0      0        0        0      -      0      0      0      0      0      0      0      0      0      0      0      0      0      0      0      0      0      0      3      0      0      0      9      0      0      0      0      0      0      0      0      0      0      0      0      0      0      0      0      7     
0x2a5f5d5ad8b0           PLOP3.LUT P1, PT, PT, PT, PT, 0x80, 0x8                                  0      0      0      131072  131072    131072    1      1      0      31     0      -                      -          -      0       0      0      0       0       0      0        0        0      -      0      0      0      0      0      0      0      0      0      0      0      0      0      0      0      0      0      0      0      0      0      0      0      0      0      0      0      0      0      0      0      0      0      0      0      0      0      0      0      0     
0x2a5f5d5ad8c0           UMOV UR5, 0x40004040                                                     11     7      11     131072  131072    131072    1      1      0      31     0      -                      -          -      0       0      0      0       0       0      0        0        0      -      0      0      0      0      0      0      0      0      0      0      0      0      0      0      0      0      0      0      2      9      0      0      0      0      0      0      0      0      0      0      0      0      0      0      0      0      7      0      0      0     
0x2a5f5d5ad8d0           UMOV UR6, UR18                                                           3      0      3      131072  131072    131072    1      1      0      31     0      -                      -          -      0       0      0      0       0       0      0        0        0      -      0      0      0      0      0      0      0      0      0      0      0      0      0      0      0      0      0      0      3      0      0      0      0      0      0      0      0      0      0      0      0      0      0      0      0      0      0      0      0      0     
0x2a5f5d5ad8e0           UMOV UR7, 0x40004040                                                     1      0      1      131072  131072    131072    1      1      0      31     0      -                      -          -      0       0      0      0       0       0      0        0        0      -      0      0      0      0      0      0      0      0      0      0      0      0      0      0      0      0      0      0      1      0      0      0      0      0      0      0      0      0      0      0      0      0      0      0      0      0      0      0      0      0     
0x2a5f5d5ad8f0           R2UR UR4, R21                                                            1      0      1      131072  131072    131072    1      1      0      31     0      -                      -          -      0       0      0      0       0       0      0        0        0      -      0      0      0      0      0      0      0      0      0      0      0      0      0      0      0      0      0      0      1      0      0      0      0      0      0      0      0      0      0      0      0      0      0      0      0      0      0      0      0      0     
0x2a5f5d5ad900           UISETP.NE.U32.AND UP0, UPT, UR4, URZ, UPT                                19     14     19     131072  131072    131072    1      1      0      31     0      -                      -          -      0       0      0      0       0       0      0        0        0      -      0      0      0      0      0      0      0      0      0      0      0      0      0      0      0      0      0      0      3      0      0      0      16     0      0      0      0      0      0      0      0      0      0      0      0      0      0      0      0      14    
0x2a5f5d5ad910           UMOV UR4, UR15                                                           3      2      3      131072  131072    131072    1      1      0      31     0      -                      -          -      0       0      0      0       0       0      0        0        0      -      0      0      0      0      0      0      0      0      0      0      0      0      0      0      0      0      0      0      1      0      0      0      2      0      0      0      0      0      0      0      0      0      0      0      0      0      0      0      0      2     
0x2a5f5d5ad920     @P1   ELECT P2, URZ, PT                                                        8      5      8      131072  131072    131072    1      1      0      31     0      -                      -          -      0       0      0      0       0       0      0        0        0      -      0      0      0      0      0      0      0      0      0      0      0      0      1      0      0      0      0      0      1      0      0      0      6      0      0      0      0      0      0      1      0      0      0      0      0      0      0      0      0      4     
0x2a5f5d5ad930           UTCHMMA gdesc[UR4], gdesc[UR6], tmem[UR21], tmem[UR22], idesc[UR23], UP0 1      0      1      131072  131072    131072    1      1      0      31     0      TmemShared             Load,Store -      0       0      0      0       0       0      0        0        0      -      0      0      0      0      0      0      0      0      0      0      0      0      0      0      0      0      0      0      1      0      0      0      0      0      0      0      0      0      0      0      0      0      0      0      0      0      0      0      0      0     
0x2a5f5d5ad940     @P2   PLOP3.LUT P1, PT, P2, PT, PT, 0x8, 0x80                                  10     7      10     131072  131072    131072    1      1      0      31     0      -                      -          -      0       0      0      0       0       0      0        0        0      -      0      0      0      0      0      0      0      0      0      0      0      0      1      0      0      0      0      0      1      0      0      0      8      0      0      0      0      0      0      0      0      0      0      0      0      0      0      0      0      7     
0x2a5f5d5ad950           PLOP3.LUT P2, PT, PT, PT, PT, 0x8, 0x80                                  0      0      0      131072  131072    131072    1      1      0      31     0      -                      -          -      0       0      0      0       0       0      0        0        0      -      0      0      0      0      0      0      0      0      0      0      0      0      0      0      0      0      0      0      0      0      0      0      0      0      0      0      0      0      0      0      0      0      0      0      0      0      0      0      0      0     
0x2a5f5d5ad960     @P1   BRA.U.ANY 0x2a5f5d5ad920                                                 18     12     18     131072  131072    0         1      0      1      32     0      -                      -          -      0       0      0      0       0       0      0        0        0      -      0      0      0      0      0      0      0      0      0      0      0      0      0      0      0      0      0      1      4      0      0      0      13     0      0      0      0      0      0      0      0      0      0      0      0      0      0      0      0      12    
0x2a5f5d5ad970           VIADD R20, R20, 0x30                                                     5      3      5      131072  131072    131072    1      1      1      31     0      -                      -          -      0       0      0      0       0       0      0        0        0      -      0      0      0      0      0      0      0      0      0      0      0      0      0      0      0      0      0      1      0      0      0      0      4      0      0      0      0      0      0      0      0      0      0      0      0      0      0      0      0      3     
0x2a5f5d5ad980           PLOP3.LUT P1, PT, PT, PT, PT, 0x80, 0x8                                  1      0      1      131072  131072    131072    1      1      0      31     0      -                      -          -      0       0      0      0       0       0      0        0        0      -      0      0      0      0      0      0      0      0      0      0      0      0      0      0      0      0      0      0      1      0      0      0      0      0      0      0      0      0      0      0      0      0      0      0      0      0      0      0      0      0     
0x2a5f5d5ad990           UMOV UR5, 0x40004040                                                     21     17     21     131072  131072    131072    1      1      0      31     0      -                      -          -      0       0      0      0       0       0      0        0        0      -      0      0      0      0      0      0      0      0      0      0      0      0      0      0      0      0      0      0      2      19     0      0      0      0      0      0      0      0      0      0      0      0      0      0      0      0      17     0      0      0     
0x2a5f5d5ad9a0           UMOV UR6, UR20                                                           0      0      0      131072  131072    131072    1      1      0      31     0      -                      -          -      0       0      0      0       0       0      0        0        0      -      0      0      0      0      0      0      0      0      0      0      0      0      0      0      0      0      0      0      0      0      0      0      0      0      0      0      0      0      0      0      0      0      0      0      0      0      0      0      0      0     
0x2a5f5d5ad9b0           UMOV UR7, 0x40004040                                                     1      0      1      131072  131072    131072    1      1      0      31     0      -                      -          -      0       0      0      0       0       0      0        0        0      -      0      0      0      0      0      0      0      0      0      0      0      0      0      0      0      0      0      0      1      0      0      0      0      0      0      0      0      0      0      0      0      0      0      0      0      0      0      0      0      0     
0x2a5f5d5ad9c0           R2UR UR4, R20                                                            1      0      1      131072  131072    131072    1      1      0      31     0      -                      -          -      0       0      0      0       0       0      0        0        0      -      0      0      0      0      0      0      0      0      0      0      0      0      0      0      0      0      0      0      1      0      0      0      0      0      0      0      0      0      0      0      0      0      0      0      0      0      0      0      0      0     
0x2a5f5d5ad9d0           UISETP.NE.U32.AND UP0, UPT, UR4, URZ, UPT                                19     11     19     131072  131072    131072    1      1      0      31     0      -                      -          -      0       0      0      0       0       0      0        0        0      -      0      0      0      0      0      0      0      0      0      0      0      0      0      0      0      0      0      0      3      0      0      0      16     0      0      0      0      0      0      0      0      0      0      0      0      0      0      0      0      11    
0x2a5f5d5ad9e0           UMOV UR4, UR19                                                           2      0      2      131072  131072    131072    1      1      0      31     0      -                      -          -      0       0      0      0       0       0      0        0        0      -      0      0      0      0      0      0      0      0      0      0      0      0      0      0      0      0      0      1      0      0      0      0      1      0      0      0      0      0      0      0      0      0      0      0      0      0      0      0      0      0     
0x2a5f5d5ad9f0     @P1   ELECT P2, URZ, PT                                                        16     13     16     131072  131072    131072    1      1      0      31     0      -                      -          -      0       0      0      0       0       0      0        0        0      -      0      0      0      0      0      0      0      0      0      0      0      0      0      0      0      0      0      2      0      0      0      0      14     0      0      0      0      0      0      0      0      0      0      0      0      0      0      0      0      13    
0x2a5f5d5ada00           UTCHMMA gdesc[UR4], gdesc[UR6], tmem[UR21], tmem[UR22], idesc[UR23], UP0 2      0      2      131072  131072    131072    1      1      0      31     0      TmemShared             Load,Store -      0       0      0      0       0       0      0        0        0      -      0      0      0      0      0      0      0      0      0      0      0      0      0      0      0      0      0      0      2      0      0      0      0      0      0      0      0      0      0      0      0      0      0      0      0      0      0      0      0      0     
0x2a5f5d5ada10     @P2   PLOP3.LUT P1, PT, P2, PT, PT, 0x8, 0x80                                  17     16     17     131072  131072    131072    1      1      0      31     0      -                      -          -      0       0      0      0       0       0      0        0        0      -      0      0      0      0      0      0      0      0      0      0      0      0      2      0      0      0      0      1      0      0      0      0      14     0      0      0      0      0      0      2      0      0      0      0      0      0      0      0      0      14    
0x2a5f5d5ada20           PLOP3.LUT P2, PT, PT, PT, PT, 0x8, 0x80                                  4      0      4      131072  131072    131072    1      1      0      31     0      -                      -          -      0       0      0      0       0       0      0        0        0      -      0      0      0      0      0      0      0      0      0      0      0      0      0      0      0      0      0      0      2      0      0      0      2      0      0      0      0      0      0      0      0      0      0      0      0      0      0      0      0      0     
0x2a5f5d5ada30     @P1   BRA.U.ANY 0x2a5f5d5ad9f0                                                 12     9      12     131072  131072    0         1      0      1      32     0      -                      -          -      0       0      0      0       0       0      0        0        0      -      0      0      0      0      0      0      0      0      0      0      0      0      0      0      0      0      0      0      3      0      0      0      9      0      0      0      0      0      0      0      0      0      0      0      0      0      0      0      0      9     
0x2a5f5d5ada40           S2UR UR5, SR_CgaCtaId                                                    27     20     27     131072  131072    131072    1      1      1      31     0      -                      -          -      0       0      0      0       0       0      0        0        0      -      0      0      0      0      0      0      0      0      0      0      0      0      0      0      0      0      0      0      3      21     0      0      3      0      0      0      0      0      0      0      0      0      0      0      0      0      18     0      0      2     
0x2a5f5d5ada50           UMOV UR4, 0x400                                                          1      0      1      131072  131072    131072    1      1      0      31     0      -                      -          -      0       0      0      0       0       0      0        0        0      -      0      0      0      0      0      0      0      0      0      0      0      0      0      0      0      0      0      0      1      0      0      0      0      0      0      0      0      0      0      0      0      0      0      0      0      0      0      0      0      0     
0x2a5f5d5ada60           PLOP3.LUT P1, PT, PT, PT, PT, 0x80, 0x8                                  2      0      2      131072  131072    131072    1      1      0      31     0      -                      -          -      0       0      0      0       0       0      0        0        0      -      0      0      0      0      0      0      0      0      0      0      0      0      0      0      0      0      0      0      2      0      0      0      0      0      0      0      0      0      0      0      0      0      0      0      0      0      0      0      0      0     
0x2a5f5d5ada70           UIADD3 UR4, UPT, UPT, UR4, 0x8, URZ                                      1      0      1      131072  131072    131072    1      1      0      31     0      -                      -          -      0       0      0      0       0       0      0        0        0      -      0      0      0      0      0      0      0      0      0      0      0      0      0      0      0      0      0      0      1      0      0      0      0      0      0      0      0      0      0      0      0      0      0      0      0      0      0      0      0      0     
0x2a5f5d5ada80           ULEA UR4, UR5, UR4, 0x18                                                 39     33     39     131072  131072    131072    1      1      0      31     0      -                      -          -      0       0      0      0       0       0      0        0        0      -      0      0      0      0      0      0      0      0      0      0      0      0      0      0      0      0      0      0      2      33     0      0      4      0      0      0      0      0      0      0      0      0      0      0      0      0      29     0      0      4     
0x2a5f5d5ada90           UMOV UR5, URZ                                                            2      1      2      131072  131072    131072    1      1      0      31     0      -                      -          -      0       0      0      0       0       0      0        0        0      -      0      0      0      0      0      0      0      0      0      0      0      0      0      0      0      0      0      1      0      0      0      0      1      0      0      0      0      0      0      0      0      0      0      0      0      0      0      0      0      1     
0x2a5f5d5adaa0           UMOV UR4, UR4                                                            5      4      5      131072  131072    131072    1      1      0      31     0      -                      -          -      0       0      0      0       0       0      0        0        0      -      0      0      0      0      0      0      0      0      1      0      0      0      0      0      0      0      0      0      0      0      0      0      4      0      0      0      0      0      0      0      0      0      0      0      0      0      0      0      0      4     
0x2a5f5d5adab0     @P1   ELECT P2, URZ, PT                                                        15     11     15     131072  131072    131072    1      1      0      31     0      -                      -          -      0       0      0      0       0       0      0        0        0      -      0      0      0      0      0      0      0      0      1      0      0      0      0      0      0      0      0      0      1      0      0      0      13     0      0      1      0      0      0      0      0      0      0      0      0      0      0      0      0      10    
0x2a5f5d5adac0           UTCBAR [UR4], URZ                                                        0      0      0      131072  131072    131072    1      1      0      31     0      -                      -          -      0       0      0      0       0       0      0        0        0      -      0      0      0      0      0      0      0      0      0      0      0      0      0      0      0      0      0      0      0      0      0      0      0      0      0      0      0      0      0      0      0      0      0      0      0      0      0      0      0      0     
0x2a5f5d5adad0     @P2   PLOP3.LUT P1, PT, P2, PT, PT, 0x8, 0x80                                  17     11     17     131072  131072    131072    1      1      0      31     0      -                      -          -      0       0      0      0       0       0      0        0        0      -      0      0      0      0      0      0      0      0      0      0      0      0      2      0      0      0      0      2      1      0      0      0      12     0      0      0      0      0      0      2      0      0      0      0      0      0      0      0      0      9     
0x2a5f5d5adae0           PLOP3.LUT P2, PT, PT, PT, PT, 0x8, 0x80                                  3      1      3      131072  131072    131072    1      1      0      31     0      -                      -          -      0       0      0      0       0       0      0        0        0      -      0      0      0      0      0      0      0      0      0      0      0      0      0      0      0      0      0      0      1      0      0      0      2      0      0      0      0      0      0      0      0      0      0      0      0      0      0      0      0      1     
0x2a5f5d5adaf0     @P1   BRA.U.ANY 0x2a5f5d5adab0                                                 15     13     15     131072  131072    0         1      0      1      32     0      -                      -          -      0       0      0      0       0       0      0        0        0      -      0      0      0      0      0      0      0      0      0      0      0      0      0      0      0      0      0      0      1      0      0      0      14     0      0      0      0      0      0      0      0      0      0      0      0      0      0      0      0      13    
0x2a5f5d5adb00           BSYNC.RECONVERGENT B0                                                    44     34     44     655360  16777216  16777216  25     25     25     7      0      -                      -          -      0       0      0      0       0       0      0        0        0      -      0      0      0      0      0      0      0      15     0      0      0      0      0      0      0      0      9      0      0      15     0      0      5      0      10     0      0      0      0      0      0      0      0      7      0      0      13     0      0      4     
0x2a5f5d5adb10           S2UR UR4, SR_CgaCtaId                                                    68     42     68     524288  16777216  16777216  32     32     7      0      0      -                      -          -      0       0      0      0       0       0      0        0        0      -      0      0      0      0      0      0      0      39     1      0      0      0      0      0      0      0      0      0      2      0      0      0      26     0      27     0      0      0      0      0      0      0      0      0      0      0      0      0      0      15    
0x2a5f5d5adb20           MOV R20, 0x400                                                           6      0      6      524288  16777216  16777216  32     32     0      0      0      -                      -          -      0       0      0      0       0       0      0        0        0      -      0      0      0      0      0      0      0      0      0      0      0      0      0      0      0      0      0      0      6      0      0      0      0      0      0      0      0      0      0      0      0      0      0      0      0      0      0      0      0      0     
0x2a5f5d5adb30           LOP3.LUT R21, R13, 0x1, RZ, 0xc0, !PT                                    11     2      11     524288  16777216  16777216  32     32     0      0      0      -                      -          -      0       0      0      0       0       0      0        0        0      -      0      0      0      0      0      0      0      0      0      0      0      0      1      0      0      0      0      1      7      0      0      0      2      0      0      0      0      0      0      0      0      0      0      0      0      0      0      0      0      2     
0x2a5f5d5adb40           VIADD R23, R20, 0x8                                                      22     8      22     524288  16777216  16777216  32     32     0      0      0      -                      -          -      0       0      0      0       0       0      0        0        0      -      0      0      0      0      0      0      0      0      0      0      0      0      2      0      0      0      0      4      7      0      0      0      9      0      0      0      0      0      0      2      0      0      0      0      0      0      0      0      0      6     
0x2a5f5d5adb50           SHF.L.U32 R22, R21, 0x1f, RZ                                             7      0      7      524288  16777216  16777216  32     32     0      0      0      -                      -          -      0       0      0      0       0       0      0        0        0      -      0      0      0      0      0      0      0      0      0      0      0      0      0      0      0      0      0      0      7      0      0      0      0      0      0      0      0      0      0      0      0      0      0      0      0      0      0      0      0      0     
0x2a5f5d5adb60           IMAD.U32 R20, RZ, RZ, UR4                                                117    76     117    524288  16777216  16777216  32     32     0      0      0      -                      -          -      0       0      0      0       0       0      0        0        0      -      0      0      0      0      0      0      0      0      0      0      0      0      1      0      0      0      0      4      8      104    0      0      0      0      0      0      0      0      0      0      0      0      0      0      0      0      76     0      0      0     
0x2a5f5d5adb70           LEA R21, R20, R23, 0x18                                                  32     16     32     524288  16777216  16777216  32     32     0      0      0      -                      -          -      0       0      0      0       0       0      0        0        0      -      0      0      0      0      0      0      0      0      0      0      0      0      3      0      0      0      0      3      6      0      0      0      20     0      0      0      0      0      0      0      0      0      0      0      0      0      0      0      0      16    
0x2a5f5d5adb80           SYNCS.PHASECHK.TRANS64.TRYWAIT P1, [R21+URZ], R22                        26     10     26     524288  16777216  16777216  32     32     0      0      0      -                      -          -      0       0      0      0       0       0      0        0        0      -      0      0      0      0      0      0      0      0      1      0      0      0      0      0      0      0      0      3      5      0      0      0      17     0      0      0      0      0      0      0      0      0      0      0      0      0      0      0      0      10    
0x2a5f5d5adb90     @!P1  BRA 0x2a5f5d5aeba0                                                       1815   1358   1815   524288  16777216  12582912  32     24     8      8      0      -                      -          -      0       0      0      0       0       0      0        0        0      -      0      0      0      0      0      0      0      0      1      0      0      1804   0      0      0      0      0      3      2      0      0      0      5      0      0      0      0      0      1355   0      0      0      0      0      0      0      0      0      0      3     
0x2a5f5d5adba0           VIADD R13, R13, 0x1                                                      26     14     26     524288  16777216  16777216  32     32     8      0      0      -                      -          -      0       0      0      0       0       0      0        0        0      -      0      0      0      0      0      0      0      0      0      0      0      0      1      0      0      0      0      0      7      0      0      0      18     0      0      0      0      0      0      1      0      0      0      0      0      0      0      0      0      13    
0x2a5f5d5adbb0           NOP                                                                      2      0      2      524288  16777216  16777216  32     32     0      0      0      -                      -          -      0       0      0      0       0       0      0        0        0      -      0      0      0      0      0      0      0      0      0      0      0      0      0      0      0      0      0      0      2      0      0      0      0      0      0      0      0      0      0      0      0      0      0      0      0      0      0      0      0      0     
0x2a5f5d5adbc0           ISETP.NE.AND P1, PT, R13, UR10, PT                                       22     8      22     524288  16777216  16777216  32     32     0      0      0      -                      -          -      0       0      0      0       0       0      0        0        0      -      0      0      0      0      0      0      0      0      1      0      0      0      3      0      0      0      0      5      3      0      0      0      10     0      0      1      0      0      0      1      0      0      0      0      0      0      0      0      0      6     
0x2a5f5d5adbd0     @P1   BRA 0x2a5f5d5ac970                                                       76     47     76     524288  16777216  16515072  32     31     1      1      0      -                      -          -      0       0      0      0       0       0      0        0        0      -      0      0      0      0      0      0      0      0      0      0      0      0      0      0      0      0      0      5      5      0      0      0      66     0      0      0      0      0      0      0      0      0      0      0      0      0      0      0      0      47    
0x2a5f5d5adbe0           IMAD.U32 R2, R0, 0x10000, RZ                                             18     8      18     8192    262144    262144    32     32     1      0      0      -                      -          -      0       0      0      0       0       0      0        0        0      -      0      0      0      0      0      0      0      0      0      0      0      0      0      0      0      0      0      0      5      0      0      0      13     0      0      0      0      0      0      0      0      0      0      0      0      0      0      0      0      8     
0x2a5f5d5adbf0           LDC R6, c[0x0][0x39c]                                                    0      0      0      8192    262144    262144    32     32     0      0      0      -                      -          -      0       0      0      0       0       0      0        0        0      -      0      0      0      0      0      0      0      0      0      0      0      0      0      0      0      0      0      0      0      0      0      0      0      0      0      0      0      0      0      0      0      0      0      0      0      0      0      0      0      0     
0x2a5f5d5adc00           VIADD R5, R0, UR8                                                        0      0      0      8192    262144    262144    32     32     0      0      0      -                      -          -      0       0      0      0       0       0      0        0        0      -      0      0      0      0      0      0      0      0      0      0      0      0      0      0      0      0      0      0      0      0      0      0      0      0      0      0      0      0      0      0      0      0      0      0      0      0      0      0      0      0     
0x2a5f5d5adc10           LOP3.LUT R2, R2, 0x3e00000, RZ, 0xc0, !PT                                0      0      0      8192    262144    262144    32     32     0      0      0      -                      -          -      0       0      0      0       0       0      0        0        0      -      0      0      0      0      0      0      0      0      0      0      0      0      0      0      0      0      0      0      0      0      0      0      0      0      0      0      0      0      0      0      0      0      0      0      0      0      0      0      0      0     
0x2a5f5d5adc20           VIADD R4, R2, UR21                                                       0      0      0      8192    262144    262144    32     32     0      0      0      -                      -          -      0       0      0      0       0       0      0        0        0      -      0      0      0      0      0      0      0      0      0      0      0      0      0      0      0      0      0      0      0      0      0      0      0      0      0      0      0      0      0      0      0      0      0      0      0      0      0      0      0      0     
0x2a5f5d5adc30           LDC.64 R2, c[0x0][0x390]                                                 0      0      0      8192    262144    262144    32     32     0      0      0      -                      -          -      0       0      0      0       0       0      0        0        0      -      0      0      0      0      0      0      0      0      0      0      0      0      0      0      0      0      0      0      0      0      0      0      0      0      0      0      0      0      0      0      0      0      0      0      0      0      0      0      0      0     
0x2a5f5d5adc40           R2UR UR4, R4                                                             0      0      0      8192    262144    262144    32     32     0      0      0      -                      -          -      0       0      0      0       0       0      0        0        0      -      0      0      0      0      0      0      0      0      0      0      0      0      0      0      0      0      0      0      0      0      0      0      0      0      0      0      0      0      0      0      0      0      0      0      0      0      0      0      0      0     
0x2a5f5d5adc50           R2UR UR5, R4                                                             0      0      0      8192    262144    262144    32     32     0      0      0      -                      -          -      0       0      0      0       0       0      0        0        0      -      0      0      0      0      0      0      0      0      0      0      0      0      0      0      0      0      0      0      0      0      0      0      0      0      0      0      0      0      0      0      0      0      0      0      0      0      0      0      0      0     
0x2a5f5d5adc60           IMAD R5, R5, R6, UR9                                                     1      1      1      8192    262144    262144    32     32     0      0      0      -                      -          -      0       0      0      0       0       0      0        0        0      -      0      0      0      0      0      0      0      0      0      0      0      0      0      0      0      0      0      0      0      1      0      0      0      0      0      0      0      0      0      0      0      0      0      0      0      0      1      0      0      0     
0x2a5f5d5adc70           LDTM R7, tmem[UR4]                                                       2      2      2      8192    262144    262144    32     32     0      0      0      Tmem                   Load       -      0       0      0      0       0       0      0        0        0      -      0      0      0      0      0      0      0      0      0      0      0      0      0      0      0      0      0      0      0      0      0      0      2      0      0      0      0      0      0      0      0      0      0      0      0      0      0      0      0      2     
0x2a5f5d5adc80           NOP                                                                      0      0      0      8192    262144    262144    32     32     0      0      0      -                      -          -      0       0      0      0       0       0      0        0        0      -      0      0      0      0      0      0      0      0      0      0      0      0      0      0      0      0      0      0      0      0      0      0      0      0      0      0      0      0      0      0      0      0      0      0      0      0      0      0      0      0     
0x2a5f5d5adc90           LDTM R9, tmem[UR5+0x1]                                                   2      2      2      8192    262144    262144    32     32     0      0      0      Tmem                   Load       -      0       0      0      0       0       0      0        0        0      -      0      0      0      0      0      0      0      0      0      0      0      0      0      0      0      0      0      0      0      2      0      0      0      0      0      0      0      0      0      0      0      0      0      0      0      0      2      0      0      0     
0x2a5f5d5adca0           IMAD.WIDE R2, R5, 0x4, R2                                                0      0      0      8192    262144    262144    32     32     0      0      0      -                      -          -      0       0      0      0       0       0      0        0        0      -      0      0      0      0      0      0      0      0      0      0      0      0      0      0      0      0      0      0      0      0      0      0      0      0      0      0      0      0      0      0      0      0      0      0      0      0      0      0      0      0     
0x2a5f5d5adcb0           STG.E desc[UR16][R2.64], R7                                              264    260    264    8192    262144    262144    32     32     0      0      0      Global                 Store      32     262144  0      0      0       0       229376 262144   32768    0             0      0      0      0      0      0      0      0      0      0      243    0      0      0      18     0      0      3      0      0      0      0      0      0      0      0      0      242    0      0      0      18     0      0      0      0      0      0      0      0     
0x2a5f5d5adcc0           NOP                                                                      0      0      0      8192    262144    262144    32     32     0      0      0      -                      -          -      0       0      0      0       0       0      0        0        0      -      0      0      0      0      0      0      0      0      0      0      0      0      0      0      0      0      0      0      0      0      0      0      0      0      0      0      0      0      0      0      0      0      0      0      0      0      0      0      0      0     
0x2a5f5d5adcd0           STG.E desc[UR16][R2.64+0x4], R9                                          165    160    165    8192    262144    262144    32     32     0      0      0      Global                 Store      32     262144  0      0      0       0       229376 262144   32768    0             0      0      0      0      0      0      0      0      0      0      140    0      0      0      22     0      0      3      0      0      0      0      0      0      0      0      0      139    0      0      0      21     0      0      0      0      0      0      0      0     
0x2a5f5d5adce0           LDTM R5, tmem[UR4+0x2]                                                   0      0      0      8192    262144    262144    32     32     0      0      0      Tmem                   Load       -      0       0      0      0       0       0      0        0        0      -      0      0      0      0      0      0      0      0      0      0      0      0      0      0      0      0      0      0      0      0      0      0      0      0      0      0      0      0      0      0      0      0      0      0      0      0      0      0      0      0     
0x2a5f5d5adcf0           NOP                                                                      0      0      0      8192    262144    262144    32     32     0      0      0      -                      -          -      0       0      0      0       0       0      0        0        0      -      0      0      0      0      0      0      0      0      0      0      0      0      0      0      0      0      0      0      0      0      0      0      0      0      0      0      0      0      0      0      0      0      0      0      0      0      0      0      0      0     
0x2a5f5d5add00           LDTM R11, tmem[UR5+0x3]                                                  0      0      0      8192    262144    262144    32     32     0      0      0      Tmem                   Load       -      0       0      0      0       0       0      0        0        0      -      0      0      0      0      0      0      0      0      0      0      0      0      0      0      0      0      0      0      0      0      0      0      0      0      0      0      0      0      0      0      0      0      0      0      0      0      0      0      0      0     
0x2a5f5d5add10           STG.E desc[UR16][R2.64+0x8], R5                                          55     55     55     8192    262144    262144    32     32     0      0      0      Global                 Store      32     262144  0      0      0       0       229376 262144   32768    0             0      0      0      0      0      0      0      0      0      0      50     0      0      0      5      0      0      0      0      0      0      0      0      0      0      0      0      50     0      0      0      5      0      0      0      0      0      0      0      0     
0x2a5f5d5add20           NOP                                                                      0      0      0      8192    262144    262144    32     32     0      0      0      -                      -          -      0       0      0      0       0       0      0        0        0      -      0      0      0      0      0      0      0      0      0      0      0      0      0      0      0      0      0      0      0      0      0      0      0      0      0      0      0      0      0      0      0      0      0      0      0      0      0      0      0      0     
0x2a5f5d5add30           STG.E desc[UR16][R2.64+0xc], R11                                         81     81     81     8192    262144    262144    32     32     0      0      0      Global                 Store      32     262144  0      0      0       0       229376 262144   32768    0             0      0      0      0      0      0      0      0      0      0      66     0      0      0      15     0      0      0      0      0      0      0      0      0      0      0      0      66     0      0      0      15     0      0      0      0      0      0      0      0     
0x2a5f5d5add40           LDTM R7, tmem[UR4+0x4]                                                   29     29     29     8192    262144    262144    32     32     0      0      0      Tmem                   Load       -      0       0      0      0       0       0      0        0        0      -      0      0      0      0      0      0      0      0      0      0      0      29     0      0      0      0      0      0      0      0      0      0      0      0      0      0      0      0      29     0      0      0      0      0      0      0      0      0      0      0     
0x2a5f5d5add50           NOP                                                                      0      0      0      8192    262144    262144    32     32     0      0      0      -                      -          -      0       0      0      0       0       0      0        0        0      -      0      0      0      0      0      0      0      0      0      0      0      0      0      0      0      0      0      0      0      0      0      0      0      0      0      0      0      0      0      0      0      0      0      0      0      0      0      0      0      0     
0x2a5f5d5add60           LDTM R9, tmem[UR5+0x5]                                                   21     20     21     8192    262144    262144    32     32     0      0      0      Tmem                   Load       -      0       0      0      0       0       0      0        0        0      -      0      0      0      0      0      0      0      0      0      0      0      21     0      0      0      0      0      0      0      0      0      0      0      0      0      0      0      0      20     0      0      0      0      0      0      0      0      0      0      0     
0x2a5f5d5add70           STG.E desc[UR16][R2.64+0x10], R7                                         47     45     47     8192    262144    262144    32     32     0      0      0      Global                 Store      32     262144  0      0      0       0       229376 262144   32768    0             0      0      0      0      0      0      0      0      0      0      30     0      0      0      16     0      0      0      1      0      0      0      0      0      0      0      0      29     0      0      0      16     0      0      0      0      0      0      0      0     
0x2a5f5d5add80           NOP                                                                      0      0      0      8192    262144    262144    32     32     0      0      0      -                      -          -      0       0      0      0       0       0      0        0        0      -      0      0      0      0      0      0      0      0      0      0      0      0      0      0      0      0      0      0      0      0      0      0      0      0      0      0      0      0      0      0      0      0      0      0      0      0      0      0      0      0     
0x2a5f5d5add90           STG.E desc[UR16][R2.64+0x14], R9                                         85     84     85     8192    262144    262144    32     32     0      0      0      Global                 Store      32     262144  0      0      0       0       229376 262144   32768    0             0      0      0      0      0      0      0      0      0      0      70     0      0      0      13     0      0      1      0      1      0      0      0      0      0      0      0      70     0      0      0      13     0      0      0      0      1      0      0      0     
0x2a5f5d5adda0           LDTM R5, tmem[UR4+0x6]                                                   3      3      3      8192    262144    262144    32     32     0      0      0      Tmem                   Load       -      0       0      0      0       0       0      0        0        0      -      0      0      0      0      0      0      0      0      0      0      0      3      0      0      0      0      0      0      0      0      0      0      0      0      0      0      0      0      3      0      0      0      0      0      0      0      0      0      0      0     
0x2a5f5d5addb0           NOP                                                                      1      0      1      8192    262144    262144    32     32     0      0      0      -                      -          -      0       0      0      0       0       0      0        0        0      -      0      0      0      0      0      0      0      0      0      0      0      0      0      0      0      0      0      0      1      0      0      0      0      0      0      0      0      0      0      0      0      0      0      0      0      0      0      0      0      0     
0x2a5f5d5addc0           LDTM R11, tmem[UR5+0x7]                                                  20     19     20     8192    262144    262144    32     32     0      0      0      Tmem                   Load       -      0       0      0      0       0       0      0        0        0      -      0      0      0      0      0      0      0      0      0      0      0      19     0      0      0      0      0      0      1      0      0      0      0      0      0      0      0      0      19     0      0      0      0      0      0      0      0      0      0      0     
0x2a5f5d5addd0           STG.E desc[UR16][R2.64+0x18], R5                                         54     54     54     8192    262144    262144    32     32     0      0      0      Global                 Store      32     262144  0      0      0       0       229376 262144   32768    0             0      0      0      0      0      0      0      0      0      0      40     0      0      0      14     0      0      0      0      0      0      0      0      0      0      0      0      40     0      0      0      14     0      0      0      0      0      0      0      0     
0x2a5f5d5adde0           NOP                                                                      0      0      0      8192    262144    262144    32     32     0      0      0      -                      -          -      0       0      0      0       0       0      0        0        0      -      0      0      0      0      0      0      0      0      0      0      0      0      0      0      0      0      0      0      0      0      0      0      0      0      0      0      0      0      0      0      0      0      0      0      0      0      0      0      0      0     
0x2a5f5d5addf0           STG.E desc[UR16][R2.64+0x1c], R11                                        89     86     89     8192    262144    262144    32     32     0      0      0      Global                 Store      32     262144  0      0      0       0       229376 262144   32768    0             0      0      0      0      0      0      0      0      0      0      73     0      0      0      16     0      0      0      0      0      0      0      0      0      0      0      0      70     0      0      0      16     0      0      0      0      0      0      0      0     
0x2a5f5d5ade00           LDTM R7, tmem[UR4+0x8]                                                   31     28     31     8192    262144    262144    32     32     0      0      0      Tmem                   Load       -      0       0      0      0       0       0      0        0        0      -      0      0      0      0      0      0      0      0      0      0      0      31     0      0      0      0      0      0      0      0      0      0      0      0      0      0      0      0      28     0      0      0      0      0      0      0      0      0      0      0     
0x2a5f5d5ade10           NOP                                                                      0      0      0      8192    262144    262144    32     32     0      0      0      -                      -          -      0       0      0      0       0       0      0        0        0      -      0      0      0      0      0      0      0      0      0      0      0      0      0      0      0      0      0      0      0      0      0      0      0      0      0      0      0      0      0      0      0      0      0      0      0      0      0      0      0      0     
0x2a5f5d5ade20           LDTM R9, tmem[UR5+0x9]                                                   15     15     15     8192    262144    262144    32     32     0      0      0      Tmem                   Load       -      0       0      0      0       0       0      0        0        0      -      0      0      0      0      0      0      0      0      0      0      0      15     0      0      0      0      0      0      0      0      0      0      0      0      0      0      0      0      15     0      0      0      0      0      0      0      0      0      0      0     
0x2a5f5d5ade30           STG.E desc[UR16][R2.64+0x20], R7                                         27     27     27     8192    262144    262144    32     32     0      0      0      Global                 Store      32     262144  0      0      0       0       229376 262144   32768    0             0      0      0      0      0      0      0      0      0      0      22     0      0      0      5      0      0      0      0      0      0      0      0      0      0      0      0      22     0      0      0      5      0      0      0      0      0      0      0      0     
0x2a5f5d5ade40           NOP                                                                      0      0      0      8192    262144    262144    32     32     0      0      0      -                      -          -      0       0      0      0       0       0      0        0        0      -      0      0      0      0      0      0      0      0      0      0      0      0      0      0      0      0      0      0      0      0      0      0      0      0      0      0      0      0      0      0      0      0      0      0      0      0      0      0      0      0     
0x2a5f5d5ade50           STG.E desc[UR16][R2.64+0x24], R9                                         71     70     71     8192    262144    262144    32     32     0      0      0      Global                 Store      32     262144  0      0      0       0       229376 262144   32768    0             0      0      0      0      0      0      0      0      0      0      58     0      0      0      12     0      0      0      0      0      0      0      1      0      0      0      0      58     0      0      0      11     0      0      0      0      0      0      0      1     
0x2a5f5d5ade60           LDTM R5, tmem[UR4+0xa]                                                   8      8      8      8192    262144    262144    32     32     0      0      0      Tmem                   Load       -      0       0      0      0       0       0      0        0        0      -      0      0      0      0      0      0      0      0      0      0      0      8      0      0      0      0      0      0      0      0      0      0      0      0      0      0      0      0      8      0      0      0      0      0      0      0      0      0      0      0     
0x2a5f5d5ade70           NOP                                                                      0      0      0      8192    262144    262144    32     32     0      0      0      -                      -          -      0       0      0      0       0       0      0        0        0      -      0      0      0      0      0      0      0      0      0      0      0      0      0      0      0      0      0      0      0      0      0      0      0      0      0      0      0      0      0      0      0      0      0      0      0      0      0      0      0      0     
0x2a5f5d5ade80           LDTM R11, tmem[UR5+0xb]                                                  28     27     28     8192    262144    262144    32     32     0      0      0      Tmem                   Load       -      0       0      0      0       0       0      0        0        0      -      0      0      0      0      0      0      0      0      0      0      0      28     0      0      0      0      0      0      0      0      0      0      0      0      0      0      0      0      27     0      0      0      0      0      0      0      0      0      0      0     
0x2a5f5d5ade90           STG.E desc[UR16][R2.64+0x28], R5                                         30     28     30     8192    262144    262144    32     32     0      0      0      Global                 Store      32     262144  0      0      0       0       229376 262144   32768    0             0      0      0      0      0      0      0      0      0      0      21     0      0      0      9      0      0      0      0      0      0      0      0      0      0      0      0      20     0      0      0      8      0      0      0      0      0      0      0      0     
0x2a5f5d5adea0           NOP                                                                      1      0      1      8192    262144    262144    32     32     0      0      0      -                      -          -      0       0      0      0       0       0      0        0        0      -      0      0      0      0      0      0      0      0      0      0      0      0      0      0      0      0      0      0      1      0      0      0      0      0      0      0      0      0      0      0      0      0      0      0      0      0      0      0      0      0     
0x2a5f5d5adeb0           STG.E desc[UR16][R2.64+0x2c], R11                                        52     50     52     8192    262144    262144    32     32     0      0      0      Global                 Store      32     262144  0      0      0       0       229376 262144   32768    0             0      0      0      0      0      0      0      0      0      0      40     0      0      0      11     0      0      1      0      0      0      0      0      0      0      0      0      39     0      0      0      11     0      0      0      0      0      0      0      0     
0x2a5f5d5adec0           LDTM R7, tmem[UR4+0xc]                                                   45     45     45     8192    262144    262144    32     32     0      0      0      Tmem                   Load       -      0       0      0      0       0       0      0        0        0      -      0      0      0      0      0      0      0      0      0      0      0      45     0      0      0      0      0      0      0      0      0      0      0      0      0      0      0      0      45     0      0      0      0      0      0      0      0      0      0      0     
0x2a5f5d5aded0           NOP                                                                      0      0      0      8192    262144    262144    32     32     0      0      0      -                      -          -      0       0      0      0       0       0      0        0        0      -      0      0      0      0      0      0      0      0      0      0      0      0      0      0      0      0      0      0      0      0      0      0      0      0      0      0      0      0      0      0      0      0      0      0      0      0      0      0      0      0     
0x2a5f5d5adee0           LDTM R9, tmem[UR5+0xd]                                                   19     18     19     8192    262144    262144    32     32     0      0      0      Tmem                   Load       -      0       0      0      0       0       0      0        0        0      -      0      0      0      0      0      0      0      0      0      0      0      18     0      0      0      0      0      0      0      1      0      0      0      0      0      0      0      0      17     0      0      0      0      0      0      0      1      0      0      0     
0x2a5f5d5adef0           STG.E desc[UR16][R2.64+0x30], R7                                         26     25     26     8192    262144    262144    32     32     0      0      0      Global                 Store      32     262144  0      0      0       0       229376 262144   32768    0             0      0      0      0      0      0      0      0      0      0      20     0      0      0      5      0      0      1      0      0      0      0      0      0      0      0      0      20     0      0      0      5      0      0      0      0      0      0      0      0     
0x2a5f5d5adf00           NOP                                                                      0      0      0      8192    262144    262144    32     32     0      0      0      -                      -          -      0       0      0      0       0       0      0        0        0      -      0      0      0      0      0      0      0      0      0      0      0      0      0      0      0      0      0      0      0      0      0      0      0      0      0      0      0      0      0      0      0      0      0      0      0      0      0      0      0      0     
0x2a5f5d5adf10           STG.E desc[UR16][R2.64+0x34], R9                                         44     43     44     8192    262144    262144    32     32     0      0      0      Global                 Store      32     262144  0      0      0       0       229376 262144   32768    0             0      0      0      0      0      0      0      0      0      0      28     0      0      0      15     0      0      0      0      1      0      0      0      0      0      0      0      28     0      0      0      14     0      0      0      0      1      0      0      0     
0x2a5f5d5adf20           LDTM R5, tmem[UR4+0xe]                                                   31     30     31     8192    262144    262144    32     32     0      0      0      Tmem                   Load       -      0       0      0      0       0       0      0        0        0      -      0      0      0      0      0      0      0      0      0      0      0      31     0      0      0      0      0      0      0      0      0      0      0      0      0      0      0      0      30     0      0      0      0      0      0      0      0      0      0      0     
0x2a5f5d5adf30           NOP                                                                      0      0      0      8192    262144    262144    32     32     0      0      0      -                      -          -      0       0      0      0       0       0      0        0        0      -      0      0      0      0      0      0      0      0      0      0      0      0      0      0      0      0      0      0      0      0      0      0      0      0      0      0      0      0      0      0      0      0      0      0      0      0      0      0      0      0     
0x2a5f5d5adf40           LDTM R11, tmem[UR5+0xf]                                                  25     24     25     8192    262144    262144    32     32     0      0      0      Tmem                   Load       -      0       0      0      0       0       0      0        0        0      -      0      0      0      0      0      0      0      0      0      0      0      24     0      0      0      0      0      0      0      1      0      0      0      0      0      0      0      0      23     0      0      0      0      0      0      0      1      0      0      0     
0x2a5f5d5adf50           STG.E desc[UR16][R2.64+0x38], R5                                         19     19     19     8192    262144    262144    32     32     0      0      0      Global                 Store      32     262144  0      0      0       0       229376 262144   32768    0             0      0      0      0      0      0      0      0      0      0      14     0      0      0      5      0      0      0      0      0      0      0      0      0      0      0      0      14     0      0      0      5      0      0      0      0      0      0      0      0     
0x2a5f5d5adf60           NOP                                                                      0      0      0      8192    262144    262144    32     32     0      0      0      -                      -          -      0       0      0      0       0       0      0        0        0      -      0      0      0      0      0      0      0      0      0      0      0      0      0      0      0      0      0      0      0      0      0      0      0      0      0      0      0      0      0      0      0      0      0      0      0      0      0      0      0      0     
0x2a5f5d5adf70           STG.E desc[UR16][R2.64+0x3c], R11                                        42     40     42     8192    262144    262144    32     32     0      0      0      Global                 Store      32     262144  0      0      0       0       229376 262144   32768    0             0      0      0      0      0      0      0      0      0      0      33     0      0      0      6      0      0      1      1      1      0      0      0      0      0      0      0      33     0      0      0      6      0      0      0      0      1      0      0      0     
0x2a5f5d5adf80           LDTM R7, tmem[UR4+0x10]                                                  32     30     32     8192    262144    262144    32     32     0      0      0      Tmem                   Load       -      0       0      0      0       0       0      0        0        0      -      0      0      0      0      0      0      0      0      0      0      0      32     0      0      0      0      0      0      0      0      0      0      0      0      0      0      0      0      30     0      0      0      0      0      0      0      0      0      0      0     
0x2a5f5d5adf90           NOP                                                                      0      0      0      8192    262144    262144    32     32     0      0      0      -                      -          -      0       0      0      0       0       0      0        0        0      -      0      0      0      0      0      0      0      0      0      0      0      0      0      0      0      0      0      0      0      0      0      0      0      0      0      0      0      0      0      0      0      0      0      0      0      0      0      0      0      0     
0x2a5f5d5adfa0           LDTM R9, tmem[UR5+0x11]                                                  26     26     26     8192    262144    262144    32     32     0      0      0      Tmem                   Load       -      0       0      0      0       0       0      0        0        0      -      0      0      0      0      0      0      0      0      0      0      0      25     0      0      0      0      0      0      0      1      0      0      0      0      0      0      0      0      25     0      0      0      0      0      0      0      1      0      0      0     
0x2a5f5d5adfb0           STG.E desc[UR16][R2.64+0x40], R7                                         19     19     19     8192    262144    262144    32     32     0      0      0      Global                 Store      32     262144  0      0      0       0       229376 262144   32768    0             0      0      0      0      0      0      0      0      0      0      8      0      0      0      11     0      0      0      0      0      0      0      0      0      0      0      0      8      0      0      0      11     0      0      0      0      0      0      0      0     
0x2a5f5d5adfc0           NOP                                                                      0      0      0      8192    262144    262144    32     32     0      0      0      -                      -          -      0       0      0      0       0       0      0        0        0      -      0      0      0      0      0      0      0      0      0      0      0      0      0      0      0      0      0      0      0      0      0      0      0      0      0      0      0      0      0      0      0      0      0      0      0      0      0      0      0      0     
0x2a5f5d5adfd0           STG.E desc[UR16][R2.64+0x44], R9                                         30     29     30     8192    262144    262144    32     32     0      0      0      Global                 Store      32     262144  0      0      0       0       229376 262144   32768    0             0      0      0      0      0      0      0      0      0      0      23     0      0      0      6      0      0      0      1      0      0      0      0      0      0      0      0      23     0      0      0      6      0      0      0      0      0      0      0      0     
0x2a5f5d5adfe0           LDTM R5, tmem[UR4+0x12]                                                  22     22     22     8192    262144    262144    32     32     0      0      0      Tmem                   Load       -      0       0      0      0       0       0      0        0        0      -      0      0      0      0      0      0      0      0      0      0      0      22     0      0      0      0      0      0      0      0      0      0      0      0      0      0      0      0      22     0      0      0      0      0      0      0      0      0      0      0     
0x2a5f5d5adff0           NOP                                                                      0      0      0      8192    262144    262144    32     32     0      0      0      -                      -          -      0       0      0      0       0       0      0        0        0      -      0      0      0      0      0      0      0      0      0      0      0      0      0      0      0      0      0      0      0      0      0      0      0      0      0      0      0      0      0      0      0      0      0      0      0      0      0      0      0      0     
0x2a5f5d5ae000           LDTM R11, tmem[UR5+0x13]                                                 33     31     33     8192    262144    262144    32     32     0      0      0      Tmem                   Load       -      0       0      0      0       0       0      0        0        0      -      0      0      0      0      0      0      0      0      0      0      0      33     0      0      0      0      0      0      0      0      0      0      0      0      0      0      0      0      31     0      0      0      0      0      0      0      0      0      0      0     
0x2a5f5d5ae010           STG.E desc[UR16][R2.64+0x48], R5                                         16     16     16     8192    262144    262144    32     32     0      0      0      Global                 Store      32     262144  0      0      0       0       229376 262144   32768    0             0      0      0      0      0      0      0      0      0      0      10     0      0      0      6      0      0      0      0      0      0      0      0      0      0      0      0      10     0      0      0      6      0      0      0      0      0      0      0      0     
0x2a5f5d5ae020           NOP                                                                      0      0      0      8192    262144    262144    32     32     0      0      0      -                      -          -      0       0      0      0       0       0      0        0        0      -      0      0      0      0      0      0      0      0      0      0      0      0      0      0      0      0      0      0      0      0      0      0      0      0      0      0      0      0      0      0      0      0      0      0      0      0      0      0      0      0     
0x2a5f5d5ae030           STG.E desc[UR16][R2.64+0x4c], R11                                        38     37     38     8192    262144    262144    32     32     0      0      0      Global                 Store      32     262144  0      0      0       0       229376 262144   32768    0             0      0      0      0      0      0      0      0      0      0      32     0      0      0      5      0      0      0      0      1      0      0      0      0      0      0      0      31     0      0      0      5      0      0      0      0      1      0      0      0     
0x2a5f5d5ae040           LDTM R7, tmem[UR4+0x14]                                                  48     47     48     8192    262144    262144    32     32     0      0      0      Tmem                   Load       -      0       0      0      0       0       0      0        0        0      -      0      0      0      0      0      0      0      0      0      0      0      48     0      0      0      0      0      0      0      0      0      0      0      0      0      0      0      0      47     0      0      0      0      0      0      0      0      0      0      0     
0x2a5f5d5ae050           NOP                                                                      0      0      0      8192    262144    262144    32     32     0      0      0      -                      -          -      0       0      0      0       0       0      0        0        0      -      0      0      0      0      0      0      0      0      0      0      0      0      0      0      0      0      0      0      0      0      0      0      0      0      0      0      0      0      0      0      0      0      0      0      0      0      0      0      0      0     
0x2a5f5d5ae060           LDTM R9, tmem[UR5+0x15]                                                  26     26     26     8192    262144    262144    32     32     0      0      0      Tmem                   Load       -      0       0      0      0       0       0      0        0        0      -      0      0      0      0      0      0      0      0      0      0      0      26     0      0      0      0      0      0      0      0      0      0      0      0      0      0      0      0      26     0      0      0      0      0      0      0      0      0      0      0     
0x2a5f5d5ae070           STG.E desc[UR16][R2.64+0x50], R7                                         17     17     17     8192    262144    262144    32     32     0      0      0      Global                 Store      32     262144  0      0      0       0       229376 262144   32768    0             0      0      0      0      0      0      0      0      0      0      12     0      0      0      5      0      0      0      0      0      0      0      0      0      0      0      0      12     0      0      0      5      0      0      0      0      0      0      0      0     
0x2a5f5d5ae080           NOP                                                                      0      0      0      8192    262144    262144    32     32     0      0      0      -                      -          -      0       0      0      0       0       0      0        0        0      -      0      0      0      0      0      0      0      0      0      0      0      0      0      0      0      0      0      0      0      0      0      0      0      0      0      0      0      0      0      0      0      0      0      0      0      0      0      0      0      0     
0x2a5f5d5ae090           STG.E desc[UR16][R2.64+0x54], R9                                         38     36     38     8192    262144    262144    32     32     0      0      0      Global                 Store      32     262144  0      0      0       0       229376 262144   32768    0             0      0      0      0      0      0      0      0      0      0      32     0      0      0      4      0      0      1      1      0      0      0      0      0      0      0      0      32     0      0      0      4      0      0      0      0      0      0      0      0     
0x2a5f5d5ae0a0           LDTM R5, tmem[UR4+0x16]                                                  27     27     27     8192    262144    262144    32     32     0      0      0      Tmem                   Load       -      0       0      0      0       0       0      0        0        0      -      0      0      0      0      0      0      0      0      0      0      0      27     0      0      0      0      0      0      0      0      0      0      0      0      0      0      0      0      27     0      0      0      0      0      0      0      0      0      0      0     
0x2a5f5d5ae0b0           NOP                                                                      0      0      0      8192    262144    262144    32     32     0      0      0      -                      -          -      0       0      0      0       0       0      0        0        0      -      0      0      0      0      0      0      0      0      0      0      0      0      0      0      0      0      0      0      0      0      0      0      0      0      0      0      0      0      0      0      0      0      0      0      0      0      0      0      0      0     
0x2a5f5d5ae0c0           LDTM R11, tmem[UR5+0x17]                                                 23     22     23     8192    262144    262144    32     32     0      0      0      Tmem                   Load       -      0       0      0      0       0       0      0        0        0      -      0      0      0      0      0      0      0      0      0      0      0      23     0      0      0      0      0      0      0      0      0      0      0      0      0      0      0      0      22     0      0      0      0      0      0      0      0      0      0      0     
0x2a5f5d5ae0d0           STG.E desc[UR16][R2.64+0x58], R5                                         16     15     16     8192    262144    262144    32     32     0      0      0      Global                 Store      32     262144  0      0      0       0       229376 262144   32768    0             0      0      0      0      0      0      0      0      0      0      8      0      0      0      8      0      0      0      0      0      0      0      0      0      0      0      0      8      0      0      0      7      0      0      0      0      0      0      0      0     
0x2a5f5d5ae0e0           NOP                                                                      0      0      0      8192    262144    262144    32     32     0      0      0      -                      -          -      0       0      0      0       0       0      0        0        0      -      0      0      0      0      0      0      0      0      0      0      0      0      0      0      0      0      0      0      0      0      0      0      0      0      0      0      0      0      0      0      0      0      0      0      0      0      0      0      0      0     
0x2a5f5d5ae0f0           STG.E desc[UR16][R2.64+0x5c], R11                                        39     38     39     8192    262144    262144    32     32     0      0      0      Global                 Store      32     262144  0      0      0       0       229376 262144   32768    0             0      0      0      0      0      0      0      0      0      0      28     0      0      0      9      0      0      1      0      1      0      0      0      0      0      0      0      28     0      0      0      9      0      0      0      0      1      0      0      0     
0x2a5f5d5ae100           LDTM R7, tmem[UR4+0x18]                                                  42     42     42     8192    262144    262144    32     32     0      0      0      Tmem                   Load       -      0       0      0      0       0       0      0        0        0      -      0      0      0      0      0      0      0      0      0      0      0      42     0      0      0      0      0      0      0      0      0      0      0      0      0      0      0      0      42     0      0      0      0      0      0      0      0      0      0      0     
0x2a5f5d5ae110           NOP                                                                      0      0      0      8192    262144    262144    32     32     0      0      0      -                      -          -      0       0      0      0       0       0      0        0        0      -      0      0      0      0      0      0      0      0      0      0      0      0      0      0      0      0      0      0      0      0      0      0      0      0      0      0      0      0      0      0      0      0      0      0      0      0      0      0      0      0     
0x2a5f5d5ae120           LDTM R9, tmem[UR5+0x19]                                                  37     37     37     8192    262144    262144    32     32     0      0      0      Tmem                   Load       -      0       0      0      0       0       0      0        0        0      -      0      0      0      0      0      0      0      0      0      0      0      37     0      0      0      0      0      0      0      0      0      0      0      0      0      0      0      0      37     0      0      0      0      0      0      0      0      0      0      0     
0x2a5f5d5ae130           STG.E desc[UR16][R2.64+0x60], R7                                         16     15     16     8192    262144    262144    32     32     0      0      0      Global                 Store      32     262144  0      0      0       0       229376 262144   32768    0             0      0      0      0      0      0      0      0      0      0      11     0      0      0      4      0      0      0      1      0      0      0      0      0      0      0      0      11     0      0      0      4      0      0      0      0      0      0      0      0     
0x2a5f5d5ae140           NOP                                                                      1      0      1      8192    262144    262144    32     32     0      0      0      -                      -          -      0       0      0      0       0       0      0        0        0      -      0      0      0      0      0      0      0      0      0      0      0      0      0      0      0      0      0      0      1      0      0      0      0      0      0      0      0      0      0      0      0      0      0      0      0      0      0      0      0      0     
0x2a5f5d5ae150           STG.E desc[UR16][R2.64+0x64], R9                                         31     29     31     8192    262144    262144    32     32     0      0      0      Global                 Store      32     262144  0      0      0       0       229376 262144   32768    0             0      0      0      0      0      0      0      0      0      0      23     0      0      0      6      0      0      0      1      1      0      0      0      0      0      0      0      23     0      0      0      5      0      0      0      0      1      0      0      0     
0x2a5f5d5ae160           LDTM R5, tmem[UR4+0x1a]                                                  26     26     26     8192    262144    262144    32     32     0      0      0      Tmem                   Load       -      0       0      0      0       0       0      0        0        0      -      0      0      0      0      0      0      0      0      0      0      0      26     0      0      0      0      0      0      0      0      0      0      0      0      0      0      0      0      26     0      0      0      0      0      0      0      0      0      0      0     
0x2a5f5d5ae170           NOP                                                                      0      0      0      8192    262144    262144    32     32     0      0      0      -                      -          -      0       0      0      0       0       0      0        0        0      -      0      0      0      0      0      0      0      0      0      0      0      0      0      0      0      0      0      0      0      0      0      0      0      0      0      0      0      0      0      0      0      0      0      0      0      0      0      0      0      0     
0x2a5f5d5ae180           LDTM R11, tmem[UR5+0x1b]                                                 25     25     25     8192    262144    262144    32     32     0      0      0      Tmem                   Load       -      0       0      0      0       0       0      0        0        0      -      0      0      0      0      0      0      0      0      0      0      0      24     0      0      0      0      0      0      0      1      0      0      0      0      0      0      0      0      24     0      0      0      0      0      0      0      1      0      0      0     
0x2a5f5d5ae190           STG.E desc[UR16][R2.64+0x68], R5                                         16     16     16     8192    262144    262144    32     32     0      0      0      Global                 Store      32     262144  0      0      0       0       229376 262144   32768    0             0      0      0      0      0      0      0      0      0      0      12     0      0      0      4      0      0      0      0      0      0      0      0      0      0      0      0      12     0      0      0      4      0      0      0      0      0      0      0      0     
0x2a5f5d5ae1a0           NOP                                                                      0      0      0      8192    262144    262144    32     32     0      0      0      -                      -          -      0       0      0      0       0       0      0        0        0      -      0      0      0      0      0      0      0      0      0      0      0      0      0      0      0      0      0      0      0      0      0      0      0      0      0      0      0      0      0      0      0      0      0      0      0      0      0      0      0      0     
0x2a5f5d5ae1b0           STG.E desc[UR16][R2.64+0x6c], R11                                        46     46     46     8192    262144    262144    32     32     0      0      0      Global                 Store      32     262144  0      0      0       0       229376 262144   32768    0             0      0      0      0      0      0      0      0      0      0      32     0      0      0      13     0      0      0      0      1      0      0      0      0      0      0      0      32     0      0      0      13     0      0      0      0      1      0      0      0     
0x2a5f5d5ae1c0           LDTM R7, tmem[UR4+0x1c]                                                  38     37     38     8192    262144    262144    32     32     0      0      0      Tmem                   Load       -      0       0      0      0       0       0      0        0        0      -      0      0      0      0      0      0      0      0      0      0      0      37     0      0      0      0      0      0      1      0      0      0      0      0      0      0      0      0      37     0      0      0      0      0      0      0      0      0      0      0     
0x2a5f5d5ae1d0           NOP                                                                      0      0      0      8192    262144    262144    32     32     0      0      0      -                      -          -      0       0      0      0       0       0      0        0        0      -      0      0      0      0      0      0      0      0      0      0      0      0      0      0      0      0      0      0      0      0      0      0      0      0      0      0      0      0      0      0      0      0      0      0      0      0      0      0      0      0     
0x2a5f5d5ae1e0           LDTM R9, tmem[UR5+0x1d]                                                  38     38     38     8192    262144    262144    32     32     0      0      0      Tmem                   Load       -      0       0      0      0       0       0      0        0        0      -      0      0      0      0      0      0      0      0      0      0      0      38     0      0      0      0      0      0      0      0      0      0      0      0      0      0      0      0      38     0      0      0      0      0      0      0      0      0      0      0     
0x2a5f5d5ae1f0           STG.E desc[UR16][R2.64+0x70], R7                                         9      8      9      8192    262144    262144    32     32     0      0      0      Global                 Store      32     262144  0      0      0       0       229376 262144   32768    0             0      0      0      0      0      0      0      0      0      0      5      0      0      0      4      0      0      0      0      0      0      0      0      0      0      0      0      4      0      0      0      4      0      0      0      0      0      0      0      0     
0x2a5f5d5ae200           NOP                                                                      0      0      0      8192    262144    262144    32     32     0      0      0      -                      -          -      0       0      0      0       0       0      0        0        0      -      0      0      0      0      0      0      0      0      0      0      0      0      0      0      0      0      0      0      0      0      0      0      0      0      0      0      0      0      0      0      0      0      0      0      0      0      0      0      0      0     
0x2a5f5d5ae210           STG.E desc[UR16][R2.64+0x74], R9                                         38     36     38     8192    262144    262144    32     32     0      0      0      Global                 Store      32     262144  0      0      0       0       229376 262144   32768    0             0      0      0      0      0      0      0      0      0      0      29     0      0      0      9      0      0      0      0      0      0      0      0      0      0      0      0      28     0      0      0      8      0      0      0      0      0      0      0      0     
0x2a5f5d5ae220           LDTM R5, tmem[UR4+0x1e]                                                  40     39     40     8192    262144    262144    32     32     0      0      0      Tmem                   Load       -      0       0      0      0       0       0      0        0        0      -      0      0      0      0      0      0      0      0      0      0      0      40     0      0      0      0      0      0      0      0      0      0      0      0      0      0      0      0      39     0      0      0      0      0      0      0      0      0      0      0     
0x2a5f5d5ae230           NOP                                                                      0      0      0      8192    262144    262144    32     32     0      0      0      -                      -          -      0       0      0      0       0       0      0        0        0      -      0      0      0      0      0      0      0      0      0      0      0      0      0      0      0      0      0      0      0      0      0      0      0      0      0      0      0      0      0      0      0      0      0      0      0      0      0      0      0      0     
0x2a5f5d5ae240           LDTM R11, tmem[UR5+0x1f]                                                 28     27     28     8192    262144    262144    32     32     0      0      0      Tmem                   Load       -      0       0      0      0       0       0      0        0        0      -      0      0      0      0      0      0      0      0      0      0      0      27     0      0      0      0      0      0      0      1      0      0      0      0      0      0      0      0      26     0      0      0      0      0      0      0      1      0      0      0     
0x2a5f5d5ae250           STG.E desc[UR16][R2.64+0x78], R5                                         16     16     16     8192    262144    262144    32     32     0      0      0      Global                 Store      32     262144  0      0      0       0       229376 262144   32768    0             0      0      0      0      0      0      0      0      0      0      8      0      0      0      8      0      0      0      0      0      0      0      0      0      0      0      0      8      0      0      0      8      0      0      0      0      0      0      0      0     
0x2a5f5d5ae260           NOP                                                                      0      0      0      8192    262144    262144    32     32     0      0      0      -                      -          -      0       0      0      0       0       0      0        0        0      -      0      0      0      0      0      0      0      0      0      0      0      0      0      0      0      0      0      0      0      0      0      0      0      0      0      0      0      0      0      0      0      0      0      0      0      0      0      0      0      0     
0x2a5f5d5ae270           STG.E desc[UR16][R2.64+0x7c], R11                                        35     35     35     8192    262144    262144    32     32     0      0      0      Global                 Store      32     262144  0      0      0       0       229376 262144   32768    0             0      0      0      0      0      0      0      0      0      0      29     0      0      0      4      0      0      0      0      1      0      0      1      0      0      0      0      29     0      0      0      4      0      0      0      0      1      0      0      1     
0x2a5f5d5ae280           LDTM R7, tmem[UR4+0x20]                                                  55     55     55     8192    262144    262144    32     32     0      0      0      Tmem                   Load       -      0       0      0      0       0       0      0        0        0      -      0      0      0      0      0      0      0      0      0      0      0      55     0      0      0      0      0      0      0      0      0      0      0      0      0      0      0      0      55     0      0      0      0      0      0      0      0      0      0      0     
0x2a5f5d5ae290           NOP                                                                      0      0      0      8192    262144    262144    32     32     0      0      0      -                      -          -      0       0      0      0       0       0      0        0        0      -      0      0      0      0      0      0      0      0      0      0      0      0      0      0      0      0      0      0      0      0      0      0      0      0      0      0      0      0      0      0      0      0      0      0      0      0      0      0      0      0     
0x2a5f5d5ae2a0           LDTM R9, tmem[UR5+0x21]                                                  28     28     28     8192    262144    262144    32     32     0      0      0      Tmem                   Load       -      0       0      0      0       0       0      0        0        0      -      0      0      0      0      0      0      0      0      0      0      0      28     0      0      0      0      0      0      0      0      0      0      0      0      0      0      0      0      28     0      0      0      0      0      0      0      0      0      0      0     
0x2a5f5d5ae2b0           STG.E desc[UR16][R2.64+0x80], R7                                         13     12     13     8192    262144    262144    32     32     0      0      0      Global                 Store      32     262144  0      0      0       0       229376 262144   32768    0             0      0      0      0      0      0      0      0      0      0      10     0      0      0      3      0      0      0      0      0      0      0      0      0      0      0      0      9      0      0      0      3      0      0      0      0      0      0      0      0     
0x2a5f5d5ae2c0           NOP                                                                      0      0      0      8192    262144    262144    32     32     0      0      0      -                      -          -      0       0      0      0       0       0      0        0        0      -      0      0      0      0      0      0      0      0      0      0      0      0      0      0      0      0      0      0      0      0      0      0      0      0      0      0      0      0      0      0      0      0      0      0      0      0      0      0      0      0     
0x2a5f5d5ae2d0           STG.E desc[UR16][R2.64+0x84], R9                                         30     30     30     8192    262144    262144    32     32     0      0      0      Global                 Store      32     262144  0      0      0       0       229376 262144   32768    0             0      0      0      0      0      0      0      0      0      0      24     0      0      0      5      0      0      0      0      0      0      0      1      0      0      0      0      24     0      0      0      5      0      0      0      0      0      0      0      1     
0x2a5f5d5ae2e0           LDTM R5, tmem[UR4+0x22]                                                  53     53     53     8192    262144    262144    32     32     0      0      0      Tmem                   Load       -      0       0      0      0       0       0      0        0        0      -      0      0      0      0      0      0      0      0      0      0      0      53     0      0      0      0      0      0      0      0      0      0      0      0      0      0      0      0      53     0      0      0      0      0      0      0      0      0      0      0     
0x2a5f5d5ae2f0           NOP                                                                      0      0      0      8192    262144    262144    32     32     0      0      0      -                      -          -      0       0      0      0       0       0      0        0        0      -      0      0      0      0      0      0      0      0      0      0      0      0      0      0      0      0      0      0      0      0      0      0      0      0      0      0      0      0      0      0      0      0      0      0      0      0      0      0      0      0     
0x2a5f5d5ae300           LDTM R11, tmem[UR5+0x23]                                                 36     36     36     8192    262144    262144    32     32     0      0      0      Tmem                   Load       -      0       0      0      0       0       0      0        0        0      -      0      0      0      0      0      0      0      0      0      0      0      35     0      0      0      0      0      0      0      1      0      0      0      0      0      0      0      0      35     0      0      0      0      0      0      0      1      0      0      0     
0x2a5f5d5ae310           STG.E desc[UR16][R2.64+0x88], R5                                         9      9      9      8192    262144    262144    32     32     0      0      0      Global                 Store      32     262144  0      0      0       0       229376 262144   32768    0             0      0      0      0      0      0      0      0      0      0      6      0      0      0      3      0      0      0      0      0      0      0      0      0      0      0      0      6      0      0      0      3      0      0      0      0      0      0      0      0     
0x2a5f5d5ae320           NOP                                                                      1      0      1      8192    262144    262144    32     32     0      0      0      -                      -          -      0       0      0      0       0       0      0        0        0      -      0      0      0      0      0      0      0      0      0      0      0      0      0      0      0      0      0      0      1      0      0      0      0      0      0      0      0      0      0      0      0      0      0      0      0      0      0      0      0      0     
0x2a5f5d5ae330           STG.E desc[UR16][R2.64+0x8c], R11                                        32     32     32     8192    262144    262144    32     32     0      0      0      Global                 Store      32     262144  0      0      0       0       229376 262144   32768    0             0      0      0      0      0      0      0      0      0      0      26     0      0      0      5      0      0      0      0      1      0      0      0      0      0      0      0      26     0      0      0      5      0      0      0      0      1      0      0      0     
0x2a5f5d5ae340           LDTM R7, tmem[UR4+0x24]                                                  57     57     57     8192    262144    262144    32     32     0      0      0      Tmem                   Load       -      0       0      0      0       0       0      0        0        0      -      0      0      0      0      0      0      0      0      0      0      0      57     0      0      0      0      0      0      0      0      0      0      0      0      0      0      0      0      57     0      0      0      0      0      0      0      0      0      0      0     
0x2a5f5d5ae350           NOP                                                                      0      0      0      8192    262144    262144    32     32     0      0      0      -                      -          -      0       0      0      0       0       0      0        0        0      -      0      0      0      0      0      0      0      0      0      0      0      0      0      0      0      0      0      0      0      0      0      0      0      0      0      0      0      0      0      0      0      0      0      0      0      0      0      0      0      0     
0x2a5f5d5ae360           LDTM R9, tmem[UR5+0x25]                                                  32     30     32     8192    262144    262144    32     32     0      0      0      Tmem                   Load       -      0       0      0      0       0       0      0        0        0      -      0      0      0      0      0      0      0      0      0      0      0      31     0      0      0      0      0      0      1      0      0      0      0      0      0      0      0      0      30     0      0      0      0      0      0      0      0      0      0      0     
0x2a5f5d5ae370           STG.E desc[UR16][R2.64+0x90], R7                                         11     11     11     8192    262144    262144    32     32     0      0      0      Global                 Store      32     262144  0      0      0       0       229376 262144   32768    0             0      0      0      0      0      0      0      0      0      0      6      0      0      0      5      0      0      0      0      0      0      0      0      0      0      0      0      6      0      0      0      5      0      0      0      0      0      0      0      0     
0x2a5f5d5ae380           NOP                                                                      0      0      0      8192    262144    262144    32     32     0      0      0      -                      -          -      0       0      0      0       0       0      0        0        0      -      0      0      0      0      0      0      0      0      0      0      0      0      0      0      0      0      0      0      0      0      0      0      0      0      0      0      0      0      0      0      0      0      0      0      0      0      0      0      0      0     
0x2a5f5d5ae390           STG.E desc[UR16][R2.64+0x94], R9                                         29     29     29     8192    262144    262144    32     32     0      0      0      Global                 Store      32     262144  0      0      0       0       229376 262144   32768    0             0      0      0      0      0      0      0      0      0      0      21     0      0      0      7      0      0      0      0      1      0      0      0      0      0      0      0      21     0      0      0      7      0      0      0      0      1      0      0      0     
0x2a5f5d5ae3a0           LDTM R5, tmem[UR4+0x26]                                                  51     49     51     8192    262144    262144    32     32     0      0      0      Tmem                   Load       -      0       0      0      0       0       0      0        0        0      -      0      0      0      0      0      0      0      0      0      0      0      50     0      0      0      0      0      0      1      0      0      0      0      0      0      0      0      0      49     0      0      0      0      0      0      0      0      0      0      0     
0x2a5f5d5ae3b0           NOP                                                                      0      0      0      8192    262144    262144    32     32     0      0      0      -                      -          -      0       0      0      0       0       0      0        0        0      -      0      0      0      0      0      0      0      0      0      0      0      0      0      0      0      0      0      0      0      0      0      0      0      0      0      0      0      0      0      0      0      0      0      0      0      0      0      0      0      0     
0x2a5f5d5ae3c0           LDTM R11, tmem[UR5+0x27]                                                 24     23     24     8192    262144    262144    32     32     0      0      0      Tmem                   Load       -      0       0      0      0       0       0      0        0        0      -      0      0      0      0      0      0      0      0      0      0      0      24     0      0      0      0      0      0      0      0      0      0      0      0      0      0      0      0      23     0      0      0      0      0      0      0      0      0      0      0     
0x2a5f5d5ae3d0           STG.E desc[UR16][R2.64+0x98], R5                                         12     11     12     8192    262144    262144    32     32     0      0      0      Global                 Store      32     262144  0      0      0       0       229376 262144   32768    0             0      0      0      0      0      0      0      0      0      0      7      0      0      0      4      0      0      0      1      0      0      0      0      0      0      0      0      7      0      0      0      4      0      0      0      0      0      0      0      0     
0x2a5f5d5ae3e0           NOP                                                                      0      0      0      8192    262144    262144    32     32     0      0      0      -                      -          -      0       0      0      0       0       0      0        0        0      -      0      0      0      0      0      0      0      0      0      0      0      0      0      0      0      0      0      0      0      0      0      0      0      0      0      0      0      0      0      0      0      0      0      0      0      0      0      0      0      0     
0x2a5f5d5ae3f0           STG.E desc[UR16][R2.64+0x9c], R11                                        34     33     34     8192    262144    262144    32     32     0      0      0      Global                 Store      32     262144  0      0      0       0       229376 262144   32768    0             0      0      0      0      0      0      0      0      0      0      23     0      0      0      8      0      0      0      1      2      0      0      0      0      0      0      0      23     0      0      0      8      0      0      0      0      2      0      0      0     
0x2a5f5d5ae400           LDTM R7, tmem[UR4+0x28]                                                  38     37     38     8192    262144    262144    32     32     0      0      0      Tmem                   Load       -      0       0      0      0       0       0      0        0        0      -      0      0      0      0      0      0      0      0      0      0      0      38     0      0      0      0      0      0      0      0      0      0      0      0      0      0      0      0      37     0      0      0      0      0      0      0      0      0      0      0     
0x2a5f5d5ae410           NOP                                                                      0      0      0      8192    262144    262144    32     32     0      0      0      -                      -          -      0       0      0      0       0       0      0        0        0      -      0      0      0      0      0      0      0      0      0      0      0      0      0      0      0      0      0      0      0      0      0      0      0      0      0      0      0      0      0      0      0      0      0      0      0      0      0      0      0      0     
0x2a5f5d5ae420           LDTM R9, tmem[UR5+0x29]                                                  25     23     25     8192    262144    262144    32     32     0      0      0      Tmem                   Load       -      0       0      0      0       0       0      0        0        0      -      0      0      0      0      0      0      0      0      0      0      0      25     0      0      0      0      0      0      0      0      0      0      0      0      0      0      0      0      23     0      0      0      0      0      0      0      0      0      0      0     
0x2a5f5d5ae430           STG.E desc[UR16][R2.64+0xa0], R7                                         10     10     10     8192    262144    262144    32     32     0      0      0      Global                 Store      32     262144  0      0      0       0       229376 262144   32768    0             0      0      0      0      0      0      0      0      0      0      7      0      0      0      3      0      0      0      0      0      0      0      0      0      0      0      0      7      0      0      0      3      0      0      0      0      0      0      0      0     
0x2a5f5d5ae440           NOP                                                                      0      0      0      8192    262144    262144    32     32     0      0      0      -                      -          -      0       0      0      0       0       0      0        0        0      -      0      0      0      0      0      0      0      0      0      0      0      0      0      0      0      0      0      0      0      0      0      0      0      0      0      0      0      0      0      0      0      0      0      0      0      0      0      0      0      0     
0x2a5f5d5ae450           STG.E desc[UR16][R2.64+0xa4], R9                                         35     34     35     8192    262144    262144    32     32     0      0      0      Global                 Store      32     262144  0      0      0       0       229376 262144   32768    0             0      0      0      0      0      0      0      0      0      0      29     0      0      0      5      0      0      0      0      1      0      0      0      0      0      0      0      28     0      0      0      5      0      0      0      0      1      0      0      0     
0x2a5f5d5ae460           LDTM R5, tmem[UR4+0x2a]                                                  59     55     59     8192    262144    262144    32     32     0      0      0      Tmem                   Load       -      0       0      0      0       0       0      0        0        0      -      0      0      0      0      0      0      0      0      0      0      0      59     0      0      0      0      0      0      0      0      0      0      0      0      0      0      0      0      55     0      0      0      0      0      0      0      0      0      0      0     
0x2a5f5d5ae470           NOP                                                                      1      0      1      8192    262144    262144    32     32     0      0      0      -                      -          -      0       0      0      0       0       0      0        0        0      -      0      0      0      0      0      0      0      0      0      0      0      0      0      0      0      0      0      0      1      0      0      0      0      0      0      0      0      0      0      0      0      0      0      0      0      0      0      0      0      0     
0x2a5f5d5ae480           LDTM R11, tmem[UR5+0x2b]                                                 38     37     38     8192    262144    262144    32     32     0      0      0      Tmem                   Load       -      0       0      0      0       0       0      0        0        0      -      0      0      0      0      0      0      0      0      0      0      0      38     0      0      0      0      0      0      0      0      0      0      0      0      0      0      0      0      37     0      0      0      0      0      0      0      0      0      0      0     
0x2a5f5d5ae490           STG.E desc[UR16][R2.64+0xa8], R5                                         5      5      5      8192    262144    262144    32     32     0      0      0      Global                 Store      32     262144  0      0      0       0       229376 262144   32768    0             0      0      0      0      0      0      0      0      0      0      3      0      0      0      2      0      0      0      0      0      0      0      0      0      0      0      0      3      0      0      0      2      0      0      0      0      0      0      0      0     
0x2a5f5d5ae4a0           NOP                                                                      0      0      0      8192    262144    262144    32     32     0      0      0      -                      -          -      0       0      0      0       0       0      0        0        0      -      0      0      0      0      0      0      0      0      0      0      0      0      0      0      0      0      0      0      0      0      0      0      0      0      0      0      0      0      0      0      0      0      0      0      0      0      0      0      0      0     
0x2a5f5d5ae4b0           STG.E desc[UR16][R2.64+0xac], R11                                        28     28     28     8192    262144    262144    32     32     0      0      0      Global                 Store      32     262144  0      0      0       0       229376 262144   32768    0             0      0      0      0      0      0      0      0      0      0      17     0      0      0      10     0      0      0      0      1      0      0      0      0      0      0      0      17     0      0      0      10     0      0      0      0      1      0      0      0     
0x2a5f5d5ae4c0           LDTM R7, tmem[UR4+0x2c]                                                  56     54     56     8192    262144    262144    32     32     0      0      0      Tmem                   Load       -      0       0      0      0       0       0      0        0        0      -      0      0      0      0      0      0      0      0      0      0      0      55     0      0      0      0      0      0      1      0      0      0      0      0      0      0      0      0      54     0      0      0      0      0      0      0      0      0      0      0     
0x2a5f5d5ae4d0           NOP                                                                      0      0      0      8192    262144    262144    32     32     0      0      0      -                      -          -      0       0      0      0       0       0      0        0        0      -      0      0      0      0      0      0      0      0      0      0      0      0      0      0      0      0      0      0      0      0      0      0      0      0      0      0      0      0      0      0      0      0      0      0      0      0      0      0      0      0     
0x2a5f5d5ae4e0           LDTM R9, tmem[UR5+0x2d]                                                  34     33     34     8192    262144    262144    32     32     0      0      0      Tmem                   Load       -      0       0      0      0       0       0      0        0        0      -      0      0      0      0      0      0      0      0      0      0      0      34     0      0      0      0      0      0      0      0      0      0      0      0      0      0      0      0      33     0      0      0      0      0      0      0      0      0      0      0     
0x2a5f5d5ae4f0           STG.E desc[UR16][R2.64+0xb0], R7                                         10     10     10     8192    262144    262144    32     32     0      0      0      Global                 Store      32     262144  0      0      0       0       229376 262144   32768    0             0      0      0      0      0      0      0      0      0      0      7      0      0      0      3      0      0      0      0      0      0      0      0      0      0      0      0      7      0      0      0      3      0      0      0      0      0      0      0      0     
0x2a5f5d5ae500           NOP                                                                      0      0      0      8192    262144    262144    32     32     0      0      0      -                      -          -      0       0      0      0       0       0      0        0        0      -      0      0      0      0      0      0      0      0      0      0      0      0      0      0      0      0      0      0      0      0      0      0      0      0      0      0      0      0      0      0      0      0      0      0      0      0      0      0      0      0     
0x2a5f5d5ae510           STG.E desc[UR16][R2.64+0xb4], R9                                         29     28     29     8192    262144    262144    32     32     0      0      0      Global                 Store      32     262144  0      0      0       0       229376 262144   32768    0             0      0      0      0      0      0      0      0      0      0      21     0      0      0      7      0      0      0      0      1      0      0      0      0      0      0      0      20     0      0      0      7      0      0      0      0      1      0      0      0     
0x2a5f5d5ae520           LDTM R5, tmem[UR4+0x2e]                                                  53     52     53     8192    262144    262144    32     32     0      0      0      Tmem                   Load       -      0       0      0      0       0       0      0        0        0      -      0      0      0      0      0      0      0      0      0      0      0      52     0      0      0      0      0      1      0      0      0      0      0      0      0      0      0      0      52     0      0      0      0      0      0      0      0      0      0      0     
0x2a5f5d5ae530           NOP                                                                      0      0      0      8192    262144    262144    32     32     0      0      0      -                      -          -      0       0      0      0       0       0      0        0        0      -      0      0      0      0      0      0      0      0      0      0      0      0      0      0      0      0      0      0      0      0      0      0      0      0      0      0      0      0      0      0      0      0      0      0      0      0      0      0      0      0     
0x2a5f5d5ae540           LDTM R11, tmem[UR5+0x2f]                                                 29     29     29     8192    262144    262144    32     32     0      0      0      Tmem                   Load       -      0       0      0      0       0       0      0        0        0      -      0      0      0      0      0      0      0      0      0      0      0      29     0      0      0      0      0      0      0      0      0      0      0      0      0      0      0      0      29     0      0      0      0      0      0      0      0      0      0      0     
0x2a5f5d5ae550           STG.E desc[UR16][R2.64+0xb8], R5                                         6      6      6      8192    262144    262144    32     32     0      0      0      Global                 Store      32     262144  0      0      0       0       229376 262144   32768    0             0      0      0      0      0      0      0      0      0      0      3      0      0      0      3      0      0      0      0      0      0      0      0      0      0      0      0      3      0      0      0      3      0      0      0      0      0      0      0      0     
0x2a5f5d5ae560           NOP                                                                      0      0      0      8192    262144    262144    32     32     0      0      0      -                      -          -      0       0      0      0       0       0      0        0        0      -      0      0      0      0      0      0      0      0      0      0      0      0      0      0      0      0      0      0      0      0      0      0      0      0      0      0      0      0      0      0      0      0      0      0      0      0      0      0      0      0     
0x2a5f5d5ae570           STG.E desc[UR16][R2.64+0xbc], R11                                        31     31     31     8192    262144    262144    32     32     0      0      0      Global                 Store      32     262144  0      0      0       0       229376 262144   32768    0             0      0      0      0      0      0      0      0      0      0      21     0      0      0      9      0      0      0      0      1      0      0      0      0      0      0      0      21     0      0      0      9      0      0      0      0      1      0      0      0     
0x2a5f5d5ae580           LDTM R7, tmem[UR4+0x30]                                                  67     66     67     8192    262144    262144    32     32     0      0      0      Tmem                   Load       -      0       0      0      0       0       0      0        0        0      -      0      0      0      0      0      0      0      0      0      0      0      67     0      0      0      0      0      0      0      0      0      0      0      0      0      0      0      0      66     0      0      0      0      0      0      0      0      0      0      0     
0x2a5f5d5ae590           NOP                                                                      0      0      0      8192    262144    262144    32     32     0      0      0      -                      -          -      0       0      0      0       0       0      0        0        0      -      0      0      0      0      0      0      0      0      0      0      0      0      0      0      0      0      0      0      0      0      0      0      0      0      0      0      0      0      0      0      0      0      0      0      0      0      0      0      0      0     
0x2a5f5d5ae5a0           LDTM R9, tmem[UR5+0x31]                                                  26     26     26     8192    262144    262144    32     32     0      0      0      Tmem                   Load       -      0       0      0      0       0       0      0        0        0      -      0      0      0      0      0      0      0      0      0      0      0      26     0      0      0      0      0      0      0      0      0      0      0      0      0      0      0      0      26     0      0      0      0      0      0      0      0      0      0      0     
0x2a5f5d5ae5b0           STG.E desc[UR16][R2.64+0xc0], R7                                         6      6      6      8192    262144    262144    32     32     0      0      0      Global                 Store      32     262144  0      0      0       0       229376 262144   32768    0             0      0      0      0      0      0      0      0      0      0      4      0      0      0      2      0      0      0      0      0      0      0      0      0      0      0      0      4      0      0      0      2      0      0      0      0      0      0      0      0     
0x2a5f5d5ae5c0           NOP                                                                      0      0      0      8192    262144    262144    32     32     0      0      0      -                      -          -      0       0      0      0       0       0      0        0        0      -      0      0      0      0      0      0      0      0      0      0      0      0      0      0      0      0      0      0      0      0      0      0      0      0      0      0      0      0      0      0      0      0      0      0      0      0      0      0      0      0     
0x2a5f5d5ae5d0           STG.E desc[UR16][R2.64+0xc4], R9                                         28     26     28     8192    262144    262144    32     32     0      0      0      Global                 Store      32     262144  0      0      0       0       229376 262144   32768    0             0      0      0      0      0      0      0      0      0      0      25     0      0      0      3      0      0      0      0      0      0      0      0      0      0      0      0      23     0      0      0      3      0      0      0      0      0      0      0      0     
0x2a5f5d5ae5e0           LDTM R5, tmem[UR4+0x32]                                                  43     42     43     8192    262144    262144    32     32     0      0      0      Tmem                   Load       -      0       0      0      0       0       0      0        0        0      -      0      0      0      0      0      0      0      0      0      0      0      43     0      0      0      0      0      0      0      0      0      0      0      0      0      0      0      0      42     0      0      0      0      0      0      0      0      0      0      0     
0x2a5f5d5ae5f0           NOP                                                                      0      0      0      8192    262144    262144    32     32     0      0      0      -                      -          -      0       0      0      0       0       0      0        0        0      -      0      0      0      0      0      0      0      0      0      0      0      0      0      0      0      0      0      0      0      0      0      0      0      0      0      0      0      0      0      0      0      0      0      0      0      0      0      0      0      0     
0x2a5f5d5ae600           LDTM R11, tmem[UR5+0x33]                                                 22     21     22     8192    262144    262144    32     32     0      0      0      Tmem                   Load       -      0       0      0      0       0       0      0        0        0      -      0      0      0      0      0      0      0      0      0      0      0      22     0      0      0      0      0      0      0      0      0      0      0      0      0      0      0      0      21     0      0      0      0      0      0      0      0      0      0      0     
0x2a5f5d5ae610           STG.E desc[UR16][R2.64+0xc8], R5                                         4      4      4      8192    262144    262144    32     32     0      0      0      Global                 Store      32     262144  0      0      0       0       229376 262144   32768    0             0      0      0      0      0      0      0      0      0      0      4      0      0      0      0      0      0      0      0      0      0      0      0      0      0      0      0      4      0      0      0      0      0      0      0      0      0      0      0      0     
0x2a5f5d5ae620           NOP                                                                      0      0      0      8192    262144    262144    32     32     0      0      0      -                      -          -      0       0      0      0       0       0      0        0        0      -      0      0      0      0      0      0      0      0      0      0      0      0      0      0      0      0      0      0      0      0      0      0      0      0      0      0      0      0      0      0      0      0      0      0      0      0      0      0      0      0     
0x2a5f5d5ae630           STG.E desc[UR16][R2.64+0xcc], R11                                        33     32     33     8192    262144    262144    32     32     0      0      0      Global                 Store      32     262144  0      0      0       0       229376 262144   32768    0             0      0      0      0      0      0      0      0      0      0      23     0      0      0      7      0      0      0      0      3      0      0      0      0      0      0      0      22     0      0      0      7      0      0      0      0      3      0      0      0     
0x2a5f5d5ae640           LDTM R7, tmem[UR4+0x34]                                                  72     70     72     8192    262144    262144    32     32     0      0      0      Tmem                   Load       -      0       0      0      0       0       0      0        0        0      -      0      0      0      0      0      0      0      0      0      0      0      72     0      0      0      0      0      0      0      0      0      0      0      0      0      0      0      0      70     0      0      0      0      0      0      0      0      0      0      0     
0x2a5f5d5ae650           NOP                                                                      0      0      0      8192    262144    262144    32     32     0      0      0      -                      -          -      0       0      0      0       0       0      0        0        0      -      0      0      0      0      0      0      0      0      0      0      0      0      0      0      0      0      0      0      0      0      0      0      0      0      0      0      0      0      0      0      0      0      0      0      0      0      0      0      0      0     
0x2a5f5d5ae660           LDTM R9, tmem[UR5+0x35]                                                  25     25     25     8192    262144    262144    32     32     0      0      0      Tmem                   Load       -      0       0      0      0       0       0      0        0        0      -      0      0      0      0      0      0      0      0      0      0      0      25     0      0      0      0      0      0      0      0      0      0      0      0      0      0      0      0      25     0      0      0      0      0      0      0      0      0      0      0     
0x2a5f5d5ae670           STG.E desc[UR16][R2.64+0xd0], R7                                         4      3      4      8192    262144    262144    32     32     0      0      0      Global                 Store      32     262144  0      0      0       0       229376 262144   32768    0             0      0      0      0      0      0      0      0      0      0      3      0      0      0      1      0      0      0      0      0      0      0      0      0      0      0      0      2      0      0      0      1      0      0      0      0      0      0      0      0     
0x2a5f5d5ae680           NOP                                                                      0      0      0      8192    262144    262144    32     32     0      0      0      -                      -          -      0       0      0      0       0       0      0        0        0      -      0      0      0      0      0      0      0      0      0      0      0      0      0      0      0      0      0      0      0      0      0      0      0      0      0      0      0      0      0      0      0      0      0      0      0      0      0      0      0      0     
0x2a5f5d5ae690           STG.E desc[UR16][R2.64+0xd4], R9                                         24     24     24     8192    262144    262144    32     32     0      0      0      Global                 Store      32     262144  0      0      0       0       229376 262144   32768    0             0      0      0      0      0      0      0      0      0      0      13     0      0      0      9      0      0      0      0      2      0      0      0      0      0      0      0      13     0      0      0      9      0      0      0      0      2      0      0      0     
0x2a5f5d5ae6a0           LDTM R5, tmem[UR4+0x36]                                                  55     53     55     8192    262144    262144    32     32     0      0      0      Tmem                   Load       -      0       0      0      0       0       0      0        0        0      -      0      0      0      0      0      0      0      0      0      0      0      55     0      0      0      0      0      0      0      0      0      0      0      0      0      0      0      0      53     0      0      0      0      0      0      0      0      0      0      0     
0x2a5f5d5ae6b0           NOP                                                                      1      0      1      8192    262144    262144    32     32     0      0      0      -                      -          -      0       0      0      0       0       0      0        0        0      -      0      0      0      0      0      0      0      0      0      0      0      0      0      0      0      0      0      0      1      0      0      0      0      0      0      0      0      0      0      0      0      0      0      0      0      0      0      0      0      0     
0x2a5f5d5ae6c0           LDTM R11, tmem[UR5+0x37]                                                 21     21     21     8192    262144    262144    32     32     0      0      0      Tmem                   Load       -      0       0      0      0       0       0      0        0        0      -      0      0      0      0      0      0      0      0      0      0      0      21     0      0      0      0      0      0      0      0      0      0      0      0      0      0      0      0      21     0      0      0      0      0      0      0      0      0      0      0     
0x2a5f5d5ae6d0           STG.E desc[UR16][R2.64+0xd8], R5                                         5      5      5      8192    262144    262144    32     32     0      0      0      Global                 Store      32     262144  0      0      0       0       229376 262144   32768    0             0      0      0      0      0      0      0      0      0      0      3      0      0      0      2      0      0      0      0      0      0      0      0      0      0      0      0      3      0      0      0      2      0      0      0      0      0      0      0      0     
0x2a5f5d5ae6e0           NOP                                                                      0      0      0      8192    262144    262144    32     32     0      0      0      -                      -          -      0       0      0      0       0       0      0        0        0      -      0      0      0      0      0      0      0      0      0      0      0      0      0      0      0      0      0      0      0      0      0      0      0      0      0      0      0      0      0      0      0      0      0      0      0      0      0      0      0      0     
0x2a5f5d5ae6f0           STG.E desc[UR16][R2.64+0xdc], R11                                        32     32     32     8192    262144    262144    32     32     0      0      0      Global                 Store      32     262144  0      0      0       0       229376 262144   32768    0             0      0      0      0      0      0      0      0      0      0      25     0      0      0      6      0      0      0      0      0      0      0      1      0      0      0      0      25     0      0      0      6      0      0      0      0      0      0      0      1     
0x2a5f5d5ae700           LDTM R7, tmem[UR4+0x38]                                                  60     59     60     8192    262144    262144    32     32     0      0      0      Tmem                   Load       -      0       0      0      0       0       0      0        0        0      -      0      0      0      0      0      0      0      0      0      0      0      60     0      0      0      0      0      0      0      0      0      0      0      0      0      0      0      0      59     0      0      0      0      0      0      0      0      0      0      0     
0x2a5f5d5ae710           NOP                                                                      1      0      1      8192    262144    262144    32     32     0      0      0      -                      -          -      0       0      0      0       0       0      0        0        0      -      0      0      0      0      0      0      0      0      0      0      0      0      0      0      0      0      0      0      1      0      0      0      0      0      0      0      0      0      0      0      0      0      0      0      0      0      0      0      0      0     
0x2a5f5d5ae720           LDTM R9, tmem[UR5+0x39]                                                  31     31     31     8192    262144    262144    32     32     0      0      0      Tmem                   Load       -      0       0      0      0       0       0      0        0        0      -      0      0      0      0      0      0      0      0      0      0      0      31     0      0      0      0      0      0      0      0      0      0      0      0      0      0      0      0      31     0      0      0      0      0      0      0      0      0      0      0     
0x2a5f5d5ae730           STG.E desc[UR16][R2.64+0xe0], R7                                         5      5      5      8192    262144    262144    32     32     0      0      0      Global                 Store      32     262144  0      0      0       0       229376 262144   32768    0             0      0      0      0      0      0      0      0      0      0      2      0      0      0      3      0      0      0      0      0      0      0      0      0      0      0      0      2      0      0      0      3      0      0      0      0      0      0      0      0     
0x2a5f5d5ae740           NOP                                                                      0      0      0      8192    262144    262144    32     32     0      0      0      -                      -          -      0       0      0      0       0       0      0        0        0      -      0      0      0      0      0      0      0      0      0      0      0      0      0      0      0      0      0      0      0      0      0      0      0      0      0      0      0      0      0      0      0      0      0      0      0      0      0      0      0      0     
0x2a5f5d5ae750           STG.E desc[UR16][R2.64+0xe4], R9                                         29     29     29     8192    262144    262144    32     32     0      0      0      Global                 Store      32     262144  0      0      0       0       229376 262144   32768    0             0      0      0      0      0      0      0      0      0      0      18     0      0      0      9      0      0      0      0      2      0      0      0      0      0      0      0      18     0      0      0      9      0      0      0      0      2      0      0      0     
0x2a5f5d5ae760           LDTM R5, tmem[UR4+0x3a]                                                  75     74     75     8192    262144    262144    32     32     0      0      0      Tmem                   Load       -      0       0      0      0       0       0      0        0        0      -      0      0      0      0      0      0      0      0      0      0      0      75     0      0      0      0      0      0      0      0      0      0      0      0      0      0      0      0      74     0      0      0      0      0      0      0      0      0      0      0     
0x2a5f5d5ae770           NOP                                                                      0      0      0      8192    262144    262144    32     32     0      0      0      -                      -          -      0       0      0      0       0       0      0        0        0      -      0      0      0      0      0      0      0      0      0      0      0      0      0      0      0      0      0      0      0      0      0      0      0      0      0      0      0      0      0      0      0      0      0      0      0      0      0      0      0      0     
0x2a5f5d5ae780           LDTM R11, tmem[UR5+0x3b]                                                 28     28     28     8192    262144    262144    32     32     0      0      0      Tmem                   Load       -      0       0      0      0       0       0      0        0        0      -      0      0      0      0      0      0      0      0      0      0      0      28     0      0      0      0      0      0      0      0      0      0      0      0      0      0      0      0      28     0      0      0      0      0      0      0      0      0      0      0     
0x2a5f5d5ae790           STG.E desc[UR16][R2.64+0xe8], R5                                         7      6      7      8192    262144    262144    32     32     0      0      0      Global                 Store      32     262144  0      0      0       0       229376 262144   32768    0             0      0      0      0      0      0      0      0      0      0      2      0      0      0      5      0      0      0      0      0      0      0      0      0      0      0      0      1      0      0      0      5      0      0      0      0      0      0      0      0     
0x2a5f5d5ae7a0           NOP                                                                      0      0      0      8192    262144    262144    32     32     0      0      0      -                      -          -      0       0      0      0       0       0      0        0        0      -      0      0      0      0      0      0      0      0      0      0      0      0      0      0      0      0      0      0      0      0      0      0      0      0      0      0      0      0      0      0      0      0      0      0      0      0      0      0      0      0     
0x2a5f5d5ae7b0           STG.E desc[UR16][R2.64+0xec], R11                                        18     18     18     8192    262144    262144    32     32     0      0      0      Global                 Store      32     262144  0      0      0       0       229376 262144   32768    0             0      0      0      0      0      0      0      0      0      0      14     0      0      0      3      0      0      0      0      1      0      0      0      0      0      0      0      14     0      0      0      3      0      0      0      0      1      0      0      0     
0x2a5f5d5ae7c0           LDTM R7, tmem[UR4+0x3c]                                                  52     50     52     8192    262144    262144    32     32     0      0      0      Tmem                   Load       -      0       0      0      0       0       0      0        0        0      -      0      0      0      0      0      0      0      0      0      0      0      52     0      0      0      0      0      0      0      0      0      0      0      0      0      0      0      0      50     0      0      0      0      0      0      0      0      0      0      0     
0x2a5f5d5ae7d0           NOP                                                                      0      0      0      8192    262144    262144    32     32     0      0      0      -                      -          -      0       0      0      0       0       0      0        0        0      -      0      0      0      0      0      0      0      0      0      0      0      0      0      0      0      0      0      0      0      0      0      0      0      0      0      0      0      0      0      0      0      0      0      0      0      0      0      0      0      0     
0x2a5f5d5ae7e0           LDTM R9, tmem[UR5+0x3d]                                                  32     31     32     8192    262144    262144    32     32     0      0      0      Tmem                   Load       -      0       0      0      0       0       0      0        0        0      -      0      0      0      0      0      0      0      0      0      0      0      32     0      0      0      0      0      0      0      0      0      0      0      0      0      0      0      0      31     0      0      0      0      0      0      0      0      0      0      0     
0x2a5f5d5ae7f0           STG.E desc[UR16][R2.64+0xf0], R7                                         6      6      6      8192    262144    262144    32     32     0      0      0      Global                 Store      32     262144  0      0      0       0       229376 262144   32768    0             0      0      0      0      0      0      0      0      0      0      4      0      0      0      2      0      0      0      0      0      0      0      0      0      0      0      0      4      0      0      0      2      0      0      0      0      0      0      0      0     
0x2a5f5d5ae800           NOP                                                                      0      0      0      8192    262144    262144    32     32     0      0      0      -                      -          -      0       0      0      0       0       0      0        0        0      -      0      0      0      0      0      0      0      0      0      0      0      0      0      0      0      0      0      0      0      0      0      0      0      0      0      0      0      0      0      0      0      0      0      0      0      0      0      0      0      0     
0x2a5f5d5ae810           STG.E desc[UR16][R2.64+0xf4], R9                                         20     20     20     8192    262144    262144    32     32     0      0      0      Global                 Store      32     262144  0      0      0       0       229376 262144   32768    0             0      0      0      0      0      0      0      0      0      0      16     0      0      0      4      0      0      0      0      0      0      0      0      0      0      0      0      16     0      0      0      4      0      0      0      0      0      0      0      0     
0x2a5f5d5ae820           LDTM R5, tmem[UR4+0x3e]                                                  47     45     47     8192    262144    262144    32     32     0      0      0      Tmem                   Load       -      0       0      0      0       0       0      0        0        0      -      0      0      0      0      0      0      0      0      0      0      0      47     0      0      0      0      0      0      0      0      0      0      0      0      0      0      0      0      45     0      0      0      0      0      0      0      0      0      0      0     
0x2a5f5d5ae830           NOP                                                                      0      0      0      8192    262144    262144    32     32     0      0      0      -                      -          -      0       0      0      0       0       0      0        0        0      -      0      0      0      0      0      0      0      0      0      0      0      0      0      0      0      0      0      0      0      0      0      0      0      0      0      0      0      0      0      0      0      0      0      0      0      0      0      0      0      0     
0x2a5f5d5ae840           LDTM R11, tmem[UR5+0x3f]                                                 27     27     27     8192    262144    262144    32     32     0      0      0      Tmem                   Load       -      0       0      0      0       0       0      0        0        0      -      0      0      0      0      0      0      0      0      0      0      0      27     0      0      0      0      0      0      0      0      0      0      0      0      0      0      0      0      27     0      0      0      0      0      0      0      0      0      0      0     
0x2a5f5d5ae850           STG.E desc[UR16][R2.64+0xf8], R5                                         3      3      3      8192    262144    262144    32     32     0      0      0      Global                 Store      32     262144  0      0      0       0       229376 262144   32768    0             0      0      0      0      0      0      0      0      0      0      3      0      0      0      0      0      0      0      0      0      0      0      0      0      0      0      0      3      0      0      0      0      0      0      0      0      0      0      0      0     
0x2a5f5d5ae860           NOP                                                                      0      0      0      8192    262144    262144    32     32     0      0      0      -                      -          -      0       0      0      0       0       0      0        0        0      -      0      0      0      0      0      0      0      0      0      0      0      0      0      0      0      0      0      0      0      0      0      0      0      0      0      0      0      0      0      0      0      0      0      0      0      0      0      0      0      0     
0x2a5f5d5ae870           STG.E desc[UR16][R2.64+0xfc], R11                                        28     25     28     8192    262144    262144    32     32     0      0      0      Global                 Store      32     262144  0      0      0       0       229376 262144   32768    0             0      0      0      0      0      0      0      0      0      0      17     0      0      0      9      0      0      0      1      0      0      0      1      0      0      0      0      16     0      0      0      8      0      0      0      0      0      0      0      1     
0x2a5f5d5ae880           BAR.SYNC.DEFER_BLOCKING 0x0                                              0      0      0      8192    262144    262144    32     32     0      0      0      -                      -          -      0       0      0      0       0       0      0        0        0      -      0      0      0      0      0      0      0      0      0      0      0      0      0      0      0      0      0      0      0      0      0      0      0      0      0      0      0      0      0      0      0      0      0      0      0      0      0      0      0      0     
0x2a5f5d5ae890     @!P0  BRA 0x2a5f5d5aeb20                                                       184    182    184    8192    262144    196608    32     24     8      8      0      -                      -          -      0       0      0      0       0       0      0        0        0      -      0      0      0      0      0      0      184    0      0      0      0      0      0      0      0      0      0      0      0      0      0      0      0      182    0      0      0      0      0      0      0      0      0      0      0      0      0      0      0      0     
0x2a5f5d5ae8a0           MOV R3, 0x40                                                             15     15     15     2048    65536     65536     32     32     8      0      0      -                      -          -      0       0      0      0       0       0      0        0        0      -      0      0      0      0      0      0      0      0      0      0      0      14     0      0      0      0      0      0      0      0      0      0      1      0      0      0      0      0      14     0      0      0      0      0      0      0      0      0      0      1     
0x2a5f5d5ae8b0           WARPSYNC.ALL                                                             0      0      0      2048    65536     65536     32     32     0      0      0      -                      -          -      0       0      0      0       0       0      0        0        0      -      0      0      0      0      0      0      0      0      0      0      0      0      0      0      0      0      0      0      0      0      0      0      0      0      0      0      0      0      0      0      0      0      0      0      0      0      0      0      0      0     
0x2a5f5d5ae8c0           LEA R20, R20, R3, 0x18                                                   0      0      0      2048    65536     65536     32     32     0      0      0      -                      -          -      0       0      0      0       0       0      0        0        0      -      0      0      0      0      0      0      0      0      0      0      0      0      0      0      0      0      0      0      0      0      0      0      0      0      0      0      0      0      0      0      0      0      0      0      0      0      0      0      0      0     
0x2a5f5d5ae8d0           IMAD.U32 R2, RZ, RZ, UR21                                                0      0      0      2048    65536     65536     32     32     0      0      0      -                      -          -      0       0      0      0       0       0      0        0        0      -      0      0      0      0      0      0      0      0      0      0      0      0      0      0      0      0      0      0      0      0      0      0      0      0      0      0      0      0      0      0      0      0      0      0      0      0      0      0      0      0     
0x2a5f5d5ae8e0           UMOV UR5, 0x3                                                            0      0      0      2048    65536     65536     32     32     0      0      0      -                      -          -      0       0      0      0       0       0      0        0        0      -      0      0      0      0      0      0      0      0      0      0      0      0      0      0      0      0      0      0      0      0      0      0      0      0      0      0      0      0      0      0      0      0      0      0      0      0      0      0      0      0     
0x2a5f5d5ae8f0           UMOV UR6, 0x1                                                            0      0      0      2048    65536     65536     32     32     0      0      0      -                      -          -      0       0      0      0       0       0      0        0        0      -      0      0      0      0      0      0      0      0      0      0      0      0      0      0      0      0      0      0      0      0      0      0      0      0      0      0      0      0      0      0      0      0      0      0      0      0      0      0      0      0     
0x2a5f5d5ae900           LDS R3, [R20+0x14]                                                       3      3      3      2048    65536     65536     32     32     0      0      0      Shared                 Load       32     0       1      0      2048    2048    0      0        0        0      -      0      0      0      0      0      0      0      0      0      0      0      0      0      0      3      0      0      0      0      0      0      0      0      0      0      0      0      0      0      0      0      3      0      0      0      0      0      0      0      0     
0x2a5f5d5ae910           LOP3.LUT R2, R2, 0xffff, RZ, 0xc0, !PT                                   0      0      0      2048    65536     65536     32     32     0      0      0      -                      -          -      0       0      0      0       0       0      0        0        0      -      0      0      0      0      0      0      0      0      0      0      0      0      0      0      0      0      0      0      0      0      0      0      0      0      0      0      0      0      0      0      0      0      0      0      0      0      0      0      0      0     
0x2a5f5d5ae920           R2UR UR4, R2                                                             0      0      0      2048    65536     65536     32     32     0      0      0      -                      -          -      0       0      0      0       0       0      0        0        0      -      0      0      0      0      0      0      0      0      0      0      0      0      0      0      0      0      0      0      0      0      0      0      0      0      0      0      0      0      0      0      0      0      0      0      0      0      0      0      0      0     
0x2a5f5d5ae930           USHF.R.U32.HI UR4, URZ, 0x5, UR4                                         0      0      0      2048    65536     65536     32     32     0      0      0      -                      -          -      0       0      0      0       0       0      0        0        0      -      0      0      0      0      0      0      0      0      0      0      0      0      0      0      0      0      0      0      0      0      0      0      0      0      0      0      0      0      0      0      0      0      0      0      0      0      0      0      0      0     
0x2a5f5d5ae940           USHF.L.U32 UR5, UR5, UR4, URZ                                            0      0      0      2048    65536     65536     32     32     0      0      0      -                      -          -      0       0      0      0       0       0      0        0        0      -      0      0      0      0      0      0      0      0      0      0      0      0      0      0      0      0      0      0      0      0      0      0      0      0      0      0      0      0      0      0      0      0      0      0      0      0      0      0      0      0     
0x2a5f5d5ae950           USHF.L.U32 UR6, UR6, UR4, URZ                                            0      0      0      2048    65536     65536     32     32     0      0      0      -                      -          -      0       0      0      0       0       0      0        0        0      -      0      0      0      0      0      0      0      0      0      0      0      0      0      0      0      0      0      0      0      0      0      0      0      0      0      0      0      0      0      0      0      0      0      0      0      0      0      0      0      0     
0x2a5f5d5ae960           LOP3.LUT R3, R3, UR5, RZ, 0xc0, !PT                                      52     51     52     2048    65536     65536     32     32     0      0      0      -                      -          -      0       0      0      0       0       0      0        0        0      -      0      0      0      0      0      0      0      0      0      0      0      0      0      0      0      0      0      0      0      52     0      0      0      0      0      0      0      0      0      0      0      0      0      0      0      0      51     0      0      0     
0x2a5f5d5ae970           ISETP.NE.AND P0, PT, R3, UR5, PT                                         2      1      2      2048    65536     65536     32     32     0      0      0      -                      -          -      0       0      0      0       0       0      0        0        0      -      0      0      0      0      0      0      0      0      0      0      0      0      0      0      0      0      0      0      1      0      0      0      1      0      0      0      0      0      0      0      0      0      0      0      0      0      0      0      0      1     
0x2a5f5d5ae980     @P0   BRA 0x2a5f5d5aeaf0                                                       1      1      1      2048    65536     0         32     0      32     32     0      -                      -          -      0       0      0      0       0       0      0        0        0      -      0      0      0      0      0      0      0      0      0      0      0      0      0      0      0      0      0      0      0      0      0      0      1      0      0      0      0      0      0      0      0      0      0      0      0      0      0      0      0      1     
0x2a5f5d5ae990           LDS R2, [R20+0x18]                                                       0      0      0      2048    65536     65536     32     32     32     0      0      Shared                 Load       32     0       1      0      2048    2048    0      0        0        0      -      0      0      0      0      0      0      0      0      0      0      0      0      0      0      0      0      0      0      0      0      0      0      0      0      0      0      0      0      0      0      0      0      0      0      0      0      0      0      0      0     
0x2a5f5d5ae9a0           LOP3.LUT R2, R2, UR6, RZ, 0xc0, !PT                                      32     32     32     2048    65536     65536     32     32     0      0      0      -                      -          -      0       0      0      0       0       0      0        0        0      -      0      0      0      0      0      0      0      0      0      0      0      0      0      0      0      0      0      0      0      32     0      0      0      0      0      0      0      0      0      0      0      0      0      0      0      0      32     0      0      0     
0x2a5f5d5ae9b0           ISETP.NE.AND P0, PT, R2, UR6, PT                                         0      0      0      2048    65536     65536     32     32     0      0      0      -                      -          -      0       0      0      0       0       0      0        0        0      -      0      0      0      0      0      0      0      0      0      0      0      0      0      0      0      0      0      0      0      0      0      0      0      0      0      0      0      0      0      0      0      0      0      0      0      0      0      0      0      0     
0x2a5f5d5ae9c0     @P0   BRA 0x2a5f5d5aeac0                                                       0      0      0      2048    65536     0         32     0      32     32     0      -                      -          -      0       0      0      0       0       0      0        0        0      -      0      0      0      0      0      0      0      0      0      0      0      0      0      0      0      0      0      0      0      0      0      0      0      0      0      0      0      0      0      0      0      0      0      0      0      0      0      0      0      0     
0x2a5f5d5ae9d0           S2R R3, SR_LANEID                                                        3      3      3      2048    65536     65536     32     32     32     0      0      -                      -          -      0       0      0      0       0       0      0        0        0      -      0      0      0      0      0      0      0      0      0      0      0      0      0      0      2      0      0      0      0      0      0      0      1      0      0      0      0      0      0      0      0      2      0      0      0      0      0      0      0      1     
0x2a5f5d5ae9e0           ULOP3.LUT UR4, URZ, UR5, URZ, 0x33, !UPT                                 0      0      0      2048    65536     65536     32     32     0      0      0      -                      -          -      0       0      0      0       0       0      0        0        0      -      0      0      0      0      0      0      0      0      0      0      0      0      0      0      0      0      0      0      0      0      0      0      0      0      0      0      0      0      0      0      0      0      0      0      0      0      0      0      0      0     
0x2a5f5d5ae9f0           LOP3.LUT R2, RZ, UR6, RZ, 0x33, !PT                                      1      0      1      2048    65536     65536     32     32     0      0      0      -                      -          -      0       0      0      0       0       0      0        0        0      -      0      0      0      0      0      0      0      0      0      0      0      0      0      0      0      0      0      0      1      0      0      0      0      0      0      0      0      0      0      0      0      0      0      0      0      0      0      0      0      0     
0x2a5f5d5aea00           VOTEU.ANY UR5, UPT, PT                                                   1      0      1      2048    65536     65536     32     32     0      0      0      -                      -          -      0       0      0      0       0       0      0        0        0      -      0      0      0      0      0      0      0      0      0      0      0      0      0      0      0      0      0      0      1      0      0      0      0      0      0      0      0      0      0      0      0      0      0      0      0      0      0      0      0      0     
0x2a5f5d5aea10           REDUX UR6, R2                                                            0      0      0      2048    65536     65536     32     32     0      0      0      -                      -          -      0       0      0      0       0       0      0        0        0      -      0      0      0      0      0      0      0      0      0      0      0      0      0      0      0      0      0      0      0      0      0      0      0      0      0      0      0      0      0      0      0      0      0      0      0      0      0      0      0      0     
0x2a5f5d5aea20           IMAD.U32 R5, RZ, RZ, UR4                                                 0      0      0      2048    65536     65536     32     32     0      0      0      -                      -          -      0       0      0      0       0       0      0        0        0      -      0      0      0      0      0      0      0      0      0      0      0      0      0      0      0      0      0      0      0      0      0      0      0      0      0      0      0      0      0      0      0      0      0      0      0      0      0      0      0      0     
0x2a5f5d5aea30           UFLO.U32 UR5, UR5                                                        0      0      0      2048    65536     65536     32     32     0      0      0      -                      -          -      0       0      0      0       0       0      0        0        0      -      0      0      0      0      0      0      0      0      0      0      0      0      0      0      0      0      0      0      0      0      0      0      0      0      0      0      0      0      0      0      0      0      0      0      0      0      0      0      0      0     
0x2a5f5d5aea40           UTCATOMSWS.AND URZ, UR4                                                  0      0      0      2048    65536     65536     32     32     0      0      0      -                      -          -      0       0      0      0       0       0      0        0        0      -      0      0      0      0      0      0      0      0      0      0      0      0      0      0      0      0      0      0      0      0      0      0      0      0      0      0      0      0      0      0      0      0      0      0      0      0      0      0      0      0     
0x2a5f5d5aea50           REDUX UR7, R5                                                            0      0      0      2048    65536     65536     32     32     0      0      0      -                      -          -      0       0      0      0       0       0      0        0        0      -      0      0      0      0      0      0      0      0      0      0      0      0      0      0      0      0      0      0      0      0      0      0      0      0      0      0      0      0      0      0      0      0      0      0      0      0      0      0      0      0     
0x2a5f5d5aea60           IMAD.U32 R4, RZ, RZ, UR6                                                 2      1      2      2048    65536     65536     32     32     0      0      0      -                      -          -      0       0      0      0       0       0      0        0        0      -      0      0      0      0      0      0      0      0      0      0      0      0      0      0      0      0      0      0      1      1      0      0      0      0      0      0      0      0      0      0      0      0      0      0      0      0      1      0      0      0     
0x2a5f5d5aea70           ISETP.EQ.U32.AND P0, PT, R3, UR5, PT                                     37     37     37     2048    65536     65536     32     32     0      0      0      -                      -          -      0       0      0      0       0       0      0        0        0      -      0      0      0      0      0      0      0      0      0      0      0      0      0      0      0      0      0      0      0      37     0      0      0      0      0      0      0      0      0      0      0      0      0      0      0      0      37     0      0      0     
0x2a5f5d5aea80           IMAD.U32 R3, RZ, RZ, UR7                                                 0      0      0      2048    65536     65536     32     32     0      0      0      -                      -          -      0       0      0      0       0       0      0        0        0      -      0      0      0      0      0      0      0      0      0      0      0      0      0      0      0      0      0      0      0      0      0      0      0      0      0      0      0      0      0      0      0      0      0      0      0      0      0      0      0      0     
0x2a5f5d5aea90     @P0   ATOMS.AND RZ, [R20+0x14], R3                                             2      2      2      2048    65536     2048      32     1      31     31     0      Shared                 Atomic     32     0       1      0      2048    2048    0      0        0        0      -      0      0      0      0      0      0      0      0      0      0      0      0      0      0      2      0      0      0      0      0      0      0      0      0      0      0      0      0      0      0      0      2      0      0      0      0      0      0      0      0     
0x2a5f5d5aeaa0     @P0   ATOMS.AND RZ, [R20+0x18], R4                                             3      3      3      2048    65536     2048      32     1      0      31     0      Shared                 Atomic     32     0       1      0      2048    2048    0      0        0        0      -      0      0      0      0      0      0      0      0      0      0      0      0      0      0      3      0      0      0      0      0      0      0      0      0      0      0      0      0      0      0      0      3      0      0      0      0      0      0      0      0     
0x2a5f5d5aeab0           BRA 0x2a5f5d5aeb10                                                       0      0      0      2048    65536     65536     32     32     31     0      0      -                      -          -      0       0      0      0       0       0      0        0        0      -      0      0      0      0      0      0      0      0      0      0      0      0      0      0      0      0      0      0      0      0      0      0      0      0      0      0      0      0      0      0      0      0      0      0      0      0      0      0      0      0     
0x2a5f5d5aeac0           MOV R2, 0x2ae0                                                           0      0      0      0       0         0         0      0      32     32     0      -                      -          -      0       0      0      0       0       0      0        0        0      -      0      0      0      0      0      0      0      0      0      0      0      0      0      0      0      0      0      0      0      0      0      0      0      0      0      0      0      0      0      0      0      0      0      0      0      0      0      0      0      0     
0x2a5f5d5aead0           CALL.REL.NOINC 0x2a5f5d5aebd0                                            0      0      0      0       0         0         0      0      0      32     0      -                      -          -      0       0      0      0       0       0      0        0        0      -      0      0      0      0      0      0      0      0      0      0      0      0      0      0      0      0      0      0      0      0      0      0      0      0      0      0      0      0      0      0      0      0      0      0      0      0      0      0      0      0     
0x2a5f5d5aeae0           BRA 0x2a5f5d5aeb10                                                       0      0      0      0       0         0         0      0      0      32     0      -                      -          -      0       0      0      0       0       0      0        0        0      -      0      0      0      0      0      0      0      0      0      0      0      0      0      0      0      0      0      0      0      0      0      0      0      0      0      0      0      0      0      0      0      0      0      0      0      0      0      0      0      0     
0x2a5f5d5aeaf0           MOV R2, 0x2b10                                                           0      0      0      0       0         0         0      0      0      32     0      -                      -          -      0       0      0      0       0       0      0        0        0      -      0      0      0      0      0      0      0      0      0      0      0      0      0      0      0      0      0      0      0      0      0      0      0      0      0      0      0      0      0      0      0      0      0      0      0      0      0      0      0      0     
0x2a5f5d5aeb00           CALL.REL.NOINC 0x2a5f5d5aec30                                            0      0      0      0       0         0         0      0      0      32     0      -                      -          -      0       0      0      0       0       0      0        0        0      -      0      0      0      0      0      0      0      0      0      0      0      0      0      0      0      0      0      0      0      0      0      0      0      0      0      0      0      0      0      0      0      0      0      0      0      0      0      0      0      0     
0x2a5f5d5aeb10           NOP                                                                      0      0      0      2048    65536     65536     32     32     32     0      0      -                      -          -      0       0      0      0       0       0      0        0        0      -      0      0      0      0      0      0      0      0      0      0      0      0      0      0      0      0      0      0      0      0      0      0      0      0      0      0      0      0      0      0      0      0      0      0      0      0      0      0      0      0     
0x2a5f5d5aeb20           ISETP.NE.AND P0, PT, R0, RZ, PT                                          2      2      2      8192    262144    262144    32     32     0      0      0      -                      -          -      0       0      0      0       0       0      0        0        0      -      0      0      0      0      0      0      0      1      0      0      0      0      0      0      0      0      1      0      0      0      0      0      0      0      1      0      0      0      0      0      0      0      0      1      0      0      0      0      0      0     
0x2a5f5d5aeb30     @P0   EXIT                                                                     63     59     63     8192    262144    260096    32     31     1      1      0      -                      -          -      0       0      0      0       0       0      0        0        0      -      0      0      0      0      0      0      0      0      0      0      0      46     0      0      0      0      0      0      0      16     0      0      1      0      0      0      0      0      42     0      0      0      0      0      0      0      16     0      0      1     
0x2a5f5d5aeb40           S2UR UR5, SR_CgaCtaId                                                    3      3      3      2048    2048      2048      1      1      30     31     0      -                      -          -      0       0      0      0       0       0      0        0        0      -      0      0      0      0      0      0      0      2      0      0      0      0      0      0      0      0      0      0      0      0      0      0      1      0      2      0      0      0      0      0      0      0      0      0      0      0      0      0      0      1     
0x2a5f5d5aeb50           UMOV UR4, 0x400                                                          0      0      0      2048    2048      2048      1      1      0      31     0      -                      -          -      0       0      0      0       0       0      0        0        0      -      0      0      0      0      0      0      0      0      0      0      0      0      0      0      0      0      0      0      0      0      0      0      0      0      0      0      0      0      0      0      0      0      0      0      0      0      0      0      0      0     
0x2a5f5d5aeb60           UIADD3 UR4, UPT, UPT, UR4, 0x8, URZ                                      1      1      1      2048    2048      2048      1      1      0      31     0      -                      -          -      0       0      0      0       0       0      0        0        0      -      0      0      0      0      0      0      0      0      0      0      0      0      0      0      0      0      0      0      0      0      0      0      1      0      0      0      0      0      0      0      0      0      0      0      0      0      0      0      0      1     
0x2a5f5d5aeb70           ULEA UR4, UR5, UR4, 0x18                                                 5      5      5      2048    2048      2048      1      1      0      31     0      -                      -          -      0       0      0      0       0       0      0        0        0      -      0      0      0      0      0      0      0      0      0      0      0      0      0      0      0      0      0      0      0      5      0      0      0      0      0      0      0      0      0      0      0      0      0      0      0      0      5      0      0      0     
0x2a5f5d5aeb80           SYNCS.CCTL.IV [UR4]                                                      2      2      2      2048    2048      2048      1      1      0      31     0      -                      -          -      0       0      0      0       0       0      0        0        0      -      0      0      0      0      0      0      0      0      0      0      0      0      0      0      0      0      0      0      0      0      0      0      2      0      0      0      0      0      0      0      0      0      0      0      0      0      0      0      0      2     
0x2a5f5d5aeb90           EXIT                                                                     0      0      0      2048    2048      2048      1      1      0      31     0      -                      -          -      0       0      0      0       0       0      0        0        0      -      0      0      0      0      0      0      0      0      0      0      0      0      0      0      0      0      0      0      0      0      0      0      0      0      0      0      0      0      0      0      0      0      0      0      0      0      0      0      0      0     
0x2a5f5d5aeba0           SYNCS.PHASECHK.TRANS64.TRYWAIT P1, [R21+URZ], R22                        1      0      1      7771913 248701216 248701216 32     32     31     0      0      -                      -          -      0       0      0      0       0       0      0        0        0      -      0      0      0      0      0      0      0      0      0      0      0      0      0      0      0      0      0      0      1      0      0      0      0      0      0      0      0      0      0      0      0      0      0      0      0      0      0      0      0      0     
0x2a5f5d5aebb0     @!P1  BRA 0x2a5f5d5aeba0                                                       0      0      0      7771913 248701216 236118304 32     30     2      2      0      -                      -          -      0       0      0      0       0       0      0        0        0      -      0      0      0      0      0      0      0      0      0      0      0      0      0      0      0      0      0      0      0      0      0      0      0      0      0      0      0      0      0      0      0      0      0      0      0      0      0      0      0      0     
0x2a5f5d5aebc0           BRA 0x2a5f5d5adba0                                                       0      0      0      393216  12582912  12582912  32     32     2      0      0      -                      -          -      0       0      0      0       0       0      0        0        0      -      0      0      0      0      0      0      0      0      0      0      0      0      0      0      0      0      0      0      0      0      0      0      0      0      0      0      0      0      0      0      0      0      0      0      0      0      0      0      0      0     
0x2a5f5d5aebd0           BPT.TRAP 0x1                                                             0      0      0      0       0         0         0      0      32     32     0      -                      -          -      0       0      0      0       0       0      0        0        0      -      0      0      0      0      0      0      0      0      0      0      0      0      0      0      0      0      0      0      0      0      0      0      0      0      0      0      0      0      0      0      0      0      0      0      0      0      0      0      0      0     
0x2a5f5d5aebe0           IMAD.MOV.U32 R3, RZ, RZ, 0x0                                             0      0      0      0       0         0         0      0      0      32     0      -                      -          -      0       0      0      0       0       0      0        0        0      -      0      0      0      0      0      0      0      0      0      0      0      0      0      0      0      0      0      0      0      0      0      0      0      0      0      0      0      0      0      0      0      0      0      0      0      0      0      0      0      0     
0x2a5f5d5aebf0           RET.REL.NODEC R2, 0x2a5f5d5ac000                                         0      0      0      0       0         0         0      0      0      32     0      -                      -          -      0       0      0      0       0       0      0        0        0      -      0      0      0      0      0      0      0      0      0      0      0      0      0      0      0      0      0      0      0      0      0      0      0      0      0      0      0      0      0      0      0      0      0      0      0      0      0      0      0      0     
0x2a5f5d5aec00           BPT.TRAP 0x1                                                             0      0      0      0       0         0         0      0      0      32     0      -                      -          -      0       0      0      0       0       0      0        0        0      -      0      0      0      0      0      0      0      0      0      0      0      0      0      0      0      0      0      0      0      0      0      0      0      0      0      0      0      0      0      0      0      0      0      0      0      0      0      0      0      0     
0x2a5f5d5aec10           IMAD.MOV.U32 R3, RZ, RZ, 0x0                                             0      0      0      0       0         0         0      0      0      32     0      -                      -          -      0       0      0      0       0       0      0        0        0      -      0      0      0      0      0      0      0      0      0      0      0      0      0      0      0      0      0      0      0      0      0      0      0      0      0      0      0      0      0      0      0      0      0      0      0      0      0      0      0      0     
0x2a5f5d5aec20           RET.REL.NODEC R2, 0x2a5f5d5ac000                                         0      0      0      0       0         0         0      0      0      32     0      -                      -          -      0       0      0      0       0       0      0        0        0      -      0      0      0      0      0      0      0      0      0      0      0      0      0      0      0      0      0      0      0      0      0      0      0      0      0      0      0      0      0      0      0      0      0      0      0      0      0      0      0      0     
0x2a5f5d5aec30           BPT.TRAP 0x1                                                             0      0      0      0       0         0         0      0      0      32     0      -                      -          -      0       0      0      0       0       0      0        0        0      -      0      0      0      0      0      0      0      0      0      0      0      0      0      0      0      0      0      0      0      0      0      0      0      0      0      0      0      0      0      0      0      0      0      0      0      0      0      0      0      0     
0x2a5f5d5aec40           IMAD.MOV.U32 R3, RZ, RZ, 0x0                                             0      0      0      0       0         0         0      0      0      32     0      -                      -          -      0       0      0      0       0       0      0        0        0      -      0      0      0      0      0      0      0      0      0      0      0      0      0      0      0      0      0      0      0      0      0      0      0      0      0      0      0      0      0      0      0      0      0      0      0      0      0      0      0      0     
0x2a5f5d5aec50           RET.REL.NODEC R2, 0x2a5f5d5ac000                                         0      0      0      0       0         0         0      0      0      32     0      -                      -          -      0       0      0      0       0       0      0        0        0      -      0      0      0      0      0      0      0      0      0      0      0      0      0      0      0      0      0      0      0      0      0      0      0      0      0      0      0      0      0      0      0      0      0      0      0      0      0      0      0      0     
0x2a5f5d5aec60           I2F.U16 R4, R9                                                           1      0      1      16384   524288    524288    32     32     32     0      0      -                      -          -      0       0      0      0       0       0      0        0        0      -      0      0      0      0      0      0      0      0      0      0      0      0      0      0      0      0      1      0      0      0      0      0      0      0      0      0      0      0      0      0      0      0      0      0      0      0      0      0      0      0     
0x2a5f5d5aec70           IMAD.MOV.U32 R5, RZ, RZ, 0x4b800000                                      0      0      0      16384   524288    524288    32     32     0      0      0      -                      -          -      0       0      0      0       0       0      0        0        0      -      0      0      0      0      0      0      0      0      0      0      0      0      0      0      0      0      0      0      0      0      0      0      0      0      0      0      0      0      0      0      0      0      0      0      0      0      0      0      0      0     
0x2a5f5d5aec80           FSETP.GEU.AND P2, PT, |R4|, 1.175494350822287508e-38, PT                 3      1      3      16384   524288    524288    32     32     0      0      0      -                      -          -      0       0      0      0       0       0      0        0        0      -      0      0      0      0      0      0      0      0      0      0      0      0      0      0      0      0      0      0      0      3      0      0      0      0      0      0      0      0      0      0      0      0      0      0      0      0      1      0      0      0     
0x2a5f5d5aec90           FSETP.GT.AND P1, PT, |R4|, 8.50705917302346158658e+37, PT                0      0      0      16384   524288    524288    32     32     0      0      0      -                      -          -      0       0      0      0       0       0      0        0        0      -      0      0      0      0      0      0      0      0      0      0      0      0      0      0      0      0      0      0      0      0      0      0      0      0      0      0      0      0      0      0      0      0      0      0      0      0      0      0      0      0     
0x2a5f5d5aeca0           FSEL R5, R5, 1, !P2                                                      1      0      1      16384   524288    524288    32     32     0      0      0      -                      -          -      0       0      0      0       0       0      0        0        0      -      0      0      0      0      0      0      0      0      0      0      0      0      0      0      0      0      0      0      1      0      0      0      0      0      0      0      0      0      0      0      0      0      0      0      0      0      0      0      0      0     
0x2a5f5d5aecb0           FSEL R5, R5, 0.25, !P1                                                   2      0      2      16384   524288    524288    32     32     0      0      0      -                      -          -      0       0      0      0       0       0      0        0        0      -      0      0      0      0      0      0      0      0      0      0      0      0      1      0      0      0      0      1      0      0      0      0      0      0      0      0      0      0      0      0      0      0      0      0      0      0      0      0      0      0     
0x2a5f5d5aecc0           ISETP.NE.U32.AND P1, PT, R9, RZ, PT                                      0      0      0      16384   524288    524288    32     32     0      0      0      -                      -          -      0       0      0      0       0       0      0        0        0      -      0      0      0      0      0      0      0      0      0      0      0      0      0      0      0      0      0      0      0      0      0      0      0      0      0      0      0      0      0      0      0      0      0      0      0      0      0      0      0      0     
0x2a5f5d5aecd0           FMUL R6, R4, R5                                                          0      0      0      16384   524288    524288    32     32     0      0      0      -                      -          -      0       0      0      0       0       0      0        0        0      -      0      0      0      0      0      0      0      0      0      0      0      0      0      0      0      0      0      0      0      0      0      0      0      0      0      0      0      0      0      0      0      0      0      0      0      0      0      0      0      0     
0x2a5f5d5aece0           I2F.U16.RZ R4, R8                                                        3      0      3      16384   524288    524288    32     32     0      0      0      -                      -          -      0       0      0      0       0       0      0        0        0      -      0      0      0      0      0      0      0      0      0      0      0      0      0      0      1      0      0      1      1      0      0      0      0      0      0      0      0      0      0      0      0      0      0      0      0      0      0      0      0      0     
0x2a5f5d5aecf0           MUFU.RCP R6, R6                                                          3      2      3      16384   524288    524288    32     32     0      0      0      -                      -          -      0       0      0      0       0       0      0        0        0      -      0      0      0      0      0      0      0      0      0      0      0      0      0      0      1      0      0      0      0      0      0      0      2      0      0      0      0      0      0      0      0      1      0      0      0      0      0      0      0      1     
0x2a5f5d5aed00           FMUL R5, R5, R6                                                          5      3      5      16384   524288    524288    32     32     0      0      0      -                      -          -      0       0      0      0       0       0      0        0        0      -      0      0      0      0      0      0      0      0      0      0      0      0      0      0      0      0      0      1      0      4      0      0      0      0      0      0      0      0      0      0      0      0      0      0      0      0      3      0      0      0     
0x2a5f5d5aed10           VIADD R5, R5, 0x2                                                        0      0      0      16384   524288    524288    32     32     0      0      0      -                      -          -      0       0      0      0       0       0      0        0        0      -      0      0      0      0      0      0      0      0      0      0      0      0      0      0      0      0      0      0      0      0      0      0      0      0      0      0      0      0      0      0      0      0      0      0      0      0      0      0      0      0     
0x2a5f5d5aed20           FMUL.RZ R7, R4, R5                                                       2      1      2      16384   524288    524288    32     32     0      0      0      -                      -          -      0       0      0      0       0       0      0        0        0      -      0      0      0      0      0      0      0      0      0      0      0      0      0      0      0      0      0      1      0      0      0      0      1      0      0      0      0      0      0      0      0      0      0      0      0      0      0      0      0      1     
0x2a5f5d5aed30           IMAD.MOV.U32 R4, RZ, RZ, R10                                             0      0      0      16384   524288    524288    32     32     0      0      0      -                      -          -      0       0      0      0       0       0      0        0        0      -      0      0      0      0      0      0      0      0      0      0      0      0      0      0      0      0      0      0      0      0      0      0      0      0      0      0      0      0      0      0      0      0      0      0      0      0      0      0      0      0     
0x2a5f5d5aed40           IMAD.MOV.U32 R5, RZ, RZ, 0x0                                             1      0      1      16384   524288    524288    32     32     0      0      0      -                      -          -      0       0      0      0       0       0      0        0        0      -      0      0      0      0      0      0      0      0      0      0      0      0      0      0      0      0      0      1      0      0      0      0      0      0      0      0      0      0      0      0      0      0      0      0      0      0      0      0      0      0     
0x2a5f5d5aed50           F2I.U32.TRUNC.NTZ R7, R7                                                 2      0      2      16384   524288    524288    32     32     0      0      0      -                      -          -      0       0      0      0       0       0      0        0        0      -      0      0      0      0      0      0      0      0      0      0      0      0      0      0      0      0      0      1      1      0      0      0      0      0      0      0      0      0      0      0      0      0      0      0      0      0      0      0      0      0     
0x2a5f5d5aed60           LOP3.LUT R12, R7, 0xffff, RZ, 0xc0, !PT                                  2      0      2      16384   524288    524288    32     32     0      0      0      -                      -          -      0       0      0      0       0       0      0        0        0      -      0      0      0      0      0      0      0      0      0      0      0      0      1      0      0      0      0      0      0      1      0      0      0      0      0      0      0      0      0      0      0      0      0      0      0      0      0      0      0      0     
0x2a5f5d5aed70     @!P1  IMAD.MOV.U32 R12, RZ, RZ, -0x1                                           0      0      0      16384   524288    0         32     0      32     32     0      -                      -          -      0       0      0      0       0       0      0        0        0      -      0      0      0      0      0      0      0      0      0      0      0      0      0      0      0      0      0      0      0      0      0      0      0      0      0      0      0      0      0      0      0      0      0      0      0      0      0      0      0      0     
0x2a5f5d5aed80           RET.REL.NODEC R4, 0x2a5f5d5ac000                                         0      0      0      16384   524288    524288    32     32     32     0      0      -                      -          -      0       0      0      0       0       0      0        0        0      -      0      0      0      0      0      0      0      0      0      0      0      0      0      0      0      0      0      0      0      0      0      0      0      0      0      0      0      0      0      0      0      0      0      0      0      0      0      0      0      0     
0x2a5f5d5aed90           BRA `(.L_x_0) 0x2a5f5d5aed90                                             4      2      4      0       0         0         0      0      0      0      0      -                      -          -      0       0      0      0       0       0      0        0        0      -      0      0      0      0      0      0      0      3      0      0      0      0      0      0      0      0      0      0      0      0      0      0      1      0      2      0      0      0      0      0      0      0      0      0      0      0      0      0      0      0     
0x2a5f5d5aeda0           NOP                                                                      0      0      0      0       0         0         0      0      0      32     0      -                      -          -      0       0      0      0       0       0      0        0        0      -      0      0      0      0      0      0      0      0      0      0      0      0      0      0      0      0      0      0      0      0      0      0      0      0      0      0      0      0      0      0      0      0      0      0      0      0      0      0      0      0     
0x2a5f5d5aedb0           NOP                                                                      0      0      0      0       0         0         0      0      0      32     0      -                      -          -      0       0      0      0       0       0      0        0        0      -      0      0      0      0      0      0      0      0      0      0      0      0      0      0      0      0      0      0      0      0      0      0      0      0      0      0      0      0      0      0      0      0      0      0      0      0      0      0      0      0     
0x2a5f5d5aedc0           NOP                                                                      0      0      0      0       0         0         0      0      0      32     0      -                      -          -      0       0      0      0       0       0      0        0        0      -      0      0      0      0      0      0      0      0      0      0      0      0      0      0      0      0      0      0      0      0      0      0      0      0      0      0      0      0      0      0      0      0      0      0      0      0      0      0      0      0     
0x2a5f5d5aedd0           NOP                                                                      0      0      0      0       0         0         0      0      0      32     0      -                      -          -      0       0      0      0       0       0      0        0        0      -      0      0      0      0      0      0      0      0      0      0      0      0      0      0      0      0      0      0      0      0      0      0      0      0      0      0      0      0      0      0      0      0      0      0      0      0      0      0      0      0     
0x2a5f5d5aede0           NOP                                                                      0      0      0      0       0         0         0      0      0      32     0      -                      -          -      0       0      0      0       0       0      0        0        0      -      0      0      0      0      0      0      0      0      0      0      0      0      0      0      0      0      0      0      0      0      0      0      0      0      0      0      0      0      0      0      0      0      0      0      0      0      0      0      0      0     
0x2a5f5d5aedf0           NOP                                                                      0      0      0      0       0         0         0      0      0      32     0      -                      -          -      0       0      0      0       0       0      0        0        0      -      0      0      0      0      0      0      0      0      0      0      0      0      0      0      0      0      0      0      0      0      0      0      0      0      0      0      0      0      0      0      0      0      0      0      0      0      0      0      0      0     
0x2a5f5d5aee00           NOP                                                                      0      0      0      0       0         0         0      0      0      32     0      -                      -          -      0       0      0      0       0       0      0        0        0      -      0      0      0      0      0      0      0      0      0      0      0      0      0      0      0      0      0      0      0      0      0      0      0      0      0      0      0      0      0      0      0      0      0      0      0      0      0      0      0      0     
0x2a5f5d5aee10           NOP                                                                      0      0      0      0       0         0         0      0      0      32     0      -                      -          -      0       0      0      0       0       0      0        0        0      -      0      0      0      0      0      0      0      0      0      0      0      0      0      0      0      0      0      0      0      0      0      0      0      0      0      0      0      0      0      0      0      0      0      0      0      0      0      0      0      0     
0x2a5f5d5aee20           NOP                                                                      0      0      0      0       0         0         0      0      0      32     0      -                      -          -      0       0      0      0       0       0      0        0        0      -      0      0      0      0      0      0      0      0      0      0      0      0      0      0      0      0      0      0      0      0      0      0      0      0      0      0      0      0      0      0      0      0      0      0      0      0      0      0      0      0     
0x2a5f5d5aee30           NOP                                                                      0      0      0      0       0         0         0      0      0      32     0      -                      -          -      0       0      0      0       0       0      0        0        0      -      0      0      0      0      0      0      0      0      0      0      0      0      0      0      0      0      0      0      0      0      0      0      0      0      0      0      0      0      0      0      0      0      0      0      0      0      0      0      0      0     
0x2a5f5d5aee40           NOP                                                                      0      0      0      0       0         0         0      0      0      32     0      -                      -          -      0       0      0      0       0       0      0        0        0      -      0      0      0      0      0      0      0      0      0      0      0      0      0      0      0      0      0      0      0      0      0      0      0      0      0      0      0      0      0      0      0      0      0      0      0      0      0      0      0      0     
0x2a5f5d5aee50           NOP                                                                      0      0      0      0       0         0         0      0      0      32     0      -                      -          -      0       0      0      0       0       0      0        0        0      -      0      0      0      0      0      0      0      0      0      0      0      0      0      0      0      0      0      0      0      0      0      0      0      0      0      0      0      0      0      0      0      0      0      0      0      0      0      0      0      0     
0x2a5f5d5aee60           NOP                                                                      0      0      0      0       0         0         0      0      0      32     0      -                      -          -      0       0      0      0       0       0      0        0        0      -      0      0      0      0      0      0      0      0      0      0      0      0      0      0      0      0      0      0      0      0      0      0      0      0      0      0      0      0      0      0      0      0      0      0      0      0      0      0      0      0     
0x2a5f5d5aee70           NOP                                                                      0      0      0      0       0         0         0      0      0      32     0      -                      -          -      0       0      0      0       0       0      0        0        0      -      0      0      0      0      0      0      0      0      0      0      0      0      0      0      0      0      0      0      0      0      0      0      0      0      0      0      0      0      0      0      0      0      0      0      0      0      0      0      0      0     
