------------------ ------------------------------------------------------------------------------- ------ ------ ------ ------- --------- --------- ------ ------ ------ ------ ------ ------------- ---------- ------ ------ ------ ------ ------ ------ ------ ------ ------ ------ ------ ------ ------ ------ ------ ------ ------ ------ ------ ------ ------ ------ ------ ------ ------ ------ ------ ------ ------ ------ ------ ------ ------ ------ ------ ------ ------ ------ ------ ------ ------ ------ ------ ------ ------ ------ ------ ------ ------ ------
Kernel Name        gemm_tma(const __nv_bfloat16 *, const __nv_bfloat16 *, float                                                                                                                                                                                                                                                                                                                                                                                                                                                                                              
                    *, int, int, int, CUtensorMap_st, CUtensorMap_st)                                                                                                                                                                                                                                                                                                                                                                                                                                                                                                        
------------------ ------------------------------------------------------------------------------- ------ ------ ------ ------- --------- --------- ------ ------ ------ ------ ------ ------------- ---------- ------ ------ ------ ------ ------ ------ ------ ------ ------ ------ ------ ------ ------ ------ ------ ------ ------ ------ ------ ------ ------ ------ ------ ------ ------ ------ ------ ------ ------ ------ ------ ------ ------ ------ ------ ------ ------ ------ ------ ------ ------ ------ ------ ------ ------ ------ ------ ------ ------ ------
Address            Source                                                                          Warp S Warp S # Samp Instru  Thread    Predic    Avg. T Avg. P Deriva Avg. P Diverg Addres        Access     Access L1 Tag L1 Con L1 Wav L1 Wav L1 Wav L2 The L2 The L2 The L2 Exp L2 Exp L2 Exp L2 Exp L2 Exp L2 Exp L2 Exp stall_ stall_ stall_ stall_ stall_ stall_ stall_ stall_ stall_ stall_ stall_ stall_ stall_ stall_ stall_ stall_ stall_ stall_ stall_ stall_ stall_ stall_ stall_ stall_ stall_ stall_ stall_ stall_ stall_ stall_ stall_ stall_ stall_ stall_
                                                                                                   tall S tall S les    ctions   Instr    ated-O    hreads redica tive A redica ent Br s Spac         Opera      Size   Reque flicts efront efront efront oretic oretic oretic licit  licit  licit  licit  licit  licit  licit  barrie branch dispat drain  lg     long_s math   membar mio    misc   no_ins not_se select short_ sleep  tex    wait   barrie branch dispat drain  lg (No long_s math ( membar mio (N misc ( no_ins not_se select short_ sleepi tex (N wait (
                                                                                                   amplin amplin         Execu  uction    n Thre     Execu ted-On vg. Pr ted-On anches e             tion              sts Gl  Share s Shar s Shar s Shar al Sec al Sec al Sec Evict  Hit Po Hit Po Hit Po Hit Po Miss P Miss P r      _resol ch                   b                                  t      lected ed     sb                          r (Not _resol ch (No (Not I t Issu b (Not Not Is  (Not  ot Iss Not Is t (Not lected ed (No sb (No ng (No ot Iss Not Is
                                                                                                   g (All g (Not        ted     s Exec    ad Ins    ted     Threa edicat  Threa                                        obal   d N-Wa ed Exc ed     ed Ide tors G tors G tors G Polici licy E licy E licy E licy E olicy  olicy         ving                                                                                                             Issue ving ( t Issu ssued) ed)     Issue sued)  Issued ued)   sued)   Issue  (Not  t Issu t Issu t Issu ued)   sued) 
                                                                                                    Sampl -issue                uted      tructi           ds Exe ed-On  ds Une                                               y      essive        al     lobal  lobal  lobal  es     vict F vict L vict N vict N Evict  Evict                                                                                                                         d)     Not Is ed)                  d)            )                    d)     Issued ed)    ed)    ed)                 
                                                                                                   es)    d Samp                          ons Ex           cuted  Thread xecute                                                                           Excess        Ideal         irst   ast    ormal  ormal  First  Normal                                                                                                                               sued)                                                                 )                                        
                                                                                                          les)                            ecuted                  s Exec d                                                                                ive                                              Demote                                                                                                                                                                                                                                                            
                                                                                                                                                                  uted                                                                                                                                                                                                                                                                                                                                                                                                       
0x2abfe95ac000           LDC R1, c[0x0][0x37c]                                                     1      1      1      8192    262144    262144    32     32     0      0      0      -             -          -      0      0      0      0      0      0      0      0      -      0      0      0      0      0      0      0      0      0      0      0      0      0      0      0      0      0      0      0      0      0      0      1      0      0      0      0      0      0      0      0      0      0      0      0      0      0      0      0      1     
0x2abfe95ac010           S2R R6, SR_TID.X                                                          6      5      6      8192    262144    262144    32     32     0      0      0      -             -          -      0      0      0      0      0      0      0      0      -      0      0      0      0      0      0      0      0      0      0      0      0      0      0      5      0      0      0      1      0      0      0      0      0      0      0      0      0      0      0      0      5      0      0      0      0      0      0      0      0     
0x2abfe95ac020           ISETP.NE.AND P0, PT, R6, RZ, PT                                           17     15     17     8192    262144    262144    32     32     0      0      0      -             -          -      0      0      0      0      0      0      0      0      -      0      0      0      0      0      0      0      0      0      0      0      0      0      0      0      0      0      0      0      17     0      0      0      0      0      0      0      0      0      0      0      0      0      0      0      0      15     0      0      0     
0x2abfe95ac030     @P0   BRA 0x2abfe95ac120                                                        1      1      1      8192    262144    260096    32     31     1      1      2048   -             -          -      0      0      0      0      0      0      0      0      -      0      0      0      0      0      0      0      0      0      0      0      0      0      0      0      0      0      0      0      0      0      0      1      0      0      0      0      0      0      0      0      0      0      0      0      0      0      0      0      1     
0x2abfe95ac040           S2UR UR8, SR_CgaCtaId                                                     0      0      0      2048    2048      2048      1      1      30     31     0      -             -          -      0      0      0      0      0      0      0      0      -      0      0      0      0      0      0      0      0      0      0      0      0      0      0      0      0      0      0      0      0      0      0      0      0      0      0      0      0      0      0      0      0      0      0      0      0      0      0      0      0     
0x2abfe95ac050           UMOV UR4, 0x400                                                           0      0      0      2048    2048      2048      1      1      0      31     0      -             -          -      0      0      0      0      0      0      0      0      -      0      0      0      0      0      0      0      0      0      0      0      0      0      0      0      0      0      0      0      0      0      0      0      0      0      0      0      0      0      0      0      0      0      0      0      0      0      0      0      0     
0x2abfe95ac060           UMOV UR5, 0x1                                                             0      0      0      2048    2048      2048      1      1      0      31     0      -             -          -      0      0      0      0      0      0      0      0      -      0      0      0      0      0      0      0      0      0      0      0      0      0      0      0      0      0      0      0      0      0      0      0      0      0      0      0      0      0      0      0      0      0      0      0      0      0      0      0      0     
0x2abfe95ac070           UIADD3 UR6, UPT, UPT, UR4, 0x8, URZ                                       0      0      0      2048    2048      2048      1      1      0      31     0      -             -          -      0      0      0      0      0      0      0      0      -      0      0      0      0      0      0      0      0      0      0      0      0      0      0      0      0      0      0      0      0      0      0      0      0      0      0      0      0      0      0      0      0      0      0      0      0      0      0      0      0     
0x2abfe95ac080           UIADD3 UR7, UPT, UPT, UR4, 0x10, URZ                                      0      0      0      2048    2048      2048      1      1      0      31     0      -             -          -      0      0      0      0      0      0      0      0      -      0      0      0      0      0      0      0      0      0      0      0      0      0      0      0      0      0      0      0      0      0      0      0      0      0      0      0      0      0      0      0      0      0      0      0      0      0      0      0      0     
0x2abfe95ac090           UIADD3 UR4, UPT, UPT, -UR5, 0x100000, URZ                                 0      0      0      2048    2048      2048      1      1      0      31     0      -             -          -      0      0      0      0      0      0      0      0      -      0      0      0      0      0      0      0      0      0      0      0      0      0      0      0      0      0      0      0      0      0      0      0      0      0      0      0      0      0      0      0      0      0      0      0      0      0      0      0      0     
0x2abfe95ac0a0           USHF.L.U32 UR5, UR4, 0xb, URZ                                             0      0      0      2048    2048      2048      1      1      0      31     0      -             -          -      0      0      0      0      0      0      0      0      -      0      0      0      0      0      0      0      0      0      0      0      0      0      0      0      0      0      0      0      0      0      0      0      0      0      0      0      0      0      0      0      0      0      0      0      0      0      0      0      0     
0x2abfe95ac0b0           USHF.L.U32 UR4, UR4, 0x1, URZ                                             0      0      0      2048    2048      2048      1      1      0      31     0      -             -          -      0      0      0      0      0      0      0      0      -      0      0      0      0      0      0      0      0      0      0      0      0      0      0      0      0      0      0      0      0      0      0      0      0      0      0      0      0      0      0      0      0      0      0      0      0      0      0      0      0     
0x2abfe95ac0c0           ULEA UR6, UR8, UR6, 0x18                                                  0      0      0      2048    2048      2048      1      1      0      31     0      -             -          -      0      0      0      0      0      0      0      0      -      0      0      0      0      0      0      0      0      0      0      0      0      0      0      0      0      0      0      0      0      0      0      0      0      0      0      0      0      0      0      0      0      0      0      0      0      0      0      0      0     
0x2abfe95ac0d0           ULEA UR7, UR8, UR7, 0x18                                                  0      0      0      2048    2048      2048      1      1      0      31     0      -             -          -      0      0      0      0      0      0      0      0      -      0      0      0      0      0      0      0      0      0      0      0      0      0      0      0      0      0      0      0      0      0      0      0      0      0      0      0      0      0      0      0      0      0      0      0      0      0      0      0      0     
0x2abfe95ac0e0           FENCE.VIEW.ASYNC.S                                                        34     34     34     2048    2048      2048      1      1      0      31     0      -             -          -      0      0      0      0      0      0      0      0      -      0      0      0      0      0      0      0      0      0      0      27     0      0      0      7      0      0      0      0      0      0      0      0      0      0      0      0      27     0      0      0      7      0      0      0      0      0      0      0      0     
0x2abfe95ac0f0           SYNCS.EXCH.64 URZ, [UR6], UR4                                             7      7      7      2048    2048      2048      1      1      0      31     0      -             -          -      0      0      0      0      0      0      0      0      -      0      0      0      0      0      0      0      0      0      0      0      7      0      0      0      0      0      0      0      0      0      0      0      0      0      0      0      0      7      0      0      0      0      0      0      0      0      0      0      0     
0x2abfe95ac100           SYNCS.EXCH.64 URZ, [UR7], UR4                                             0      0      0      2048    2048      2048      1      1      0      31     0      -             -          -      0      0      0      0      0      0      0      0      -      0      0      0      0      0      0      0      0      0      0      0      0      0      0      0      0      0      0      0      0      0      0      0      0      0      0      0      0      0      0      0      0      0      0      0      0      0      0      0      0     
0x2abfe95ac110           BRA 0x2abfe95ac150                                                        0      0      0      2048    2048      2048      1      1      0      31     0      -             -          -      0      0      0      0      0      0      0      0      -      0      0      0      0      0      0      0      0      0      0      0      0      0      0      0      0      0      0      0      0      0      0      0      0      0      0      0      0      0      0      0      0      0      0      0      0      0      0      0      0     
0x2abfe95ac120           ISETP.GT.U32.AND P1, PT, R6, 0x1f, PT                                     0      0      0      8192    260096    260096    31     31     30     1      0      -             -          -      0      0      0      0      0      0      0      0      -      0      0      0      0      0      0      0      0      0      0      0      0      0      0      0      0      0      0      0      0      0      0      0      0      0      0      0      0      0      0      0      0      0      0      0      0      0      0      0      0     
0x2abfe95ac130           PLOP3.LUT P0, PT, PT, PT, PT, 0x8, 0x80                                   0      0      0      8192    260096    260096    31     31     0      1      0      -             -          -      0      0      0      0      0      0      0      0      -      0      0      0      0      0      0      0      0      0      0      0      0      0      0      0      0      0      0      0      0      0      0      0      0      0      0      0      0      0      0      0      0      0      0      0      0      0      0      0      0     
0x2abfe95ac140     @P1   BRA 0x2abfe95ac410                                                        0      0      0      8192    260096    196608    31     24     7      8      0      -             -          -      0      0      0      0      0      0      0      0      -      0      0      0      0      0      0      0      0      0      0      0      0      0      0      0      0      0      0      0      0      0      0      0      0      0      0      0      0      0      0      0      0      0      0      0      0      0      0      0      0     
0x2abfe95ac150           S2R R3, SR_CgaCtaId                                                       0      0      0      4096    65536     65536     16     16     8      16     0      -             -          -      0      0      0      0      0      0      0      0      -      0      0      0      0      0      0      0      0      0      0      0      0      0      0      0      0      0      0      0      0      0      0      0      0      0      0      0      0      0      0      0      0      0      0      0      0      0      0      0      0     
0x2abfe95ac160           MOV R0, 0x40                                                              0      0      0      4096    65536     65536     16     16     0      16     0      -             -          -      0      0      0      0      0      0      0      0      -      0      0      0      0      0      0      0      0      0      0      0      0      0      0      0      0      0      0      0      0      0      0      0      0      0      0      0      0      0      0      0      0      0      0      0      0      0      0      0      0     
0x2abfe95ac170           WARPSYNC.ALL                                                              1      1      1      4096    65536     65536     16     16     0      16     0      -             -          -      0      0      0      0      0      0      0      0      -      0      0      0      0      0      0      0      0      0      0      0      1      0      0      0      0      0      0      0      0      0      0      0      0      0      0      0      0      1      0      0      0      0      0      0      0      0      0      0      0     
0x2abfe95ac180           LEA R2, R3, R0, 0x18                                                      2      1      2      2048    65536     65536     32     32     16     0      0      -             -          -      0      0      0      0      0      0      0      0      -      0      0      0      0      0      0      0      1      0      0      0      0      0      0      0      0      0      0      0      0      0      0      1      0      1      0      0      0      0      0      0      0      0      0      0      0      0      0      0      0     
0x2abfe95ac190           LDS.U8 R0, [R2+0x1c]                                                      3      3      3      2048    65536     65536     32     32     0      0      0      Shared        Load       8      0      1      0      2048   2048   0      0      0      -      0      0      0      0      0      0      0      0      0      0      0      0      0      0      3      0      0      0      0      0      0      0      0      0      0      0      0      0      0      0      0      3      0      0      0      0      0      0      0      0     
0x2abfe95ac1a0           ISETP.NE.AND P0, PT, R0, RZ, PT                                           9      9      9      2048    65536     65536     32     32     0      0      0      -             -          -      0      0      0      0      0      0      0      0      -      0      0      0      0      0      0      0      0      0      0      0      0      0      0      0      0      0      0      0      9      0      0      0      0      0      0      0      0      0      0      0      0      0      0      0      0      9      0      0      0     
0x2abfe95ac1b0           MOV R0, 0x400                                                             0      0      0      2048    65536     65536     32     32     0      0      0      -             -          -      0      0      0      0      0      0      0      0      -      0      0      0      0      0      0      0      0      0      0      0      0      0      0      0      0      0      0      0      0      0      0      0      0      0      0      0      0      0      0      0      0      0      0      0      0      0      0      0      0     
0x2abfe95ac1c0           LEA R0, R3, R0, 0x18                                                      0      0      0      2048    65536     65536     32     32     0      0      0      -             -          -      0      0      0      0      0      0      0      0      -      0      0      0      0      0      0      0      0      0      0      0      0      0      0      0      0      0      0      0      0      0      0      0      0      0      0      0      0      0      0      0      0      0      0      0      0      0      0      0      0     
0x2abfe95ac1d0     @P0   BRA 0x2abfe95ac340                                                        0      0      0      2048    65536     0         32     0      32     32     0      -             -          -      0      0      0      0      0      0      0      0      -      0      0      0      0      0      0      0      0      0      0      0      0      0      0      0      0      0      0      0      0      0      0      0      0      0      0      0      0      0      0      0      0      0      0      0      0      0      0      0      0     
0x2abfe95ac1e0           ELECT P0, URZ, PT                                                         0      0      0      2048    65536     65536     32     32     32     0      0      -             -          -      0      0      0      0      0      0      0      0      -      0      0      0      0      0      0      0      0      0      0      0      0      0      0      0      0      0      0      0      0      0      0      0      0      0      0      0      0      0      0      0      0      0      0      0      0      0      0      0      0     
0x2abfe95ac1f0     @!P0  BRA 0x2abfe95ac380                                                        1      1      1      2048    65536     63488     32     31     1      1      2048   -             -          -      0      0      0      0      0      0      0      0      -      0      0      0      0      0      0      0      0      0      0      0      0      0      0      0      0      0      0      0      0      0      0      1      0      0      0      0      0      0      0      0      0      0      0      0      0      0      0      0      1     
0x2abfe95ac200           UMOV UR4, 0x2                                                             1      1      1      2048    2048      2048      1      1      30     31     0      -             -          -      0      0      0      0      0      0      0      0      -      0      0      0      0      0      0      0      0      0      0      0      0      0      0      0      0      0      0      0      0      0      0      1      0      0      0      0      0      0      0      0      0      0      0      0      0      0      0      0      1     
0x2abfe95ac210           IMAD.MOV.U32 R4, RZ, RZ, 0x3                                              0      0      0      2048    2048      2048      1      1      0      31     0      -             -          -      0      0      0      0      0      0      0      0      -      0      0      0      0      0      0      0      0      0      0      0      0      0      0      0      0      0      0      0      0      0      0      0      0      0      0      0      0      0      0      0      0      0      0      0      0      0      0      0      0     
0x2abfe95ac220           IMAD.MOV.U32 R8, RZ, RZ, 0x1                                              0      0      0      2048    2048      2048      1      1      0      31     0      -             -          -      0      0      0      0      0      0      0      0      -      0      0      0      0      0      0      0      0      0      0      0      0      0      0      0      0      0      0      0      0      0      0      0      0      0      0      0      0      0      0      0      0      0      0      0      0      0      0      0      0     
0x2abfe95ac230           DEPBAR.LE SB0, 0x36                                                       0      0      0      2048    2048      2048      1      1      0      31     0      -             -          -      0      0      0      0      0      0      0      0      -      0      0      0      0      0      0      0      0      0      0      0      0      0      0      0      0      0      0      0      0      0      0      0      0      0      0      0      0      0      0      0      0      0      0      0      0      0      0      0      0     
0x2abfe95ac240           UTCATOMSWS.FIND_AND_SET.ALIGN UP0, UR4, UR4                               0      0      0      2048    2048      2048      1      1      0      31     0      -             -          -      0      0      0      0      0      0      0      0      -      0      0      0      0      0      0      0      0      0      0      0      0      0      0      0      0      0      0      0      0      0      0      0      0      0      0      0      0      0      0      0      0      0      0      0      0      0      0      0      0     
0x2abfe95ac250           IMAD.U32 R3, RZ, RZ, UR4                                                  0      0      0      2048    2048      2048      1      1      0      31     0      -             -          -      0      0      0      0      0      0      0      0      -      0      0      0      0      0      0      0      0      0      0      0      0      0      0      0      0      0      0      0      0      0      0      0      0      0      0      0      0      0      0      0      0      0      0      0      0      0      0      0      0     
0x2abfe95ac260           BRA.U UP0, 0x2abfe95ac2d0                                                 0      0      0      2048    2048      2048      1      1      0      31     0      -             -          -      0      0      0      0      0      0      0      0      -      0      0      0      0      0      0      0      0      0      0      0      0      0      0      0      0      0      0      0      0      0      0      0      0      0      0      0      0      0      0      0      0      0      0      0      0      0      0      0      0     
0x2abfe95ac270           NANOSLEEP 0x64                                                            0      0      0      0       0         0         0      0      1      32     0      -             -          -      0      0      0      0      0      0      0      0      -      0      0      0      0      0      0      0      0      0      0      0      0      0      0      0      0      0      0      0      0      0      0      0      0      0      0      0      0      0      0      0      0      0      0      0      0      0      0      0      0     
0x2abfe95ac280           UMOV UR4, 0x2                                                             0      0      0      0       0         0         0      0      0      32     0      -             -          -      0      0      0      0      0      0      0      0      -      0      0      0      0      0      0      0      0      0      0      0      0      0      0      0      0      0      0      0      0      0      0      0      0      0      0      0      0      0      0      0      0      0      0      0      0      0      0      0      0     
0x2abfe95ac290           DEPBAR.LE SB0, 0x36                                                       0      0      0      0       0         0         0      0      0      32     0      -             -          -      0      0      0      0      0      0      0      0      -      0      0      0      0      0      0      0      0      0      0      0      0      0      0      0      0      0      0      0      0      0      0      0      0      0      0      0      0      0      0      0      0      0      0      0      0      0      0      0      0     
0x2abfe95ac2a0           UTCATOMSWS.FIND_AND_SET.ALIGN UP0, UR4, UR4                               0      0      0      0       0         0         0      0      0      32     0      -             -          -      0      0      0      0      0      0      0      0      -      0      0      0      0      0      0      0      0      0      0      0      0      0      0      0      0      0      0      0      0      0      0      0      0      0      0      0      0      0      0      0      0      0      0      0      0      0      0      0      0     
0x2abfe95ac2b0           IMAD.U32 R3, RZ, RZ, UR4                                                  0      0      0      0       0         0         0      0      0      32     0      -             -          -      0      0      0      0      0      0      0      0      -      0      0      0      0      0      0      0      0      0      0      0      0      0      0      0      0      0      0      0      0      0      0      0      0      0      0      0      0      0      0      0      0      0      0      0      0      0      0      0      0     
0x2abfe95ac2c0           BRA.U !UP0, 0x2abfe95ac270                                                0      0      0      0       0         0         0      0      0      32     0      -             -          -      0      0      0      0      0      0      0      0      -      0      0      0      0      0      0      0      0      0      0      0      0      0      0      0      0      0      0      0      0      0      0      0      0      0      0      0      0      0      0      0      0      0      0      0      0      0      0      0      0     
0x2abfe95ac2d0           SHF.L.U32 R5, R4, R3, RZ                                                  0      0      0      2048    2048      2048      1      1      1      31     0      -             -          -      0      0      0      0      0      0      0      0      -      0      0      0      0      0      0      0      0      0      0      0      0      0      0      0      0      0      0      0      0      0      0      0      0      0      0      0      0      0      0      0      0      0      0      0      0      0      0      0      0     
0x2abfe95ac2e0           SHF.L.U32 R7, R8, R3, RZ                                                  0      0      0      2048    2048      2048      1      1      0      31     0      -             -          -      0      0      0      0      0      0      0      0      -      0      0      0      0      0      0      0      0      0      0      0      0      0      0      0      0      0      0      0      0      0      0      0      0      0      0      0      0      0      0      0      0      0      0      0      0      0      0      0      0     
0x2abfe95ac2f0           IMAD.SHL.U32 R3, R3, 0x20, RZ                                             0      0      0      2048    2048      2048      1      1      0      31     0      -             -          -      0      0      0      0      0      0      0      0      -      0      0      0      0      0      0      0      0      0      0      0      0      0      0      0      0      0      0      0      0      0      0      0      0      0      0      0      0      0      0      0      0      0      0      0      0      0      0      0      0     
0x2abfe95ac300           ATOMS.OR RZ, [R2+0x14], R5                                                1      1      1      2048    2048      2048      1      1      0      31     0      Shared        Atomic     32     0      1      0      2048   2048   0      0      0      -      0      0      0      0      0      0      0      0      0      0      0      0      0      0      1      0      0      0      0      0      0      0      0      0      0      0      0      0      0      0      0      1      0      0      0      0      0      0      0      0     
0x2abfe95ac310           ATOMS.OR RZ, [R2+0x18], R7                                                6      6      6      2048    2048      2048      1      1      0      31     0      Shared        Atomic     32     0      1      0      2048   2048   0      0      0      -      0      0      0      0      0      0      0      0      0      0      0      0      0      0      6      0      0      0      0      0      0      0      0      0      0      0      0      0      0      0      0      6      0      0      0      0      0      0      0      0     
0x2abfe95ac320           STS [R0], R3                                                              5      4      5      2048    2048      2048      1      1      0      31     0      Shared        Store      32     0      1      0      2048   2048   0      0      0      -      0      0      0      0      0      0      0      0      0      0      0      0      0      0      4      0      0      0      0      0      0      0      1      0      0      0      0      0      0      0      0      4      0      0      0      0      0      0      0      0     
0x2abfe95ac330           BRA 0x2abfe95ac380                                                        0      0      0      2048    2048      2048      1      1      0      31     0      -             -          -      0      0      0      0      0      0      0      0      -      0      0      0      0      0      0      0      0      0      0      0      0      0      0      0      0      0      0      0      0      0      0      0      0      0      0      0      0      0      0      0      0      0      0      0      0      0      0      0      0     
0x2abfe95ac340           IMAD.MOV.U32 R3, RZ, RZ, -0x1                                             1      1      1      0       0         0         0      0      1      32     0      -             -          -      0      0      0      0      0      0      0      0      -      0      0      0      0      0      0      0      0      0      0      0      0      0      0      0      0      0      0      0      0      0      0      1      0      0      0      0      0      0      0      0      0      0      0      0      0      0      0      0      1     
0x2abfe95ac350           MOV R2, 0x380                                                             0      0      0      0       0         0         0      0      0      32     0      -             -          -      0      0      0      0      0      0      0      0      -      0      0      0      0      0      0      0      0      0      0      0      0      0      0      0      0      0      0      0      0      0      0      0      0      0      0      0      0      0      0      0      0      0      0      0      0      0      0      0      0     
0x2abfe95ac360           STS [R0], R3                                                              0      0      0      0       0         0         0      0      0      32     0                                      0      0      0      0      0      0      0      0      -      0      0      0      0      0      0      0      0      0      0      0      0      0      0      0      0      0      0      0      0      0      0      0      0      0      0      0      0      0      0      0      0      0      0      0      0      0      0      0      0     
0x2abfe95ac370           CALL.REL.NOINC 0x2abfe95adeb0                                             0      0      0      0       0         0         0      0      0      32     0      -             -          -      0      0      0      0      0      0      0      0      -      0      0      0      0      0      0      0      0      0      0      0      0      0      0      0      0      0      0      0      0      0      0      0      0      0      0      0      0      0      0      0      0      0      0      0      0      0      0      0      0     
0x2abfe95ac380           WARPSYNC.ALL                                                              0      0      0      4096    65536     65536     16     16     16     16     0      -             -          -      0      0      0      0      0      0      0      0      -      0      0      0      0      0      0      0      0      0      0      0      0      0      0      0      0      0      0      0      0      0      0      0      0      0      0      0      0      0      0      0      0      0      0      0      0      0      0      0      0     
0x2abfe95ac390           S2UR UR5, SR_CgaCtaId                                                     0      0      0      2048    65536     65536     32     32     16     0      0      -             -          -      0      0      0      0      0      0      0      0      -      0      0      0      0      0      0      0      0      0      0      0      0      0      0      0      0      0      0      0      0      0      0      0      0      0      0      0      0      0      0      0      0      0      0      0      0      0      0      0      0     
0x2abfe95ac3a0           UVIRTCOUNT.DEALLOC.SMPOOL 0x80                                            0      0      0      2048    65536     65536     32     32     0      0      0      -             -          -      0      0      0      0      0      0      0      0      -      0      0      0      0      0      0      0      0      0      0      0      0      0      0      0      0      0      0      0      0      0      0      0      0      0      0      0      0      0      0      0      0      0      0      0      0      0      0      0      0     
0x2abfe95ac3b0           ELECT P0, URZ, PT                                                         0      0      0      2048    65536     65536     32     32     0      0      0      -             -          -      0      0      0      0      0      0      0      0      -      0      0      0      0      0      0      0      0      0      0      0      0      0      0      0      0      0      0      0      0      0      0      0      0      0      0      0      0      0      0      0      0      0      0      0      0      0      0      0      0     
0x2abfe95ac3c0           IMAD.MOV.U32 R0, RZ, RZ, 0x1                                              11     11     11     2048    65536     65536     32     32     0      0      0      -             -          -      0      0      0      0      0      0      0      0      -      0      0      0      0      0      0      0      0      0      0      0      0      0      0      0      0      0      0      0      11     0      0      0      0      0      0      0      0      0      0      0      0      0      0      0      0      11     0      0      0     
0x2abfe95ac3d0           UMOV UR4, 0x40                                                            0      0      0      2048    65536     65536     32     32     0      0      0      -             -          -      0      0      0      0      0      0      0      0      -      0      0      0      0      0      0      0      0      0      0      0      0      0      0      0      0      0      0      0      0      0      0      0      0      0      0      0      0      0      0      0      0      0      0      0      0      0      0      0      0     
0x2abfe95ac3e0           ULEA UR4, UR5, UR4, 0x18                                                  0      0      0      2048    65536     65536     32     32     0      0      0      -             -          -      0      0      0      0      0      0      0      0      -      0      0      0      0      0      0      0      0      0      0      0      0      0      0      0      0      0      0      0      0      0      0      0      0      0      0      0      0      0      0      0      0      0      0      0      0      0      0      0      0     
0x2abfe95ac3f0     @P0   STS.U8 [UR4+0x1c], R0                                                     1      0      1      2048    65536     2048      32     1      31     31     0      Shared        Store      8      0      1      0      2048   2048   0      0      0      -      0      0      0      0      0      0      0      0      0      0      0      0      0      0      1      0      0      0      0      0      0      0      0      0      0      0      0      0      0      0      0      0      0      0      0      0      0      0      0      0     
0x2abfe95ac400           PLOP3.LUT P0, PT, PT, PT, PT, 0x80, 0x8                                   0      0      0      2048    65536     65536     32     32     31     0      0      -             -          -      0      0      0      0      0      0      0      0      -      0      0      0      0      0      0      0      0      0      0      0      0      0      0      0      0      0      0      0      0      0      0      0      0      0      0      0      0      0      0      0      0      0      0      0      0      0      0      0      0     
0x2abfe95ac410           WARPSYNC.ALL                                                              2      1      2      8192    262144    262144    32     32     0      0      0      -             -          -      0      0      0      0      0      0      0      0      -      0      0      0      0      0      0      0      0      0      0      0      0      0      0      0      0      2      0      0      0      0      0      0      0      0      0      0      0      0      0      0      0      0      1      0      0      0      0      0      0     
0x2abfe95ac420           S2UR UR9, SR_CgaCtaId                                                     0      0      0      8192    262144    262144    32     32     0      0      0      -             -          -      0      0      0      0      0      0      0      0      -      0      0      0      0      0      0      0      0      0      0      0      0      0      0      0      0      0      0      0      0      0      0      0      0      0      0      0      0      0      0      0      0      0      0      0      0      0      0      0      0     
0x2abfe95ac430           BAR.SYNC.DEFER_BLOCKING 0x0                                               0      0      0      8192    262144    262144    32     32     0      0      0      -             -          -      0      0      0      0      0      0      0      0      -      0      0      0      0      0      0      0      0      0      0      0      0      0      0      0      0      0      0      0      0      0      0      0      0      0      0      0      0      0      0      0      0      0      0      0      0      0      0      0      0     
0x2abfe95ac440           UMOV UR4, 0x400                                                           289    283    289    8192    262144    262144    32     32     0      0      0      -             -          -      0      0      0      0      0      0      0      0      -      0      0      0      0      0      0      288    0      0      0      0      0      0      0      0      0      0      0      0      0      0      0      1      283    0      0      0      0      0      0      0      0      0      0      0      0      0      0      0      0     
0x2abfe95ac450           LDCU UR7, c[0x0][0x3a0]                                                   0      0      0      8192    262144    262144    32     32     0      0      0      -             -          -      0      0      0      0      0      0      0      0      -      0      0      0      0      0      0      0      0      0      0      0      0      0      0      0      0      0      0      0      0      0      0      0      0      0      0      0      0      0      0      0      0      0      0      0      0      0      0      0      0     
0x2abfe95ac460           S2UR UR11, SR_CTAID.X                                                     0      0      0      8192    262144    262144    32     32     0      0      0      -             -          -      0      0      0      0      0      0      0      0      -      0      0      0      0      0      0      0      0      0      0      0      0      0      0      0      0      0      0      0      0      0      0      0      0      0      0      0      0      0      0      0      0      0      0      0      0      0      0      0      0     
0x2abfe95ac470           LDCU.64 UR16, c[0x0][0x358]                                               0      0      0      8192    262144    262144    32     32     0      0      0      -             -          -      0      0      0      0      0      0      0      0      -      0      0      0      0      0      0      0      0      0      0      0      0      0      0      0      0      0      0      0      0      0      0      0      0      0      0      0      0      0      0      0      0      0      0      0      0      0      0      0      0     
0x2abfe95ac480           S2UR UR15, SR_CTAID.Y                                                     2      1      2      8192    262144    262144    32     32     0      0      0      -             -          -      0      0      0      0      0      0      0      0      -      0      0      0      0      0      0      0      0      0      0      0      0      0      0      0      0      0      0      1      0      0      0      1      0      0      0      0      0      0      0      0      0      0      0      0      0      0      0      0      1     
0x2abfe95ac490           ULEA UR5, UR9, UR4, 0x18                                                  0      0      0      8192    262144    262144    32     32     0      0      0      -             -          -      0      0      0      0      0      0      0      0      -      0      0      0      0      0      0      0      0      0      0      0      0      0      0      0      0      0      0      0      0      0      0      0      0      0      0      0      0      0      0      0      0      0      0      0      0      0      0      0      0     
0x2abfe95ac4a0           UISETP.GE.AND UP0, UPT, UR7, 0x40, UPT                                    3      3      3      8192    262144    262144    32     32     0      0      0      -             -          -      0      0      0      0      0      0      0      0      -      0      0      0      0      0      0      0      0      0      0      0      0      1      0      0      0      0      0      0      2      0      0      0      0      0      0      0      0      0      1      0      0      0      0      0      0      2      0      0      0     
0x2abfe95ac4b0           LDS R0, [UR5]                                                             17     16     17     8192    262144    262144    32     32     0      0      0      Shared        Load       32     0      1      0      8192   8192   0      0      0      -      0      0      0      0      0      0      0      0      0      0      0      0      0      0      7      0      0      0      0      8      0      0      2      0      0      0      0      0      0      0      0      7      0      0      0      0      8      0      0      1     
0x2abfe95ac4c0           USHF.L.U32 UR11, UR11, 0x7, URZ                                           2      1      2      8192    262144    262144    32     32     0      0      0      -             -          -      0      0      0      0      0      0      0      0      -      0      0      0      0      0      0      0      0      0      0      0      0      0      0      0      0      0      0      0      2      0      0      0      0      0      0      0      0      0      0      0      0      0      0      0      0      1      0      0      0     
0x2abfe95ac4d0           USHF.L.U32 UR15, UR15, 0x6, URZ                                           0      0      0      8192    262144    262144    32     32     0      0      0      -             -          -      0      0      0      0      0      0      0      0      -      0      0      0      0      0      0      0      0      0      0      0      0      0      0      0      0      0      0      0      0      0      0      0      0      0      0      0      0      0      0      0      0      0      0      0      0      0      0      0      0     
0x2abfe95ac4e0           R2UR UR24, R0                                                             32     32     32     8192    262144    262144    32     32     0      0      0      -             -          -      0      0      0      0      0      0      0      0      -      0      0      0      0      0      0      0      0      0      0      0      0      0      0      0      0      0      0      0      32     0      0      0      0      0      0      0      0      0      0      0      0      0      0      0      0      32     0      0      0     
0x2abfe95ac4f0           BRA.U !UP0, 0x2abfe95ace80                                                0      0      0      8192    262144    262144    32     32     0      0      0      -             -          -      0      0      0      0      0      0      0      0      -      0      0      0      0      0      0      0      0      0      0      0      0      0      0      0      0      0      0      0      0      0      0      0      0      0      0      0      0      0      0      0      0      0      0      0      0      0      0      0      0     
0x2abfe95ac500           S2UR UR6, SR_SWINHI                                                       2      0      2      8192    262144    262144    32     32     0      0      0      -             -          -      0      0      0      0      0      0      0      0      -      0      0      0      0      0      0      0      0      0      0      0      0      0      0      0      0      0      1      0      0      0      0      1      0      0      0      0      0      0      0      0      0      0      0      0      0      0      0      0      0     
0x2abfe95ac510           UIADD3 UR4, UPT, UPT, UR4, 0x20, URZ                                      0      0      0      8192    262144    262144    32     32     0      0      0      -             -          -      0      0      0      0      0      0      0      0      -      0      0      0      0      0      0      0      0      0      0      0      0      0      0      0      0      0      0      0      0      0      0      0      0      0      0      0      0      0      0      0      0      0      0      0      0      0      0      0      0     
0x2abfe95ac520           ULEA UR4, UR9, UR4, 0x18                                                  2      0      2      8192    262144    262144    32     32     0      0      0      -             -          -      0      0      0      0      0      0      0      0      -      0      0      0      0      0      0      0      0      0      0      0      0      1      0      0      0      0      0      0      0      0      0      1      0      0      0      0      0      0      0      0      0      0      0      0      0      0      0      0      0     
0x2abfe95ac530           UMOV UR4, UR4                                                             0      0      0      8192    262144    262144    32     32     0      0      0      -             -          -      0      0      0      0      0      0      0      0      -      0      0      0      0      0      0      0      0      0      0      0      0      0      0      0      0      0      0      0      0      0      0      0      0      0      0      0      0      0      0      0      0      0      0      0      0      0      0      0      0     
0x2abfe95ac540           UMOV UR5, UR6                                                             0      0      0      8192    262144    262144    32     32     0      0      0      -             -          -      0      0      0      0      0      0      0      0      -      0      0      0      0      0      0      0      0      0      0      0      0      0      0      0      0      0      0      0      0      0      0      0      0      0      0      0      0      0      0      0      0      0      0      0      0      0      0      0      0     
0x2abfe95ac550           UIADD3 UR6, UP0, UPT, UR4, 0x3ff, URZ                                     0      0      0      8192    262144    262144    32     32     0      0      0      -             -          -      0      0      0      0      0      0      0      0      -      0      0      0      0      0      0      0      0      0      0      0      0      0      0      0      0      0      0      0      0      0      0      0      0      0      0      0      0      0      0      0      0      0      0      0      0      0      0      0      0     
0x2abfe95ac560           USHF.R.S32.HI UR4, URZ, 0x1f, UR7                                         1      1      1      8192    262144    262144    32     32     0      0      0      -             -          -      0      0      0      0      0      0      0      0      -      0      0      0      0      0      0      0      0      1      0      0      0      0      0      0      0      0      0      0      0      0      0      0      0      0      1      0      0      0      0      0      0      0      0      0      0      0      0      0      0     
0x2abfe95ac570           UIADD3.X UR9, UPT, UPT, URZ, UR5, URZ, UP0, !UPT                          0      0      0      8192    262144    262144    32     32     0      0      0      -             -          -      0      0      0      0      0      0      0      0      -      0      0      0      0      0      0      0      0      0      0      0      0      0      0      0      0      0      0      0      0      0      0      0      0      0      0      0      0      0      0      0      0      0      0      0      0      0      0      0      0     
0x2abfe95ac580           ULOP3.LUT UR8, UR6, 0xfffffc00, URZ, 0xc0, !UPT                           0      0      0      8192    262144    262144    32     32     0      0      0      -             -          -      0      0      0      0      0      0      0      0      -      0      0      0      0      0      0      0      0      0      0      0      0      0      0      0      0      0      0      0      0      0      0      0      0      0      0      0      0      0      0      0      0      0      0      0      0      0      0      0      0     
0x2abfe95ac590           ULEA.HI UR4, UR4, UR7, URZ, 0x6                                           0      0      0      8192    262144    262144    32     32     0      0      0      -             -          -      0      0      0      0      0      0      0      0      -      0      0      0      0      0      0      0      0      0      0      0      0      0      0      0      0      0      0      0      0      0      0      0      0      0      0      0      0      0      0      0      0      0      0      0      0      0      0      0      0     
0x2abfe95ac5a0           USHF.R.S32.HI UR5, URZ, 0x6, UR4                                          2      1      2      8192    262144    262144    32     32     0      0      0      -             -          -      0      0      0      0      0      0      0      0      -      0      0      0      0      0      0      0      0      0      0      0      0      1      0      0      0      0      0      0      0      0      0      1      0      0      0      0      0      0      1      0      0      0      0      0      0      0      0      0      0     
0x2abfe95ac5b0           UMOV UR8, UR8                                                             0      0      0      8192    262144    262144    32     32     0      0      0      -             -          -      0      0      0      0      0      0      0      0      -      0      0      0      0      0      0      0      0      0      0      0      0      0      0      0      0      0      0      0      0      0      0      0      0      0      0      0      0      0      0      0      0      0      0      0      0      0      0      0      0     
0x2abfe95ac5c0           UIADD3 UR4, UPT, UPT, UR8, 0x20, URZ                                      0      0      0      8192    262144    262144    32     32     0      0      0      -             -          -      0      0      0      0      0      0      0      0      -      0      0      0      0      0      0      0      0      0      0      0      0      0      0      0      0      0      0      0      0      0      0      0      0      0      0      0      0      0      0      0      0      0      0      0      0      0      0      0      0     
0x2abfe95ac5d0           UIADD3 UR13, UPT, UPT, UR8, 0x4000, URZ                                   0      0      0      8192    262144    262144    32     32     0      0      0      -             -          -      0      0      0      0      0      0      0      0      -      0      0      0      0      0      0      0      0      0      0      0      0      0      0      0      0      0      0      0      0      0      0      0      0      0      0      0      0      0      0      0      0      0      0      0      0      0      0      0      0     
0x2abfe95ac5e0           UIADD3 UR6, UPT, UPT, UR8, 0x4020, URZ                                    0      0      0      8192    262144    262144    32     32     0      0      0      -             -          -      0      0      0      0      0      0      0      0      -      0      0      0      0      0      0      0      0      0      0      0      0      0      0      0      0      0      0      0      0      0      0      0      0      0      0      0      0      0      0      0      0      0      0      0      0      0      0      0      0     
0x2abfe95ac5f0           UIADD3 UR7, UPT, UPT, UR8, 0x40, URZ                                      0      0      0      8192    262144    262144    32     32     0      0      0      -             -          -      0      0      0      0      0      0      0      0      -      0      0      0      0      0      0      0      0      0      0      0      0      0      0      0      0      0      0      0      0      0      0      0      0      0      0      0      0      0      0      0      0      0      0      0      0      0      0      0      0     
0x2abfe95ac600           UIADD3 UR9, UPT, UPT, UR8, 0x4040, URZ                                    0      0      0      8192    262144    262144    32     32     0      0      0      -             -          -      0      0      0      0      0      0      0      0      -      0      0      0      0      0      0      0      0      0      0      0      0      0      0      0      0      0      0      0      0      0      0      0      0      0      0      0      0      0      0      0      0      0      0      0      0      0      0      0      0     
0x2abfe95ac610           IMAD.U32 R4, RZ, RZ, UR13                                                 0      0      0      8192    262144    262144    32     32     0      0      0      -             -          -      0      0      0      0      0      0      0      0      -      0      0      0      0      0      0      0      0      0      0      0      0      0      0      0      0      0      0      0      0      0      0      0      0      0      0      0      0      0      0      0      0      0      0      0      0      0      0      0      0     
0x2abfe95ac620           UIADD3 UR10, UPT, UPT, UR8, 0x60, URZ                                     0      0      0      8192    262144    262144    32     32     0      0      0      -             -          -      0      0      0      0      0      0      0      0      -      0      0      0      0      0      0      0      0      0      0      0      0      0      0      0      0      0      0      0      0      0      0      0      0      0      0      0      0      0      0      0      0      0      0      0      0      0      0      0      0     
0x2abfe95ac630           UIADD3 UR12, UPT, UPT, UR8, 0x4060, URZ                                   2      0      2      8192    262144    262144    32     32     0      0      0      -             -          -      0      0      0      0      0      0      0      0      -      0      0      0      0      0      0      0      0      0      0      0      0      0      0      0      0      0      1      1      0      0      0      0      0      0      0      0      0      0      0      0      0      0      0      0      0      0      0      0      0     
0x2abfe95ac640           USHF.R.U32.HI UR4, URZ, 0x4, UR4                                          0      0      0      8192    262144    262144    32     32     0      0      0      -             -          -      0      0      0      0      0      0      0      0      -      0      0      0      0      0      0      0      0      0      0      0      0      0      0      0      0      0      0      0      0      0      0      0      0      0      0      0      0      0      0      0      0      0      0      0      0      0      0      0      0     
0x2abfe95ac650           USHF.R.U32.HI UR6, URZ, 0x4, UR6                                          0      0      0      8192    262144    262144    32     32     0      0      0      -             -          -      0      0      0      0      0      0      0      0      -      0      0      0      0      0      0      0      0      0      0      0      0      0      0      0      0      0      0      0      0      0      0      0      0      0      0      0      0      0      0      0      0      0      0      0      0      0      0      0      0     
0x2abfe95ac660           USHF.R.U32.HI UR7, URZ, 0x4, UR7                                          0      0      0      8192    262144    262144    32     32     0      0      0      -             -          -      0      0      0      0      0      0      0      0      -      0      0      0      0      0      0      0      0      0      0      0      0      0      0      0      0      0      0      0      0      0      0      0      0      0      0      0      0      0      0      0      0      0      0      0      0      0      0      0      0     
0x2abfe95ac670           USHF.R.U32.HI UR9, URZ, 0x4, UR9                                          0      0      0      8192    262144    262144    32     32     0      0      0      -             -          -      0      0      0      0      0      0      0      0      -      0      0      0      0      0      0      0      0      0      0      0      0      0      0      0      0      0      0      0      0      0      0      0      0      0      0      0      0      0      0      0      0      0      0      0      0      0      0      0      0     
0x2abfe95ac680           USHF.R.U32.HI UR10, URZ, 0x4, UR10                                        0      0      0      8192    262144    262144    32     32     0      0      0      -             -          -      0      0      0      0      0      0      0      0      -      0      0      0      0      0      0      0      0      0      0      0      0      0      0      0      0      0      0      0      0      0      0      0      0      0      0      0      0      0      0      0      0      0      0      0      0      0      0      0      0     
0x2abfe95ac690           USHF.R.U32.HI UR12, URZ, 0x4, UR12                                        0      0      0      8192    262144    262144    32     32     0      0      0      -             -          -      0      0      0      0      0      0      0      0      -      0      0      0      0      0      0      0      0      0      0      0      0      0      0      0      0      0      0      0      0      0      0      0      0      0      0      0      0      0      0      0      0      0      0      0      0      0      0      0      0     
0x2abfe95ac6a0           ULOP3.LUT UR18, UR4, 0x3fff, URZ, 0xc0, !UPT                              0      0      0      8192    262144    262144    32     32     0      0      0      -             -          -      0      0      0      0      0      0      0      0      -      0      0      0      0      0      0      0      0      0      0      0      0      0      0      0      0      0      0      0      0      0      0      0      0      0      0      0      0      0      0      0      0      0      0      0      0      0      0      0      0     
0x2abfe95ac6b0           ULOP3.LUT UR19, UR6, 0x3fff, URZ, 0xc0, !UPT                              0      0      0      8192    262144    262144    32     32     0      0      0      -             -          -      0      0      0      0      0      0      0      0      -      0      0      0      0      0      0      0      0      0      0      0      0      0      0      0      0      0      0      0      0      0      0      0      0      0      0      0      0      0      0      0      0      0      0      0      0      0      0      0      0     
0x2abfe95ac6c0           ULOP3.LUT UR20, UR7, 0x3fff, URZ, 0xc0, !UPT                              0      0      0      8192    262144    262144    32     32     0      0      0      -             -          -      0      0      0      0      0      0      0      0      -      0      0      0      0      0      0      0      0      0      0      0      0      0      0      0      0      0      0      0      0      0      0      0      0      0      0      0      0      0      0      0      0      0      0      0      0      0      0      0      0     
0x2abfe95ac6d0           ULOP3.LUT UR21, UR9, 0x3fff, URZ, 0xc0, !UPT                              0      0      0      8192    262144    262144    32     32     0      0      0      -             -          -      0      0      0      0      0      0      0      0      -      0      0      0      0      0      0      0      0      0      0      0      0      0      0      0      0      0      0      0      0      0      0      0      0      0      0      0      0      0      0      0      0      0      0      0      0      0      0      0      0     
0x2abfe95ac6e0           ULOP3.LUT UR22, UR10, 0x3fff, URZ, 0xc0, !UPT                             0      0      0      8192    262144    262144    32     32     0      0      0      -             -          -      0      0      0      0      0      0      0      0      -      0      0      0      0      0      0      0      0      0      0      0      0      0      0      0      0      0      0      0      0      0      0      0      0      0      0      0      0      0      0      0      0      0      0      0      0      0      0      0      0     
0x2abfe95ac6f0           ULOP3.LUT UR23, UR12, 0x3fff, URZ, 0xc0, !UPT                             0      0      0      8192    262144    262144    32     32     0      0      0      -             -          -      0      0      0      0      0      0      0      0      -      0      0      0      0      0      0      0      0      0      0      0      0      0      0      0      0      0      0      0      0      0      0      0      0      0      0      0      0      0      0      0      0      0      0      0      0      0      0      0      0     
0x2abfe95ac700           UMOV UR4, URZ                                                             0      0      0      8192    262144    262144    32     32     0      0      0      -             -          -      0      0      0      0      0      0      0      0      -      0      0      0      0      0      0      0      0      0      0      0      0      0      0      0      0      0      0      0      0      0      0      0      0      0      0      0      0      0      0      0      0      0      0      0      0      0      0      0      0     
0x2abfe95ac710           ISETP.NE.AND P2, PT, R6, RZ, PT                                           28     25     28     524288  16777216  16777216  32     32     0      0      0      -             -          -      0      0      0      0      0      0      0      0      -      0      0      0      0      0      0      0      15     0      0      0      0      0      0      0      0      13     0      0      0      0      0      0      0      13     0      0      0      0      0      0      0      0      12     0      0      0      0      0      0     
0x2abfe95ac720           BSSY.RECONVERGENT B0, 0x2abfe95ac920                                      4      0      4      524288  16777216  16777216  32     32     0      0      0      -             -          -      0      0      0      0      0      0      0      0      -      0      0      0      0      0      0      0      0      0      0      0      0      0      0      0      0      0      0      4      0      0      0      0      0      0      0      0      0      0      0      0      0      0      0      0      0      0      0      0      0     
0x2abfe95ac730     @P2   BRA 0x2abfe95ac910                                                        56     42     56     524288  16777216  16646144  32     31     1      1      131072 -             -          -      0      0      0      0      0      0      0      0      -      0      0      0      0      0      0      0      0      0      0      0      0      0      0      0      0      0      1      4      0      0      0      51     0      0      0      0      0      0      0      0      0      0      0      0      0      0      0      0      42    
0x2abfe95ac740           S2UR UR9, SR_CgaCtaId                                                     22     13     22     131072  131072    131072    1      1      30     31     0      -             -          -      0      0      0      0      0      0      0      0      -      0      0      0      0      0      0      0      1      0      0      0      0      0      0      0      0      0      0      7      0      0      0      14     0      1      0      0      0      0      0      0      0      0      0      0      0      0      0      0      12    
0x2abfe95ac750           UMOV UR6, 0x400                                                           1      0      1      131072  131072    131072    1      1      0      31     0      -             -          -      0      0      0      0      0      0      0      0      -      0      0      0      0      0      0      0      0      0      0      0      0      0      0      0      0      0      0      1      0      0      0      0      0      0      0      0      0      0      0      0      0      0      0      0      0      0      0      0      0     
0x2abfe95ac760           IMAD.MOV.U32 R0, RZ, RZ, 0x6000                                           2      0      2      131072  131072    131072    1      1      0      31     0      -             -          -      0      0      0      0      0      0      0      0      -      0      0      0      0      0      0      0      0      0      0      0      0      0      0      0      0      0      0      2      0      0      0      0      0      0      0      0      0      0      0      0      0      0      0      0      0      0      0      0      0     
0x2abfe95ac770           UIADD3 UR6, UPT, UPT, UR6, 0x10, URZ                                      2      0      2      131072  131072    131072    1      1      0      31     0      -             -          -      0      0      0      0      0      0      0      0      -      0      0      0      0      0      0      0      0      0      0      0      0      0      0      0      0      0      0      2      0      0      0      0      0      0      0      0      0      0      0      0      0      0      0      0      0      0      0      0      0     
0x2abfe95ac780           PLOP3.LUT P1, PT, PT, PT, PT, 0x80, 0x8                                   0      0      0      131072  131072    131072    1      1      0      31     0      -             -          -      0      0      0      0      0      0      0      0      -      0      0      0      0      0      0      0      0      0      0      0      0      0      0      0      0      0      0      0      0      0      0      0      0      0      0      0      0      0      0      0      0      0      0      0      0      0      0      0      0     
0x2abfe95ac790           LDCU.64 UR12, c[0x0][0x348]                                               0      0      0      131072  131072    131072    1      1      0      31     0      -             -          -      0      0      0      0      0      0      0      0      -      0      0      0      0      0      0      0      0      0      0      0      0      0      0      0      0      0      0      0      0      0      0      0      0      0      0      0      0      0      0      0      0      0      0      0      0      0      0      0      0     
0x2abfe95ac7a0           USHF.L.U32 UR10, UR4, 0x6, URZ                                            0      0      0      131072  131072    131072    1      1      0      31     0      -             -          -      0      0      0      0      0      0      0      0      -      0      0      0      0      0      0      0      0      0      0      0      0      0      0      0      0      0      0      0      0      0      0      0      0      0      0      0      0      0      0      0      0      0      0      0      0      0      0      0      0     
0x2abfe95ac7b0           ULEA UR9, UR9, UR6, 0x18                                                  47     39     47     131072  131072    131072    1      1      0      31     0      -             -          -      0      0      0      0      0      0      0      0      -      0      0      0      0      0      0      0      0      0      0      0      0      2      0      0      0      0      0      3      42     0      0      0      0      0      0      0      0      0      1      0      0      0      0      0      0      38     0      0      0     
0x2abfe95ac7c0           UIADD3 UR6, UP0, UPT, UR12, 0x80, URZ                                     4      2      4      131072  131072    131072    1      1      0      31     0      -             -          -      0      0      0      0      0      0      0      0      -      0      0      0      0      0      0      0      0      0      0      0      0      0      0      0      0      0      0      1      0      0      0      3      0      0      0      0      0      0      0      0      0      0      0      0      0      0      0      0      2     
0x2abfe95ac7d0           UIADD3.X UR7, UPT, UPT, URZ, UR13, URZ, UP0, !UPT                         5      5      5      131072  131072    131072    1      1      0      31     0      -             -          -      0      0      0      0      0      0      0      0      -      0      0      0      0      0      0      0      0      0      0      0      0      0      0      0      0      0      0      0      0      0      0      5      0      0      0      0      0      0      0      0      0      0      0      0      0      0      0      0      5     
0x2abfe95ac7e0           SYNCS.ARRIVE.TRANS64 RZ, [UR9], R0                                        7      5      7      131072  131072    131072    1      1      0      31     0      -             -          -      0      0      0      0      0      0      0      0      -      0      0      0      0      0      0      0      0      0      0      0      0      0      0      0      0      0      0      2      0      0      0      5      0      0      0      0      0      0      0      0      0      0      0      0      0      0      0      0      5     
0x2abfe95ac7f0     @P1   ELECT P3, URZ, PT                                                         15     13     15     131072  131072    131072    1      1      0      31     0      -             -          -      0      0      0      0      0      0      0      0      -      0      0      0      0      0      0      0      0      0      0      0      0      0      0      0      0      0      0      1      0      0      0      14     0      0      0      0      0      0      0      0      0      0      0      0      0      0      0      0      13    
0x2abfe95ac800           UTMALDG.2D [UR8], [UR6]                                                   0      0      0      131072  131072    131072    1      1      0      31     0      Global,Shared -          -      0      0      0      0      0      0      0      0      -      0      0      0      0      0      0      0      0      0      0      0      0      0      0      0      0      0      0      0      0      0      0      0      0      0      0      0      0      0      0      0      0      0      0      0      0      0      0      0      0     
0x2abfe95ac810     @P3   PLOP3.LUT P1, PT, P3, PT, PT, 0x8, 0x80                                   6      3      6      131072  131072    131072    1      1      0      31     0      -             -          -      0      0      0      0      0      0      0      0      -      0      0      0      0      0      0      0      0      0      0      0      0      0      0      0      0      0      0      1      0      0      0      5      0      0      0      0      0      0      0      0      0      0      0      0      0      0      0      0      3     
0x2abfe95ac820           PLOP3.LUT P3, PT, PT, PT, PT, 0x8, 0x80                                   1      1      1      131072  131072    131072    1      1      0      31     0      -             -          -      0      0      0      0      0      0      0      0      -      0      0      0      0      0      0      0      0      0      0      0      0      0      0      0      0      0      0      0      0      0      0      1      0      0      0      0      0      0      0      0      0      0      0      0      0      0      0      0      1     
0x2abfe95ac830     @P1   BRA.U.ANY 0x2abfe95ac7f0                                                  13     10     13     131072  131072    0         1      0      1      32     0      -             -          -      0      0      0      0      0      0      0      0      -      0      0      0      0      0      0      0      0      0      0      0      0      0      0      0      0      0      1      0      0      0      0      12     0      0      0      0      0      0      0      0      0      0      0      0      0      0      0      0      10    
0x2abfe95ac840           UIADD3 UR6, UPT, UPT, UR8, 0x4000, URZ                                    4      2      4      131072  131072    131072    1      1      1      31     0      -             -          -      0      0      0      0      0      0      0      0      -      0      0      0      0      0      0      0      0      0      0      0      0      0      0      0      0      0      0      1      0      0      0      3      0      0      0      0      0      0      0      0      0      0      0      0      0      0      0      0      2     
0x2abfe95ac850           PLOP3.LUT P1, PT, PT, PT, PT, 0x80, 0x8                                   3      0      3      131072  131072    131072    1      1      0      31     0      -             -          -      0      0      0      0      0      0      0      0      -      0      0      0      0      0      0      0      0      0      0      0      0      0      0      0      0      0      0      3      0      0      0      0      0      0      0      0      0      0      0      0      0      0      0      0      0      0      0      0      0     
0x2abfe95ac860           IMAD.U32 R4, RZ, RZ, UR6                                                  7      5      7      131072  131072    131072    1      1      0      31     0      -             -          -      0      0      0      0      0      0      0      0      -      0      0      0      0      0      0      0      0      0      0      0      0      0      0      0      0      0      0      1      0      0      0      6      0      0      0      0      0      0      0      0      0      0      0      0      0      0      0      0      5     
0x2abfe95ac870           UIADD3 UR6, UP0, UPT, UR12, 0x100, URZ                                    3      0      3      131072  131072    131072    1      1      0      31     0      -             -          -      0      0      0      0      0      0      0      0      -      0      0      0      0      0      0      0      0      0      0      0      0      0      0      0      0      0      0      3      0      0      0      0      0      0      0      0      0      0      0      0      0      0      0      0      0      0      0      0      0     
0x2abfe95ac880           R2UR UR12, R4                                                             7      4      7      131072  131072    131072    1      1      0      31     0      -             -          -      0      0      0      0      0      0      0      0      -      0      0      0      0      0      0      0      0      0      0      0      0      0      0      0      0      0      0      2      0      0      0      5      0      0      0      0      0      0      0      0      0      0      0      0      0      0      0      0      4     
0x2abfe95ac890           UIADD3.X UR7, UPT, UPT, URZ, UR13, URZ, UP0, !UPT                         2      0      2      131072  131072    131072    1      1      0      31     0      -             -          -      0      0      0      0      0      0      0      0      -      0      0      0      0      0      0      0      0      0      0      0      0      0      0      0      0      0      0      2      0      0      0      0      0      0      0      0      0      0      0      0      0      0      0      0      0      0      0      0      0     
0x2abfe95ac8a0     @P1   ELECT P3, URZ, PT                                                         12     9      12     131072  131072    131072    1      1      0      31     0      -             -          -      0      0      0      0      0      0      0      0      -      0      0      0      0      0      0      0      0      0      0      0      0      0      0      0      0      0      0      0      0      0      0      12     0      0      0      0      0      0      0      0      0      0      0      0      0      0      0      0      9     
0x2abfe95ac8b0           UMOV UR13, UR9                                                            0      0      0      131072  131072    131072    1      1      0      31     0      -             -          -      0      0      0      0      0      0      0      0      -      0      0      0      0      0      0      0      0      0      0      0      0      0      0      0      0      0      0      0      0      0      0      0      0      0      0      0      0      0      0      0      0      0      0      0      0      0      0      0      0     
0x2abfe95ac8c0           UMOV UR14, UR10                                                           0      0      0      131072  131072    131072    1      1      0      31     0      -             -          -      0      0      0      0      0      0      0      0      -      0      0      0      0      0      0      0      0      0      0      0      0      0      0      0      0      0      0      0      0      0      0      0      0      0      0      0      0      0      0      0      0      0      0      0      0      0      0      0      0     
0x2abfe95ac8d0           UTMALDG.2D [UR12], [UR6]                                                  1      0      1      131072  131072    131072    1      1      0      31     0      Global,Shared -          -      0      0      0      0      0      0      0      0      -      0      0      0      0      0      0      0      0      0      0      0      0      0      0      0      0      0      1      0      0      0      0      0      0      0      0      0      0      0      0      0      0      0      0      0      0      0      0      0      0     
0x2abfe95ac8e0     @P3   PLOP3.LUT P1, PT, P3, PT, PT, 0x8, 0x80                                   16     13     16     131072  131072    131072    1      1      0      31     0      -             -          -      0      0      0      0      0      0      0      0      -      0      0      0      0      0      0      0      0      0      0      0      0      0      0      0      0      0      0      0      0      0      0      16     0      0      0      0      0      0      0      0      0      0      0      0      0      0      0      0      13    
0x2abfe95ac8f0           PLOP3.LUT P3, PT, PT, PT, PT, 0x8, 0x80                                   4      2      4      131072  131072    131072    1      1      0      31     0      -             -          -      0      0      0      0      0      0      0      0      -      0      0      0      0      0      0      0      0      0      0      0      0      0      0      0      0      0      1      1      0      0      0      2      0      0      0      0      0      0      0      0      0      0      0      0      0      0      0      0      2     
0x2abfe95ac900     @P1   BRA.U.ANY 0x2abfe95ac8a0                                                  9      6      9      131072  131072    0         1      0      1      32     0      -             -          -      0      0      0      0      0      0      0      0      -      0      0      0      0      0      0      0      0      0      0      0      0      0      0      0      0      0      1      1      0      0      0      7      0      0      0      0      0      0      0      0      0      0      0      0      0      0      0      0      6     
0x2abfe95ac910           BSYNC.RECONVERGENT B0                                                     32     25     32     655360  16777216  16777216  25     25     25     7      0      -             -          -      0      0      0      0      0      0      0      0      -      0      0      0      0      0      0      0      15     0      0      0      0      0      0      0      0      12     0      2      0      0      0      3      0      13     0      0      0      0      0      0      0      0      9      0      0      0      0      0      3     
0x2abfe95ac920           S2UR UR9, SR_CgaCtaId                                                     84     64     84     524288  16777216  16777216  32     32     7      0      0      -             -          -      0      0      0      0      0      0      0      0      -      0      0      0      0      0      0      0      54     0      0      0      0      0      0      0      0      0      2      4      0      0      0      24     0      45     0      0      0      0      0      0      0      0      0      0      0      0      0      0      19    
0x2abfe95ac930           ULOP3.LUT UR7, UR4, 0x1, URZ, 0xc0, !UPT                                  4      0      4      524288  16777216  16777216  32     32     0      0      0      -             -          -      0      0      0      0      0      0      0      0      -      0      0      0      0      0      0      0      0      0      0      0      0      0      0      0      0      0      0      4      0      0      0      0      0      0      0      0      0      0      0      0      0      0      0      0      0      0      0      0      0     
0x2abfe95ac940           UMOV UR14, 0x400                                                          4      0      4      524288  16777216  16777216  32     32     0      0      0      -             -          -      0      0      0      0      0      0      0      0      -      0      0      0      0      0      0      0      0      0      0      0      0      0      0      0      0      0      0      4      0      0      0      0      0      0      0      0      0      0      0      0      0      0      0      0      0      0      0      0      0     
0x2abfe95ac950           UIADD3 UR6, UPT, UPT, UR14, 0x10, URZ                                     12     2      12     524288  16777216  16777216  32     32     0      0      0      -             -          -      0      0      0      0      0      0      0      0      -      0      0      0      0      0      0      0      0      0      0      0      0      0      0      0      0      0      4      6      0      0      0      2      0      0      0      0      0      0      0      0      0      0      0      0      0      0      0      0      2     
0x2abfe95ac960           IMAD.U32 R0, RZ, RZ, UR7                                                  14     12     14     524288  16777216  16777216  32     32     0      0      0      -             -          -      0      0      0      0      0      0      0      0      -      0      0      0      0      0      0      0      0      0      0      0      0      0      0      0      0      0      1      1      0      0      0      12     0      0      0      0      0      0      0      0      0      0      0      0      0      0      0      0      12    
0x2abfe95ac970           SHF.L.U32 R0, R0, 0x1f, RZ                                                20     11     20     524288  16777216  16777216  32     32     0      0      0      -             -          -      0      0      0      0      0      0      0      0      -      0      0      0      0      0      0      0      0      0      0      0      0      0      0      0      0      0      2      5      0      0      0      13     0      0      0      0      0      0      0      0      0      0      0      0      0      0      0      0      11    
0x2abfe95ac980           ULEA UR6, UR9, UR6, 0x18                                                  124    95     124    524288  16777216  16777216  32     32     0      0      0      -             -          -      0      0      0      0      0      0      0      0      -      0      0      0      0      0      0      0      0      0      0      0      0      1      0      0      0      0      1      4      118    0      0      0      0      0      0      0      0      0      0      0      0      0      0      0      0      95     0      0      0     
0x2abfe95ac990           SYNCS.PHASECHK.TRANS64.TRYWAIT P1, [UR6], R0                              43     29     43     524288  16777216  16777216  32     32     0      0      0      -             -          -      0      0      0      0      0      0      0      0      -      0      0      0      0      0      0      0      0      0      0      0      0      0      0      0      0      0      3      6      0      0      0      34     0      0      0      0      0      0      0      0      0      0      0      0      0      0      0      0      29    
0x2abfe95ac9a0     @!P1  BRA 0x2abfe95ade50                                                        5861   4929   5861   524288  16777216  12518496  32     23     9      9      0      -             -          -      0      0      0      0      0      0      0      0      -      0      0      0      0      0      0      0      0      0      0      0      5849   0      0      0      0      0      2      3      0      0      0      7      0      0      0      0      0      4923   0      0      0      0      0      0      0      0      0      0      6     
0x2abfe95ac9b0           BAR.SYNC.DEFER_BLOCKING 0x0                                               21     14     21     524288  16777216  16777216  32     32     9      0      0      -             -          -      0      0      0      0      0      0      0      0      -      0      0      0      0      0      0      0      0      0      0      0      0      0      0      0      0      0      0      4      0      0      0      17     0      0      0      0      0      0      0      0      0      0      0      0      0      0      0      0      14    
0x2abfe95ac9c0           BSSY.RECONVERGENT B0, 0x2abfe95ace00                                      116    97     116    524288  16777216  16777216  32     32     0      0      0      -             -          -      0      0      0      0      0      0      0      0      -      0      0      0      0      0      0      91     0      0      0      0      0      0      0      0      0      0      1      5      0      0      0      19     80     0      0      0      0      0      0      0      0      0      0      0      0      0      0      0      17    
0x2abfe95ac9d0           NOP                                                                       5      0      5      524288  16777216  16777216  32     32     0      0      0      -             -          -      0      0      0      0      0      0      0      0      -      0      0      0      0      0      0      0      0      0      0      0      0      0      0      0      0      0      0      5      0      0      0      0      0      0      0      0      0      0      0      0      0      0      0      0      0      0      0      0      0     
0x2abfe95ac9e0     @P2   BRA 0x2abfe95acdf0                                                        13     6      13     524288  16777216  16646144  32     31     1      1      131072 -             -          -      0      0      0      0      0      0      0      0      -      0      0      0      0      0      0      0      0      0      0      0      0      0      0      0      0      0      2      3      0      0      0      8      0      0      0      0      0      0      0      0      0      0      0      0      0      0      0      0      6     
0x2abfe95ac9f0           SHF.R.U32.HI R2, RZ, 0x4, R4                                              23     16     23     131072  131072    131072    1      1      30     31     0      -             -          -      0      0      0      0      0      0      0      0      -      0      0      0      0      0      0      0      2      0      0      0      0      0      0      0      0      0      0      4      0      0      0      17     0      1      0      0      0      0      0      0      0      0      0      0      0      0      0      0      15    
0x2abfe95aca00           USHF.R.U32.HI UR6, URZ, 0x4, UR8                                          0      0      0      131072  131072    131072    1      1      0      31     0      -             -          -      0      0      0      0      0      0      0      0      -      0      0      0      0      0      0      0      0      0      0      0      0      0      0      0      0      0      0      0      0      0      0      0      0      0      0      0      0      0      0      0      0      0      0      0      0      0      0      0      0     
0x2abfe95aca10           PLOP3.LUT P1, PT, PT, PT, PT, 0x80, 0x8                                   2      0      2      131072  131072    131072    1      1      0      31     0      -             -          -      0      0      0      0      0      0      0      0      -      0      0      0      0      0      0      0      0      0      0      0      0      0      0      0      0      0      0      2      0      0      0      0      0      0      0      0      0      0      0      0      0      0      0      0      0      0      0      0      0     
0x2abfe95aca20           USHF.L.U32 UR10, UR4, 0x2, URZ                                            0      0      0      131072  131072    131072    1      1      0      31     0      -             -          -      0      0      0      0      0      0      0      0      -      0      0      0      0      0      0      0      0      0      0      0      0      0      0      0      0      0      0      0      0      0      0      0      0      0      0      0      0      0      0      0      0      0      0      0      0      0      0      0      0     
0x2abfe95aca30           LOP3.LUT R2, R2, 0x3fff, RZ, 0xc0, !PT                                    1      0      1      131072  131072    131072    1      1      0      31     0      -             -          -      0      0      0      0      0      0      0      0      -      0      0      0      0      0      0      0      0      0      0      0      0      0      0      0      0      0      0      1      0      0      0      0      0      0      0      0      0      0      0      0      0      0      0      0      0      0      0      0      0     
0x2abfe95aca40           IMAD.MOV.U32 R3, RZ, RZ, 0x40004040                                       0      0      0      131072  131072    131072    1      1      0      31     0      -             -          -      0      0      0      0      0      0      0      0      -      0      0      0      0      0      0      0      0      0      0      0      0      0      0      0      0      0      0      0      0      0      0      0      0      0      0      0      0      0      0      0      0      0      0      0      0      0      0      0      0     
0x2abfe95aca50           ULOP3.LUT UR6, UR6, 0x3fff, URZ, 0xc0, !UPT                               0      0      0      131072  131072    131072    1      1      0      31     0      -             -          -      0      0      0      0      0      0      0      0      -      0      0      0      0      0      0      0      0      0      0      0      0      0      0      0      0      0      0      0      0      0      0      0      0      0      0      0      0      0      0      0      0      0      0      0      0      0      0      0      0     
0x2abfe95aca60           UISETP.NE.U32.AND UP0, UPT, UR10, URZ, UPT                                2      1      2      131072  131072    131072    1      1      0      31     0      -             -          -      0      0      0      0      0      0      0      0      -      0      0      0      0      0      0      0      0      0      0      0      0      0      0      0      0      0      0      1      0      0      0      1      0      0      0      0      0      0      0      0      0      0      0      0      0      0      0      0      1     
0x2abfe95aca70           UMOV UR26, 0x0                                                            2      0      2      131072  131072    131072    1      1      0      31     0      -             -          -      0      0      0      0      0      0      0      0      -      0      0      0      0      0      0      0      0      0      0      0      0      0      0      0      0      0      0      2      0      0      0      0      0      0      0      0      0      0      0      0      0      0      0      0      0      0      0      0      0     
0x2abfe95aca80           UMOV UR27, 0x8100490                                                      1      0      1      131072  131072    131072    1      1      0      31     0      -             -          -      0      0      0      0      0      0      0      0      -      0      0      0      0      0      0      0      0      0      0      0      0      0      0      0      0      0      0      1      0      0      0      0      0      0      0      0      0      0      0      0      0      0      0      0      0      0      0      0      0     
0x2abfe95aca90           UMOV UR7, 0x40004040                                                      2      0      2      131072  131072    131072    1      1      0      31     0      -             -          -      0      0      0      0      0      0      0      0      -      0      0      0      0      0      0      0      0      0      0      0      0      0      0      0      0      0      0      2      0      0      0      0      0      0      0      0      0      0      0      0      0      0      0      0      0      0      0      0      0     
0x2abfe95acaa0     @P1   ELECT P2, URZ, PT                                                         10     7      10     131072  131072    131072    1      1      0      31     0      -             -          -      0      0      0      0      0      0      0      0      -      0      0      0      0      0      0      0      0      0      0      0      0      0      0      0      0      0      0      2      0      0      0      8      0      0      0      0      0      0      0      0      0      0      0      0      0      0      0      0      7     
0x2abfe95acab0     @P2   R2UR.BROADCAST UR12, R2                                                   15     9      15     131072  131072    131072    1      1      0      31     0      -             -          -      0      0      0      0      0      0      0      0      -      0      0      0      0      0      0      0      0      0      0      0      0      0      0      0      0      0      0      1      0      0      0      14     0      0      0      0      0      0      0      0      0      0      0      0      0      0      0      0      9     
0x2abfe95acac0     @P2   R2UR.BROADCAST UR13, R3                                                   3      2      3      131072  131072    131072    1      1      0      31     0      -             -          -      0      0      0      0      0      0      0      0      -      0      0      0      0      0      0      0      0      0      0      0      0      0      0      0      0      0      0      1      0      0      0      2      0      0      0      0      0      0      0      0      0      0      0      0      0      0      0      0      2     
0x2abfe95acad0     @P2   PLOP3.LUT P1, PT, P2, PT, PT, 0x8, 0x80                                   3      2      3      131072  131072    131072    1      1      0      31     0      -             -          -      0      0      0      0      0      0      0      0      -      0      0      0      0      0      0      0      0      0      0      0      0      0      0      0      0      0      0      1      0      0      0      2      0      0      0      0      0      0      0      0      0      0      0      0      0      0      0      0      2     
0x2abfe95acae0           PLOP3.LUT P2, PT, PT, PT, PT, 0x8, 0x80                                   1      1      1      131072  131072    131072    1      1      0      31     0      -             -          -      0      0      0      0      0      0      0      0      -      0      0      0      0      0      0      0      0      0      0      0      0      0      0      0      0      0      0      0      0      0      0      1      0      0      0      0      0      0      0      0      0      0      0      0      0      0      0      0      1     
0x2abfe95acaf0           UTCHMMA gdesc[UR6], gdesc[UR12], tmem[UR24], tmem[UR26], idesc[UR27], UP0 14     9      14     131072  131072    131072    1      1      0      31     0      TmemShared    Load,Store -      0      0      0      0      0      0      0      0      -      0      0      0      0      0      0      0      0      0      0      0      0      0      0      0      0      0      0      4      0      0      0      10     0      0      0      0      0      0      0      0      0      0      0      0      0      0      0      0      9     
0x2abfe95acb00     @P1   BRA.U.ANY 0x2abfe95acaa0                                                  2      0      2      131072  131072    0         1      0      1      32     0      -             -          -      0      0      0      0      0      0      0      0      -      0      0      0      0      0      0      0      0      0      0      0      0      0      0      0      0      0      0      2      0      0      0      0      0      0      0      0      0      0      0      0      0      0      0      0      0      0      0      0      0     
0x2abfe95acb10           UIADD3 UR6, UPT, UPT, UR10, 0x10, URZ                                     21     17     21     131072  131072    131072    1      1      1      31     0      -             -          -      0      0      0      0      0      0      0      0      -      0      0      0      0      0      0      0      0      0      0      0      0      0      0      0      0      0      1      1      16     0      0      3      0      0      0      0      0      0      0      0      0      0      0      0      0      15     0      0      2     
0x2abfe95acb20           PLOP3.LUT P1, PT, PT, PT, PT, 0x80, 0x8                                   2      0      2      131072  131072    131072    1      1      0      31     0      -             -          -      0      0      0      0      0      0      0      0      -      0      0      0      0      0      0      0      0      0      0      0      0      0      0      0      0      0      0      2      0      0      0      0      0      0      0      0      0      0      0      0      0      0      0      0      0      0      0      0      0     
0x2abfe95acb30           UMOV UR7, 0x40004040                                                      2      0      2      131072  131072    131072    1      1      0      31     0      -             -          -      0      0      0      0      0      0      0      0      -      0      0      0      0      0      0      0      0      0      0      0      0      0      0      0      0      0      0      2      0      0      0      0      0      0      0      0      0      0      0      0      0      0      0      0      0      0      0      0      0     
0x2abfe95acb40           UMOV UR12, UR19                                                           0      0      0      131072  131072    131072    1      1      0      31     0      -             -          -      0      0      0      0      0      0      0      0      -      0      0      0      0      0      0      0      0      0      0      0      0      0      0      0      0      0      0      0      0      0      0      0      0      0      0      0      0      0      0      0      0      0      0      0      0      0      0      0      0     
0x2abfe95acb50           UISETP.NE.U32.AND UP0, UPT, UR6, URZ, UPT                                 1      0      1      131072  131072    131072    1      1      0      31     0      -             -          -      0      0      0      0      0      0      0      0      -      0      0      0      0      0      0      0      0      0      0      0      0      0      0      0      0      0      0      1      0      0      0      0      0      0      0      0      0      0      0      0      0      0      0      0      0      0      0      0      0     
0x2abfe95acb60           UMOV UR13, 0x40004040                                                     0      0      0      131072  131072    131072    1      1      0      31     0      -             -          -      0      0      0      0      0      0      0      0      -      0      0      0      0      0      0      0      0      0      0      0      0      0      0      0      0      0      0      0      0      0      0      0      0      0      0      0      0      0      0      0      0      0      0      0      0      0      0      0      0     
0x2abfe95acb70           UMOV UR6, UR18                                                            0      0      0      131072  131072    131072    1      1      0      31     0      -             -          -      0      0      0      0      0      0      0      0      -      0      0      0      0      0      0      0      0      0      0      0      0      0      0      0      0      0      0      0      0      0      0      0      0      0      0      0      0      0      0      0      0      0      0      0      0      0      0      0      0     
0x2abfe95acb80     @P1   ELECT P2, URZ, PT                                                         10     8      10     131072  131072    131072    1      1      0      31     0      -             -          -      0      0      0      0      0      0      0      0      -      0      0      0      0      0      0      0      0      0      0      0      0      0      0      0      0      0      0      1      0      0      0      9      0      0      0      0      0      0      0      0      0      0      0      0      0      0      0      0      8     
0x2abfe95acb90           UTCHMMA gdesc[UR6], gdesc[UR12], tmem[UR24], tmem[UR26], idesc[UR27], UP0 1      0      1      131072  131072    131072    1      1      0      31     0      TmemShared    Load,Store -      0      0      0      0      0      0      0      0      -      0      0      0      0      0      0      0      0      0      0      0      0      0      0      0      0      0      0      1      0      0      0      0      0      0      0      0      0      0      0      0      0      0      0      0      0      0      0      0      0     
0x2abfe95acba0     @P2   PLOP3.LUT P1, PT, P2, PT, PT, 0x8, 0x80                                   12     8      12     131072  131072    131072    1      1      0      31     0      -             -          -      0      0      0      0      0      0      0      0      -      0      0      0      0      0      0      0      0      0      0      0      0      0      0      0      0      0      0      2      0      0      0      10     0      0      0      0      0      0      0      0      0      0      0      0      0      0      0      0      8     
0x2abfe95acbb0           PLOP3.LUT P2, PT, PT, PT, PT, 0x8, 0x80                                   3      2      3      131072  131072    131072    1      1      0      31     0      -             -          -      0      0      0      0      0      0      0      0      -      0      0      0      0      0      0      0      0      0      0      0      0      0      0      0      0      0      0      1      0      0      0      2      0      0      0      0      0      0      0      0      0      0      0      0      0      0      0      0      2     
0x2abfe95acbc0     @P1   BRA.U.ANY 0x2abfe95acb80                                                  11     10     11     131072  131072    0         1      0      1      32     0      -             -          -      0      0      0      0      0      0      0      0      -      0      0      0      0      0      0      0      0      0      0      0      0      0      0      0      0      0      0      0      0      0      0      11     0      0      0      0      0      0      0      0      0      0      0      0      0      0      0      0      10    
0x2abfe95acbd0           UIADD3 UR6, UPT, UPT, UR10, 0x20, URZ                                     16     14     16     131072  131072    131072    1      1      1      31     0      -             -          -      0      0      0      0      0      0      0      0      -      0      0      0      0      0      0      0      0      0      0      0      0      0      0      0      0      0      0      2      10     0      0      4      0      0      0      0      0      0      0      0      0      0      0      0      0      10     0      0      4     
0x2abfe95acbe0           PLOP3.LUT P1, PT, PT, PT, PT, 0x80, 0x8                                   3      0      3      131072  131072    131072    1      1      0      31     0      -             -          -      0      0      0      0      0      0      0      0      -      0      0      0      0      0      0      0      0      0      0      0      0      0      0      0      0      0      0      3      0      0      0      0      0      0      0      0      0      0      0      0      0      0      0      0      0      0      0      0      0     
0x2abfe95acbf0           UMOV UR7, 0x40004040                                                      2      0      2      131072  131072    131072    1      1      0      31     0      -             -          -      0      0      0      0      0      0      0      0      -      0      0      0      0      0      0      0      0      0      0      0      0      0      0      0      0      0      0      2      0      0      0      0      0      0      0      0      0      0      0      0      0      0      0      0      0      0      0      0      0     
0x2abfe95acc00           UMOV UR12, UR21                                                           0      0      0      131072  131072    131072    1      1      0      31     0      -             -          -      0      0      0      0      0      0      0      0      -      0      0      0      0      0      0      0      0      0      0      0      0      0      0      0      0      0      0      0      0      0      0      0      0      0      0      0      0      0      0      0      0      0      0      0      0      0      0      0      0     
0x2abfe95acc10           UISETP.NE.U32.AND UP0, UPT, UR6, URZ, UPT                                 0      0      0      131072  131072    131072    1      1      0      31     0      -             -          -      0      0      0      0      0      0      0      0      -      0      0      0      0      0      0      0      0      0      0      0      0      0      0      0      0      0      0      0      0      0      0      0      0      0      0      0      0      0      0      0      0      0      0      0      0      0      0      0      0     
0x2abfe95acc20           UMOV UR13, 0x40004040                                                     1      0      1      131072  131072    131072    1      1      0      31     0      -             -          -      0      0      0      0      0      0      0      0      -      0      0      0      0      0      0      0      0      0      0      0      0      0      0      0      0      0      0      1      0      0      0      0      0      0      0      0      0      0      0      0      0      0      0      0      0      0      0      0      0     
0x2abfe95acc30           UMOV UR6, UR20                                                            3      0      3      131072  131072    131072    1      1      0      31     0      -             -          -      0      0      0      0      0      0      0      0      -      0      0      0      0      0      0      0      0      0      0      0      0      0      0      0      0      0      0      2      0      0      0      1      0      0      0      0      0      0      0      0      0      0      0      0      0      0      0      0      0     
0x2abfe95acc40     @P1   ELECT P2, URZ, PT                                                         14     13     14     131072  131072    131072    1      1      0      31     0      -             -          -      0      0      0      0      0      0      0      0      -      0      0      0      0      0      0      0      0      0      0      0      0      0      0      0      0      0      0      0      0      0      0      14     0      0      0      0      0      0      0      0      0      0      0      0      0      0      0      0      13    
0x2abfe95acc50           UTCHMMA gdesc[UR6], gdesc[UR12], tmem[UR24], tmem[UR26], idesc[UR27], UP0 0      0      0      131072  131072    131072    1      1      0      31     0      TmemShared    Load,Store -      0      0      0      0      0      0      0      0      -      0      0      0      0      0      0      0      0      0      0      0      0      0      0      0      0      0      0      0      0      0      0      0      0      0      0      0      0      0      0      0      0      0      0      0      0      0      0      0      0     
0x2abfe95acc60     @P2   PLOP3.LUT P1, PT, P2, PT, PT, 0x8, 0x80                                   13     11     13     131072  131072    131072    1      1      0      31     0      -             -          -      0      0      0      0      0      0      0      0      -      0      0      0      0      0      0      0      0      0      0      0      0      0      0      0      0      0      0      0      0      0      0      13     0      0      0      0      0      0      0      0      0      0      0      0      0      0      0      0      11    
0x2abfe95acc70           PLOP3.LUT P2, PT, PT, PT, PT, 0x8, 0x80                                   1      1      1      131072  131072    131072    1      1      0      31     0      -             -          -      0      0      0      0      0      0      0      0      -      0      0      0      0      0      0      0      0      0      0      0      0      0      0      0      0      0      0      0      0      0      0      1      0      0      0      0      0      0      0      0      0      0      0      0      0      0      0      0      1     
0x2abfe95acc80     @P1   BRA.U.ANY 0x2abfe95acc40                                                  15     11     15     131072  131072    0         1      0      1      32     0      -             -          -      0      0      0      0      0      0      0      0      -      0      0      0      0      0      0      0      0      0      0      0      0      0      0      0      0      0      2      1      0      0      0      12     0      0      0      0      0      0      0      0      0      0      0      0      0      0      0      0      11    
0x2abfe95acc90           UIADD3 UR10, UPT, UPT, UR10, 0x30, URZ                                    6      3      6      131072  131072    131072    1      1      1      31     0      -             -          -      0      0      0      0      0      0      0      0      -      0      0      0      0      0      0      0      0      0      0      0      0      0      0      0      0      0      0      2      0      0      0      4      0      0      0      0      0      0      0      0      0      0      0      0      0      0      0      0      3     
0x2abfe95acca0           PLOP3.LUT P1, PT, PT, PT, PT, 0x80, 0x8                                   0      0      0      131072  131072    131072    1      1      0      31     0      -             -          -      0      0      0      0      0      0      0      0      -      0      0      0      0      0      0      0      0      0      0      0      0      0      0      0      0      0      0      0      0      0      0      0      0      0      0      0      0      0      0      0      0      0      0      0      0      0      0      0      0     
0x2abfe95accb0           UMOV UR6, UR22                                                            20     16     20     131072  131072    131072    1      1      0      31     0      -             -          -      0      0      0      0      0      0      0      0      -      0      0      0      0      0      0      0      0      0      0      0      0      0      0      0      0      0      0      1      19     0      0      0      0      0      0      0      0      0      0      0      0      0      0      0      0      16     0      0      0     
0x2abfe95accc0           UMOV UR7, 0x40004040                                                      2      0      2      131072  131072    131072    1      1      0      31     0      -             -          -      0      0      0      0      0      0      0      0      -      0      0      0      0      0      0      0      0      0      0      0      0      0      0      0      0      0      0      2      0      0      0      0      0      0      0      0      0      0      0      0      0      0      0      0      0      0      0      0      0     
0x2abfe95accd0           UISETP.NE.U32.AND UP0, UPT, UR10, URZ, UPT                                0      0      0      131072  131072    131072    1      1      0      31     0      -             -          -      0      0      0      0      0      0      0      0      -      0      0      0      0      0      0      0      0      0      0      0      0      0      0      0      0      0      0      0      0      0      0      0      0      0      0      0      0      0      0      0      0      0      0      0      0      0      0      0      0     
0x2abfe95acce0           UMOV UR12, UR23                                                           3      0      3      131072  131072    131072    1      1      0      31     0      -             -          -      0      0      0      0      0      0      0      0      -      0      0      0      0      0      0      0      0      0      0      0      0      0      0      0      0      0      0      3      0      0      0      0      0      0      0      0      0      0      0      0      0      0      0      0      0      0      0      0      0     
0x2abfe95accf0           UMOV UR13, 0x40004040                                                     0      0      0      131072  131072    131072    1      1      0      31     0      -             -          -      0      0      0      0      0      0      0      0      -      0      0      0      0      0      0      0      0      0      0      0      0      0      0      0      0      0      0      0      0      0      0      0      0      0      0      0      0      0      0      0      0      0      0      0      0      0      0      0      0     
0x2abfe95acd00     @P1   ELECT P2, URZ, PT                                                         13     10     13     131072  131072    131072    1      1      0      31     0      -             -          -      0      0      0      0      0      0      0      0      -      0      0      0      0      0      0      0      0      0      0      0      0      0      0      0      0      0      1      1      0      0      0      11     0      0      0      0      0      0      0      0      0      0      0      0      0      0      0      0      10    
0x2abfe95acd10           UTCHMMA gdesc[UR6], gdesc[UR12], tmem[UR24], tmem[UR26], idesc[UR27], UP0 3      0      3      131072  131072    131072    1      1      0      31     0      TmemShared    Load,Store -      0      0      0      0      0      0      0      0      -      0      0      0      0      0      0      0      0      0      0      0      0      0      0      0      0      0      0      3      0      0      0      0      0      0      0      0      0      0      0      0      0      0      0      0      0      0      0      0      0     
0x2abfe95acd20     @P2   PLOP3.LUT P1, PT, P2, PT, PT, 0x8, 0x80                                   11     8      11     131072  131072    131072    1      1      0      31     0      -             -          -      0      0      0      0      0      0      0      0      -      0      0      0      0      0      0      0      0      0      0      0      0      0      0      0      0      0      0      1      0      0      0      10     0      0      0      0      0      0      0      0      0      0      0      0      0      0      0      0      8     
0x2abfe95acd30           PLOP3.LUT P2, PT, PT, PT, PT, 0x8, 0x80                                   5      3      5      131072  131072    131072    1      1      0      31     0      -             -          -      0      0      0      0      0      0      0      0      -      0      0      0      0      0      0      0      0      0      0      0      0      0      0      0      0      0      0      2      0      0      0      3      0      0      0      0      0      0      0      0      0      0      0      0      0      0      0      0      3     
0x2abfe95acd40     @P1   BRA.U.ANY 0x2abfe95acd00                                                  8      5      8      131072  131072    0         1      0      1      32     0      -             -          -      0      0      0      0      0      0      0      0      -      0      0      0      0      0      0      0      0      0      0      0      0      0      0      0      0      0      0      1      0      0      0      7      0      0      0      0      0      0      0      0      0      0      0      0      0      0      0      0      5     
0x2abfe95acd50           UIADD3 UR6, UPT, UPT, UR14, 0x8, URZ                                      31     26     31     131072  131072    131072    1      1      1      31     0      -             -          -      0      0      0      0      0      0      0      0      -      0      0      0      0      0      0      0      0      0      0      0      0      0      0      0      0      0      0      2      25     0      0      4      0      0      0      0      0      0      0      0      0      0      0      0      0      22     0      0      4     
0x2abfe95acd60           PLOP3.LUT P1, PT, PT, PT, PT, 0x80, 0x8                                   2      0      2      131072  131072    131072    1      1      0      31     0      -             -          -      0      0      0      0      0      0      0      0      -      0      0      0      0      0      0      0      0      0      0      0      0      0      0      0      0      0      0      2      0      0      0      0      0      0      0      0      0      0      0      0      0      0      0      0      0      0      0      0      0     
0x2abfe95acd70           UMOV UR7, URZ                                                             0      0      0      131072  131072    131072    1      1      0      31     0      -             -          -      0      0      0      0      0      0      0      0      -      0      0      0      0      0      0      0      0      0      0      0      0      0      0      0      0      0      0      0      0      0      0      0      0      0      0      0      0      0      0      0      0      0      0      0      0      0      0      0      0     
0x2abfe95acd80           ULEA UR6, UR9, UR6, 0x18                                                  2      2      2      131072  131072    131072    1      1      0      31     0      -             -          -      0      0      0      0      0      0      0      0      -      0      0      0      0      0      0      0      0      0      0      0      0      0      0      0      0      0      0      0      0      0      0      2      0      0      0      0      0      0      0      0      0      0      0      0      0      0      0      0      2     
0x2abfe95acd90           UMOV UR6, UR6                                                             11     7      11     131072  131072    131072    1      1      0      31     0      -             -          -      0      0      0      0      0      0      0      0      -      0      0      0      0      0      0      0      0      0      0      0      0      0      0      0      0      0      0      3      0      0      0      8      0      0      0      0      0      0      0      0      0      0      0      0      0      0      0      0      7     
0x2abfe95acda0     @P1   ELECT P2, URZ, PT                                                         3      3      3      131072  131072    131072    1      1      0      31     0      -             -          -      0      0      0      0      0      0      0      0      -      0      0      0      0      0      0      0      0      0      0      0      0      0      0      0      0      0      0      0      0      0      0      3      0      0      0      0      0      0      0      0      0      0      0      0      0      0      0      0      3     
0x2abfe95acdb0           UTCBAR [UR6], URZ                                                         0      0      0      131072  131072    131072    1      1      0      31     0      -             -          -      0      0      0      0      0      0      0      0      -      0      0      0      0      0      0      0      0      0      0      0      0      0      0      0      0      0      0      0      0      0      0      0      0      0      0      0      0      0      0      0      0      0      0      0      0      0      0      0      0     
0x2abfe95acdc0     @P2   PLOP3.LUT P1, PT, P2, PT, PT, 0x8, 0x80                                   15     12     15     131072  131072    131072    1      1      0      31     0      -             -          -      0      0      0      0      0      0      0      0      -      0      0      0      0      0      0      0      0      0      0      0      0      0      0      0      0      0      0      1      0      0      0      14     0      0      0      0      0      0      0      0      0      0      0      0      0      0      0      0      12    
0x2abfe95acdd0           PLOP3.LUT P2, PT, PT, PT, PT, 0x8, 0x80                                   2      1      2      131072  131072    131072    1      1      0      31     0      -             -          -      0      0      0      0      0      0      0      0      -      0      0      0      0      0      0      0      0      0      0      0      0      0      0      0      0      0      0      1      0      0      0      1      0      0      0      0      0      0      0      0      0      0      0      0      0      0      0      0      1     
0x2abfe95acde0     @P1   BRA.U.ANY 0x2abfe95acda0                                                  15     11     15     131072  131072    0         1      0      1      32     0      -             -          -      0      0      0      0      0      0      0      0      -      0      0      0      0      0      0      0      0      0      0      0      0      0      0      0      0      0      0      1      0      0      0      14     0      0      0      0      0      0      0      0      0      0      0      0      0      0      0      0      11    
0x2abfe95acdf0           BSYNC.RECONVERGENT B0                                                     49     44     49     655360  16777216  16777216  25     25     25     7      0      -             -          -      0      0      0      0      0      0      0      0      -      0      0      0      0      0      0      0      14     0      0      0      0      0      0      0      0      10     0      1      23     0      0      1      0      13     0      0      0      0      0      0      0      0      9      0      0      21     0      0      1     
0x2abfe95ace00           UIADD3 UR14, UPT, UPT, UR14, 0x8, URZ                                     77     69     77     524288  16777216  16777216  32     32     7      0      0      -             -          -      0      0      0      0      0      0      0      0      -      0      0      0      0      0      0      0      54     0      0      0      0      0      0      0      0      0      0      2      0      0      0      21     0      48     0      0      0      0      0      0      0      0      0      0      0      0      0      0      21    
0x2abfe95ace10           ULEA UR14, UR9, UR14, 0x18                                                24     15     24     524288  16777216  16777216  32     32     0      0      0      -             -          -      0      0      0      0      0      0      0      0      -      0      0      0      0      0      0      0      0      0      0      0      0      1      0      0      0      0      0      5      0      0      0      18     0      0      0      0      0      0      0      0      0      0      0      0      0      0      0      0      15    
0x2abfe95ace20           SYNCS.PHASECHK.TRANS64.TRYWAIT P1, [UR14], R0                             57     43     57     4659303 149097696 149097696 32     32     0      0      0      -             -          -      0      0      0      0      0      0      0      0      -      0      0      0      0      0      0      0      0      0      0      0      0      0      0      0      0      0      1      4      0      0      0      52     0      0      0      0      0      0      0      0      0      0      0      0      0      0      0      0      43    
0x2abfe95ace30     @!P1  BRA 0x2abfe95ace20                                                        1754   1495   1754   4659303 149097696 132320480 32     28     4      4      0      -             -          -      0      0      0      0      0      0      0      0      -      0      0      0      0      0      0      0      0      0      0      0      1744   0      0      0      0      0      0      4      0      0      0      6      0      0      0      0      0      1491   0      0      0      0      0      0      0      0      0      0      4     
0x2abfe95ace40           UIADD3 UR4, UPT, UPT, UR4, 0x1, URZ                                       20     11     20     524288  16777216  16777216  32     32     4      0      0      -             -          -      0      0      0      0      0      0      0      0      -      0      0      0      0      0      0      0      0      0      0      0      0      0      0      0      0      0      1      5      0      0      0      14     0      0      0      0      0      0      0      0      0      0      0      0      0      0      0      0      11    
0x2abfe95ace50           NOP                                                                       4      0      4      524288  16777216  16777216  32     32     0      0      0      -             -          -      0      0      0      0      0      0      0      0      -      0      0      0      0      0      0      0      0      0      0      0      0      0      0      0      0      0      0      4      0      0      0      0      0      0      0      0      0      0      0      0      0      0      0      0      0      0      0      0      0     
0x2abfe95ace60           UISETP.NE.AND UP0, UPT, UR4, UR5, UPT                                     16     8      16     524288  16777216  16777216  32     32     0      0      0      -             -          -      0      0      0      0      0      0      0      0      -      0      0      0      0      0      0      0      0      1      0      0      0      0      0      0      0      0      1      7      0      0      0      7      0      0      1      0      0      0      0      0      0      0      0      0      0      0      0      0      7     
0x2abfe95ace70           BRA.U UP0, 0x2abfe95ac710                                                 32     24     32     524288  16777216  16777216  32     32     0      0      0      -             -          -      0      0      0      0      0      0      0      0      -      0      0      0      0      0      0      0      0      0      0      0      0      0      0      0      0      0      0      6      0      0      0      26     0      0      0      0      0      0      0      0      0      0      0      0      0      0      0      0      24    
0x2abfe95ace80           IMAD.U32 R0, R6, 0x10000, RZ                                              25     14     25     8192    262144    262144    32     32     0      0      0      -             -          -      0      0      0      0      0      0      0      0      -      0      0      0      0      0      0      0      0      0      0      0      0      0      0      0      0      0      0      8      0      0      0      17     0      0      0      0      0      0      0      0      0      0      0      0      0      0      0      0      14    
0x2abfe95ace90           LDC R5, c[0x0][0x39c]                                                     0      0      0      8192    262144    262144    32     32     0      0      0      -             -          -      0      0      0      0      0      0      0      0      -      0      0      0      0      0      0      0      0      0      0      0      0      0      0      0      0      0      0      0      0      0      0      0      0      0      0      0      0      0      0      0      0      0      0      0      0      0      0      0      0     
0x2abfe95acea0           VIADD R4, R6, UR11                                                        0      0      0      8192    262144    262144    32     32     0      0      0      -             -          -      0      0      0      0      0      0      0      0      -      0      0      0      0      0      0      0      0      0      0      0      0      0      0      0      0      0      0      0      0      0      0      0      0      0      0      0      0      0      0      0      0      0      0      0      0      0      0      0      0     
0x2abfe95aceb0           LOP3.LUT R0, R0, 0x3e00000, RZ, 0xc0, !PT                                 0      0      0      8192    262144    262144    32     32     0      0      0      -             -          -      0      0      0      0      0      0      0      0      -      0      0      0      0      0      0      0      0      0      0      0      0      0      0      0      0      0      0      0      0      0      0      0      0      0      0      0      0      0      0      0      0      0      0      0      0      0      0      0      0     
0x2abfe95acec0           LDC.64 R2, c[0x0][0x390]                                                  0      0      0      8192    262144    262144    32     32     0      0      0      -             -          -      0      0      0      0      0      0      0      0      -      0      0      0      0      0      0      0      0      0      0      0      0      0      0      0      0      0      0      0      0      0      0      0      0      0      0      0      0      0      0      0      0      0      0      0      0      0      0      0      0     
0x2abfe95aced0           VIADD R0, R0, UR24                                                        0      0      0      8192    262144    262144    32     32     0      0      0      -             -          -      0      0      0      0      0      0      0      0      -      0      0      0      0      0      0      0      0      0      0      0      0      0      0      0      0      0      0      0      0      0      0      0      0      0      0      0      0      0      0      0      0      0      0      0      0      0      0      0      0     
0x2abfe95acee0           R2UR UR4, R0                                                              0      0      0      8192    262144    262144    32     32     0      0      0      -             -          -      0      0      0      0      0      0      0      0      -      0      0      0      0      0      0      0      0      0      0      0      0      0      0      0      0      0      0      0      0      0      0      0      0      0      0      0      0      0      0      0      0      0      0      0      0      0      0      0      0     
0x2abfe95acef0           R2UR UR5, R0                                                              0      0      0      8192    262144    262144    32     32     0      0      0      -             -          -      0      0      0      0      0      0      0      0      -      0      0      0      0      0      0      0      0      0      0      0      0      0      0      0      0      0      0      0      0      0      0      0      0      0      0      0      0      0      0      0      0      0      0      0      0      0      0      0      0     
0x2abfe95acf00           IMAD R5, R4, R5, UR15                                                     2      2      2      8192    262144    262144    32     32     0      0      0      -             -          -      0      0      0      0      0      0      0      0      -      0      0      0      0      0      0      0      0      0      0      0      0      0      0      0      0      0      0      0      2      0      0      0      0      0      0      0      0      0      0      0      0      0      0      0      0      2      0      0      0     
0x2abfe95acf10           LDTM R7, tmem[UR4]                                                        0      0      0      8192    262144    262144    32     32     0      0      0      Tmem          Load       -      0      0      0      0      0      0      0      0      -      0      0      0      0      0      0      0      0      0      0      0      0      0      0      0      0      0      0      0      0      0      0      0      0      0      0      0      0      0      0      0      0      0      0      0      0      0      0      0      0     
0x2abfe95acf20           NOP                                                                       1      0      1      8192    262144    262144    32     32     0      0      0      -             -          -      0      0      0      0      0      0      0      0      -      0      0      0      0      0      0      0      0      0      0      0      0      0      0      0      0      0      0      1      0      0      0      0      0      0      0      0      0      0      0      0      0      0      0      0      0      0      0      0      0     
0x2abfe95acf30           LDTM R9, tmem[UR5+0x1]                                                    0      0      0      8192    262144    262144    32     32     0      0      0      Tmem          Load       -      0      0      0      0      0      0      0      0      -      0      0      0      0      0      0      0      0      0      0      0      0      0      0      0      0      0      0      0      0      0      0      0      0      0      0      0      0      0      0      0      0      0      0      0      0      0      0      0      0     
0x2abfe95acf40           IMAD.WIDE R2, R5, 0x4, R2                                                 0      0      0      8192    262144    262144    32     32     0      0      0      -             -          -      0      0      0      0      0      0      0      0      -      0      0      0      0      0      0      0      0      0      0      0      0      0      0      0      0      0      0      0      0      0      0      0      0      0      0      0      0      0      0      0      0      0      0      0      0      0      0      0      0     
0x2abfe95acf50           STG.E desc[UR16][R2.64], R7                                               377    373    377    8192    262144    262144    32     32     0      0      0      Global        Store      32     262144 0      0      0      0      229376 262144 32768         0      0      0      0      0      0      0      0      0      0      374    0      0      0      1      0      0      2      0      0      0      0      0      0      0      0      0      372    0      0      0      1      0      0      0      0      0      0      0      0     
0x2abfe95acf60           NOP                                                                       0      0      0      8192    262144    262144    32     32     0      0      0      -             -          -      0      0      0      0      0      0      0      0      -      0      0      0      0      0      0      0      0      0      0      0      0      0      0      0      0      0      0      0      0      0      0      0      0      0      0      0      0      0      0      0      0      0      0      0      0      0      0      0      0     
0x2abfe95acf70           STG.E desc[UR16][R2.64+0x4], R9                                           278    276    278    8192    262144    262144    32     32     0      0      0      Global        Store      32     262144 0      0      0      0      229376 262144 32768         0      0      0      0      0      0      0      0      0      0      232    0      0      0      45     0      0      1      0      0      0      0      0      0      0      0      0      231    0      0      0      45     0      0      0      0      0      0      0      0     
0x2abfe95acf80           LDTM R5, tmem[UR4+0x2]                                                    0      0      0      8192    262144    262144    32     32     0      0      0      Tmem          Load       -      0      0      0      0      0      0      0      0      -      0      0      0      0      0      0      0      0      0      0      0      0      0      0      0      0      0      0      0      0      0      0      0      0      0      0      0      0      0      0      0      0      0      0      0      0      0      0      0      0     
0x2abfe95acf90           NOP                                                                       0      0      0      8192    262144    262144    32     32     0      0      0      -             -          -      0      0      0      0      0      0      0      0      -      0      0      0      0      0      0      0      0      0      0      0      0      0      0      0      0      0      0      0      0      0      0      0      0      0      0      0      0      0      0      0      0      0      0      0      0      0      0      0      0     
0x2abfe95acfa0           LDTM R11, tmem[UR5+0x3]                                                   0      0      0      8192    262144    262144    32     32     0      0      0      Tmem          Load       -      0      0      0      0      0      0      0      0      -      0      0      0      0      0      0      0      0      0      0      0      0      0      0      0      0      0      0      0      0      0      0      0      0      0      0      0      0      0      0      0      0      0      0      0      0      0      0      0      0     
0x2abfe95acfb0           STG.E desc[UR16][R2.64+0x8], R5                                           235    228    235    8192    262144    262144    32     32     0      0      0      Global        Store      32     262144 0      0      0      0      229376 262144 32768         0      0      0      0      0      0      0      0      0      0      145    0      0      0      88     0      0      2      0      0      0      0      0      0      0      0      0      141    0      0      0      87     0      0      0      0      0      0      0      0     
0x2abfe95acfc0           NOP                                                                       0      0      0      8192    262144    262144    32     32     0      0      0      -             -          -      0      0      0      0      0      0      0      0      -      0      0      0      0      0      0      0      0      0      0      0      0      0      0      0      0      0      0      0      0      0      0      0      0      0      0      0      0      0      0      0      0      0      0      0      0      0      0      0      0     
0x2abfe95acfd0           STG.E desc[UR16][R2.64+0xc], R11                                          194    191    194    8192    262144    262144    32     32     0      0      0      Global        Store      32     262144 0      0      0      0      229376 262144 32768         0      0      0      0      0      0      0      0      0      0      127    0      0      0      67     0      0      0      0      0      0      0      0      0      0      0      0      125    0      0      0      66     0      0      0      0      0      0      0      0     
0x2abfe95acfe0           LDTM R7, tmem[UR4+0x4]                                                    50     48     50     8192    262144    262144    32     32     0      0      0      Tmem          Load       -      0      0      0      0      0      0      0      0      -      0      0      0      0      0      0      0      0      0      0      0      50     0      0      0      0      0      0      0      0      0      0      0      0      0      0      0      0      48     0      0      0      0      0      0      0      0      0      0      0     
0x2abfe95acff0           NOP                                                                       0      0      0      8192    262144    262144    32     32     0      0      0      -             -          -      0      0      0      0      0      0      0      0      -      0      0      0      0      0      0      0      0      0      0      0      0      0      0      0      0      0      0      0      0      0      0      0      0      0      0      0      0      0      0      0      0      0      0      0      0      0      0      0      0     
0x2abfe95ad000           LDTM R9, tmem[UR5+0x5]                                                    13     12     13     8192    262144    262144    32     32     0      0      0      Tmem          Load       -      0      0      0      0      0      0      0      0      -      0      0      0      0      0      0      0      0      0      0      0      13     0      0      0      0      0      0      0      0      0      0      0      0      0      0      0      0      12     0      0      0      0      0      0      0      0      0      0      0     
0x2abfe95ad010           STG.E desc[UR16][R2.64+0x10], R7                                          47     47     47     8192    262144    262144    32     32     0      0      0      Global        Store      32     262144 0      0      0      0      229376 262144 32768         0      0      0      0      0      0      0      0      0      0      29     0      0      0      18     0      0      0      0      0      0      0      0      0      0      0      0      29     0      0      0      18     0      0      0      0      0      0      0      0     
0x2abfe95ad020           NOP                                                                       0      0      0      8192    262144    262144    32     32     0      0      0      -             -          -      0      0      0      0      0      0      0      0      -      0      0      0      0      0      0      0      0      0      0      0      0      0      0      0      0      0      0      0      0      0      0      0      0      0      0      0      0      0      0      0      0      0      0      0      0      0      0      0      0     
0x2abfe95ad030           STG.E desc[UR16][R2.64+0x14], R9                                          109    106    109    8192    262144    262144    32     32     0      0      0      Global        Store      32     262144 0      0      0      0      229376 262144 32768         0      0      0      0      0      0      0      0      0      0      92     0      0      0      15     0      0      1      0      1      0      0      0      0      0      0      0      90     0      0      0      15     0      0      0      0      1      0      0      0     
0x2abfe95ad040           LDTM R5, tmem[UR4+0x6]                                                    7      7      7      8192    262144    262144    32     32     0      0      0      Tmem          Load       -      0      0      0      0      0      0      0      0      -      0      0      0      0      0      0      0      0      0      0      0      7      0      0      0      0      0      0      0      0      0      0      0      0      0      0      0      0      7      0      0      0      0      0      0      0      0      0      0      0     
0x2abfe95ad050           NOP                                                                       0      0      0      8192    262144    262144    32     32     0      0      0      -             -          -      0      0      0      0      0      0      0      0      -      0      0      0      0      0      0      0      0      0      0      0      0      0      0      0      0      0      0      0      0      0      0      0      0      0      0      0      0      0      0      0      0      0      0      0      0      0      0      0      0     
0x2abfe95ad060           LDTM R11, tmem[UR5+0x7]                                                   31     30     31     8192    262144    262144    32     32     0      0      0      Tmem          Load       -      0      0      0      0      0      0      0      0      -      0      0      0      0      0      0      0      0      0      0      0      31     0      0      0      0      0      0      0      0      0      0      0      0      0      0      0      0      30     0      0      0      0      0      0      0      0      0      0      0     
0x2abfe95ad070           STG.E desc[UR16][R2.64+0x18], R5                                          31     30     31     8192    262144    262144    32     32     0      0      0      Global        Store      32     262144 0      0      0      0      229376 262144 32768         0      0      0      0      0      0      0      0      0      0      23     0      0      0      8      0      0      0      0      0      0      0      0      0      0      0      0      22     0      0      0      8      0      0      0      0      0      0      0      0     
0x2abfe95ad080           NOP                                                                       1      0      1      8192    262144    262144    32     32     0      0      0      -             -          -      0      0      0      0      0      0      0      0      -      0      0      0      0      0      0      0      0      0      0      0      0      0      0      0      0      0      0      1      0      0      0      0      0      0      0      0      0      0      0      0      0      0      0      0      0      0      0      0      0     
0x2abfe95ad090           STG.E desc[UR16][R2.64+0x1c], R11                                         110    109    110    8192    262144    262144    32     32     0      0      0      Global        Store      32     262144 0      0      0      0      229376 262144 32768         0      0      0      0      0      0      0      0      0      0      90     0      0      0      20     0      0      0      0      0      0      0      0      0      0      0      0      89     0      0      0      20     0      0      0      0      0      0      0      0     
0x2abfe95ad0a0           LDTM R7, tmem[UR4+0x8]                                                    43     42     43     8192    262144    262144    32     32     0      0      0      Tmem          Load       -      0      0      0      0      0      0      0      0      -      0      0      0      0      0      0      0      0      0      0      0      43     0      0      0      0      0      0      0      0      0      0      0      0      0      0      0      0      42     0      0      0      0      0      0      0      0      0      0      0     
0x2abfe95ad0b0           NOP                                                                       0      0      0      8192    262144    262144    32     32     0      0      0      -             -          -      0      0      0      0      0      0      0      0      -      0      0      0      0      0      0      0      0      0      0      0      0      0      0      0      0      0      0      0      0      0      0      0      0      0      0      0      0      0      0      0      0      0      0      0      0      0      0      0      0     
0x2abfe95ad0c0           LDTM R9, tmem[UR5+0x9]                                                    21     21     21     8192    262144    262144    32     32     0      0      0      Tmem          Load       -      0      0      0      0      0      0      0      0      -      0      0      0      0      0      0      0      0      0      0      0      21     0      0      0      0      0      0      0      0      0      0      0      0      0      0      0      0      21     0      0      0      0      0      0      0      0      0      0      0     
0x2abfe95ad0d0           STG.E desc[UR16][R2.64+0x20], R7                                          26     25     26     8192    262144    262144    32     32     0      0      0      Global        Store      32     262144 0      0      0      0      229376 262144 32768         0      0      0      0      0      0      0      0      0      0      21     0      0      0      5      0      0      0      0      0      0      0      0      0      0      0      0      20     0      0      0      5      0      0      0      0      0      0      0      0     
0x2abfe95ad0e0           NOP                                                                       0      0      0      8192    262144    262144    32     32     0      0      0      -             -          -      0      0      0      0      0      0      0      0      -      0      0      0      0      0      0      0      0      0      0      0      0      0      0      0      0      0      0      0      0      0      0      0      0      0      0      0      0      0      0      0      0      0      0      0      0      0      0      0      0     
0x2abfe95ad0f0           STG.E desc[UR16][R2.64+0x24], R9                                          46     44     46     8192    262144    262144    32     32     0      0      0      Global        Store      32     262144 0      0      0      0      229376 262144 32768         0      0      0      0      0      0      0      0      0      0      38     0      0      0      5      0      0      1      0      2      0      0      0      0      0      0      0      38     0      0      0      5      0      0      0      0      1      0      0      0     
0x2abfe95ad100           LDTM R5, tmem[UR4+0xa]                                                    17     17     17     8192    262144    262144    32     32     0      0      0      Tmem          Load       -      0      0      0      0      0      0      0      0      -      0      0      0      0      0      0      0      0      0      0      0      17     0      0      0      0      0      0      0      0      0      0      0      0      0      0      0      0      17     0      0      0      0      0      0      0      0      0      0      0     
0x2abfe95ad110           NOP                                                                       0      0      0      8192    262144    262144    32     32     0      0      0      -             -          -      0      0      0      0      0      0      0      0      -      0      0      0      0      0      0      0      0      0      0      0      0      0      0      0      0      0      0      0      0      0      0      0      0      0      0      0      0      0      0      0      0      0      0      0      0      0      0      0      0     
0x2abfe95ad120           LDTM R11, tmem[UR5+0xb]                                                   26     26     26     8192    262144    262144    32     32     0      0      0      Tmem          Load       -      0      0      0      0      0      0      0      0      -      0      0      0      0      0      0      0      0      0      0      0      26     0      0      0      0      0      0      0      0      0      0      0      0      0      0      0      0      26     0      0      0      0      0      0      0      0      0      0      0     
0x2abfe95ad130           STG.E desc[UR16][R2.64+0x28], R5                                          20     20     20     8192    262144    262144    32     32     0      0      0      Global        Store      32     262144 0      0      0      0      229376 262144 32768         0      0      0      0      0      0      0      0      0      0      17     0      0      0      3      0      0      0      0      0      0      0      0      0      0      0      0      17     0      0      0      3      0      0      0      0      0      0      0      0     
0x2abfe95ad140           NOP                                                                       0      0      0      8192    262144    262144    32     32     0      0      0      -             -          -      0      0      0      0      0      0      0      0      -      0      0      0      0      0      0      0      0      0      0      0      0      0      0      0      0      0      0      0      0      0      0      0      0      0      0      0      0      0      0      0      0      0      0      0      0      0      0      0      0     
0x2abfe95ad150           STG.E desc[UR16][R2.64+0x2c], R11                                         35     35     35     8192    262144    262144    32     32     0      0      0      Global        Store      32     262144 0      0      0      0      229376 262144 32768         0      0      0      0      0      0      0      0      0      0      31     0      0      0      3      0      0      0      0      0      0      0      1      0      0      0      0      31     0      0      0      3      0      0      0      0      0      0      0      1     
0x2abfe95ad160           LDTM R7, tmem[UR4+0xc]                                                    35     33     35     8192    262144    262144    32     32     0      0      0      Tmem          Load       -      0      0      0      0      0      0      0      0      -      0      0      0      0      0      0      0      0      0      0      0      34     0      0      0      0      0      0      1      0      0      0      0      0      0      0      0      0      33     0      0      0      0      0      0      0      0      0      0      0     
0x2abfe95ad170           NOP                                                                       0      0      0      8192    262144    262144    32     32     0      0      0      -             -          -      0      0      0      0      0      0      0      0      -      0      0      0      0      0      0      0      0      0      0      0      0      0      0      0      0      0      0      0      0      0      0      0      0      0      0      0      0      0      0      0      0      0      0      0      0      0      0      0      0     
0x2abfe95ad180           LDTM R9, tmem[UR5+0xd]                                                    30     30     30     8192    262144    262144    32     32     0      0      0      Tmem          Load       -      0      0      0      0      0      0      0      0      -      0      0      0      0      0      0      0      0      0      0      0      30     0      0      0      0      0      0      0      0      0      0      0      0      0      0      0      0      30     0      0      0      0      0      0      0      0      0      0      0     
0x2abfe95ad190           STG.E desc[UR16][R2.64+0x30], R7                                          18     18     18     8192    262144    262144    32     32     0      0      0      Global        Store      32     262144 0      0      0      0      229376 262144 32768         0      0      0      0      0      0      0      0      0      0      10     0      0      0      8      0      0      0      0      0      0      0      0      0      0      0      0      10     0      0      0      8      0      0      0      0      0      0      0      0     
0x2abfe95ad1a0           NOP                                                                       1      0      1      8192    262144    262144    32     32     0      0      0      -             -          -      0      0      0      0      0      0      0      0      -      0      0      0      0      0      0      0      0      0      0      0      0      0      0      0      0      0      0      1      0      0      0      0      0      0      0      0      0      0      0      0      0      0      0      0      0      0      0      0      0     
0x2abfe95ad1b0           STG.E desc[UR16][R2.64+0x34], R9                                          45     45     45     8192    262144    262144    32     32     0      0      0      Global        Store      32     262144 0      0      0      0      229376 262144 32768         0      0      0      0      0      0      0      0      0      0      37     0      0      0      7      0      0      0      0      1      0      0      0      0      0      0      0      37     0      0      0      7      0      0      0      0      1      0      0      0     
0x2abfe95ad1c0           LDTM R5, tmem[UR4+0xe]                                                    27     27     27     8192    262144    262144    32     32     0      0      0      Tmem          Load       -      0      0      0      0      0      0      0      0      -      0      0      0      0      0      0      0      0      0      0      0      27     0      0      0      0      0      0      0      0      0      0      0      0      0      0      0      0      27     0      0      0      0      0      0      0      0      0      0      0     
0x2abfe95ad1d0           NOP                                                                       0      0      0      8192    262144    262144    32     32     0      0      0      -             -          -      0      0      0      0      0      0      0      0      -      0      0      0      0      0      0      0      0      0      0      0      0      0      0      0      0      0      0      0      0      0      0      0      0      0      0      0      0      0      0      0      0      0      0      0      0      0      0      0      0     
0x2abfe95ad1e0           LDTM R11, tmem[UR5+0xf]                                                   28     27     28     8192    262144    262144    32     32     0      0      0      Tmem          Load       -      0      0      0      0      0      0      0      0      -      0      0      0      0      0      0      0      0      0      0      0      28     0      0      0      0      0      0      0      0      0      0      0      0      0      0      0      0      27     0      0      0      0      0      0      0      0      0      0      0     
0x2abfe95ad1f0           STG.E desc[UR16][R2.64+0x38], R5                                          11     11     11     8192    262144    262144    32     32     0      0      0      Global        Store      32     262144 0      0      0      0      229376 262144 32768         0      0      0      0      0      0      0      0      0      0      7      0      0      0      4      0      0      0      0      0      0      0      0      0      0      0      0      7      0      0      0      4      0      0      0      0      0      0      0      0     
0x2abfe95ad200           NOP                                                                       1      0      1      8192    262144    262144    32     32     0      0      0      -             -          -      0      0      0      0      0      0      0      0      -      0      0      0      0      0      0      0      0      0      0      0      0      0      0      0      0      0      0      1      0      0      0      0      0      0      0      0      0      0      0      0      0      0      0      0      0      0      0      0      0     
0x2abfe95ad210           STG.E desc[UR16][R2.64+0x3c], R11                                         62     61     62     8192    262144    262144    32     32     0      0      0      Global        Store      32     262144 0      0      0      0      229376 262144 32768         0      0      0      0      0      0      0      0      0      0      51     0      0      0      10     0      0      1      0      0      0      0      0      0      0      0      0      51     0      0      0      10     0      0      0      0      0      0      0      0     
0x2abfe95ad220           LDTM R7, tmem[UR4+0x10]                                                   52     48     52     8192    262144    262144    32     32     0      0      0      Tmem          Load       -      0      0      0      0      0      0      0      0      -      0      0      0      0      0      0      0      0      0      0      0      51     0      0      0      0      0      1      0      0      0      0      0      0      0      0      0      0      48     0      0      0      0      0      0      0      0      0      0      0     
0x2abfe95ad230           NOP                                                                       0      0      0      8192    262144    262144    32     32     0      0      0      -             -          -      0      0      0      0      0      0      0      0      -      0      0      0      0      0      0      0      0      0      0      0      0      0      0      0      0      0      0      0      0      0      0      0      0      0      0      0      0      0      0      0      0      0      0      0      0      0      0      0      0     
0x2abfe95ad240           LDTM R9, tmem[UR5+0x11]                                                   31     29     31     8192    262144    262144    32     32     0      0      0      Tmem          Load       -      0      0      0      0      0      0      0      0      -      0      0      0      0      0      0      0      0      0      0      0      31     0      0      0      0      0      0      0      0      0      0      0      0      0      0      0      0      29     0      0      0      0      0      0      0      0      0      0      0     
0x2abfe95ad250           STG.E desc[UR16][R2.64+0x40], R7                                          3      3      3      8192    262144    262144    32     32     0      0      0      Global        Store      32     262144 0      0      0      0      229376 262144 32768         0      0      0      0      0      0      0      0      0      0      1      0      0      0      2      0      0      0      0      0      0      0      0      0      0      0      0      1      0      0      0      2      0      0      0      0      0      0      0      0     
0x2abfe95ad260           NOP                                                                       0      0      0      8192    262144    262144    32     32     0      0      0      -             -          -      0      0      0      0      0      0      0      0      -      0      0      0      0      0      0      0      0      0      0      0      0      0      0      0      0      0      0      0      0      0      0      0      0      0      0      0      0      0      0      0      0      0      0      0      0      0      0      0      0     
0x2abfe95ad270           STG.E desc[UR16][R2.64+0x44], R9                                          24     24     24     8192    262144    262144    32     32     0      0      0      Global        Store      32     262144 0      0      0      0      229376 262144 32768         0      0      0      0      0      0      0      0      0      0      23     0      0      0      1      0      0      0      0      0      0      0      0      0      0      0      0      23     0      0      0      1      0      0      0      0      0      0      0      0     
0x2abfe95ad280           LDTM R5, tmem[UR4+0x12]                                                   33     32     33     8192    262144    262144    32     32     0      0      0      Tmem          Load       -      0      0      0      0      0      0      0      0      -      0      0      0      0      0      0      0      0      0      0      0      33     0      0      0      0      0      0      0      0      0      0      0      0      0      0      0      0      32     0      0      0      0      0      0      0      0      0      0      0     
0x2abfe95ad290           NOP                                                                       0      0      0      8192    262144    262144    32     32     0      0      0      -             -          -      0      0      0      0      0      0      0      0      -      0      0      0      0      0      0      0      0      0      0      0      0      0      0      0      0      0      0      0      0      0      0      0      0      0      0      0      0      0      0      0      0      0      0      0      0      0      0      0      0     
0x2abfe95ad2a0           LDTM R11, tmem[UR5+0x13]                                                  34     34     34     8192    262144    262144    32     32     0      0      0      Tmem          Load       -      0      0      0      0      0      0      0      0      -      0      0      0      0      0      0      0      0      0      0      0      34     0      0      0      0      0      0      0      0      0      0      0      0      0      0      0      0      34     0      0      0      0      0      0      0      0      0      0      0     
0x2abfe95ad2b0           STG.E desc[UR16][R2.64+0x48], R5                                          6      6      6      8192    262144    262144    32     32     0      0      0      Global        Store      32     262144 0      0      0      0      229376 262144 32768         0      0      0      0      0      0      0      0      0      0      2      0      0      0      4      0      0      0      0      0      0      0      0      0      0      0      0      2      0      0      0      4      0      0      0      0      0      0      0      0     
0x2abfe95ad2c0           NOP                                                                       1      0      1      8192    262144    262144    32     32     0      0      0      -             -          -      0      0      0      0      0      0      0      0      -      0      0      0      0      0      0      0      0      0      0      0      0      0      0      0      0      0      0      1      0      0      0      0      0      0      0      0      0      0      0      0      0      0      0      0      0      0      0      0      0     
0x2abfe95ad2d0           STG.E desc[UR16][R2.64+0x4c], R11                                         23     22     23     8192    262144    262144    32     32     0      0      0      Global        Store      32     262144 0      0      0      0      229376 262144 32768         0      0      0      0      0      0      0      0      0      0      17     0      0      0      5      0      0      0      1      0      0      0      0      0      0      0      0      17     0      0      0      5      0      0      0      0      0      0      0      0     
0x2abfe95ad2e0           LDTM R7, tmem[UR4+0x14]                                                   52     51     52     8192    262144    262144    32     32     0      0      0      Tmem          Load       -      0      0      0      0      0      0      0      0      -      0      0      0      0      0      0      0      0      0      0      0      52     0      0      0      0      0      0      0      0      0      0      0      0      0      0      0      0      51     0      0      0      0      0      0      0      0      0      0      0     
0x2abfe95ad2f0           NOP                                                                       0      0      0      8192    262144    262144    32     32     0      0      0      -             -          -      0      0      0      0      0      0      0      0      -      0      0      0      0      0      0      0      0      0      0      0      0      0      0      0      0      0      0      0      0      0      0      0      0      0      0      0      0      0      0      0      0      0      0      0      0      0      0      0      0     
0x2abfe95ad300           LDTM R9, tmem[UR5+0x15]                                                   36     36     36     8192    262144    262144    32     32     0      0      0      Tmem          Load       -      0      0      0      0      0      0      0      0      -      0      0      0      0      0      0      0      0      0      0      0      36     0      0      0      0      0      0      0      0      0      0      0      0      0      0      0      0      36     0      0      0      0      0      0      0      0      0      0      0     
0x2abfe95ad310           STG.E desc[UR16][R2.64+0x50], R7                                          5      5      5      8192    262144    262144    32     32     0      0      0      Global        Store      32     262144 0      0      0      0      229376 262144 32768         0      0      0      0      0      0      0      0      0      0      2      0      0      0      3      0      0      0      0      0      0      0      0      0      0      0      0      2      0      0      0      3      0      0      0      0      0      0      0      0     
0x2abfe95ad320           NOP                                                                       0      0      0      8192    262144    262144    32     32     0      0      0      -             -          -      0      0      0      0      0      0      0      0      -      0      0      0      0      0      0      0      0      0      0      0      0      0      0      0      0      0      0      0      0      0      0      0      0      0      0      0      0      0      0      0      0      0      0      0      0      0      0      0      0     
0x2abfe95ad330           STG.E desc[UR16][R2.64+0x54], R9                                          31     29     31     8192    262144    262144    32     32     0      0      0      Global        Store      32     262144 0      0      0      0      229376 262144 32768         0      0      0      0      0      0      0      0      0      0      23     0      0      0      7      0      0      0      1      0      0      0      0      0      0      0      0      23     0      0      0      6      0      0      0      0      0      0      0      0     
0x2abfe95ad340           LDTM R5, tmem[UR4+0x16]                                                   31     30     31     8192    262144    262144    32     32     0      0      0      Tmem          Load       -      0      0      0      0      0      0      0      0      -      0      0      0      0      0      0      0      0      0      0      0      31     0      0      0      0      0      0      0      0      0      0      0      0      0      0      0      0      30     0      0      0      0      0      0      0      0      0      0      0     
0x2abfe95ad350           NOP                                                                       0      0      0      8192    262144    262144    32     32     0      0      0      -             -          -      0      0      0      0      0      0      0      0      -      0      0      0      0      0      0      0      0      0      0      0      0      0      0      0      0      0      0      0      0      0      0      0      0      0      0      0      0      0      0      0      0      0      0      0      0      0      0      0      0     
0x2abfe95ad360           LDTM R11, tmem[UR5+0x17]                                                  31     30     31     8192    262144    262144    32     32     0      0      0      Tmem          Load       -      0      0      0      0      0      0      0      0      -      0      0      0      0      0      0      0      0      0      0      0      31     0      0      0      0      0      0      0      0      0      0      0      0      0      0      0      0      30     0      0      0      0      0      0      0      0      0      0      0     
0x2abfe95ad370           STG.E desc[UR16][R2.64+0x58], R5                                          7      7      7      8192    262144    262144    32     32     0      0      0      Global        Store      32     262144 0      0      0      0      229376 262144 32768         0      0      0      0      0      0      0      0      0      0      0      0      0      0      7      0      0      0      0      0      0      0      0      0      0      0      0      0      0      0      0      7      0      0      0      0      0      0      0      0     
0x2abfe95ad380           NOP                                                                       0      0      0      8192    262144    262144    32     32     0      0      0      -             -          -      0      0      0      0      0      0      0      0      -      0      0      0      0      0      0      0      0      0      0      0      0      0      0      0      0      0      0      0      0      0      0      0      0      0      0      0      0      0      0      0      0      0      0      0      0      0      0      0      0     
0x2abfe95ad390           STG.E desc[UR16][R2.64+0x5c], R11                                         33     33     33     8192    262144    262144    32     32     0      0      0      Global        Store      32     262144 0      0      0      0      229376 262144 32768         0      0      0      0      0      0      0      0      0      0      26     0      0      0      7      0      0      0      0      0      0      0      0      0      0      0      0      26     0      0      0      7      0      0      0      0      0      0      0      0     
0x2abfe95ad3a0           LDTM R7, tmem[UR4+0x18]                                                   48     45     48     8192    262144    262144    32     32     0      0      0      Tmem          Load       -      0      0      0      0      0      0      0      0      -      0      0      0      0      0      0      0      0      0      0      0      47     0      0      0      0      0      0      1      0      0      0      0      0      0      0      0      0      45     0      0      0      0      0      0      0      0      0      0      0     
0x2abfe95ad3b0           NOP                                                                       0      0      0      8192    262144    262144    32     32     0      0      0      -             -          -      0      0      0      0      0      0      0      0      -      0      0      0      0      0      0      0      0      0      0      0      0      0      0      0      0      0      0      0      0      0      0      0      0      0      0      0      0      0      0      0      0      0      0      0      0      0      0      0      0     
0x2abfe95ad3c0           LDTM R9, tmem[UR5+0x19]                                                   29     29     29     8192    262144    262144    32     32     0      0      0      Tmem          Load       -      0      0      0      0      0      0      0      0      -      0      0      0      0      0      0      0      0      0      0      0      29     0      0      0      0      0      0      0      0      0      0      0      0      0      0      0      0      29     0      0      0      0      0      0      0      0      0      0      0     
0x2abfe95ad3d0           STG.E desc[UR16][R2.64+0x60], R7                                          5      5      5      8192    262144    262144    32     32     0      0      0      Global        Store      32     262144 0      0      0      0      229376 262144 32768         0      0      0      0      0      0      0      0      0      0      0      0      0      0      5      0      0      0      0      0      0      0      0      0      0      0      0      0      0      0      0      5      0      0      0      0      0      0      0      0     
0x2abfe95ad3e0           NOP                                                                       0      0      0      8192    262144    262144    32     32     0      0      0      -             -          -      0      0      0      0      0      0      0      0      -      0      0      0      0      0      0      0      0      0      0      0      0      0      0      0      0      0      0      0      0      0      0      0      0      0      0      0      0      0      0      0      0      0      0      0      0      0      0      0      0     
0x2abfe95ad3f0           STG.E desc[UR16][R2.64+0x64], R9                                          29     29     29     8192    262144    262144    32     32     0      0      0      Global        Store      32     262144 0      0      0      0      229376 262144 32768         0      0      0      0      0      0      0      0      0      0      24     0      0      0      5      0      0      0      0      0      0      0      0      0      0      0      0      24     0      0      0      5      0      0      0      0      0      0      0      0     
0x2abfe95ad400           LDTM R5, tmem[UR4+0x1a]                                                   37     37     37     8192    262144    262144    32     32     0      0      0      Tmem          Load       -      0      0      0      0      0      0      0      0      -      0      0      0      0      0      0      0      0      0      0      0      37     0      0      0      0      0      0      0      0      0      0      0      0      0      0      0      0      37     0      0      0      0      0      0      0      0      0      0      0     
0x2abfe95ad410           NOP                                                                       0      0      0      8192    262144    262144    32     32     0      0      0      -             -          -      0      0      0      0      0      0      0      0      -      0      0      0      0      0      0      0      0      0      0      0      0      0      0      0      0      0      0      0      0      0      0      0      0      0      0      0      0      0      0      0      0      0      0      0      0      0      0      0      0     
0x2abfe95ad420           LDTM R11, tmem[UR5+0x1b]                                                  37     36     37     8192    262144    262144    32     32     0      0      0      Tmem          Load       -      0      0      0      0      0      0      0      0      -      0      0      0      0      0      0      0      0      0      0      0      37     0      0      0      0      0      0      0      0      0      0      0      0      0      0      0      0      36     0      0      0      0      0      0      0      0      0      0      0     
0x2abfe95ad430           STG.E desc[UR16][R2.64+0x68], R5                                          3      3      3      8192    262144    262144    32     32     0      0      0      Global        Store      32     262144 0      0      0      0      229376 262144 32768         0      0      0      0      0      0      0      0      0      0      0      0      0      0      3      0      0      0      0      0      0      0      0      0      0      0      0      0      0      0      0      3      0      0      0      0      0      0      0      0     
0x2abfe95ad440           NOP                                                                       0      0      0      8192    262144    262144    32     32     0      0      0      -             -          -      0      0      0      0      0      0      0      0      -      0      0      0      0      0      0      0      0      0      0      0      0      0      0      0      0      0      0      0      0      0      0      0      0      0      0      0      0      0      0      0      0      0      0      0      0      0      0      0      0     
0x2abfe95ad450           STG.E desc[UR16][R2.64+0x6c], R11                                         33     33     33     8192    262144    262144    32     32     0      0      0      Global        Store      32     262144 0      0      0      0      229376 262144 32768         0      0      0      0      0      0      0      0      0      0      25     0      0      0      4      0      0      0      0      2      0      0      2      0      0      0      0      25     0      0      0      4      0      0      0      0      2      0      0      2     
0x2abfe95ad460           LDTM R7, tmem[UR4+0x1c]                                                   63     63     63     8192    262144    262144    32     32     0      0      0      Tmem          Load       -      0      0      0      0      0      0      0      0      -      0      0      0      0      0      0      0      0      0      0      0      63     0      0      0      0      0      0      0      0      0      0      0      0      0      0      0      0      63     0      0      0      0      0      0      0      0      0      0      0     
0x2abfe95ad470           NOP                                                                       1      0      1      8192    262144    262144    32     32     0      0      0      -             -          -      0      0      0      0      0      0      0      0      -      0      0      0      0      0      0      0      0      0      0      0      0      0      0      0      0      0      0      1      0      0      0      0      0      0      0      0      0      0      0      0      0      0      0      0      0      0      0      0      0     
0x2abfe95ad480           LDTM R9, tmem[UR5+0x1d]                                                   41     41     41     8192    262144    262144    32     32     0      0      0      Tmem          Load       -      0      0      0      0      0      0      0      0      -      0      0      0      0      0      0      0      0      0      0      0      40     0      0      0      0      0      0      0      1      0      0      0      0      0      0      0      0      40     0      0      0      0      0      0      0      1      0      0      0     
0x2abfe95ad490           STG.E desc[UR16][R2.64+0x70], R7                                          9      9      9      8192    262144    262144    32     32     0      0      0      Global        Store      32     262144 0      0      0      0      229376 262144 32768         0      0      0      0      0      0      0      0      0      0      3      0      0      0      6      0      0      0      0      0      0      0      0      0      0      0      0      3      0      0      0      6      0      0      0      0      0      0      0      0     
0x2abfe95ad4a0           NOP                                                                       1      0      1      8192    262144    262144    32     32     0      0      0      -             -          -      0      0      0      0      0      0      0      0      -      0      0      0      0      0      0      0      0      0      0      0      0      0      0      0      0      0      0      1      0      0      0      0      0      0      0      0      0      0      0      0      0      0      0      0      0      0      0      0      0     
0x2abfe95ad4b0           STG.E desc[UR16][R2.64+0x74], R9                                          33     33     33     8192    262144    262144    32     32     0      0      0      Global        Store      32     262144 0      0      0      0      229376 262144 32768         0      0      0      0      0      0      0      0      0      0      23     0      0      0      9      0      0      0      0      1      0      0      0      0      0      0      0      23     0      0      0      9      0      0      0      0      1      0      0      0     
0x2abfe95ad4c0           LDTM R5, tmem[UR4+0x1e]                                                   43     43     43     8192    262144    262144    32     32     0      0      0      Tmem          Load       -      0      0      0      0      0      0      0      0      -      0      0      0      0      0      0      0      0      0      0      0      43     0      0      0      0      0      0      0      0      0      0      0      0      0      0      0      0      43     0      0      0      0      0      0      0      0      0      0      0     
0x2abfe95ad4d0           NOP                                                                       1      0      1      8192    262144    262144    32     32     0      0      0      -             -          -      0      0      0      0      0      0      0      0      -      0      0      0      0      0      0      0      0      0      0      0      0      0      0      0      0      0      0      1      0      0      0      0      0      0      0      0      0      0      0      0      0      0      0      0      0      0      0      0      0     
0x2abfe95ad4e0           LDTM R11, tmem[UR5+0x1f]                                                  40     40     40     8192    262144    262144    32     32     0      0      0      Tmem          Load       -      0      0      0      0      0      0      0      0      -      0      0      0      0      0      0      0      0      0      0      0      39     0      0      0      0      0      0      0      1      0      0      0      0      0      0      0      0      39     0      0      0      0      0      0      0      1      0      0      0     
0x2abfe95ad4f0           STG.E desc[UR16][R2.64+0x78], R5                                          13     13     13     8192    262144    262144    32     32     0      0      0      Global        Store      32     262144 0      0      0      0      229376 262144 32768         0      0      0      0      0      0      0      0      0      0      7      0      0      0      6      0      0      0      0      0      0      0      0      0      0      0      0      7      0      0      0      6      0      0      0      0      0      0      0      0     
0x2abfe95ad500           NOP                                                                       0      0      0      8192    262144    262144    32     32     0      0      0      -             -          -      0      0      0      0      0      0      0      0      -      0      0      0      0      0      0      0      0      0      0      0      0      0      0      0      0      0      0      0      0      0      0      0      0      0      0      0      0      0      0      0      0      0      0      0      0      0      0      0      0     
0x2abfe95ad510           STG.E desc[UR16][R2.64+0x7c], R11                                         42     40     42     8192    262144    262144    32     32     0      0      0      Global        Store      32     262144 0      0      0      0      229376 262144 32768         0      0      0      0      0      0      0      0      0      0      32     0      0      0      7      0      0      1      0      2      0      0      0      0      0      0      0      32     0      0      0      7      0      0      0      0      1      0      0      0     
0x2abfe95ad520           LDTM R7, tmem[UR4+0x20]                                                   51     51     51     8192    262144    262144    32     32     0      0      0      Tmem          Load       -      0      0      0      0      0      0      0      0      -      0      0      0      0      0      0      0      0      0      0      0      51     0      0      0      0      0      0      0      0      0      0      0      0      0      0      0      0      51     0      0      0      0      0      0      0      0      0      0      0     
0x2abfe95ad530           NOP                                                                       0      0      0      8192    262144    262144    32     32     0      0      0      -             -          -      0      0      0      0      0      0      0      0      -      0      0      0      0      0      0      0      0      0      0      0      0      0      0      0      0      0      0      0      0      0      0      0      0      0      0      0      0      0      0      0      0      0      0      0      0      0      0      0      0     
0x2abfe95ad540           LDTM R9, tmem[UR5+0x21]                                                   41     41     41     8192    262144    262144    32     32     0      0      0      Tmem          Load       -      0      0      0      0      0      0      0      0      -      0      0      0      0      0      0      0      0      0      0      0      41     0      0      0      0      0      0      0      0      0      0      0      0      0      0      0      0      41     0      0      0      0      0      0      0      0      0      0      0     
0x2abfe95ad550           STG.E desc[UR16][R2.64+0x80], R7                                          10     10     10     8192    262144    262144    32     32     0      0      0      Global        Store      32     262144 0      0      0      0      229376 262144 32768         0      0      0      0      0      0      0      0      0      0      6      0      0      0      4      0      0      0      0      0      0      0      0      0      0      0      0      6      0      0      0      4      0      0      0      0      0      0      0      0     
0x2abfe95ad560           NOP                                                                       0      0      0      8192    262144    262144    32     32     0      0      0      -             -          -      0      0      0      0      0      0      0      0      -      0      0      0      0      0      0      0      0      0      0      0      0      0      0      0      0      0      0      0      0      0      0      0      0      0      0      0      0      0      0      0      0      0      0      0      0      0      0      0      0     
0x2abfe95ad570           STG.E desc[UR16][R2.64+0x84], R9                                          47     47     47     8192    262144    262144    32     32     0      0      0      Global        Store      32     262144 0      0      0      0      229376 262144 32768         0      0      0      0      0      0      0      0      0      0      37     0      0      0      9      0      0      0      0      1      0      0      0      0      0      0      0      37     0      0      0      9      0      0      0      0      1      0      0      0     
0x2abfe95ad580           LDTM R5, tmem[UR4+0x22]                                                   43     43     43     8192    262144    262144    32     32     0      0      0      Tmem          Load       -      0      0      0      0      0      0      0      0      -      0      0      0      0      0      0      0      0      0      0      0      43     0      0      0      0      0      0      0      0      0      0      0      0      0      0      0      0      43     0      0      0      0      0      0      0      0      0      0      0     
0x2abfe95ad590           NOP                                                                       0      0      0      8192    262144    262144    32     32     0      0      0      -             -          -      0      0      0      0      0      0      0      0      -      0      0      0      0      0      0      0      0      0      0      0      0      0      0      0      0      0      0      0      0      0      0      0      0      0      0      0      0      0      0      0      0      0      0      0      0      0      0      0      0     
0x2abfe95ad5a0           LDTM R11, tmem[UR5+0x23]                                                  40     40     40     8192    262144    262144    32     32     0      0      0      Tmem          Load       -      0      0      0      0      0      0      0      0      -      0      0      0      0      0      0      0      0      0      0      0      40     0      0      0      0      0      0      0      0      0      0      0      0      0      0      0      0      40     0      0      0      0      0      0      0      0      0      0      0     
0x2abfe95ad5b0           STG.E desc[UR16][R2.64+0x88], R5                                          6      6      6      8192    262144    262144    32     32     0      0      0      Global        Store      32     262144 0      0      0      0      229376 262144 32768         0      0      0      0      0      0      0      0      0      0      3      0      0      0      3      0      0      0      0      0      0      0      0      0      0      0      0      3      0      0      0      3      0      0      0      0      0      0      0      0     
0x2abfe95ad5c0           NOP                                                                       0      0      0      8192    262144    262144    32     32     0      0      0      -             -          -      0      0      0      0      0      0      0      0      -      0      0      0      0      0      0      0      0      0      0      0      0      0      0      0      0      0      0      0      0      0      0      0      0      0      0      0      0      0      0      0      0      0      0      0      0      0      0      0      0     
0x2abfe95ad5d0           STG.E desc[UR16][R2.64+0x8c], R11                                         58     58     58     8192    262144    262144    32     32     0      0      0      Global        Store      32     262144 0      0      0      0      229376 262144 32768         0      0      0      0      0      0      0      0      0      0      48     0      0      0      9      0      0      0      0      1      0      0      0      0      0      0      0      48     0      0      0      9      0      0      0      0      1      0      0      0     
0x2abfe95ad5e0           LDTM R7, tmem[UR4+0x24]                                                   95     95     95     8192    262144    262144    32     32     0      0      0      Tmem          Load       -      0      0      0      0      0      0      0      0      -      0      0      0      0      0      0      0      0      0      0      0      95     0      0      0      0      0      0      0      0      0      0      0      0      0      0      0      0      95     0      0      0      0      0      0      0      0      0      0      0     
0x2abfe95ad5f0           NOP                                                                       0      0      0      8192    262144    262144    32     32     0      0      0      -             -          -      0      0      0      0      0      0      0      0      -      0      0      0      0      0      0      0      0      0      0      0      0      0      0      0      0      0      0      0      0      0      0      0      0      0      0      0      0      0      0      0      0      0      0      0      0      0      0      0      0     
0x2abfe95ad600           LDTM R9, tmem[UR5+0x25]                                                   52     51     52     8192    262144    262144    32     32     0      0      0      Tmem          Load       -      0      0      0      0      0      0      0      0      -      0      0      0      0      0      0      0      0      0      0      0      52     0      0      0      0      0      0      0      0      0      0      0      0      0      0      0      0      51     0      0      0      0      0      0      0      0      0      0      0     
0x2abfe95ad610           STG.E desc[UR16][R2.64+0x90], R7                                          8      8      8      8192    262144    262144    32     32     0      0      0      Global        Store      32     262144 0      0      0      0      229376 262144 32768         0      0      0      0      0      0      0      0      0      0      4      0      0      0      4      0      0      0      0      0      0      0      0      0      0      0      0      4      0      0      0      4      0      0      0      0      0      0      0      0     
0x2abfe95ad620           NOP                                                                       0      0      0      8192    262144    262144    32     32     0      0      0      -             -          -      0      0      0      0      0      0      0      0      -      0      0      0      0      0      0      0      0      0      0      0      0      0      0      0      0      0      0      0      0      0      0      0      0      0      0      0      0      0      0      0      0      0      0      0      0      0      0      0      0     
0x2abfe95ad630           STG.E desc[UR16][R2.64+0x94], R9                                          57     56     57     8192    262144    262144    32     32     0      0      0      Global        Store      32     262144 0      0      0      0      229376 262144 32768         0      0      0      0      0      0      0      0      0      0      48     0      0      0      8      0      0      1      0      0      0      0      0      0      0      0      0      48     0      0      0      8      0      0      0      0      0      0      0      0     
0x2abfe95ad640           LDTM R5, tmem[UR4+0x26]                                                   57     55     57     8192    262144    262144    32     32     0      0      0      Tmem          Load       -      0      0      0      0      0      0      0      0      -      0      0      0      0      0      0      0      0      0      0      0      57     0      0      0      0      0      0      0      0      0      0      0      0      0      0      0      0      55     0      0      0      0      0      0      0      0      0      0      0     
0x2abfe95ad650           NOP                                                                       0      0      0      8192    262144    262144    32     32     0      0      0      -             -          -      0      0      0      0      0      0      0      0      -      0      0      0      0      0      0      0      0      0      0      0      0      0      0      0      0      0      0      0      0      0      0      0      0      0      0      0      0      0      0      0      0      0      0      0      0      0      0      0      0     
0x2abfe95ad660           LDTM R11, tmem[UR5+0x27]                                                  56     56     56     8192    262144    262144    32     32     0      0      0      Tmem          Load       -      0      0      0      0      0      0      0      0      -      0      0      0      0      0      0      0      0      0      0      0      56     0      0      0      0      0      0      0      0      0      0      0      0      0      0      0      0      56     0      0      0      0      0      0      0      0      0      0      0     
0x2abfe95ad670           STG.E desc[UR16][R2.64+0x98], R5                                          7      7      7      8192    262144    262144    32     32     0      0      0      Global        Store      32     262144 0      0      0      0      229376 262144 32768         0      0      0      0      0      0      0      0      0      0      5      0      0      0      2      0      0      0      0      0      0      0      0      0      0      0      0      5      0      0      0      2      0      0      0      0      0      0      0      0     
0x2abfe95ad680           NOP                                                                       1      0      1      8192    262144    262144    32     32     0      0      0      -             -          -      0      0      0      0      0      0      0      0      -      0      0      0      0      0      0      0      0      0      0      0      0      0      0      0      0      0      0      1      0      0      0      0      0      0      0      0      0      0      0      0      0      0      0      0      0      0      0      0      0     
0x2abfe95ad690           STG.E desc[UR16][R2.64+0x9c], R11                                         59     58     59     8192    262144    262144    32     32     0      0      0      Global        Store      32     262144 0      0      0      0      229376 262144 32768         0      0      0      0      0      0      0      0      0      0      54     0      0      0      2      0      0      0      0      2      0      0      1      0      0      0      0      54     0      0      0      1      0      0      0      0      2      0      0      1     
0x2abfe95ad6a0           LDTM R7, tmem[UR4+0x28]                                                   77     77     77     8192    262144    262144    32     32     0      0      0      Tmem          Load       -      0      0      0      0      0      0      0      0      -      0      0      0      0      0      0      0      0      0      0      0      77     0      0      0      0      0      0      0      0      0      0      0      0      0      0      0      0      77     0      0      0      0      0      0      0      0      0      0      0     
0x2abfe95ad6b0           NOP                                                                       0      0      0      8192    262144    262144    32     32     0      0      0      -             -          -      0      0      0      0      0      0      0      0      -      0      0      0      0      0      0      0      0      0      0      0      0      0      0      0      0      0      0      0      0      0      0      0      0      0      0      0      0      0      0      0      0      0      0      0      0      0      0      0      0     
0x2abfe95ad6c0           LDTM R9, tmem[UR5+0x29]                                                   50     49     50     8192    262144    262144    32     32     0      0      0      Tmem          Load       -      0      0      0      0      0      0      0      0      -      0      0      0      0      0      0      0      0      0      0      0      48     0      0      0      0      0      0      0      2      0      0      0      0      0      0      0      0      47     0      0      0      0      0      0      0      2      0      0      0     
0x2abfe95ad6d0           STG.E desc[UR16][R2.64+0xa0], R7                                          10     10     10     8192    262144    262144    32     32     0      0      0      Global        Store      32     262144 0      0      0      0      229376 262144 32768         0      0      0      0      0      0      0      0      0      0      8      0      0      0      2      0      0      0      0      0      0      0      0      0      0      0      0      8      0      0      0      2      0      0      0      0      0      0      0      0     
0x2abfe95ad6e0           NOP                                                                       0      0      0      8192    262144    262144    32     32     0      0      0      -             -          -      0      0      0      0      0      0      0      0      -      0      0      0      0      0      0      0      0      0      0      0      0      0      0      0      0      0      0      0      0      0      0      0      0      0      0      0      0      0      0      0      0      0      0      0      0      0      0      0      0     
0x2abfe95ad6f0           STG.E desc[UR16][R2.64+0xa4], R9                                          57     57     57     8192    262144    262144    32     32     0      0      0      Global        Store      32     262144 0      0      0      0      229376 262144 32768         0      0      0      0      0      0      0      0      0      0      50     0      0      0      6      0      0      0      0      0      0      0      1      0      0      0      0      50     0      0      0      6      0      0      0      0      0      0      0      1     
0x2abfe95ad700           LDTM R5, tmem[UR4+0x2a]                                                   74     72     74     8192    262144    262144    32     32     0      0      0      Tmem          Load       -      0      0      0      0      0      0      0      0      -      0      0      0      0      0      0      0      0      0      0      0      74     0      0      0      0      0      0      0      0      0      0      0      0      0      0      0      0      72     0      0      0      0      0      0      0      0      0      0      0     
0x2abfe95ad710           NOP                                                                       0      0      0      8192    262144    262144    32     32     0      0      0      -             -          -      0      0      0      0      0      0      0      0      -      0      0      0      0      0      0      0      0      0      0      0      0      0      0      0      0      0      0      0      0      0      0      0      0      0      0      0      0      0      0      0      0      0      0      0      0      0      0      0      0     
0x2abfe95ad720           LDTM R11, tmem[UR5+0x2b]                                                  50     48     50     8192    262144    262144    32     32     0      0      0      Tmem          Load       -      0      0      0      0      0      0      0      0      -      0      0      0      0      0      0      0      0      0      0      0      48     0      0      0      0      0      0      0      2      0      0      0      0      0      0      0      0      47     0      0      0      0      0      0      0      1      0      0      0     
0x2abfe95ad730           STG.E desc[UR16][R2.64+0xa8], R5                                          12     12     12     8192    262144    262144    32     32     0      0      0      Global        Store      32     262144 0      0      0      0      229376 262144 32768         0      0      0      0      0      0      0      0      0      0      11     0      0      0      1      0      0      0      0      0      0      0      0      0      0      0      0      11     0      0      0      1      0      0      0      0      0      0      0      0     
0x2abfe95ad740           NOP                                                                       0      0      0      8192    262144    262144    32     32     0      0      0      -             -          -      0      0      0      0      0      0      0      0      -      0      0      0      0      0      0      0      0      0      0      0      0      0      0      0      0      0      0      0      0      0      0      0      0      0      0      0      0      0      0      0      0      0      0      0      0      0      0      0      0     
0x2abfe95ad750           STG.E desc[UR16][R2.64+0xac], R11                                         61     59     61     8192    262144    262144    32     32     0      0      0      Global        Store      32     262144 0      0      0      0      229376 262144 32768         0      0      0      0      0      0      0      0      0      0      57     0      0      0      2      0      0      1      0      0      0      0      1      0      0      0      0      56     0      0      0      2      0      0      0      0      0      0      0      1     
0x2abfe95ad760           LDTM R7, tmem[UR4+0x2c]                                                   94     92     94     8192    262144    262144    32     32     0      0      0      Tmem          Load       -      0      0      0      0      0      0      0      0      -      0      0      0      0      0      0      0      0      0      0      0      94     0      0      0      0      0      0      0      0      0      0      0      0      0      0      0      0      92     0      0      0      0      0      0      0      0      0      0      0     
0x2abfe95ad770           NOP                                                                       1      0      1      8192    262144    262144    32     32     0      0      0      -             -          -      0      0      0      0      0      0      0      0      -      0      0      0      0      0      0      0      0      0      0      0      0      0      0      0      0      0      0      1      0      0      0      0      0      0      0      0      0      0      0      0      0      0      0      0      0      0      0      0      0     
0x2abfe95ad780           LDTM R9, tmem[UR5+0x2d]                                                   50     49     50     8192    262144    262144    32     32     0      0      0      Tmem          Load       -      0      0      0      0      0      0      0      0      -      0      0      0      0      0      0      0      0      0      0      0      50     0      0      0      0      0      0      0      0      0      0      0      0      0      0      0      0      49     0      0      0      0      0      0      0      0      0      0      0     
0x2abfe95ad790           STG.E desc[UR16][R2.64+0xb0], R7                                          3      3      3      8192    262144    262144    32     32     0      0      0      Global        Store      32     262144 0      0      0      0      229376 262144 32768         0      0      0      0      0      0      0      0      0      0      3      0      0      0      0      0      0      0      0      0      0      0      0      0      0      0      0      3      0      0      0      0      0      0      0      0      0      0      0      0     
0x2abfe95ad7a0           NOP                                                                       0      0      0      8192    262144    262144    32     32     0      0      0      -             -          -      0      0      0      0      0      0      0      0      -      0      0      0      0      0      0      0      0      0      0      0      0      0      0      0      0      0      0      0      0      0      0      0      0      0      0      0      0      0      0      0      0      0      0      0      0      0      0      0      0     
0x2abfe95ad7b0           STG.E desc[UR16][R2.64+0xb4], R9                                          65     64     65     8192    262144    262144    32     32     0      0      0      Global        Store      32     262144 0      0      0      0      229376 262144 32768         0      0      0      0      0      0      0      0      0      0      61     0      0      0      4      0      0      0      0      0      0      0      0      0      0      0      0      60     0      0      0      4      0      0      0      0      0      0      0      0     
0x2abfe95ad7c0           LDTM R5, tmem[UR4+0x2e]                                                   90     89     90     8192    262144    262144    32     32     0      0      0      Tmem          Load       -      0      0      0      0      0      0      0      0      -      0      0      0      0      0      0      0      0      0      0      0      90     0      0      0      0      0      0      0      0      0      0      0      0      0      0      0      0      89     0      0      0      0      0      0      0      0      0      0      0     
0x2abfe95ad7d0           NOP                                                                       1      0      1      8192    262144    262144    32     32     0      0      0      -             -          -      0      0      0      0      0      0      0      0      -      0      0      0      0      0      0      0      0      0      0      0      0      0      0      0      0      0      0      1      0      0      0      0      0      0      0      0      0      0      0      0      0      0      0      0      0      0      0      0      0     
0x2abfe95ad7e0           LDTM R11, tmem[UR5+0x2f]                                                  50     49     50     8192    262144    262144    32     32     0      0      0      Tmem          Load       -      0      0      0      0      0      0      0      0      -      0      0      0      0      0      0      0      0      0      0      0      50     0      0      0      0      0      0      0      0      0      0      0      0      0      0      0      0      49     0      0      0      0      0      0      0      0      0      0      0     
0x2abfe95ad7f0           STG.E desc[UR16][R2.64+0xb8], R5                                          9      9      9      8192    262144    262144    32     32     0      0      0      Global        Store      32     262144 0      0      0      0      229376 262144 32768         0      0      0      0      0      0      0      0      0      0      9      0      0      0      0      0      0      0      0      0      0      0      0      0      0      0      0      9      0      0      0      0      0      0      0      0      0      0      0      0     
0x2abfe95ad800           NOP                                                                       0      0      0      8192    262144    262144    32     32     0      0      0      -             -          -      0      0      0      0      0      0      0      0      -      0      0      0      0      0      0      0      0      0      0      0      0      0      0      0      0      0      0      0      0      0      0      0      0      0      0      0      0      0      0      0      0      0      0      0      0      0      0      0      0     
0x2abfe95ad810           STG.E desc[UR16][R2.64+0xbc], R11                                         55     55     55     8192    262144    262144    32     32     0      0      0      Global        Store      32     262144 0      0      0      0      229376 262144 32768         0      0      0      0      0      0      0      0      0      0      46     0      0      0      8      0      0      0      0      1      0      0      0      0      0      0      0      46     0      0      0      8      0      0      0      0      1      0      0      0     
0x2abfe95ad820           LDTM R7, tmem[UR4+0x30]                                                   83     82     83     8192    262144    262144    32     32     0      0      0      Tmem          Load       -      0      0      0      0      0      0      0      0      -      0      0      0      0      0      0      0      0      0      0      0      83     0      0      0      0      0      0      0      0      0      0      0      0      0      0      0      0      82     0      0      0      0      0      0      0      0      0      0      0     
0x2abfe95ad830           NOP                                                                       0      0      0      8192    262144    262144    32     32     0      0      0      -             -          -      0      0      0      0      0      0      0      0      -      0      0      0      0      0      0      0      0      0      0      0      0      0      0      0      0      0      0      0      0      0      0      0      0      0      0      0      0      0      0      0      0      0      0      0      0      0      0      0      0     
0x2abfe95ad840           LDTM R9, tmem[UR5+0x31]                                                   49     49     49     8192    262144    262144    32     32     0      0      0      Tmem          Load       -      0      0      0      0      0      0      0      0      -      0      0      0      0      0      0      0      0      0      0      0      49     0      0      0      0      0      0      0      0      0      0      0      0      0      0      0      0      49     0      0      0      0      0      0      0      0      0      0      0     
0x2abfe95ad850           STG.E desc[UR16][R2.64+0xc0], R7                                          5      5      5      8192    262144    262144    32     32     0      0      0      Global        Store      32     262144 0      0      0      0      229376 262144 32768         0      0      0      0      0      0      0      0      0      0      4      0      0      0      1      0      0      0      0      0      0      0      0      0      0      0      0      4      0      0      0      1      0      0      0      0      0      0      0      0     
0x2abfe95ad860           NOP                                                                       0      0      0      8192    262144    262144    32     32     0      0      0      -             -          -      0      0      0      0      0      0      0      0      -      0      0      0      0      0      0      0      0      0      0      0      0      0      0      0      0      0      0      0      0      0      0      0      0      0      0      0      0      0      0      0      0      0      0      0      0      0      0      0      0     
0x2abfe95ad870           STG.E desc[UR16][R2.64+0xc4], R9                                          44     44     44     8192    262144    262144    32     32     0      0      0      Global        Store      32     262144 0      0      0      0      229376 262144 32768         0      0      0      0      0      0      0      0      0      0      33     0      0      0      11     0      0      0      0      0      0      0      0      0      0      0      0      33     0      0      0      11     0      0      0      0      0      0      0      0     
0x2abfe95ad880           LDTM R5, tmem[UR4+0x32]                                                   96     92     96     8192    262144    262144    32     32     0      0      0      Tmem          Load       -      0      0      0      0      0      0      0      0      -      0      0      0      0      0      0      0      0      0      0      0      96     0      0      0      0      0      0      0      0      0      0      0      0      0      0      0      0      92     0      0      0      0      0      0      0      0      0      0      0     
0x2abfe95ad890           NOP                                                                       0      0      0      8192    262144    262144    32     32     0      0      0      -             -          -      0      0      0      0      0      0      0      0      -      0      0      0      0      0      0      0      0      0      0      0      0      0      0      0      0      0      0      0      0      0      0      0      0      0      0      0      0      0      0      0      0      0      0      0      0      0      0      0      0     
0x2abfe95ad8a0           LDTM R11, tmem[UR5+0x33]                                                  43     42     43     8192    262144    262144    32     32     0      0      0      Tmem          Load       -      0      0      0      0      0      0      0      0      -      0      0      0      0      0      0      0      0      0      0      0      43     0      0      0      0      0      0      0      0      0      0      0      0      0      0      0      0      42     0      0      0      0      0      0      0      0      0      0      0     
0x2abfe95ad8b0           STG.E desc[UR16][R2.64+0xc8], R5                                          6      6      6      8192    262144    262144    32     32     0      0      0      Global        Store      32     262144 0      0      0      0      229376 262144 32768         0      0      0      0      0      0      0      0      0      0      6      0      0      0      0      0      0      0      0      0      0      0      0      0      0      0      0      6      0      0      0      0      0      0      0      0      0      0      0      0     
0x2abfe95ad8c0           NOP                                                                       1      0      1      8192    262144    262144    32     32     0      0      0      -             -          -      0      0      0      0      0      0      0      0      -      0      0      0      0      0      0      0      0      0      0      0      0      0      0      0      0      0      0      1      0      0      0      0      0      0      0      0      0      0      0      0      0      0      0      0      0      0      0      0      0     
0x2abfe95ad8d0           STG.E desc[UR16][R2.64+0xcc], R11                                         32     30     32     8192    262144    262144    32     32     0      0      0      Global        Store      32     262144 0      0      0      0      229376 262144 32768         0      0      0      0      0      0      0      0      0      0      30     0      0      0      1      0      0      1      0      0      0      0      0      0      0      0      0      29     0      0      0      1      0      0      0      0      0      0      0      0     
0x2abfe95ad8e0           LDTM R7, tmem[UR4+0x34]                                                   91     90     91     8192    262144    262144    32     32     0      0      0      Tmem          Load       -      0      0      0      0      0      0      0      0      -      0      0      0      0      0      0      0      0      0      0      0      91     0      0      0      0      0      0      0      0      0      0      0      0      0      0      0      0      90     0      0      0      0      0      0      0      0      0      0      0     
0x2abfe95ad8f0           NOP                                                                       0      0      0      8192    262144    262144    32     32     0      0      0      -             -          -      0      0      0      0      0      0      0      0      -      0      0      0      0      0      0      0      0      0      0      0      0      0      0      0      0      0      0      0      0      0      0      0      0      0      0      0      0      0      0      0      0      0      0      0      0      0      0      0      0     
0x2abfe95ad900           LDTM R9, tmem[UR5+0x35]                                                   38     38     38     8192    262144    262144    32     32     0      0      0      Tmem          Load       -      0      0      0      0      0      0      0      0      -      0      0      0      0      0      0      0      0      0      0      0      38     0      0      0      0      0      0      0      0      0      0      0      0      0      0      0      0      38     0      0      0      0      0      0      0      0      0      0      0     
0x2abfe95ad910           STG.E desc[UR16][R2.64+0xd0], R7                                          5      5      5      8192    262144    262144    32     32     0      0      0      Global        Store      32     262144 0      0      0      0      229376 262144 32768         0      0      0      0      0      0      0      0      0      0      3      0      0      0      2      0      0      0      0      0      0      0      0      0      0      0      0      3      0      0      0      2      0      0      0      0      0      0      0      0     
0x2abfe95ad920           NOP                                                                       0      0      0      8192    262144    262144    32     32     0      0      0      -             -          -      0      0      0      0      0      0      0      0      -      0      0      0      0      0      0      0      0      0      0      0      0      0      0      0      0      0      0      0      0      0      0      0      0      0      0      0      0      0      0      0      0      0      0      0      0      0      0      0      0     
0x2abfe95ad930           STG.E desc[UR16][R2.64+0xd4], R9                                          37     36     37     8192    262144    262144    32     32     0      0      0      Global        Store      32     262144 0      0      0      0      229376 262144 32768         0      0      0      0      0      0      0      0      0      0      28     0      0      0      7      0      0      0      1      1      0      0      0      0      0      0      0      28     0      0      0      7      0      0      0      0      1      0      0      0     
0x2abfe95ad940           LDTM R5, tmem[UR4+0x36]                                                   96     92     96     8192    262144    262144    32     32     0      0      0      Tmem          Load       -      0      0      0      0      0      0      0      0      -      0      0      0      0      0      0      0      0      0      0      0      95     0      0      0      0      0      0      1      0      0      0      0      0      0      0      0      0      92     0      0      0      0      0      0      0      0      0      0      0     
0x2abfe95ad950           NOP                                                                       0      0      0      8192    262144    262144    32     32     0      0      0      -             -          -      0      0      0      0      0      0      0      0      -      0      0      0      0      0      0      0      0      0      0      0      0      0      0      0      0      0      0      0      0      0      0      0      0      0      0      0      0      0      0      0      0      0      0      0      0      0      0      0      0     
0x2abfe95ad960           LDTM R11, tmem[UR5+0x37]                                                  45     45     45     8192    262144    262144    32     32     0      0      0      Tmem          Load       -      0      0      0      0      0      0      0      0      -      0      0      0      0      0      0      0      0      0      0      0      45     0      0      0      0      0      0      0      0      0      0      0      0      0      0      0      0      45     0      0      0      0      0      0      0      0      0      0      0     
0x2abfe95ad970           STG.E desc[UR16][R2.64+0xd8], R5                                          9      9      9      8192    262144    262144    32     32     0      0      0      Global        Store      32     262144 0      0      0      0      229376 262144 32768         0      0      0      0      0      0      0      0      0      0      4      0      0      0      5      0      0      0      0      0      0      0      0      0      0      0      0      4      0      0      0      5      0      0      0      0      0      0      0      0     
0x2abfe95ad980           NOP                                                                       0      0      0      8192    262144    262144    32     32     0      0      0      -             -          -      0      0      0      0      0      0      0      0      -      0      0      0      0      0      0      0      0      0      0      0      0      0      0      0      0      0      0      0      0      0      0      0      0      0      0      0      0      0      0      0      0      0      0      0      0      0      0      0      0     
0x2abfe95ad990           STG.E desc[UR16][R2.64+0xdc], R11                                         29     28     29     8192    262144    262144    32     32     0      0      0      Global        Store      32     262144 0      0      0      0      229376 262144 32768         0      0      0      0      0      0      0      0      0      0      23     0      0      0      6      0      0      0      0      0      0      0      0      0      0      0      0      23     0      0      0      5      0      0      0      0      0      0      0      0     
0x2abfe95ad9a0           LDTM R7, tmem[UR4+0x38]                                                   90     88     90     8192    262144    262144    32     32     0      0      0      Tmem          Load       -      0      0      0      0      0      0      0      0      -      0      0      0      0      0      0      0      0      0      0      0      90     0      0      0      0      0      0      0      0      0      0      0      0      0      0      0      0      88     0      0      0      0      0      0      0      0      0      0      0     
0x2abfe95ad9b0           NOP                                                                       0      0      0      8192    262144    262144    32     32     0      0      0      -             -          -      0      0      0      0      0      0      0      0      -      0      0      0      0      0      0      0      0      0      0      0      0      0      0      0      0      0      0      0      0      0      0      0      0      0      0      0      0      0      0      0      0      0      0      0      0      0      0      0      0     
0x2abfe95ad9c0           LDTM R9, tmem[UR5+0x39]                                                   35     34     35     8192    262144    262144    32     32     0      0      0      Tmem          Load       -      0      0      0      0      0      0      0      0      -      0      0      0      0      0      0      0      0      0      0      0      35     0      0      0      0      0      0      0      0      0      0      0      0      0      0      0      0      34     0      0      0      0      0      0      0      0      0      0      0     
0x2abfe95ad9d0           STG.E desc[UR16][R2.64+0xe0], R7                                          2      2      2      8192    262144    262144    32     32     0      0      0      Global        Store      32     262144 0      0      0      0      229376 262144 32768         0      0      0      0      0      0      0      0      0      0      0      0      0      0      2      0      0      0      0      0      0      0      0      0      0      0      0      0      0      0      0      2      0      0      0      0      0      0      0      0     
0x2abfe95ad9e0           NOP                                                                       0      0      0      8192    262144    262144    32     32     0      0      0      -             -          -      0      0      0      0      0      0      0      0      -      0      0      0      0      0      0      0      0      0      0      0      0      0      0      0      0      0      0      0      0      0      0      0      0      0      0      0      0      0      0      0      0      0      0      0      0      0      0      0      0     
0x2abfe95ad9f0           STG.E desc[UR16][R2.64+0xe4], R9                                          47     47     47     8192    262144    262144    32     32     0      0      0      Global        Store      32     262144 0      0      0      0      229376 262144 32768         0      0      0      0      0      0      0      0      0      0      37     0      0      0      10     0      0      0      0      0      0      0      0      0      0      0      0      37     0      0      0      10     0      0      0      0      0      0      0      0     
0x2abfe95ada00           LDTM R5, tmem[UR4+0x3a]                                                   106    105    106    8192    262144    262144    32     32     0      0      0      Tmem          Load       -      0      0      0      0      0      0      0      0      -      0      0      0      0      0      0      0      0      0      0      0      106    0      0      0      0      0      0      0      0      0      0      0      0      0      0      0      0      105    0      0      0      0      0      0      0      0      0      0      0     
0x2abfe95ada10           NOP                                                                       0      0      0      8192    262144    262144    32     32     0      0      0      -             -          -      0      0      0      0      0      0      0      0      -      0      0      0      0      0      0      0      0      0      0      0      0      0      0      0      0      0      0      0      0      0      0      0      0      0      0      0      0      0      0      0      0      0      0      0      0      0      0      0      0     
0x2abfe95ada20           LDTM R11, tmem[UR5+0x3b]                                                  32     32     32     8192    262144    262144    32     32     0      0      0      Tmem          Load       -      0      0      0      0      0      0      0      0      -      0      0      0      0      0      0      0      0      0      0      0      32     0      0      0      0      0      0      0      0      0      0      0      0      0      0      0      0      32     0      0      0      0      0      0      0      0      0      0      0     
0x2abfe95ada30           STG.E desc[UR16][R2.64+0xe8], R5                                          5      5      5      8192    262144    262144    32     32     0      0      0      Global        Store      32     262144 0      0      0      0      229376 262144 32768         0      0      0      0      0      0      0      0      0      0      2      0      0      0      3      0      0      0      0      0      0      0      0      0      0      0      0      2      0      0      0      3      0      0      0      0      0      0      0      0     
0x2abfe95ada40           NOP                                                                       0      0      0      8192    262144    262144    32     32     0      0      0      -             -          -      0      0      0      0      0      0      0      0      -      0      0      0      0      0      0      0      0      0      0      0      0      0      0      0      0      0      0      0      0      0      0      0      0      0      0      0      0      0      0      0      0      0      0      0      0      0      0      0      0     
0x2abfe95ada50           STG.E desc[UR16][R2.64+0xec], R11                                         28     28     28     8192    262144    262144    32     32     0      0      0      Global        Store      32     262144 0      0      0      0      229376 262144 32768         0      0      0      0      0      0      0      0      0      0      20     0      0      0      8      0      0      0      0      0      0      0      0      0      0      0      0      20     0      0      0      8      0      0      0      0      0      0      0      0     
0x2abfe95ada60           LDTM R7, tmem[UR4+0x3c]                                                   76     73     76     8192    262144    262144    32     32     0      0      0      Tmem          Load       -      0      0      0      0      0      0      0      0      -      0      0      0      0      0      0      0      0      0      0      0      76     0      0      0      0      0      0      0      0      0      0      0      0      0      0      0      0      73     0      0      0      0      0      0      0      0      0      0      0     
0x2abfe95ada70           NOP                                                                       0      0      0      8192    262144    262144    32     32     0      0      0      -             -          -      0      0      0      0      0      0      0      0      -      0      0      0      0      0      0      0      0      0      0      0      0      0      0      0      0      0      0      0      0      0      0      0      0      0      0      0      0      0      0      0      0      0      0      0      0      0      0      0      0     
0x2abfe95ada80           LDTM R9, tmem[UR5+0x3d]                                                   34     32     34     8192    262144    262144    32     32     0      0      0      Tmem          Load       -      0      0      0      0      0      0      0      0      -      0      0      0      0      0      0      0      0      0      0      0      33     0      0      0      0      0      0      1      0      0      0      0      0      0      0      0      0      32     0      0      0      0      0      0      0      0      0      0      0     
0x2abfe95ada90           STG.E desc[UR16][R2.64+0xf0], R7                                          0      0      0      8192    262144    262144    32     32     0      0      0      Global        Store      32     262144 0      0      0      0      229376 262144 32768         0      0      0      0      0      0      0      0      0      0      0      0      0      0      0      0      0      0      0      0      0      0      0      0      0      0      0      0      0      0      0      0      0      0      0      0      0      0      0      0     
0x2abfe95adaa0           NOP                                                                       0      0      0      8192    262144    262144    32     32     0      0      0      -             -          -      0      0      0      0      0      0      0      0      -      0      0      0      0      0      0      0      0      0      0      0      0      0      0      0      0      0      0      0      0      0      0      0      0      0      0      0      0      0      0      0      0      0      0      0      0      0      0      0      0     
0x2abfe95adab0           STG.E desc[UR16][R2.64+0xf4], R9                                          26     26     26     8192    262144    262144    32     32     0      0      0      Global        Store      32     262144 0      0      0      0      229376 262144 32768         0      0      0      0      0      0      0      0      0      0      22     0      0      0      4      0      0      0      0      0      0      0      0      0      0      0      0      22     0      0      0      4      0      0      0      0      0      0      0      0     
0x2abfe95adac0           LDTM R5, tmem[UR4+0x3e]                                                   85     84     85     8192    262144    262144    32     32     0      0      0      Tmem          Load       -      0      0      0      0      0      0      0      0      -      0      0      0      0      0      0      0      0      0      0      0      85     0      0      0      0      0      0      0      0      0      0      0      0      0      0      0      0      84     0      0      0      0      0      0      0      0      0      0      0     
0x2abfe95adad0           NOP                                                                       0      0      0      8192    262144    262144    32     32     0      0      0      -             -          -      0      0      0      0      0      0      0      0      -      0      0      0      0      0      0      0      0      0      0      0      0      0      0      0      0      0      0      0      0      0      0      0      0      0      0      0      0      0      0      0      0      0      0      0      0      0      0      0      0     
0x2abfe95adae0           LDTM R11, tmem[UR5+0x3f]                                                  52     51     52     8192    262144    262144    32     32     0      0      0      Tmem          Load       -      0      0      0      0      0      0      0      0      -      0      0      0      0      0      0      0      0      0      0      0      52     0      0      0      0      0      0      0      0      0      0      0      0      0      0      0      0      51     0      0      0      0      0      0      0      0      0      0      0     
0x2abfe95adaf0           STG.E desc[UR16][R2.64+0xf8], R5                                          3      3      3      8192    262144    262144    32     32     0      0      0      Global        Store      32     262144 0      0      0      0      229376 262144 32768         0      0      0      0      0      0      0      0      0      0      1      0      0      0      2      0      0      0      0      0      0      0      0      0      0      0      0      1      0      0      0      2      0      0      0      0      0      0      0      0     
0x2abfe95adb00           NOP                                                                       0      0      0      8192    262144    262144    32     32     0      0      0      -             -          -      0      0      0      0      0      0      0      0      -      0      0      0      0      0      0      0      0      0      0      0      0      0      0      0      0      0      0      0      0      0      0      0      0      0      0      0      0      0      0      0      0      0      0      0      0      0      0      0      0     
0x2abfe95adb10           STG.E desc[UR16][R2.64+0xfc], R11                                         35     34     35     8192    262144    262144    32     32     0      0      0      Global        Store      32     262144 0      0      0      0      229376 262144 32768         0      0      0      0      0      0      0      0      0      0      21     0      0      0      11     0      0      0      0      2      0      0      1      0      0      0      0      21     0      0      0      11     0      0      0      0      1      0      0      1     
0x2abfe95adb20           BAR.SYNC.DEFER_BLOCKING 0x0                                               0      0      0      8192    262144    262144    32     32     0      0      0      -             -          -      0      0      0      0      0      0      0      0      -      0      0      0      0      0      0      0      0      0      0      0      0      0      0      0      0      0      0      0      0      0      0      0      0      0      0      0      0      0      0      0      0      0      0      0      0      0      0      0      0     
0x2abfe95adb30     @!P0  BRA 0x2abfe95addd0                                                        134    128    134    8192    262144    196608    32     24     8      8      0      -             -          -      0      0      0      0      0      0      0      0      -      0      0      0      0      0      0      133    0      0      0      0      0      0      0      0      0      0      0      0      0      0      0      1      128    0      0      0      0      0      0      0      0      0      0      0      0      0      0      0      0     
0x2abfe95adb40           IMAD.U32 R3, RZ, RZ, UR9                                                  28     27     28     2048    65536     65536     32     32     8      0      0      -             -          -      0      0      0      0      0      0      0      0      -      0      0      0      0      0      0      0      0      0      0      0      27     0      0      0      0      0      0      0      0      0      0      1      0      0      0      0      0      26     0      0      0      0      0      0      0      0      0      0      1     
0x2abfe95adb50           MOV R4, 0x40                                                              0      0      0      2048    65536     65536     32     32     0      0      0      -             -          -      0      0      0      0      0      0      0      0      -      0      0      0      0      0      0      0      0      0      0      0      0      0      0      0      0      0      0      0      0      0      0      0      0      0      0      0      0      0      0      0      0      0      0      0      0      0      0      0      0     
0x2abfe95adb60           WARPSYNC.ALL                                                              0      0      0      2048    65536     65536     32     32     0      0      0      -             -          -      0      0      0      0      0      0      0      0      -      0      0      0      0      0      0      0      0      0      0      0      0      0      0      0      0      0      0      0      0      0      0      0      0      0      0      0      0      0      0      0      0      0      0      0      0      0      0      0      0     
0x2abfe95adb70           LEA R4, R3, R4, 0x18                                                      0      0      0      2048    65536     65536     32     32     0      0      0      -             -          -      0      0      0      0      0      0      0      0      -      0      0      0      0      0      0      0      0      0      0      0      0      0      0      0      0      0      0      0      0      0      0      0      0      0      0      0      0      0      0      0      0      0      0      0      0      0      0      0      0     
0x2abfe95adb80           IMAD.U32 R0, RZ, RZ, UR24                                                 0      0      0      2048    65536     65536     32     32     0      0      0      -             -          -      0      0      0      0      0      0      0      0      -      0      0      0      0      0      0      0      0      0      0      0      0      0      0      0      0      0      0      0      0      0      0      0      0      0      0      0      0      0      0      0      0      0      0      0      0      0      0      0      0     
0x2abfe95adb90           UMOV UR5, 0x3                                                             0      0      0      2048    65536     65536     32     32     0      0      0      -             -          -      0      0      0      0      0      0      0      0      -      0      0      0      0      0      0      0      0      0      0      0      0      0      0      0      0      0      0      0      0      0      0      0      0      0      0      0      0      0      0      0      0      0      0      0      0      0      0      0      0     
0x2abfe95adba0           UMOV UR6, 0x1                                                             0      0      0      2048    65536     65536     32     32     0      0      0      -             -          -      0      0      0      0      0      0      0      0      -      0      0      0      0      0      0      0      0      0      0      0      0      0      0      0      0      0      0      0      0      0      0      0      0      0      0      0      0      0      0      0      0      0      0      0      0      0      0      0      0     
0x2abfe95adbb0           LDS R2, [R4+0x14]                                                         0      0      0      2048    65536     65536     32     32     0      0      0      Shared        Load       32     0      1      0      2048   2048   0      0      0      -      0      0      0      0      0      0      0      0      0      0      0      0      0      0      0      0      0      0      0      0      0      0      0      0      0      0      0      0      0      0      0      0      0      0      0      0      0      0      0      0     
0x2abfe95adbc0           LOP3.LUT R0, R0, 0xffff, RZ, 0xc0, !PT                                    0      0      0      2048    65536     65536     32     32     0      0      0      -             -          -      0      0      0      0      0      0      0      0      -      0      0      0      0      0      0      0      0      0      0      0      0      0      0      0      0      0      0      0      0      0      0      0      0      0      0      0      0      0      0      0      0      0      0      0      0      0      0      0      0     
0x2abfe95adbd0           R2UR UR4, R0                                                              0      0      0      2048    65536     65536     32     32     0      0      0      -             -          -      0      0      0      0      0      0      0      0      -      0      0      0      0      0      0      0      0      0      0      0      0      0      0      0      0      0      0      0      0      0      0      0      0      0      0      0      0      0      0      0      0      0      0      0      0      0      0      0      0     
0x2abfe95adbe0           USHF.R.U32.HI UR4, URZ, 0x5, UR4                                          1      1      1      2048    65536     65536     32     32     0      0      0      -             -          -      0      0      0      0      0      0      0      0      -      0      0      0      0      0      0      0      0      0      0      0      0      0      0      0      0      0      0      0      0      0      0      1      0      0      0      0      0      0      0      0      0      0      0      0      0      0      0      0      1     
0x2abfe95adbf0           USHF.L.U32 UR5, UR5, UR4, URZ                                             0      0      0      2048    65536     65536     32     32     0      0      0      -             -          -      0      0      0      0      0      0      0      0      -      0      0      0      0      0      0      0      0      0      0      0      0      0      0      0      0      0      0      0      0      0      0      0      0      0      0      0      0      0      0      0      0      0      0      0      0      0      0      0      0     
0x2abfe95adc00           USHF.L.U32 UR6, UR6, UR4, URZ                                             0      0      0      2048    65536     65536     32     32     0      0      0      -             -          -      0      0      0      0      0      0      0      0      -      0      0      0      0      0      0      0      0      0      0      0      0      0      0      0      0      0      0      0      0      0      0      0      0      0      0      0      0      0      0      0      0      0      0      0      0      0      0      0      0     
0x2abfe95adc10           LOP3.LUT R2, R2, UR5, RZ, 0xc0, !PT                                       71     67     71     2048    65536     65536     32     32     0      0      0      -             -          -      0      0      0      0      0      0      0      0      -      0      0      0      0      0      0      0      0      0      0      0      0      0      0      0      0      0      0      0      71     0      0      0      0      0      0      0      0      0      0      0      0      0      0      0      0      67     0      0      0     
0x2abfe95adc20           ISETP.NE.AND P0, PT, R2, UR5, PT                                          0      0      0      2048    65536     65536     32     32     0      0      0      -             -          -      0      0      0      0      0      0      0      0      -      0      0      0      0      0      0      0      0      0      0      0      0      0      0      0      0      0      0      0      0      0      0      0      0      0      0      0      0      0      0      0      0      0      0      0      0      0      0      0      0     
0x2abfe95adc30     @P0   BRA 0x2abfe95adda0                                                        1      1      1      2048    65536     0         32     0      32     32     0      -             -          -      0      0      0      0      0      0      0      0      -      0      0      0      0      0      0      0      0      0      0      0      0      0      0      0      0      0      0      0      0      0      0      1      0      0      0      0      0      0      0      0      0      0      0      0      0      0      0      0      1     
0x2abfe95adc40           LDS R0, [R4+0x18]                                                         3      3      3      2048    65536     65536     32     32     32     0      0      Shared        Load       32     0      1      0      2048   2048   0      0      0      -      0      0      0      0      0      0      0      0      0      0      0      0      0      0      3      0      0      0      0      0      0      0      0      0      0      0      0      0      0      0      0      3      0      0      0      0      0      0      0      0     
0x2abfe95adc50           LOP3.LUT R0, R0, UR6, RZ, 0xc0, !PT                                       43     41     43     2048    65536     65536     32     32     0      0      0      -             -          -      0      0      0      0      0      0      0      0      -      0      0      0      0      0      0      0      0      0      0      0      0      0      0      0      0      0      0      0      43     0      0      0      0      0      0      0      0      0      0      0      0      0      0      0      0      41     0      0      0     
0x2abfe95adc60           ISETP.NE.AND P0, PT, R0, UR6, PT                                          0      0      0      2048    65536     65536     32     32     0      0      0      -             -          -      0      0      0      0      0      0      0      0      -      0      0      0      0      0      0      0      0      0      0      0      0      0      0      0      0      0      0      0      0      0      0      0      0      0      0      0      0      0      0      0      0      0      0      0      0      0      0      0      0     
0x2abfe95adc70     @P0   BRA 0x2abfe95add70                                                        0      0      0      2048    65536     0         32     0      32     32     0      -             -          -      0      0      0      0      0      0      0      0      -      0      0      0      0      0      0      0      0      0      0      0      0      0      0      0      0      0      0      0      0      0      0      0      0      0      0      0      0      0      0      0      0      0      0      0      0      0      0      0      0     
0x2abfe95adc80           S2R R2, SR_LANEID                                                         2      2      2      2048    65536     65536     32     32     32     0      0      -             -          -      0      0      0      0      0      0      0      0      -      0      0      0      0      0      0      0      0      0      0      0      0      0      0      1      0      0      0      0      0      0      0      1      0      0      0      0      0      0      0      0      1      0      0      0      0      0      0      0      1     
0x2abfe95adc90           ULOP3.LUT UR4, URZ, UR5, URZ, 0x33, !UPT                                  0      0      0      2048    65536     65536     32     32     0      0      0      -             -          -      0      0      0      0      0      0      0      0      -      0      0      0      0      0      0      0      0      0      0      0      0      0      0      0      0      0      0      0      0      0      0      0      0      0      0      0      0      0      0      0      0      0      0      0      0      0      0      0      0     
0x2abfe95adca0           LOP3.LUT R0, RZ, UR6, RZ, 0x33, !PT                                       0      0      0      2048    65536     65536     32     32     0      0      0      -             -          -      0      0      0      0      0      0      0      0      -      0      0      0      0      0      0      0      0      0      0      0      0      0      0      0      0      0      0      0      0      0      0      0      0      0      0      0      0      0      0      0      0      0      0      0      0      0      0      0      0     
0x2abfe95adcb0           VOTEU.ANY UR5, UPT, PT                                                    0      0      0      2048    65536     65536     32     32     0      0      0      -             -          -      0      0      0      0      0      0      0      0      -      0      0      0      0      0      0      0      0      0      0      0      0      0      0      0      0      0      0      0      0      0      0      0      0      0      0      0      0      0      0      0      0      0      0      0      0      0      0      0      0     
0x2abfe95adcc0           REDUX UR6, R0                                                             0      0      0      2048    65536     65536     32     32     0      0      0      -             -          -      0      0      0      0      0      0      0      0      -      0      0      0      0      0      0      0      0      0      0      0      0      0      0      0      0      0      0      0      0      0      0      0      0      0      0      0      0      0      0      0      0      0      0      0      0      0      0      0      0     
0x2abfe95adcd0           IMAD.U32 R5, RZ, RZ, UR4                                                  0      0      0      2048    65536     65536     32     32     0      0      0      -             -          -      0      0      0      0      0      0      0      0      -      0      0      0      0      0      0      0      0      0      0      0      0      0      0      0      0      0      0      0      0      0      0      0      0      0      0      0      0      0      0      0      0      0      0      0      0      0      0      0      0     
0x2abfe95adce0           UFLO.U32 UR5, UR5                                                         0      0      0      2048    65536     65536     32     32     0      0      0      -             -          -      0      0      0      0      0      0      0      0      -      0      0      0      0      0      0      0      0      0      0      0      0      0      0      0      0      0      0      0      0      0      0      0      0      0      0      0      0      0      0      0      0      0      0      0      0      0      0      0      0     
0x2abfe95adcf0           UTCATOMSWS.AND URZ, UR4                                                   0      0      0      2048    65536     65536     32     32     0      0      0      -             -          -      0      0      0      0      0      0      0      0      -      0      0      0      0      0      0      0      0      0      0      0      0      0      0      0      0      0      0      0      0      0      0      0      0      0      0      0      0      0      0      0      0      0      0      0      0      0      0      0      0     
0x2abfe95add00           REDUX UR7, R5                                                             0      0      0      2048    65536     65536     32     32     0      0      0      -             -          -      0      0      0      0      0      0      0      0      -      0      0      0      0      0      0      0      0      0      0      0      0      0      0      0      0      0      0      0      0      0      0      0      0      0      0      0      0      0      0      0      0      0      0      0      0      0      0      0      0     
0x2abfe95add10           IMAD.U32 R3, RZ, RZ, UR6                                                  3      3      3      2048    65536     65536     32     32     0      0      0      -             -          -      0      0      0      0      0      0      0      0      -      0      0      0      0      0      0      0      0      0      0      0      0      0      0      0      0      0      0      0      3      0      0      0      0      0      0      0      0      0      0      0      0      0      0      0      0      3      0      0      0     
0x2abfe95add20           ISETP.EQ.U32.AND P0, PT, R2, UR5, PT                                      29     28     29     2048    65536     65536     32     32     0      0      0      -             -          -      0      0      0      0      0      0      0      0      -      0      0      0      0      0      0      0      0      0      0      0      0      0      0      0      0      0      0      0      29     0      0      0      0      0      0      0      0      0      0      0      0      0      0      0      0      28     0      0      0     
0x2abfe95add30           IMAD.U32 R2, RZ, RZ, UR7                                                  0      0      0      2048    65536     65536     32     32     0      0      0      -             -          -      0      0      0      0      0      0      0      0      -      0      0      0      0      0      0      0      0      0      0      0      0      0      0      0      0      0      0      0      0      0      0      0      0      0      0      0      0      0      0      0      0      0      0      0      0      0      0      0      0     
0x2abfe95add40     @P0   ATOMS.AND RZ, [R4+0x14], R2                                               1      1      1      2048    65536     2048      32     1      31     31     0      Shared        Atomic     32     0      1      0      2048   2048   0      0      0      -      0      0      0      0      0      0      0      0      0      0      0      0      0      0      1      0      0      0      0      0      0      0      0      0      0      0      0      0      0      0      0      1      0      0      0      0      0      0      0      0     
0x2abfe95add50     @P0   ATOMS.AND RZ, [R4+0x18], R3                                               2      2      2      2048    65536     2048      32     1      0      31     0      Shared        Atomic     32     0      1      0      2048   2048   0      0      0      -      0      0      0      0      0      0      0      0      0      0      0      0      0      0      2      0      0      0      0      0      0      0      0      0      0      0      0      0      0      0      0      2      0      0      0      0      0      0      0      0     
0x2abfe95add60           BRA 0x2abfe95addc0                                                        0      0      0      2048    65536     65536     32     32     31     0      0      -             -          -      0      0      0      0      0      0      0      0      -      0      0      0      0      0      0      0      0      0      0      0      0      0      0      0      0      0      0      0      0      0      0      0      0      0      0      0      0      0      0      0      0      0      0      0      0      0      0      0      0     
0x2abfe95add70           MOV R2, 0x1d90                                                            0      0      0      0       0         0         0      0      32     32     0      -             -          -      0      0      0      0      0      0      0      0      -      0      0      0      0      0      0      0      0      0      0      0      0      0      0      0      0      0      0      0      0      0      0      0      0      0      0      0      0      0      0      0      0      0      0      0      0      0      0      0      0     
0x2abfe95add80           CALL.REL.NOINC 0x2abfe95ade80                                             0      0      0      0       0         0         0      0      0      32     0      -             -          -      0      0      0      0      0      0      0      0      -      0      0      0      0      0      0      0      0      0      0      0      0      0      0      0      0      0      0      0      0      0      0      0      0      0      0      0      0      0      0      0      0      0      0      0      0      0      0      0      0     
0x2abfe95add90           BRA 0x2abfe95addc0                                                        0      0      0      0       0         0         0      0      0      32     0      -             -          -      0      0      0      0      0      0      0      0      -      0      0      0      0      0      0      0      0      0      0      0      0      0      0      0      0      0      0      0      0      0      0      0      0      0      0      0      0      0      0      0      0      0      0      0      0      0      0      0      0     
0x2abfe95adda0           MOV R2, 0x1dc0                                                            0      0      0      0       0         0         0      0      0      32     0      -             -          -      0      0      0      0      0      0      0      0      -      0      0      0      0      0      0      0      0      0      0      0      0      0      0      0      0      0      0      0      0      0      0      0      0      0      0      0      0      0      0      0      0      0      0      0      0      0      0      0      0     
0x2abfe95addb0           CALL.REL.NOINC 0x2abfe95adee0                                             0      0      0      0       0         0         0      0      0      32     0      -             -          -      0      0      0      0      0      0      0      0      -      0      0      0      0      0      0      0      0      0      0      0      0      0      0      0      0      0      0      0      0      0      0      0      0      0      0      0      0      0      0      0      0      0      0      0      0      0      0      0      0     
0x2abfe95addc0           NOP                                                                       0      0      0      2048    65536     65536     32     32     32     0      0      -             -          -      0      0      0      0      0      0      0      0      -      0      0      0      0      0      0      0      0      0      0      0      0      0      0      0      0      0      0      0      0      0      0      0      0      0      0      0      0      0      0      0      0      0      0      0      0      0      0      0      0     
0x2abfe95addd0           ISETP.NE.AND P0, PT, R6, RZ, PT                                           0      0      0      8192    262144    262144    32     32     0      0      0      -             -          -      0      0      0      0      0      0      0      0      -      0      0      0      0      0      0      0      0      0      0      0      0      0      0      0      0      0      0      0      0      0      0      0      0      0      0      0      0      0      0      0      0      0      0      0      0      0      0      0      0     
0x2abfe95adde0     @P0   EXIT                                                                      119    115    119    8192    262144    260096    32     31     1      1      0      -             -          -      0      0      0      0      0      0      0      0      -      0      0      0      0      0      0      0      0      0      0      0      82     0      0      0      0      0      0      0      35     0      0      2      0      0      0      0      0      79     0      0      0      0      0      0      0      34     0      0      2     
0x2abfe95addf0           S2UR UR5, SR_CgaCtaId                                                     1      1      1      2048    2048      2048      1      1      30     31     0      -             -          -      0      0      0      0      0      0      0      0      -      0      0      0      0      0      0      0      1      0      0      0      0      0      0      0      0      0      0      0      0      0      0      0      0      1      0      0      0      0      0      0      0      0      0      0      0      0      0      0      0     
0x2abfe95ade00           UMOV UR4, 0x400                                                           0      0      0      2048    2048      2048      1      1      0      31     0      -             -          -      0      0      0      0      0      0      0      0      -      0      0      0      0      0      0      0      0      0      0      0      0      0      0      0      0      0      0      0      0      0      0      0      0      0      0      0      0      0      0      0      0      0      0      0      0      0      0      0      0     
0x2abfe95ade10           UIADD3 UR4, UPT, UPT, UR4, 0x8, URZ                                       0      0      0      2048    2048      2048      1      1      0      31     0      -             -          -      0      0      0      0      0      0      0      0      -      0      0      0      0      0      0      0      0      0      0      0      0      0      0      0      0      0      0      0      0      0      0      0      0      0      0      0      0      0      0      0      0      0      0      0      0      0      0      0      0     
0x2abfe95ade20           ULEA UR4, UR5, UR4, 0x18                                                  1      0      1      2048    2048      2048      1      1      0      31     0      -             -          -      0      0      0      0      0      0      0      0      -      0      0      0      0      0      0      0      0      0      0      0      0      0      0      0      0      0      1      0      0      0      0      0      0      0      0      0      0      0      0      0      0      0      0      0      0      0      0      0      0     
0x2abfe95ade30           SYNCS.CCTL.IV [UR4]                                                       0      0      0      2048    2048      2048      1      1      0      31     0      -             -          -      0      0      0      0      0      0      0      0      -      0      0      0      0      0      0      0      0      0      0      0      0      0      0      0      0      0      0      0      0      0      0      0      0      0      0      0      0      0      0      0      0      0      0      0      0      0      0      0      0     
0x2abfe95ade40           EXIT                                                                      0      0      0      2048    2048      2048      1      1      0      31     0      -             -          -      0      0      0      0      0      0      0      0      -      0      0      0      0      0      0      0      0      0      0      0      0      0      0      0      0      0      0      0      0      0      0      0      0      0      0      0      0      0      0      0      0      0      0      0      0      0      0      0      0     
0x2abfe95ade50           SYNCS.PHASECHK.TRANS64.TRYWAIT P1, [UR6], R0                              0      0      0      1832742 58647744  58647744  32     32     31     0      0      -             -          -      0      0      0      0      0      0      0      0      -      0      0      0      0      0      0      0      0      0      0      0      0      0      0      0      0      0      0      0      0      0      0      0      0      0      0      0      0      0      0      0      0      0      0      0      0      0      0      0      0     
0x2abfe95ade60     @!P1  BRA 0x2abfe95ade50                                                        0      0      0      1832742 58647744  46129248  32     25     7      7      0      -             -          -      0      0      0      0      0      0      0      0      -      0      0      0      0      0      0      0      0      0      0      0      0      0      0      0      0      0      0      0      0      0      0      0      0      0      0      0      0      0      0      0      0      0      0      0      0      0      0      0      0     
0x2abfe95ade70           BRA 0x2abfe95ac9b0                                                        0      0      0      391203  12518496  12518496  32     32     7      0      0      -             -          -      0      0      0      0      0      0      0      0      -      0      0      0      0      0      0      0      0      0      0      0      0      0      0      0      0      0      0      0      0      0      0      0      0      0      0      0      0      0      0      0      0      0      0      0      0      0      0      0      0     
0x2abfe95ade80           BPT.TRAP 0x1                                                              0      0      0      0       0         0         0      0      32     32     0      -             -          -      0      0      0      0      0      0      0      0      -      0      0      0      0      0      0      0      0      0      0      0      0      0      0      0      0      0      0      0      0      0      0      0      0      0      0      0      0      0      0      0      0      0      0      0      0      0      0      0      0     
0x2abfe95ade90           IMAD.MOV.U32 R3, RZ, RZ, 0x0                                              0      0      0      0       0         0         0      0      0      32     0      -             -          -      0      0      0      0      0      0      0      0      -      0      0      0      0      0      0      0      0      0      0      0      0      0      0      0      0      0      0      0      0      0      0      0      0      0      0      0      0      0      0      0      0      0      0      0      0      0      0      0      0     
0x2abfe95adea0           RET.REL.NODEC R2, 0x2abfe95ac000                                          0      0      0      0       0         0         0      0      0      32     0      -             -          -      0      0      0      0      0      0      0      0      -      0      0      0      0      0      0      0      0      0      0      0      0      0      0      0      0      0      0      0      0      0      0      0      0      0      0      0      0      0      0      0      0      0      0      0      0      0      0      0      0     
0x2abfe95adeb0           BPT.TRAP 0x1                                                              0      0      0      0       0         0         0      0      0      32     0      -             -          -      0      0      0      0      0      0      0      0      -      0      0      0      0      0      0      0      0      0      0      0      0      0      0      0      0      0      0      0      0      0      0      0      0      0      0      0      0      0      0      0      0      0      0      0      0      0      0      0      0     
0x2abfe95adec0           IMAD.MOV.U32 R3, RZ, RZ, 0x0                                              0      0      0      0       0         0         0      0      0      32     0      -             -          -      0      0      0      0      0      0      0      0      -      0      0      0      0      0      0      0      0      0      0      0      0      0      0      0      0      0      0      0      0      0      0      0      0      0      0      0      0      0      0      0      0      0      0      0      0      0      0      0      0     
0x2abfe95aded0           RET.REL.NODEC R2, 0x2abfe95ac000                                          0      0      0      0       0         0         0      0      0      32     0      -             -          -      0      0      0      0      0      0      0      0      -      0      0      0      0      0      0      0      0      0      0      0      0      0      0      0      0      0      0      0      0      0      0      0      0      0      0      0      0      0      0      0      0      0      0      0      0      0      0      0      0     
0x2abfe95adee0           BPT.TRAP 0x1                                                              0      0      0      0       0         0         0      0      0      32     0      -             -          -      0      0      0      0      0      0      0      0      -      0      0      0      0      0      0      0      0      0      0      0      0      0      0      0      0      0      0      0      0      0      0      0      0      0      0      0      0      0      0      0      0      0      0      0      0      0      0      0      0     
0x2abfe95adef0           IMAD.MOV.U32 R3, RZ, RZ, 0x0                                              0      0      0      0       0         0         0      0      0      32     0      -             -          -      0      0      0      0      0      0      0      0      -      0      0      0      0      0      0      0      0      0      0      0      0      0      0      0      0      0      0      0      0      0      0      0      0      0      0      0      0      0      0      0      0      0      0      0      0      0      0      0      0     
0x2abfe95adf00           RET.REL.NODEC R2, 0x2abfe95ac000                                          0      0      0      0       0         0         0      0      0      32     0      -             -          -      0      0      0      0      0      0      0      0      -      0      0      0      0      0      0      0      0      0      0      0      0      0      0      0      0      0      0      0      0      0      0      0      0      0      0      0      0      0      0      0      0      0      0      0      0      0      0      0      0     
0x2abfe95adf10           BRA `(.L_x_0) 0x2abfe95adf10                                              0      0      0      0       0         0         0      0      0      0      0      -             -          -      0      0      0      0      0      0      0      0      -      0      0      0      0      0      0      0      0      0      0      0      0      0      0      0      0      0      0      0      0      0      0      0      0      0      0      0      0      0      0      0      0      0      0      0      0      0      0      0      0     
0x2abfe95adf20           NOP                                                                       0      0      0      0       0         0         0      0      0      32     0      -             -          -      0      0      0      0      0      0      0      0      -      0      0      0      0      0      0      0      0      0      0      0      0      0      0      0      0      0      0      0      0      0      0      0      0      0      0      0      0      0      0      0      0      0      0      0      0      0      0      0      0     
0x2abfe95adf30           NOP                                                                       0      0      0      0       0         0         0      0      0      32     0      -             -          -      0      0      0      0      0      0      0      0      -      0      0      0      0      0      0      0      0      0      0      0      0      0      0      0      0      0      0      0      0      0      0      0      0      0      0      0      0      0      0      0      0      0      0      0      0      0      0      0      0     
0x2abfe95adf40           NOP                                                                       0      0      0      0       0         0         0      0      0      32     0      -             -          -      0      0      0      0      0      0      0      0      -      0      0      0      0      0      0      0      0      0      0      0      0      0      0      0      0      0      0      0      0      0      0      0      0      0      0      0      0      0      0      0      0      0      0      0      0      0      0      0      0     
0x2abfe95adf50           NOP                                                                       0      0      0      0       0         0         0      0      0      32     0      -             -          -      0      0      0      0      0      0      0      0      -      0      0      0      0      0      0      0      0      0      0      0      0      0      0      0      0      0      0      0      0      0      0      0      0      0      0      0      0      0      0      0      0      0      0      0      0      0      0      0      0     
0x2abfe95adf60           NOP                                                                       0      0      0      0       0         0         0      0      0      32     0      -             -          -      0      0      0      0      0      0      0      0      -      0      0      0      0      0      0      0      0      0      0      0      0      0      0      0      0      0      0      0      0      0      0      0      0      0      0      0      0      0      0      0      0      0      0      0      0      0      0      0      0     
0x2abfe95adf70           NOP                                                                       0      0      0      0       0         0         0      0      0      32     0      -             -          -      0      0      0      0      0      0      0      0      -      0      0      0      0      0      0      0      0      0      0      0      0      0      0      0      0      0      0      0      0      0      0      0      0      0      0      0      0      0      0      0      0      0      0      0      0      0      0      0      0     
0x2abfe95adf80           NOP                                                                       0      0      0      0       0         0         0      0      0      32     0      -             -          -      0      0      0      0      0      0      0      0      -      0      0      0      0      0      0      0      0      0      0      0      0      0      0      0      0      0      0      0      0      0      0      0      0      0      0      0      0      0      0      0      0      0      0      0      0      0      0      0      0     
0x2abfe95adf90           NOP                                                                       0      0      0      0       0         0         0      0      0      32     0      -             -          -      0      0      0      0      0      0      0      0      -      0      0      0      0      0      0      0      0      0      0      0      0      0      0      0      0      0      0      0      0      0      0      0      0      0      0      0      0      0      0      0      0      0      0      0      0      0      0      0      0     
0x2abfe95adfa0           NOP                                                                       0      0      0      0       0         0         0      0      0      32     0      -             -          -      0      0      0      0      0      0      0      0      -      0      0      0      0      0      0      0      0      0      0      0      0      0      0      0      0      0      0      0      0      0      0      0      0      0      0      0      0      0      0      0      0      0      0      0      0      0      0      0      0     
0x2abfe95adfb0           NOP                                                                       0      0      0      0       0         0         0      0      0      32     0      -             -          -      0      0      0      0      0      0      0      0      -      0      0      0      0      0      0      0      0      0      0      0      0      0      0      0      0      0      0      0      0      0      0      0      0      0      0      0      0      0      0      0      0      0      0      0      0      0      0      0      0     
0x2abfe95adfc0           NOP                                                                       0      0      0      0       0         0         0      0      0      32     0      -             -          -      0      0      0      0      0      0      0      0      -      0      0      0      0      0      0      0      0      0      0      0      0      0      0      0      0      0      0      0      0      0      0      0      0      0      0      0      0      0      0      0      0      0      0      0      0      0      0      0      0     
0x2abfe95adfd0           NOP                                                                       0      0      0      0       0         0         0      0      0      32     0      -             -          -      0      0      0      0      0      0      0      0      -      0      0      0      0      0      0      0      0      0      0      0      0      0      0      0      0      0      0      0      0      0      0      0      0      0      0      0      0      0      0      0      0      0      0      0      0      0      0      0      0     
0x2abfe95adfe0           NOP                                                                       0      0      0      0       0         0         0      0      0      32     0      -             -          -      0      0      0      0      0      0      0      0      -      0      0      0      0      0      0      0      0      0      0      0      0      0      0      0      0      0      0      0      0      0      0      0      0      0      0      0      0      0      0      0      0      0      0      0      0      0      0      0      0     
0x2abfe95adff0           NOP                                                                       0      0      0      0       0         0         0      0      0      32     0      -             -          -      0      0      0      0      0      0      0      0      -      0      0      0      0      0      0      0      0      0      0      0      0      0      0      0      0      0      0      0      0      0      0      0      0      0      0      0      0      0      0      0      0      0      0      0      0      0      0      0      0     
