pc,offset_from_first_sass,sass,derived__memory_l1_conflicts_shared_nway,derived__memory_l1_wavefronts_shared_excessive,inst_executed,memory_access_size_type,memory_access_type,memory_l1_wavefronts_shared,memory_l1_wavefronts_shared_ideal,memory_type,smsp__pcsamp_sample_count,smsp__pcsamp_warps_issue_stalled_barrier,smsp__pcsamp_warps_issue_stalled_barrier_not_issued,smsp__pcsamp_warps_issue_stalled_branch_resolving,smsp__pcsamp_warps_issue_stalled_branch_resolving_not_issued,smsp__pcsamp_warps_issue_stalled_dispatch_stall,smsp__pcsamp_warps_issue_stalled_dispatch_stall_not_issued,smsp__pcsamp_warps_issue_stalled_drain,smsp__pcsamp_warps_issue_stalled_drain_not_issued,smsp__pcsamp_warps_issue_stalled_lg_throttle,smsp__pcsamp_warps_issue_stalled_lg_throttle_not_issued,smsp__pcsamp_warps_issue_stalled_long_scoreboard,smsp__pcsamp_warps_issue_stalled_long_scoreboard_not_issued,smsp__pcsamp_warps_issue_stalled_math_pipe_throttle,smsp__pcsamp_warps_issue_stalled_math_pipe_throttle_not_issued,smsp__pcsamp_warps_issue_stalled_membar,smsp__pcsamp_warps_issue_stalled_membar_not_issued,smsp__pcsamp_warps_issue_stalled_mio_throttle,smsp__pcsamp_warps_issue_stalled_mio_throttle_not_issued,smsp__pcsamp_warps_issue_stalled_misc,smsp__pcsamp_warps_issue_stalled_misc_not_issued,smsp__pcsamp_warps_issue_stalled_no_instructions,smsp__pcsamp_warps_issue_stalled_no_instructions_not_issued,smsp__pcsamp_warps_issue_stalled_not_selected,smsp__pcsamp_warps_issue_stalled_not_selected_not_issued,smsp__pcsamp_warps_issue_stalled_selected,smsp__pcsamp_warps_issue_stalled_selected_not_issued,smsp__pcsamp_warps_issue_stalled_short_scoreboard,smsp__pcsamp_warps_issue_stalled_short_scoreboard_not_issued,smsp__pcsamp_warps_issue_stalled_sleeping,smsp__pcsamp_warps_issue_stalled_sleeping_not_issued,smsp__pcsamp_warps_issue_stalled_tex_throttle,smsp__pcsamp_warps_issue_stalled_tex_throttle_not_issued,smsp__pcsamp_warps_issue_stalled_wait,smsp__pcsamp_warps_issue_stalled_wait_not_issued,thread_inst_executed,thread_inst_executed_true
0x2b28eb5af400,-0x280,,,,,,,,,,7,0,0,0,0,0,0,0,0,0,0,0,0,0,0,0,0,0,0,0,0,7,7,0,0,0,0,0,0,0,0,0,0,0,0,,
0x2b28eb5af470,-0x210,,,,,,,,,,2,0,0,0,0,0,0,0,0,0,0,0,0,0,0,0,0,0,0,0,0,0,0,0,0,1,0,0,0,0,0,0,0,1,1,,
0x2b28eb5af560,-0x120,,,,,,,,,,1,0,0,0,0,0,0,0,0,0,0,1,1,0,0,0,0,0,0,0,0,0,0,0,0,0,0,0,0,0,0,0,0,0,0,,
0x2b28eb5af570,-0x110,,,,,,,,,,3,0,0,1,0,0,0,0,0,0,0,0,0,0,0,0,0,0,0,0,0,1,1,0,0,0,0,0,0,0,0,0,0,1,1,,
0x2b28eb5af5a0,-0xe0,,,,,,,,,,5,0,0,0,0,0,0,0,0,0,0,5,5,0,0,0,0,0,0,0,0,0,0,0,0,0,0,0,0,0,0,0,0,0,0,,
0x2b28eb5af5b0,-0xd0,,,,,,,,,,1,0,0,0,0,0,0,0,0,0,0,0,0,0,0,0,0,0,0,0,0,0,0,0,0,0,0,0,0,0,0,0,0,1,1,,
0x2b28eb5af5c0,-0xc0,,,,,,,,,,7,0,0,0,0,0,0,0,0,0,0,1,1,0,0,0,0,0,0,0,0,0,0,0,0,0,0,6,6,0,0,0,0,0,0,,
0x2b28eb5af5e0,-0xa0,,,,,,,,,,2,0,0,0,0,0,0,0,0,0,0,2,2,0,0,0,0,0,0,0,0,0,0,0,0,0,0,0,0,0,0,0,0,0,0,,
0x2b28eb5af610,-0x70,,,,,,,,,,2,0,0,0,0,0,0,0,0,0,0,0,0,0,0,0,0,0,0,0,0,0,0,0,0,0,0,0,0,0,0,0,0,2,2,,
0x2b28eb5af620,-0x60,,,,,,,,,,1,0,0,0,0,0,0,0,0,0,0,0,0,0,0,0,0,0,0,0,0,0,0,0,0,0,0,0,0,0,0,0,0,1,1,,
0x2b28eb5af640,-0x40,,,,,,,,,,1,0,0,0,0,0,0,0,0,0,0,0,0,0,0,0,0,0,0,0,0,0,0,0,0,0,0,0,0,0,0,0,0,1,1,,
0x2b28eb5af650,-0x30,,,,,,,,,,1,0,0,0,0,0,0,0,0,0,0,0,0,0,0,0,0,0,0,0,0,0,0,0,0,0,0,0,0,0,0,0,0,1,1,,
0x2b28eb5af660,-0x20,,,,,,,,,,1,0,0,0,0,0,0,0,0,0,0,0,0,0,0,0,0,0,0,0,0,0,0,0,0,0,0,0,0,0,0,0,0,1,1,,
0x2b28eb5af680,0x0,"      LDC R1, c[0x0][0x37c]",,,1776,,,,,,1,0,0,0,0,0,0,0,0,0,0,0,0,0,0,0,0,0,0,0,0,0,0,0,0,0,0,0,0,0,0,0,0,1,1,56832,56832
0x2b28eb5af690,0x10,"      S2R R7, SR_TID.X",,,1776,,,,,,,,,,,,,,,,,,,,,,,,,,,,,,,,,,,,,,,,,56832,56832
0x2b28eb5af6a0,0x20,"      LDCU UR5, c[0x0][0x360]",,,1776,,,,,,,,,,,,,,,,,,,,,,,,,,,,,,,,,,,,,,,,,56832,56832
0x2b28eb5af6b0,0x30,"      S2UR UR13, SR_CgaCtaId",,,1776,,,,,,,,,,,,,,,,,,,,,,,,,,,,,,,,,,,,,,,,,56832,56832
0x2b28eb5af6c0,0x40,"      BSSY.RECONVERGENT B0, 0x2b28eb5af980",,,1776,,,,,,,,,,,,,,,,,,,,,,,,,,,,,,,,,,,,,,,,,56832,56832
0x2b28eb5af6d0,0x50,"      S2R R0, SR_TID.Y",,,1776,,,,,,,,,,,,,,,,,,,,,,,,,,,,,,,,,,,,,,,,,56832,56832
0x2b28eb5af6e0,0x60,"      LDCU UR4, c[0x0][0x364]",,,1776,,,,,,,,,,,,,,,,,,,,,,,,,,,,,,,,,,,,,,,,,56832,56832
0x2b28eb5af6f0,0x70,"      S2R R3, SR_TID.Z",,,1776,,,,,,,,,,,,,,,,,,,,,,,,,,,,,,,,,,,,,,,,,56832,56832
0x2b28eb5af700,0x80,"      SHF.R.U32.HI R155, RZ, 0x5, R7",,,1776,,,,,,1,0,0,0,0,0,0,0,0,0,0,0,0,0,0,0,0,0,0,0,0,0,0,0,0,0,0,1,0,0,0,0,0,0,0,56832,56832
0x2b28eb5af710,0x90,"      SHFL.IDX PT, R155, R155, RZ, 0x1f",,,1776,,,,,,,,,,,,,,,,,,,,,,,,,,,,,,,,,,,,,,,,,56832,56832
0x2b28eb5af720,0xa0,"      IMAD R0, R3, UR4, R0",,,1776,,,,,,1,0,0,0,0,0,0,0,0,0,0,0,0,0,0,0,0,0,0,0,0,0,0,0,0,0,0,1,1,0,0,0,0,0,0,56832,56832
0x2b28eb5af730,0xb0,"      UMOV UR4, 0x400",,,1776,,,,,,,,,,,,,,,,,,,,,,,,,,,,,,,,,,,,,,,,,56832,56832
0x2b28eb5af740,0xc0,"      ULEA UR12, UR13, UR4, 0x18",,,1776,,,,,,,,,,,,,,,,,,,,,,,,,,,,,,,,,,,,,,,,,56832,56832
0x2b28eb5af750,0xd0,"      IMAD R0, R0, UR5, RZ",,,1776,,,,,,,,,,,,,,,,,,,,,,,,,,,,,,,,,,,,,,,,,56832,56832
0x2b28eb5af760,0xe0,"      UIADD3 UR4, UPT, UPT, UR12, 0x400, URZ",,,1776,,,,,,,,,,,,,,,,,,,,,,,,,,,,,,,,,,,,,,,,,56832,56832
0x2b28eb5af770,0xf0,"      LOP3.LUT P0, RZ, R0, R7, RZ, 0xfc, !PT",,,1776,,,,,,,,,,,,,,,,,,,,,,,,,,,,,,,,,,,,,,,,,56832,56832
0x2b28eb5af780,0x100,"      UIADD3 UR5, UPT, UPT, UR12, 0x18400, URZ",,,1776,,,,,,,,,,,,,,,,,,,,,,,,,,,,,,,,,,,,,,,,,56832,56832
0x2b28eb5af790,0x110,"      USHF.R.U32.HI UR4, URZ, 0x4, UR4",,,1776,,,,,,,,,,,,,,,,,,,,,,,,,,,,,,,,,,,,,,,,,56832,56832
0x2b28eb5af7a0,0x120,"      USHF.R.U32.HI UR5, URZ, 0x4, UR5",,,1776,,,,,,,,,,,,,,,,,,,,,,,,,,,,,,,,,,,,,,,,,56832,56832
0x2b28eb5af7b0,0x130,"      ULOP3.LUT UR4, UR4, 0x3ffc, URZ, 0xc0, !UPT",,,1776,,,,,,,,,,,,,,,,,,,,,,,,,,,,,,,,,,,,,,,,,56832,56832
0x2b28eb5af7c0,0x140,"      ULOP3.LUT UR5, UR5, 0x3ffc, URZ, 0xc0, !UPT",,,1776,,,,,,,,,,,,,,,,,,,,,,,,,,,,,,,,,,,,,,,,,56832,56832
0x2b28eb5af7d0,0x150,"      ISETP.NE.AND P1, PT, R155, RZ, PT",,,1776,,,,,,1,0,0,0,0,0,0,0,0,0,0,0,0,0,0,0,0,0,0,0,0,0,0,1,0,0,0,0,0,0,0,0,0,0,0,56832,56832
0x2b28eb5af7e0,0x160,@P0   BRA 0x2b28eb5af970,,,1776,,,,,,,,,,,,,,,,,,,,,,,,,,,,,,,,,,,,,,,,,56832,56684
0x2b28eb5af7f0,0x170,"      UMOV UR6, 0x1",,,148,,,,,,,,,,,,,,,,,,,,,,,,,,,,,,,,,,,,,,,,,148,148
0x2b28eb5af800,0x180,"      UMOV UR8, 0x2",,,148,,,,,,,,,,,,,,,,,,,,,,,,,,,,,,,,,,,,,,,,,148,148
0x2b28eb5af810,0x190,"      UIADD3 UR6, UPT, UPT, -UR6, 0x100000, URZ",,,148,,,,,,,,,,,,,,,,,,,,,,,,,,,,,,,,,,,,,,,,,148,148
0x2b28eb5af820,0x1a0,"      USHF.L.U32 UR7, UR6, 0xb, URZ",,,148,,,,,,,,,,,,,,,,,,,,,,,,,,,,,,,,,,,,,,,,,148,148
0x2b28eb5af830,0x1b0,"      USHF.L.U32 UR6, UR6, 0x1, URZ",,,148,,,,,,,,,,,,,,,,,,,,,,,,,,,,,,,,,,,,,,,,,148,148
0x2b28eb5af840,0x1c0,"      UIADD3 UR8, UPT, UPT, -UR8, 0x100000, URZ",,,148,,,,,,,,,,,,,,,,,,,,,,,,,,,,,,,,,,,,,,,,,148,148
0x2b28eb5af850,0x1d0,"      USHF.L.U32 UR9, UR8, 0xb, URZ",,,148,,,,,,,,,,,,,,,,,,,,,,,,,,,,,,,,,,,,,,,,,148,148
0x2b28eb5af860,0x1e0,"      USHF.L.U32 UR8, UR8, 0x1, URZ",,,148,,,,,,,,,,,,,,,,,,,,,,,,,,,,,,,,,,,,,,,,,148,148
0x2b28eb5af870,0x1f0,"      UMOV UR10, 0x100",,,148,,,,,,1,0,0,0,0,0,0,0,0,0,0,0,0,0,0,0,0,0,0,0,0,0,0,0,0,1,0,0,0,0,0,0,0,0,0,148,148
0x2b28eb5af880,0x200,"      UIADD3 UR10, UPT, UPT, -UR10, 0x100000, URZ",,,148,,,,,,,,,,,,,,,,,,,,,,,,,,,,,,,,,,,,,,,,,148,148
0x2b28eb5af890,0x210,"      USHF.L.U32 UR11, UR10, 0xb, URZ",,,148,,,,,,,,,,,,,,,,,,,,,,,,,,,,,,,,,,,,,,,,,148,148
0x2b28eb5af8a0,0x220,"      USHF.L.U32 UR10, UR10, 0x1, URZ",,,148,,,,,,,,,,,,,,,,,,,,,,,,,,,,,,,,,,,,,,,,,148,148
0x2b28eb5af8b0,0x230,      FENCE.VIEW.ASYNC.S,,,148,,,,,,,,,,,,,,,,,,,,,,,,,,,,,,,,,,,,,,,,,148,148
0x2b28eb5af8c0,0x240,"      SYNCS.EXCH.64 URZ, [UR12+0x8], UR6",,,148,,,,,,,,,,,,,,,,,,,,,,,,,,,,,,,,,,,,,,,,,148,148
0x2b28eb5af8d0,0x250,"      SYNCS.EXCH.64 URZ, [UR12+0x10], UR6",,,148,,,,,,,,,,,,,,,,,,,,,,,,,,,,,,,,,,,,,,,,,148,148
0x2b28eb5af8e0,0x260,"      SYNCS.EXCH.64 URZ, [UR12+0x18], UR6",,,148,,,,,,,,,,,,,,,,,,,,,,,,,,,,,,,,,,,,,,,,,148,148
0x2b28eb5af8f0,0x270,"      SYNCS.EXCH.64 URZ, [UR12+0x20], UR8",,,148,,,,,,,,,,,,,,,,,,,,,,,,,,,,,,,,,,,,,,,,,148,148
0x2b28eb5af900,0x280,"      SYNCS.EXCH.64 URZ, [UR12+0x28], UR8",,,148,,,,,,,,,,,,,,,,,,,,,,,,,,,,,,,,,,,,,,,,,148,148
0x2b28eb5af910,0x290,"      SYNCS.EXCH.64 URZ, [UR12+0x30], UR8",,,148,,,,,,,,,,,,,,,,,,,,,,,,,,,,,,,,,,,,,,,,,148,148
0x2b28eb5af920,0x2a0,"      SYNCS.EXCH.64 URZ, [UR12+0x38], UR6",,,148,,,,,,,,,,,,,,,,,,,,,,,,,,,,,,,,,,,,,,,,,148,148
0x2b28eb5af930,0x2b0,"      SYNCS.EXCH.64 URZ, [UR12+0x40], UR6",,,148,,,,,,,,,,,,,,,,,,,,,,,,,,,,,,,,,,,,,,,,,148,148
0x2b28eb5af940,0x2c0,"      SYNCS.EXCH.64 URZ, [UR12+0x48], UR10",,,148,,,,,,,,,,,,,,,,,,,,,,,,,,,,,,,,,,,,,,,,,148,148
0x2b28eb5af950,0x2d0,"      SYNCS.EXCH.64 URZ, [UR12+0x50], UR10",,,148,,,,,,,,,,,,,,,,,,,,,,,,,,,,,,,,,,,,,,,,,148,148
0x2b28eb5af960,0x2e0,      NOP,,,148,,,,,,,,,,,,,,,,,,,,,,,,,,,,,,,,,,,,,,,,,148,148
0x2b28eb5af970,0x2f0,      BSYNC.RECONVERGENT B0,,,1924,,,,,,1,0,0,0,0,0,0,0,0,0,0,0,0,0,0,0,0,0,0,0,0,0,0,0,0,0,0,0,0,0,0,0,0,1,1,56832,56832
0x2b28eb5af980,0x300,@P1   BRA 0x2b28eb5afe50,,,1776,,,,,,1,0,0,1,1,0,0,0,0,0,0,0,0,0,0,0,0,0,0,0,0,0,0,0,0,0,0,0,0,0,0,0,0,0,0,56832,52096
0x2b28eb5af990,0x310,"      UMOV UR6, 0x40",,,148,,,,,,,,,,,,,,,,,,,,,,,,,,,,,,,,,,,,,,,,,4736,4736
0x2b28eb5af9a0,0x320,      NOP,,,148,,,,,,,,,,,,,,,,,,,,,,,,,,,,,,,,,,,,,,,,,4736,4736
0x2b28eb5af9b0,0x330,"      ULEA UR6, UR13, UR6, 0x18",,,148,,,,,,,,,,,,,,,,,,,,,,,,,,,,,,,,,,,,,,,,,4736,4736
0x2b28eb5af9c0,0x340,"      LDS.U8 R0, [UR6+0x1c]",1,0,148,2,2,148,148,16,,,,,,,,,,,,,,,,,,,,,,,,,,,,,,,,,,,,4736,4736
0x2b28eb5af9d0,0x350,"      ISETP.NE.AND P0, PT, R0, RZ, PT",,,148,,,,,,,,,,,,,,,,,,,,,,,,,,,,,,,,,,,,,,,,,4736,4736
0x2b28eb5af9e0,0x360,@P0   BRA 0x2b28eb5afe00,,,148,,,,,,,,,,,,,,,,,,,,,,,,,,,,,,,,,,,,,,,,,4736,0
0x2b28eb5af9f0,0x370,"      ULOP3.LUT UR8, UR13, 0x1, URZ, 0xc0, !UPT",,,148,,,,,,,,,,,,,,,,,,,,,,,,,,,,,,,,,,,,,,,,,4736,4736
0x2b28eb5afa00,0x380,"      ULOP3.LUT UR7, UR13, 0x1, URZ, 0x3c, !UPT",,,148,,,,,,,,,,,,,,,,,,,,,,,,,,,,,,,,,,,,,,,,,4736,4736
0x2b28eb5afa10,0x390,"      UISETP.NE.U32.AND UP0, UPT, UR8, 0x1, UPT",,,148,,,,,,,,,,,,,,,,,,,,,,,,,,,,,,,,,,,,,,,,,4736,4736
0x2b28eb5afa20,0x3a0,"      UIADD3 UR10, UPT, UPT, UR6, 0x8, URZ",,,148,,,,,,,,,,,,,,,,,,,,,,,,,,,,,,,,,,,,,,,,,4736,4736
0x2b28eb5afa30,0x3b0,"      BRA.U !UP0, 0x2b28eb5afc90",,,148,,,,,,,,,,,,,,,,,,,,,,,,,,,,,,,,,,,,,,,,,4736,4736
0x2b28eb5afa40,0x3c0,"      ELECT P0, URZ, PT",,,74,,,,,,,,,,,,,,,,,,,,,,,,,,,,,,,,,,,,,,,,,2368,2368
0x2b28eb5afa50,0x3d0,"      BSSY B0, 0x2b28eb5afc90",,,74,,,,,,,,,,,,,,,,,,,,,,,,,,,,,,,,,,,,,,,,,2368,2368
0x2b28eb5afa60,0x3e0,@!P0  BRA 0x2b28eb5afc80,,,74,,,,,,,,,,,,,,,,,,,,,,,,,,,,,,,,,,,,,,,,,2368,2294
0x2b28eb5afa70,0x3f0,"      UMOV UR8, 0x10",,,74,,,,,,,,,,,,,,,,,,,,,,,,,,,,,,,,,,,,,,,,,74,74
0x2b28eb5afa80,0x400,"      DEPBAR.LE SB1, 0x36",,,74,,,,,,,,,,,,,,,,,,,,,,,,,,,,,,,,,,,,,,,,,74,74
0x2b28eb5afa90,0x410,"      UTCATOMSWS.2CTA.FIND_AND_SET.ALIGN UP1, UR8, UR8",,,74,,,,,,,,,,,,,,,,,,,,,,,,,,,,,,,,,,,,,,,,,74,74
0x2b28eb5afaa0,0x420,"      IMAD.U32 R0, RZ, RZ, UR8",,,74,,,,,,,,,,,,,,,,,,,,,,,,,,,,,,,,,,,,,,,,,74,74
0x2b28eb5afab0,0x430,"      BRA.U UP1, 0x2b28eb5afb20",,,74,,,,,,,,,,,,,,,,,,,,,,,,,,,,,,,,,,,,,,,,,74,74
0x2b28eb5afac0,0x440,      NANOSLEEP 0x64,,,0,,,,,,,,,,,,,,,,,,,,,,,,,,,,,,,,,,,,,,,,,0,0
0x2b28eb5afad0,0x450,"      UMOV UR8, 0x10",,,0,,,,,,,,,,,,,,,,,,,,,,,,,,,,,,,,,,,,,,,,,0,0
0x2b28eb5afae0,0x460,"      DEPBAR.LE SB1, 0x36",,,0,,,,,,,,,,,,,,,,,,,,,,,,,,,,,,,,,,,,,,,,,0,0
0x2b28eb5afaf0,0x470,"      UTCATOMSWS.2CTA.FIND_AND_SET.ALIGN UP1, UR8, UR8",,,0,,,,,,,,,,,,,,,,,,,,,,,,,,,,,,,,,,,,,,,,,0,0
0x2b28eb5afb00,0x480,"      IMAD.U32 R0, RZ, RZ, UR8",,,0,,,,,,,,,,,,,,,,,,,,,,,,,,,,,,,,,,,,,,,,,0,0
0x2b28eb5afb10,0x490,"      BRA.U !UP1, 0x2b28eb5afac0",,,0,,,,,,,,,,,,,,,,,,,,,,,,,,,,,,,,,,,,,,,,,0,0
0x2b28eb5afb20,0x4a0,"      LDS R2, [UR6+0x10]",1,0,74,32,2,74,74,16,,,,,,,,,,,,,,,,,,,,,,,,,,,,,,,,,,,,74,74
0x2b28eb5afb30,0x4b0,"      SHF.L.U32 R2, R2, 0x1f, RZ",,,74,,,,,,,,,,,,,,,,,,,,,,,,,,,,,,,,,,,,,,,,,74,74
0x2b28eb5afb40,0x4c0,"      SYNCS.PHASECHK.TRANS64.TRYWAIT P0, [UR6+0x8], R2",,,74,,,,,,,,,,,,,,,,,,,,,,,,,,,,,,,,,,,,,,,,,74,74
0x2b28eb5afb50,0x4d0,@P0   BRA 0x2b28eb5afb80,,,74,,,,,,,,,,,,,,,,,,,,,,,,,,,,,,,,,,,,,,,,,74,74
0x2b28eb5afb60,0x4e0,"      SYNCS.PHASECHK.TRANS64.TRYWAIT P0, [UR6+0x8], R2",,,0,,,,,,,,,,,,,,,,,,,,,,,,,,,,,,,,,,,,,,,,,0,0
0x2b28eb5afb70,0x4f0,@!P0  BRA 0x2b28eb5b2b30,,,0,,,,,,,,,,,,,,,,,,,,,,,,,,,,,,,,,,,,,,,,,0,0
0x2b28eb5afb80,0x500,"      UPRMT UR8, UR7, 0x654, UR10",,,74,,,,,,,,,,,,,,,,,,,,,,,,,,,,,,,,,,,,,,,,,74,74
0x2b28eb5afb90,0x510,"      IMAD.MOV.U32 R3, RZ, RZ, 0xffff",,,74,,,,,,,,,,,,,,,,,,,,,,,,,,,,,,,,,,,,,,,,,74,74
0x2b28eb5afba0,0x520,"      UPRMT UR9, UR7, 0x654, UR12",,,74,,,,,,,,,,,,,,,,,,,,,,,,,,,,,,,,,,,,,,,,,74,74
0x2b28eb5afbb0,0x530,"      IMAD.MOV.U32 R5, RZ, RZ, 0x1",,,74,,,,,,,,,,,,,,,,,,,,,,,,,,,,,,,,,,,,,,,,,74,74
0x2b28eb5afbc0,0x540,"      IMAD.MOV.U32 R6, RZ, RZ, 0x4",,,74,,,,,,,,,,,,,,,,,,,,,,,,,,,,,,,,,,,,,,,,,74,74
0x2b28eb5afbd0,0x550,"      SHF.L.U32 R2, R3, R0, RZ",,,74,,,,,,,,,,,,,,,,,,,,,,,,,,,,,,,,,,,,,,,,,74,74
0x2b28eb5afbe0,0x560,"      IMAD.SHL.U32 R4, R0, 0x20, RZ",,,74,,,,,,,,,,,,,,,,,,,,,,,,,,,,,,,,,,,,,,,,,74,74
0x2b28eb5afbf0,0x570,"      SHF.L.U32 R3, R5, R0, RZ",,,74,,,,,,,,,,,,,,,,,,,,,,,,,,,,,,,,,,,,,,,,,74,74
0x2b28eb5afc00,0x580,"      IMAD.U32 R9, RZ, RZ, UR8",,,74,,,,,,,,,,,,,,,,,,,,,,,,,,,,,,,,,,,,,,,,,74,74
0x2b28eb5afc10,0x590,"      SYNCS.ARRIVE.TRANS64.RED RZ, [UR8], R6",,,74,,,,,,,,,,,,,,,,,,,,,,,,,,,,,,,,,,,,,,,,,74,74
0x2b28eb5afc20,0x5a0,"      IMAD.U32 R8, RZ, RZ, UR9",,,74,,,,,,,,,,,,,,,,,,,,,,,,,,,,,,,,,,,,,,,,,74,74
0x2b28eb5afc30,0x5b0,"      STS [UR12], R4",1,0,74,32,4,74,74,16,,,,,,,,,,,,,,,,,,,,,,,,,,,,,,,,,,,,74,74
0x2b28eb5afc40,0x5c0,"      STAS [R8.64], R0",,,74,32,4,,,20,,,,,,,,,,,,,,,,,,,,,,,,,,,,,,,,,,,,74,74
0x2b28eb5afc50,0x5d0,"      ATOMS.OR RZ, [UR6+0x14], R2",1,0,74,32,8,74,74,16,,,,,,,,,,,,,,,,,,,,,,,,,,,,,,,,,,,,74,74
0x2b28eb5afc60,0x5e0,"      ATOMS.OR RZ, [UR6+0x18], R3",1,0,74,32,8,74,74,16,,,,,,,,,,,,,,,,,,,,,,,,,,,,,,,,,,,,74,74
0x2b28eb5afc70,0x5f0,"      ATOMS.XOR RZ, [UR6+0x10], R5",1,0,74,32,8,74,74,16,,,,,,,,,,,,,,,,,,,,,,,,,,,,,,,,,,,,74,74
0x2b28eb5afc80,0x600,      BSYNC B0,,,148,,,,,,,,,,,,,,,,,,,,,,,,,,,,,,,,,,,,,,,,,2368,2368
0x2b28eb5afc90,0x610,"      BRA.U UP0, 0x2b28eb5afe40",,,148,,,,,,1,0,0,0,0,0,0,0,0,0,0,0,0,0,0,0,0,0,0,0,0,1,1,0,0,0,0,0,0,0,0,0,0,0,0,4736,4736
0x2b28eb5afca0,0x620,      WARPSYNC.ALL,,,74,,,,,,,,,,,,,,,,,,,,,,,,,,,,,,,,,,,,,,,,,2368,2368
0x2b28eb5afcb0,0x630,"      ELECT P0, URZ, PT",,,74,,,,,,,,,,,,,,,,,,,,,,,,,,,,,,,,,,,,,,,,,2368,2368
0x2b28eb5afcc0,0x640,@!P0  BRA 0x2b28eb5afe40,,,74,,,,,,,,,,,,,,,,,,,,,,,,,,,,,,,,,,,,,,,,,2368,2294
0x2b28eb5afcd0,0x650,"      LDS R0, [UR6+0x10]",1,0,74,32,2,74,74,16,,,,,,,,,,,,,,,,,,,,,,,,,,,,,,,,,,,,74,74
0x2b28eb5afce0,0x660,"      SHF.L.U32 R0, R0, 0x1f, RZ",,,74,,,,,,,,,,,,,,,,,,,,,,,,,,,,,,,,,,,,,,,,,74,74
0x2b28eb5afcf0,0x670,"      SYNCS.PHASECHK.TRANS64.TRYWAIT P0, [UR6+0x8], R0",,,74,,,,,,,,,,,,,,,,,,,,,,,,,,,,,,,,,,,,,,,,,74,74
0x2b28eb5afd00,0x680,@P0   BRA 0x2b28eb5afd30,,,74,,,,,,,,,,,,,,,,,,,,,,,,,,,,,,,,,,,,,,,,,74,3
0x2b28eb5afd10,0x690,"      SYNCS.PHASECHK.TRANS64.TRYWAIT P0, [UR6+0x8], R0",,,71,,,,,,,,,,,,,,,,,,,,,,,,,,,,,,,,,,,,,,,,,71,71
0x2b28eb5afd20,0x6a0,@!P0  BRA 0x2b28eb5b2b90,,,71,,,,,,,,,,,,,,,,,,,,,,,,,,,,,,,,,,,,,,,,,71,69
0x2b28eb5afd30,0x6b0,"      LDS R0, [UR12]",1,0,74,32,2,74,74,16,,,,,,,,,,,,,,,,,,,,,,,,,,,,,,,,,,,,74,74
0x2b28eb5afd40,0x6c0,"      IMAD.MOV.U32 R3, RZ, RZ, 0xffff",,,74,,,,,,,,,,,,,,,,,,,,,,,,,,,,,,,,,,,,,,,,,74,74
0x2b28eb5afd50,0x6d0,"      UPRMT UR8, UR7, 0x654, UR10",,,74,,,,,,,,,,,,,,,,,,,,,,,,,,,,,,,,,,,,,,,,,74,74
0x2b28eb5afd60,0x6e0,"      IMAD.MOV.U32 R5, RZ, RZ, 0x1",,,74,,,,,,,,,,,,,,,,,,,,,,,,,,,,,,,,,,,,,,,,,74,74
0x2b28eb5afd70,0x6f0,"      IMAD.SHL.U32 R4, R0, 0x20, RZ",,,74,,,,,,,,,,,,,,,,,,,,,,,,,,,,,,,,,,,,,,,,,74,74
0x2b28eb5afd80,0x700,"      SHF.L.U32 R2, R3, R0, RZ",,,74,,,,,,,,,,,,,,,,,,,,,,,,,,,,,,,,,,,,,,,,,74,74
0x2b28eb5afd90,0x710,"      SHF.L.U32 R0, R5, R0, RZ",,,74,,,,,,,,,,,,,,,,,,,,,,,,,,,,,,,,,,,,,,,,,74,74
0x2b28eb5afda0,0x720,"      STS [UR12], R4",1,0,74,32,4,74,74,16,,,,,,,,,,,,,,,,,,,,,,,,,,,,,,,,,,,,74,74
0x2b28eb5afdb0,0x730,"      ATOMS.OR RZ, [UR6+0x14], R2",1,0,74,32,8,74,74,16,,,,,,,,,,,,,,,,,,,,,,,,,,,,,,,,,,,,74,74
0x2b28eb5afdc0,0x740,"      ATOMS.OR RZ, [UR6+0x18], R0",1,0,74,32,8,74,74,16,,,,,,,,,,,,,,,,,,,,,,,,,,,,,,,,,,,,74,74
0x2b28eb5afdd0,0x750,"      SYNCS.ARRIVE.TRANS64.RED.A1T0 RZ, [UR8], RZ",,,74,,,,,,,,,,,,,,,,,,,,,,,,,,,,,,,,,,,,,,,,,74,74
0x2b28eb5afde0,0x760,"      ATOMS.XOR RZ, [UR6+0x10], R5",1,0,74,32,8,74,74,16,,,,,,,,,,,,,,,,,,,,,,,,,,,,,,,,,,,,74,74
0x2b28eb5afdf0,0x770,      BRA 0x2b28eb5afe40,,,74,,,,,,,,,,,,,,,,,,,,,,,,,,,,,,,,,,,,,,,,,74,74
0x2b28eb5afe00,0x780,"      IMAD.MOV.U32 R0, RZ, RZ, -0x1",,,0,,,,,,,,,,,,,,,,,,,,,,,,,,,,,,,,,,,,,,,,,0,0
0x2b28eb5afe10,0x790,"      MOV R2, 0x7c0",,,0,,,,,,,,,,,,,,,,,,,,,,,,,,,,,,,,,,,,,,,,,0,0
0x2b28eb5afe20,0x7a0,"      STS [UR12], R0",0,0,0,0,0,0,0,0,,,,,,,,,,,,,,,,,,,,,,,,,,,,,,,,,,,,0,0
0x2b28eb5afe30,0x7b0,      CALL.REL.NOINC 0x2b28eb5b2ea0,,,0,,,,,,,,,,,,,,,,,,,,,,,,,,,,,,,,,,,,,,,,,0,0
0x2b28eb5afe40,0x7c0,      WARPSYNC.ALL,,,222,,,,,,1,0,0,1,1,0,0,0,0,0,0,0,0,0,0,0,0,0,0,0,0,0,0,0,0,0,0,0,0,0,0,0,0,0,0,4736,4736
0x2b28eb5afe50,0x7d0,"      S2UR UR6, SR_CgaCtaId",,,1776,,,,,,2,0,0,0,0,0,0,0,0,0,0,0,0,0,0,0,0,0,0,0,0,2,2,0,0,0,0,0,0,0,0,0,0,0,0,56832,56832
0x2b28eb5afe60,0x7e0,"      S2R R5, SR_SWINHI",,,1776,,,,,,1,0,0,0,0,0,0,0,0,0,0,0,0,0,0,0,0,0,0,0,0,0,0,0,0,1,0,0,0,0,0,0,0,0,0,56832,56832
0x2b28eb5afe70,0x7f0,"      MOV R3, 0x400",,,1776,,,,,,1,0,0,0,0,0,0,0,0,0,0,0,0,0,0,0,0,0,0,0,0,0,0,0,0,1,0,0,0,0,0,0,0,0,0,56832,56832
0x2b28eb5afe80,0x800,"      BSSY B0, 0x2b28eb5b26b0",,,1776,,,,,,,,,,,,,,,,,,,,,,,,,,,,,,,,,,,,,,,,,56832,56832
0x2b28eb5afe90,0x810,"      LOP3.LUT R4, R155, 0xfffffffc, RZ, 0xc0, !PT",,,1776,,,,,,,,,,,,,,,,,,,,,,,,,,,,,,,,,,,,,,,,,56832,56832
0x2b28eb5afea0,0x820,"      S2R R6, SR_CTAID.X",,,1776,,,,,,,,,,,,,,,,,,,,,,,,,,,,,,,,,,,,,,,,,56832,56832
0x2b28eb5afeb0,0x830,"      ISETP.NE.AND P0, PT, R4, 0x8, PT",,,1776,,,,,,,,,,,,,,,,,,,,,,,,,,,,,,,,,,,,,,,,,56832,56832
0x2b28eb5afec0,0x840,      MEMBAR.ALL.CTA,,,1776,,,,,,3,0,0,0,0,0,0,0,0,0,0,0,0,0,0,0,0,0,0,0,0,0,0,0,0,0,0,3,1,0,0,0,0,0,0,56832,56832
0x2b28eb5afed0,0x850,      FENCE.VIEW.ASYNC.S,,,1776,,,,,,,,,,,,,,,,,,,,,,,,,,,,,,,,,,,,,,,,,56832,56832
0x2b28eb5afee0,0x860,      NOP,,,1776,,,,,,,,,,,,,,,,,,,,,,,,,,,,,,,,,,,,,,,,,56832,56832
0x2b28eb5afef0,0x870,"      IMAD.U32 R0, RZ, RZ, UR6",,,1776,,,,,,,,,,,,,,,,,,,,,,,,,,,,,,,,,,,,,,,,,56832,56832
0x2b28eb5aff00,0x880,"      LEA R146, R0, R3, 0x18",,,1776,,,,,,,,,,,,,,,,,,,,,,,,,,,,,,,,,,,,,,,,,56832,56832
0x2b28eb5aff10,0x890,"      MOV R2, R146",,,1776,,,,,,,,,,,,,,,,,,,,,,,,,,,,,,,,,,,,,,,,,56832,56832
0x2b28eb5aff20,0x8a0,"      MOV R3, R5",,,1776,,,,,,,,,,,,,,,,,,,,,,,,,,,,,,,,,,,,,,,,,56832,56832
0x2b28eb5aff30,0x8b0,      BAR.SYNC.DEFER_BLOCKING 0x0,,,1776,,,,,,1,0,0,0,0,0,0,0,0,0,0,1,1,0,0,0,0,0,0,0,0,0,0,0,0,0,0,0,0,0,0,0,0,0,0,56832,56832
0x2b28eb5aff40,0x8c0,"      IADD3 R2, P1, PT, R2, 0x8, RZ",,,1776,,,,,,1,0,0,0,0,0,0,0,0,0,0,0,0,0,0,0,0,0,0,0,0,0,0,0,0,1,0,0,0,0,0,0,0,0,0,56832,56832
0x2b28eb5aff50,0x8d0,"      SHF.R.U32.HI R154, RZ, 0x1, R6",,,1776,,,,,,,,,,,,,,,,,,,,,,,,,,,,,,,,,,,,,,,,,56832,56832
0x2b28eb5aff60,0x8e0,"      SHF.R.U32.HI R152, RZ, 0x3, R6",,,1776,,,,,,,,,,,,,,,,,,,,,,,,,,,,,,,,,,,,,,,,,56832,56832
0x2b28eb5aff70,0x8f0,"      IMAD.X R3, RZ, RZ, R3, P1",,,1776,,,,,,,,,,,,,,,,,,,,,,,,,,,,,,,,,,,,,,,,,56832,56832
0x2b28eb5aff80,0x900,"      LOP3.LUT R153, R154, 0x3, RZ, 0xc0, !PT",,,1776,,,,,,,,,,,,,,,,,,,,,,,,,,,,,,,,,,,,,,,,,56832,56832
0x2b28eb5aff90,0x910,"      PRMT R2, RZ, 0x654, R2",,,1776,,,,,,1,0,0,0,0,0,0,0,0,0,0,0,0,1,1,0,0,0,0,0,0,0,0,0,0,0,0,0,0,0,0,0,0,0,0,56832,56832
0x2b28eb5affa0,0x920,"      MOV R3, R3",,,1776,,,,,,,,,,,,,,,,,,,,,,,,,,,,,,,,,,,,,,,,,56832,56832
0x2b28eb5affb0,0x930,@P0   BRA 0x2b28eb5b1430,,,1776,,,,,,10,10,10,0,0,0,0,0,0,0,0,0,0,0,0,0,0,0,0,0,0,0,0,0,0,0,0,0,0,0,0,0,0,0,0,56832,37888
0x2b28eb5affc0,0x940,"      LOP3.LUT R4, R155, 0x3, RZ, 0xc0, !PT",,,592,,,,,,,,,,,,,,,,,,,,,,,,,,,,,,,,,,,,,,,,,18944,18944
0x2b28eb5affd0,0x950,"      ISETP.NE.AND P0, PT, R4, 0x3, PT",,,592,,,,,,,,,,,,,,,,,,,,,,,,,,,,,,,,,,,,,,,,,18944,18944
0x2b28eb5affe0,0x960,@P0   BRA 0x2b28eb5b0bb0,,,592,,,,,,,,,,,,,,,,,,,,,,,,,,,,,,,,,,,,,,,,,18944,14208
0x2b28eb5afff0,0x970,"      ELECT P0, URZ, PT",,,148,,,,,,,,,,,,,,,,,,,,,,,,,,,,,,,,,,,,,,,,,4736,4736
0x2b28eb5b0000,0x980,"      ISETP.GT.U32.OR P0, PT, R6, 0x127, !P0",,,148,,,,,,,,,,,,,,,,,,,,,,,,,,,,,,,,,,,,,,,,,4736,4736
0x2b28eb5b0010,0x990,@P0   BRA 0x2b28eb5b26a0,,,148,,,,,,,,,,,,,,,,,,,,,,,,,,,,,,,,,,,,,,,,,4736,4588
0x2b28eb5b0020,0x9a0,"      LDC.64 R16, c[0x0][0x348]",,,148,,,,,,,,,,,,,,,,,,,,,,,,,,,,,,,,,,,,,,,,,148,148
0x2b28eb5b0030,0x9b0,"      MOV R10, R2",,,148,,,,,,,,,,,,,,,,,,,,,,,,,,,,,,,,,,,,,,,,,148,148
0x2b28eb5b0040,0x9c0,"      IMAD.MOV.U32 R5, RZ, RZ, RZ",,,148,,,,,,,,,,,,,,,,,,,,,,,,,,,,,,,,,,,,,,,,,148,148
0x2b28eb5b0050,0x9d0,"      IMAD.MOV.U32 R3, RZ, RZ, 0x1",,,148,,,,,,,,,,,,,,,,,,,,,,,,,,,,,,,,,,,,,,,,,148,148
0x2b28eb5b0060,0x9e0,"      IMAD.SHL.U32 R153, R153, 0x200, RZ",,,296,,,,,,1,0,0,0,0,0,0,0,0,0,0,0,0,0,0,0,0,0,0,0,0,1,1,0,0,0,0,0,0,0,0,0,0,0,0,296,296
0x2b28eb5b0070,0x9f0,"      IMAD.SHL.U32 R9, R152, 0x100, RZ",,,296,,,,,,,,,,,,,,,,,,,,,,,,,,,,,,,,,,,,,,,,,296,296
0x2b28eb5b0080,0xa00,"      IMAD.MOV.U32 R12, RZ, RZ, 0x80",,,296,,,,,,,,,,,,,,,,,,,,,,,,,,,,,,,,,,,,,,,,,296,296
0x2b28eb5b0090,0xa10,      YIELD,,,9472,,,,,,1,0,0,0,0,0,0,0,0,0,0,0,0,0,0,0,0,0,0,0,0,1,1,0,0,0,0,0,0,0,0,0,0,0,0,9472,9472
0x2b28eb5b00a0,0xa20,"      S2UR UR6, SR_CgaCtaId",,,9472,,,,,,6,0,0,4,4,0,0,0,0,0,0,0,0,0,0,0,0,0,0,1,1,1,1,0,0,0,0,0,0,0,0,0,0,0,0,9472,9472
0x2b28eb5b00b0,0xa30,"      MOV R7, 0x400",,,9472,,,,,,1,0,0,0,0,0,0,0,0,0,0,0,0,0,0,0,0,0,0,0,0,0,0,0,0,1,0,0,0,0,0,0,0,0,0,9472,9472
0x2b28eb5b00c0,0xa40,"      VIADD R4, R5, 0x1",,,9472,,,,,,,,,,,,,,,,,,,,,,,,,,,,,,,,,,,,,,,,,9472,9472
0x2b28eb5b00d0,0xa50,"      IADD3 R2, P2, PT, R16, 0x80, RZ",,,9472,,,,,,,,,,,,,,,,,,,,,,,,,,,,,,,,,,,,,,,,,9472,9472
0x2b28eb5b00e0,0xa60,"      ISETP.NE.AND P0, PT, R4, 0x3, PT",,,9472,,,,,,,,,,,,,,,,,,,,,,,,,,,,,,,,,,,,,,,,,9472,9472
0x2b28eb5b00f0,0xa70,"      SEL R6, RZ, 0x1, P0",,,9472,,,,,,,,,,,,,,,,,,,,,,,,,,,,,,,,,,,,,,,,,9472,9472
0x2b28eb5b0100,0xa80,"      LOP3.LUT R13, R3, R6, RZ, 0x3c, !PT",,,9472,,,,,,2,0,0,0,0,0,0,0,0,0,0,0,0,0,0,0,0,0,0,0,0,0,0,0,0,0,0,0,0,0,0,0,0,2,2,9472,9472
0x2b28eb5b0110,0xa90,"      IMAD.U32 R0, RZ, RZ, UR6",,,9472,,,,,,2,0,0,0,0,0,0,0,0,0,0,0,0,0,0,0,0,0,0,0,0,0,0,0,0,0,0,2,2,0,0,0,0,0,0,9472,9472
0x2b28eb5b0120,0xaa0,"      LEA R146, R0, R7, 0x18",,,9472,,,,,,1,0,0,0,0,0,0,0,0,0,0,0,0,0,0,0,0,0,0,0,0,0,0,0,0,0,0,0,0,0,0,0,0,1,1,9472,9472
0x2b28eb5b0130,0xab0,"      SHF.L.U32 R7, R3, 0x1f, RZ",,,9472,,,,,,1,0,0,0,0,0,0,0,0,0,0,0,0,0,0,0,0,0,0,0,0,0,0,0,0,1,0,0,0,0,0,0,0,0,0,9472,9472
0x2b28eb5b0140,0xac0,"      IMAD R8, R5, 0x8, R146",,,9472,,,,,,,,,,,,,,,,,,,,,,,,,,,,,,,,,,,,,,,,,9472,9472
0x2b28eb5b0150,0xad0,"      IMAD R6, R5, 0x8000, R146",,,9472,,,,,,,,,,,,,,,,,,,,,,,,,,,,,,,,,,,,,,,,,9472,9472
0x2b28eb5b0160,0xae0,"      SYNCS.PHASECHK.TRANS64.TRYWAIT P1, [R8+URZ+0x20], R7",,,9472,,,,,,1,0,0,0,0,0,0,0,0,0,0,0,0,0,0,0,0,0,0,0,0,0,0,0,0,0,0,0,0,0,0,0,0,1,1,9472,9472
0x2b28eb5b0170,0xaf0,@!P1  BRA 0x2b28eb5b2bf0,,,9472,,,,,,9,0,0,0,0,0,0,0,0,0,0,9,9,0,0,0,0,0,0,0,0,0,0,0,0,0,0,0,0,0,0,0,0,0,0,9472,56
0x2b28eb5b0180,0xb00,"      R2UR UR13, R5",,,9472,,,,,,3,0,0,0,0,0,0,0,0,0,0,0,0,0,0,0,0,0,0,0,0,2,2,0,0,0,0,0,0,0,0,0,0,1,1,9472,9472
0x2b28eb5b0190,0xb10,"      IMAD R5, R5, 0x4000, R146",,,9472,,,,,,1,0,0,0,0,0,0,0,0,0,0,0,0,0,0,0,0,0,0,0,0,0,0,0,0,1,0,0,0,0,0,0,0,0,0,9472,9472
0x2b28eb5b01a0,0xb20,"      R2UR UR8, R6",,,9472,,,,,,,,,,,,,,,,,,,,,,,,,,,,,,,,,,,,,,,,,9472,9472
0x2b28eb5b01b0,0xb30,"      IMAD R14, R0, 0x80, R153",,,9472,,,,,,1,0,0,0,0,0,0,0,0,0,0,0,0,0,0,0,0,0,0,0,0,0,0,0,0,1,0,0,0,0,0,0,0,0,0,9472,9472
0x2b28eb5b01c0,0xb40,"      R2UR UR10, R10",,,9472,,,,,,,,,,,,,,,,,,,,,,,,,,,,,,,,,,,,,,,,,9472,9472
0x2b28eb5b01d0,0xb50,"      IMAD.X R3, RZ, RZ, R17, P2",,,9472,,,,,,,,,,,,,,,,,,,,,,,,,,,,,,,,,,,,,,,,,9472,9472
0x2b28eb5b01e0,0xb60,"      R2UR UR14, R12",,,9472,,,,,,,,,,,,,,,,,,,,,,,,,,,,,,,,,,,,,,,,,9472,9472
0x2b28eb5b01f0,0xb70,"      LDCU.64 UR6, c[0x0][0x348]",,,9472,,,,,,,,,,,,,,,,,,,,,,,,,,,,,,,,,,,,,,,,,9472,9472
0x2b28eb5b0200,0xb80,"      IADD3 R18, P1, PT, R16, 0x100, RZ",,,9472,,,,,,1,0,0,0,0,0,0,0,0,0,0,0,0,0,0,0,0,0,0,0,0,0,0,0,0,1,0,0,0,0,0,0,0,0,0,9472,9472
0x2b28eb5b0210,0xb90,"      VIADD R20, R14, 0x100",,,9472,,,,,,,,,,,,,,,,,,,,,,,,,,,,,,,,,,,,,,,,,9472,9472
0x2b28eb5b0220,0xba0,"      R2UR UR9, R5",,,9472,,,,,,,,,,,,,,,,,,,,,,,,,,,,,,,,,,,,,,,,,9472,9472
0x2b28eb5b0230,0xbb0,"      IMAD R21, R0, 0x80, R9",,,9472,,,,,,,,,,,,,,,,,,,,,,,,,,,,,,,,,,,,,,,,,9472,9472
0x2b28eb5b0240,0xbc0,"      ISETP.NE.AND P2, PT, R0, RZ, PT",,,9472,,,,,,,,,,,,,,,,,,,,,,,,,,,,,,,,,,,,,,,,,9472,9472
0x2b28eb5b0250,0xbd0,"      IMAD.X R19, RZ, RZ, R17, P1",,,9472,,,,,,1,0,0,0,0,0,0,0,0,0,0,0,0,0,0,0,0,0,0,0,0,0,0,0,0,1,0,0,0,0,0,0,0,0,0,9472,9472
0x2b28eb5b0260,0xbe0,"      R2UR UR15, R14",,,9472,,,,,,,,,,,,,,,,,,,,,,,,,,,,,,,,,,,,,,,,,9472,9472
0x2b28eb5b0270,0xbf0,"      UIADD3 UR12, UPT, UPT, UR8, 0x400, URZ",,,9472,,,,,,1,0,0,0,0,0,0,0,0,0,0,0,0,0,0,0,0,0,0,0,0,0,0,0,0,1,0,0,0,0,0,0,0,0,0,9472,9472
0x2b28eb5b0280,0xc00,"      R2UR UR20, R2",,,9472,,,,,,1,0,0,0,0,0,0,0,0,0,0,0,0,0,0,0,0,0,0,0,0,0,0,0,0,1,0,0,0,0,0,0,0,0,0,9472,9472
0x2b28eb5b0290,0xc10,"      ULEA UR13, UR13, UR10, 0x3",,,9472,,,,,,,,,,,,,,,,,,,,,,,,,,,,,,,,,,,,,,,,,9472,9472
0x2b28eb5b02a0,0xc20,"      R2UR UR21, R3",,,9472,,,,,,,,,,,,,,,,,,,,,,,,,,,,,,,,,,,,,,,,,9472,9472
0x2b28eb5b02b0,0xc30,"      UIADD3 UR14, UPT, UPT, UR14, -0x80, URZ",,,9472,,,,,,,,,,,,,,,,,,,,,,,,,,,,,,,,,,,,,,,,,9472,9472
0x2b28eb5b02c0,0xc40,"      R2UR UR11, R20",,,9472,,,,,,,,,,,,,,,,,,,,,,,,,,,,,,,,,,,,,,,,,9472,9472
0x2b28eb5b02d0,0xc50,"      UIADD3 UR8, UPT, UPT, UR8, 0x4400, URZ",,,9472,,,,,,,,,,,,,,,,,,,,,,,,,,,,,,,,,,,,,,,,,9472,9472
0x2b28eb5b02e0,0xc60,"      R2UR UR22, R18",,,9472,,,,,,,,,,,,,,,,,,,,,,,,,,,,,,,,,,,,,,,,,9472,9472
0x2b28eb5b02f0,0xc70,"      UIADD3 UR16, UPT, UPT, UR9, 0x18400, URZ",,,9472,,,,,,,,,,,,,,,,,,,,,,,,,,,,,,,,,,,,,,,,,9472,9472
0x2b28eb5b0300,0xc80,"      R2UR UR23, R19",,,9472,,,,,,,,,,,,,,,,,,,,,,,,,,,,,,,,,,,,,,,,,9472,9472
0x2b28eb5b0310,0xc90,"@!P2  IMAD.MOV.U32 R7, RZ, RZ, 0x18000",,,9472,,,,,,,,,,,,,,,,,,,,,,,,,,,,,,,,,,,,,,,,,9472,4736
0x2b28eb5b0320,0xca0,"      R2UR UR19, R21",,,9472,,,,,,,,,,,,,,,,,,,,,,,,,,,,,,,,,,,,,,,,,9472,9472
0x2b28eb5b0330,0xcb0,"      UMOV UR9, UR13",,,9472,,,,,,,,,,,,,,,,,,,,,,,,,,,,,,,,,,,,,,,,,9472,9472
0x2b28eb5b0340,0xcc0,"      SEL R11, R4, RZ, P0",,,9472,,,,,,1,0,0,0,0,0,0,0,0,0,0,0,0,0,0,0,0,0,0,0,0,0,0,0,0,1,0,0,0,0,0,0,0,0,0,9472,9472
0x2b28eb5b0350,0xcd0,"@!P2  VIADD R4, R8, 0x8",,,9472,,,,,,,,,,,,,,,,,,,,,,,,,,,,,,,,,,,,,,,,,9472,4736
0x2b28eb5b0360,0xce0,"      UMOV UR10, UR14",,,9472,,,,,,,,,,,,,,,,,,,,,,,,,,,,,,,,,,,,,,,,,9472,9472
0x2b28eb5b0370,0xcf0,"      SHF.L.U32 R15, R13, 0x1f, RZ",,,9472,,,,,,,,,,,,,,,,,,,,,,,,,,,,,,,,,,,,,,,,,9472,9472
0x2b28eb5b0380,0xd00,"      UTMALDG.2D.2CTA [UR12], [UR6]",,,9472,,,,,20,,,,,,,,,,,,,,,,,,,,,,,,,,,,,,,,,,,,9472,9472
0x2b28eb5b0390,0xd10,"      IMAD R6, R11, 0x8, R146",,,9472,,,,,,,,,,,,,,,,,,,,,,,,,,,,,,,,,,,,,,,,,9472,9472
0x2b28eb5b03a0,0xd20,"@!P2  PRMT R4, RZ, 0x654, R4",,,9472,,,,,,,,,,,,,,,,,,,,,,,,,,,,,,,,,,,,,,,,,9472,4736
0x2b28eb5b03b0,0xd30,"      UMOV UR17, UR13",,,9472,,,,,,,,,,,,,,,,,,,,,,,,,,,,,,,,,,,,,,,,,9472,9472
0x2b28eb5b03c0,0xd40,"      UMOV UR18, UR14",,,9472,,,,,,,,,,,,,,,,,,,,,,,,,,,,,,,,,,,,,,,,,9472,9472
0x2b28eb5b03d0,0xd50,"      VIADD R5, R11, 0x1",,,9472,,,,,,,,,,,,,,,,,,,,,,,,,,,,,,,,,,,,,,,,,9472,9472
0x2b28eb5b03e0,0xd60,"      UTMALDG.2D.2CTA [UR8], [UR20]",,,9472,,,,,20,1,0,0,0,0,0,0,0,0,0,0,0,0,0,0,0,0,0,0,0,0,0,0,0,0,1,0,0,0,0,0,0,0,0,0,9472,9472
0x2b28eb5b03f0,0xd70,"      UTMALDG.2D.2CTA [UR16], [UR22]",,,9472,,,,,20,,,,,,,,,,,,,,,,,,,,,,,,,,,,,,,,,,,,9472,9472
0x2b28eb5b0400,0xd80,"@!P2  SYNCS.ARRIVE.TRANS64.RED RZ, [R4+URZ], R7",,,9472,,,,,,,,,,,,,,,,,,,,,,,,,,,,,,,,,,,,,,,,,9472,4736
0x2b28eb5b0410,0xd90,"      IMAD R4, R11, 0x8000, R146",,,9472,,,,,,2,0,0,0,0,0,0,0,0,0,0,2,2,0,0,0,0,0,0,0,0,0,0,0,0,0,0,0,0,0,0,0,0,0,0,9472,9472
0x2b28eb5b0420,0xda0,"      SYNCS.PHASECHK.TRANS64.TRYWAIT P0, [R6+URZ+0x20], R15",,,9472,,,,,,,,,,,,,,,,,,,,,,,,,,,,,,,,,,,,,,,,,9472,9472
0x2b28eb5b0430,0xdb0,@!P0  BRA 0x2b28eb5b2c40,,,9472,,,,,,1,0,0,0,0,0,0,0,0,0,0,1,1,0,0,0,0,0,0,0,0,0,0,0,0,0,0,0,0,0,0,0,0,0,0,9472,9032
0x2b28eb5b0440,0xdc0,"      R2UR UR13, R11",,,9472,,,,,,,,,,,,,,,,,,,,,,,,,,,,,,,,,,,,,,,,,9472,9472
0x2b28eb5b0450,0xdd0,"      IMAD R11, R11, 0x4000, R146",,,9472,,,,,,,,,,,,,,,,,,,,,,,,,,,,,,,,,,,,,,,,,9472,9472
0x2b28eb5b0460,0xde0,"      R2UR UR10, R10",,,9472,,,,,,,,,,,,,,,,,,,,,,,,,,,,,,,,,,,,,,,,,9472,9472
0x2b28eb5b0470,0xdf0,"      LDCU.64 UR6, c[0x0][0x348]",,,9472,,,,,,,,,,,,,,,,,,,,,,,,,,,,,,,,,,,,,,,,,9472,9472
0x2b28eb5b0480,0xe00,"      R2UR UR14, R12",,,9472,,,,,,,,,,,,,,,,,,,,,,,,,,,,,,,,,,,,,,,,,9472,9472
0x2b28eb5b0490,0xe10,"      R2UR UR8, R4",,,9472,,,,,,,,,,,,,,,,,,,,,,,,,,,,,,,,,,,,,,,,,9472,9472
0x2b28eb5b04a0,0xe20,"      R2UR UR9, R11",,,9472,,,,,,,,,,,,,,,,,,,,,,,,,,,,,,,,,,,,,,,,,9472,9472
0x2b28eb5b04b0,0xe30,"      ISETP.NE.AND P0, PT, R5, 0x3, PT",,,9472,,,,,,,,,,,,,,,,,,,,,,,,,,,,,,,,,,,,,,,,,9472,9472
0x2b28eb5b04c0,0xe40,"      R2UR UR15, R14",,,9472,,,,,,,,,,,,,,,,,,,,,,,,,,,,,,,,,,,,,,,,,9472,9472
0x2b28eb5b04d0,0xe50,"      R2UR UR20, R2",,,9472,,,,,,,,,,,,,,,,,,,,,,,,,,,,,,,,,,,,,,,,,9472,9472
0x2b28eb5b04e0,0xe60,"      ULEA UR13, UR13, UR10, 0x3",,,9472,,,,,,1,0,0,0,0,0,0,0,0,0,0,0,0,0,0,0,0,0,0,0,0,0,0,0,0,1,0,0,0,0,0,0,0,0,0,9472,9472
0x2b28eb5b04f0,0xe70,"      R2UR UR21, R3",,,9472,,,,,,,,,,,,,,,,,,,,,,,,,,,,,,,,,,,,,,,,,9472,9472
0x2b28eb5b0500,0xe80,"      UIADD3 UR14, UPT, UPT, UR14, -0x40, URZ",,,9472,,,,,,,,,,,,,,,,,,,,,,,,,,,,,,,,,,,,,,,,,9472,9472
0x2b28eb5b0510,0xe90,"      R2UR UR11, R20",,,9472,,,,,,,,,,,,,,,,,,,,,,,,,,,,,,,,,,,,,,,,,9472,9472
0x2b28eb5b0520,0xea0,"      UIADD3 UR12, UPT, UPT, UR8, 0x400, URZ",,,9472,,,,,,,,,,,,,,,,,,,,,,,,,,,,,,,,,,,,,,,,,9472,9472
0x2b28eb5b0530,0xeb0,"      SEL R4, RZ, 0x1, P0",,,9472,,,,,,1,0,0,0,0,0,0,0,0,0,0,0,0,0,0,0,0,0,0,0,0,0,0,0,0,1,0,0,0,0,0,0,0,0,0,9472,9472
0x2b28eb5b0540,0xec0,"      UIADD3 UR8, UPT, UPT, UR8, 0x4400, URZ",,,9472,,,,,,,,,,,,,,,,,,,,,,,,,,,,,,,,,,,,,,,,,9472,9472
0x2b28eb5b0550,0xed0,"      R2UR UR22, R18",,,9472,,,,,,,,,,,,,,,,,,,,,,,,,,,,,,,,,,,,,,,,,9472,9472
0x2b28eb5b0560,0xee0,"      UIADD3 UR16, UPT, UPT, UR9, 0x18400, URZ",,,9472,,,,,,2,0,0,0,0,0,0,0,0,0,0,0,0,0,0,0,0,0,0,0,0,0,0,0,0,2,0,0,0,0,0,0,0,0,0,9472,9472
0x2b28eb5b0570,0xef0,"      R2UR UR23, R19",,,9472,,,,,,,,,,,,,,,,,,,,,,,,,,,,,,,,,,,,,,,,,9472,9472
0x2b28eb5b0580,0xf00,"      UMOV UR10, UR14",,,9472,,,,,,,,,,,,,,,,,,,,,,,,,,,,,,,,,,,,,,,,,9472,9472
0x2b28eb5b0590,0xf10,"      R2UR UR19, R21",,,9472,,,,,,,,,,,,,,,,,,,,,,,,,,,,,,,,,,,,,,,,,9472,9472
0x2b28eb5b05a0,0xf20,"      UMOV UR9, UR13",,,9472,,,,,,,,,,,,,,,,,,,,,,,,,,,,,,,,,,,,,,,,,9472,9472
0x2b28eb5b05b0,0xf30,"      LOP3.LUT R13, R13, R4, RZ, 0x3c, !PT",,,9472,,,,,,,,,,,,,,,,,,,,,,,,,,,,,,,,,,,,,,,,,9472,9472
0x2b28eb5b05c0,0xf40,"@!P2  VIADD R4, R6, 0x8",,,9472,,,,,,,,,,,,,,,,,,,,,,,,,,,,,,,,,,,,,,,,,9472,4736
0x2b28eb5b05d0,0xf50,"      SEL R11, R5, RZ, P0",,,9472,,,,,,,,,,,,,,,,,,,,,,,,,,,,,,,,,,,,,,,,,9472,9472
0x2b28eb5b05e0,0xf60,"      UTMALDG.2D.2CTA [UR12], [UR6]",,,9472,,,,,20,,,,,,,,,,,,,,,,,,,,,,,,,,,,,,,,,,,,9472,9472
0x2b28eb5b05f0,0xf70,"      SHF.L.U32 R15, R13, 0x1f, RZ",,,9472,,,,,,,,,,,,,,,,,,,,,,,,,,,,,,,,,,,,,,,,,9472,9472
0x2b28eb5b0600,0xf80,"      UMOV UR17, UR13",,,9472,,,,,,,,,,,,,,,,,,,,,,,,,,,,,,,,,,,,,,,,,9472,9472
0x2b28eb5b0610,0xf90,"@!P2  PRMT R4, RZ, 0x654, R4",,,9472,,,,,,1,0,0,0,0,0,0,0,0,0,0,0,0,0,0,0,0,0,0,0,0,0,0,0,0,1,0,0,0,0,0,0,0,0,0,9472,4736
0x2b28eb5b0620,0xfa0,"      IMAD R6, R11, 0x8, R146",,,9472,,,,,,,,,,,,,,,,,,,,,,,,,,,,,,,,,,,,,,,,,9472,9472
0x2b28eb5b0630,0xfb0,"      UMOV UR18, UR14",,,9472,,,,,,,,,,,,,,,,,,,,,,,,,,,,,,,,,,,,,,,,,9472,9472
0x2b28eb5b0640,0xfc0,"      VIADD R5, R11, 0x1",,,9472,,,,,,,,,,,,,,,,,,,,,,,,,,,,,,,,,,,,,,,,,9472,9472
0x2b28eb5b0650,0xfd0,"      UTMALDG.2D.2CTA [UR8], [UR20]",,,9472,,,,,20,,,,,,,,,,,,,,,,,,,,,,,,,,,,,,,,,,,,9472,9472
0x2b28eb5b0660,0xfe0,"      IMAD R8, R11, 0x8000, R146",,,9472,,,,,,,,,,,,,,,,,,,,,,,,,,,,,,,,,,,,,,,,,9472,9472
0x2b28eb5b0670,0xff0,"      ISETP.NE.AND P0, PT, R5, 0x3, PT",,,9472,,,,,,1,0,0,0,0,0,0,0,0,0,0,0,0,0,0,0,0,0,0,0,0,0,0,0,0,1,0,0,0,0,0,0,0,0,0,9472,9472
0x2b28eb5b0680,0x1000,"      UTMALDG.2D.2CTA [UR16], [UR22]",,,9472,,,,,20,,,,,,,,,,,,,,,,,,,,,,,,,,,,,,,,,,,,9472,9472
0x2b28eb5b0690,0x1010,"@!P2  SYNCS.ARRIVE.TRANS64.RED RZ, [R4+URZ], R7",,,9472,,,,,,,,,,,,,,,,,,,,,,,,,,,,,,,,,,,,,,,,,9472,4736
0x2b28eb5b06a0,0x1020,"      SEL R4, RZ, 0x1, P0",,,9472,,,,,,1,0,0,0,0,0,0,0,0,0,0,1,1,0,0,0,0,0,0,0,0,0,0,0,0,0,0,0,0,0,0,0,0,0,0,9472,9472
0x2b28eb5b06b0,0x1030,"      SYNCS.PHASECHK.TRANS64.TRYWAIT P1, [R6+URZ+0x20], R15",,,9472,,,,,,,,,,,,,,,,,,,,,,,,,,,,,,,,,,,,,,,,,9472,9472
0x2b28eb5b06c0,0x1040,@!P1  BRA 0x2b28eb5b2c90,,,9472,,,,,,11,0,0,0,0,0,0,0,0,0,0,11,11,0,0,0,0,0,0,0,0,0,0,0,0,0,0,0,0,0,0,0,0,0,0,9472,7543
0x2b28eb5b06d0,0x1050,"      R2UR UR13, R11",,,9472,,,,,,2,0,0,1,1,0,0,0,0,0,0,0,0,0,0,0,0,0,0,0,0,0,0,0,0,0,0,0,0,0,0,0,0,1,1,9472,9472
0x2b28eb5b06e0,0x1060,"      IMAD R11, R11, 0x4000, R146",,,9472,,,,,,1,0,0,0,0,0,0,0,0,0,0,0,0,0,0,0,0,0,0,0,0,0,0,0,0,1,0,0,0,0,0,0,0,0,0,9472,9472
0x2b28eb5b06f0,0x1070,"      R2UR UR10, R10",,,9472,,,,,,,,,,,,,,,,,,,,,,,,,,,,,,,,,,,,,,,,,9472,9472
0x2b28eb5b0700,0x1080,"      LDCU.64 UR6, c[0x0][0x348]",,,9472,,,,,,,,,,,,,,,,,,,,,,,,,,,,,,,,,,,,,,,,,9472,9472
0x2b28eb5b0710,0x1090,"      R2UR UR8, R8",,,9472,,,,,,,,,,,,,,,,,,,,,,,,,,,,,,,,,,,,,,,,,9472,9472
0x2b28eb5b0720,0x10a0,"      R2UR UR9, R11",,,9472,,,,,,1,0,0,0,0,0,0,0,0,0,0,0,0,0,0,0,0,0,0,0,0,0,0,0,0,0,0,0,0,0,0,0,0,1,1,9472,9472
0x2b28eb5b0730,0x10b0,"      R2UR UR14, R12",,,9472,,,,,,2,0,0,0,0,0,0,0,0,0,0,0,0,0,0,0,0,0,0,0,0,0,0,0,0,0,0,0,0,0,0,0,0,2,2,9472,9472
0x2b28eb5b0740,0x10c0,"      R2UR UR15, R14",,,9472,,,,,,,,,,,,,,,,,,,,,,,,,,,,,,,,,,,,,,,,,9472,9472
0x2b28eb5b0750,0x10d0,"      R2UR UR20, R2",,,9472,,,,,,,,,,,,,,,,,,,,,,,,,,,,,,,,,,,,,,,,,9472,9472
0x2b28eb5b0760,0x10e0,"      R2UR UR21, R3",,,9472,,,,,,1,0,0,0,0,0,0,0,0,0,0,0,0,0,0,0,0,0,0,0,0,0,0,0,0,0,0,0,0,0,0,0,0,1,1,9472,9472
0x2b28eb5b0770,0x10f0,"      ULEA UR13, UR13, UR10, 0x3",,,9472,,,,,,,,,,,,,,,,,,,,,,,,,,,,,,,,,,,,,,,,,9472,9472
0x2b28eb5b0780,0x1100,"      R2UR UR11, R20",,,9472,,,,,,,,,,,,,,,,,,,,,,,,,,,,,,,,,,,,,,,,,9472,9472
0x2b28eb5b0790,0x1110,"      UIADD3 UR12, UPT, UPT, UR8, 0x400, URZ",,,9472,,,,,,,,,,,,,,,,,,,,,,,,,,,,,,,,,,,,,,,,,9472,9472
0x2b28eb5b07a0,0x1120,"      R2UR UR22, R18",,,9472,,,,,,,,,,,,,,,,,,,,,,,,,,,,,,,,,,,,,,,,,9472,9472
0x2b28eb5b07b0,0x1130,"      UIADD3 UR8, UPT, UPT, UR8, 0x4400, URZ",,,9472,,,,,,,,,,,,,,,,,,,,,,,,,,,,,,,,,,,,,,,,,9472,9472
0x2b28eb5b07c0,0x1140,"      R2UR UR23, R19",,,9472,,,,,,,,,,,,,,,,,,,,,,,,,,,,,,,,,,,,,,,,,9472,9472
0x2b28eb5b07d0,0x1150,"      UIADD3 UR16, UPT, UPT, UR9, 0x18400, URZ",,,9472,,,,,,,,,,,,,,,,,,,,,,,,,,,,,,,,,,,,,,,,,9472,9472
0x2b28eb5b07e0,0x1160,"      R2UR UR19, R21",,,9472,,,,,,,,,,,,,,,,,,,,,,,,,,,,,,,,,,,,,,,,,9472,9472
0x2b28eb5b07f0,0x1170,"      UMOV UR10, UR14",,,9472,,,,,,,,,,,,,,,,,,,,,,,,,,,,,,,,,,,,,,,,,9472,9472
0x2b28eb5b0800,0x1180,"      LOP3.LUT R8, R13, R4, RZ, 0x3c, !PT",,,9472,,,,,,,,,,,,,,,,,,,,,,,,,,,,,,,,,,,,,,,,,9472,9472
0x2b28eb5b0810,0x1190,"@!P2  VIADD R4, R6, 0x8",,,9472,,,,,,1,0,0,0,0,0,0,0,0,0,0,0,0,0,0,0,0,0,0,0,0,0,0,0,0,1,0,0,0,0,0,0,0,0,0,9472,4736
0x2b28eb5b0820,0x11a0,"      SEL R5, R5, RZ, P0",,,9472,,,,,,1,0,0,0,0,0,0,0,0,0,0,0,0,0,0,0,0,0,0,0,0,0,0,0,0,1,0,0,0,0,0,0,0,0,0,9472,9472
0x2b28eb5b0830,0x11b0,"      UMOV UR9, UR13",,,9472,,,,,,,,,,,,,,,,,,,,,,,,,,,,,,,,,,,,,,,,,9472,9472
0x2b28eb5b0840,0x11c0,"      SHF.L.U32 R11, R8, 0x1f, RZ",,,9472,,,,,,3,0,0,0,0,3,0,0,0,0,0,0,0,0,0,0,0,0,0,0,0,0,0,0,0,0,0,0,0,0,0,0,0,0,0,9472,9472
0x2b28eb5b0850,0x11d0,"      UMOV UR18, UR14",,,9472,,,,,,,,,,,,,,,,,,,,,,,,,,,,,,,,,,,,,,,,,9472,9472
0x2b28eb5b0860,0x11e0,"@!P2  PRMT R4, RZ, 0x654, R4",,,9472,,,,,,,,,,,,,,,,,,,,,,,,,,,,,,,,,,,,,,,,,9472,4736
0x2b28eb5b0870,0x11f0,"      IMAD R6, R5, 0x8, R146",,,9472,,,,,,,,,,,,,,,,,,,,,,,,,,,,,,,,,,,,,,,,,9472,9472
0x2b28eb5b0880,0x1200,"      UTMALDG.2D.2CTA [UR12], [UR6]",,,9472,,,,,20,,,,,,,,,,,,,,,,,,,,,,,,,,,,,,,,,,,,9472,9472
0x2b28eb5b0890,0x1210,"      UMOV UR17, UR13",,,9472,,,,,,,,,,,,,,,,,,,,,,,,,,,,,,,,,,,,,,,,,9472,9472
0x2b28eb5b08a0,0x1220,"      UTMALDG.2D.2CTA [UR8], [UR20]",,,9472,,,,,20,,,,,,,,,,,,,,,,,,,,,,,,,,,,,,,,,,,,9472,9472
0x2b28eb5b08b0,0x1230,"      UTMALDG.2D.2CTA [UR16], [UR22]",,,9472,,,,,20,,,,,,,,,,,,,,,,,,,,,,,,,,,,,,,,,,,,9472,9472
0x2b28eb5b08c0,0x1240,"@!P2  SYNCS.ARRIVE.TRANS64.RED RZ, [R4+URZ], R7",,,9472,,,,,,,,,,,,,,,,,,,,,,,,,,,,,,,,,,,,,,,,,9472,4736
0x2b28eb5b08d0,0x1250,"      VIADD R4, R12, 0x40",,,9472,,,,,,1,0,0,0,0,0,0,0,0,0,0,1,1,0,0,0,0,0,0,0,0,0,0,0,0,0,0,0,0,0,0,0,0,0,0,9472,9472
0x2b28eb5b08e0,0x1260,"      SYNCS.PHASECHK.TRANS64.TRYWAIT P0, [R6+URZ+0x20], R11",,,9472,,,,,,,,,,,,,,,,,,,,,,,,,,,,,,,,,,,,,,,,,9472,9472
0x2b28eb5b08f0,0x1270,@!P0  BRA 0x2b28eb5b2ce0,,,9472,,,,,,3,0,0,0,0,0,0,0,0,0,0,3,3,0,0,0,0,0,0,0,0,0,0,0,0,0,0,0,0,0,0,0,0,0,0,9472,9339
0x2b28eb5b0900,0x1280,"      IMAD R11, R5, 0x8000, R146",,,9472,,,,,,1,0,0,0,0,0,0,0,0,0,0,0,0,0,0,0,0,0,0,0,0,0,0,0,0,0,0,0,0,0,0,0,0,1,1,9472,9472
0x2b28eb5b0910,0x1290,"      R2UR UR13, R5",,,9472,,,,,,,,,,,,,,,,,,,,,,,,,,,,,,,,,,,,,,,,,9472,9472
0x2b28eb5b0920,0x12a0,"      IMAD R13, R5, 0x4000, R146",,,9472,,,,,,,,,,,,,,,,,,,,,,,,,,,,,,,,,,,,,,,,,9472,9472
0x2b28eb5b0930,0x12b0,"      R2UR UR10, R10",,,9472,,,,,,,,,,,,,,,,,,,,,,,,,,,,,,,,,,,,,,,,,9472,9472
0x2b28eb5b0940,0x12c0,"      LDCU.64 UR6, c[0x0][0x348]",,,9472,,,,,,,,,,,,,,,,,,,,,,,,,,,,,,,,,,,,,,,,,9472,9472
0x2b28eb5b0950,0x12d0,"      R2UR UR8, R11",,,9472,,,,,,,,,,,,,,,,,,,,,,,,,,,,,,,,,,,,,,,,,9472,9472
0x2b28eb5b0960,0x12e0,"      VIADD R12, R12, 0x100",,,9472,,,,,,,,,,,,,,,,,,,,,,,,,,,,,,,,,,,,,,,,,9472,9472
0x2b28eb5b0970,0x12f0,"      R2UR UR9, R13",,,9472,,,,,,,,,,,,,,,,,,,,,,,,,,,,,,,,,,,,,,,,,9472,9472
0x2b28eb5b0980,0x1300,"      VIADD R5, R5, 0x1",,,9472,,,,,,,,,,,,,,,,,,,,,,,,,,,,,,,,,,,,,,,,,9472,9472
0x2b28eb5b0990,0x1310,"      R2UR UR14, R4",,,9472,,,,,,,,,,,,,,,,,,,,,,,,,,,,,,,,,,,,,,,,,9472,9472
0x2b28eb5b09a0,0x1320,"      R2UR UR15, R14",,,9472,,,,,,1,0,0,0,0,0,0,0,0,0,0,0,0,0,0,0,0,0,0,0,0,0,0,0,0,0,0,0,0,0,0,0,0,1,1,9472,9472
0x2b28eb5b09b0,0x1330,"      R2UR UR20, R2",,,9472,,,,,,,,,,,,,,,,,,,,,,,,,,,,,,,,,,,,,,,,,9472,9472
0x2b28eb5b09c0,0x1340,"@!P2  VIADD R2, R6, 0x8",,,9472,,,,,,,,,,,,,,,,,,,,,,,,,,,,,,,,,,,,,,,,,9472,4736
0x2b28eb5b09d0,0x1350,"      R2UR UR21, R3",,,9472,,,,,,,,,,,,,,,,,,,,,,,,,,,,,,,,,,,,,,,,,9472,9472
0x2b28eb5b09e0,0x1360,"      ULEA UR13, UR13, UR10, 0x3",,,9472,,,,,,,,,,,,,,,,,,,,,,,,,,,,,,,,,,,,,,,,,9472,9472
0x2b28eb5b09f0,0x1370,"      R2UR UR11, R20",,,9472,,,,,,,,,,,,,,,,,,,,,,,,,,,,,,,,,,,,,,,,,9472,9472
0x2b28eb5b0a00,0x1380,"      UIADD3 UR12, UPT, UPT, UR8, 0x400, URZ",,,9472,,,,,,1,0,0,0,0,0,0,0,0,0,0,0,0,0,0,0,0,0,0,0,0,0,0,0,0,1,0,0,0,0,0,0,0,0,0,9472,9472
0x2b28eb5b0a10,0x1390,"      R2UR UR22, R18",,,9472,,,,,,,,,,,,,,,,,,,,,,,,,,,,,,,,,,,,,,,,,9472,9472
0x2b28eb5b0a20,0x13a0,"      UIADD3 UR8, UPT, UPT, UR8, 0x4400, URZ",,,9472,,,,,,,,,,,,,,,,,,,,,,,,,,,,,,,,,,,,,,,,,9472,9472
0x2b28eb5b0a30,0x13b0,"      R2UR UR23, R19",,,9472,,,,,,,,,,,,,,,,,,,,,,,,,,,,,,,,,,,,,,,,,9472,9472
0x2b28eb5b0a40,0x13c0,"      UIADD3 UR16, UPT, UPT, UR9, 0x18400, URZ",,,9472,,,,,,,,,,,,,,,,,,,,,,,,,,,,,,,,,,,,,,,,,9472,9472
0x2b28eb5b0a50,0x13d0,"      R2UR UR19, R21",,,9472,,,,,,,,,,,,,,,,,,,,,,,,,,,,,,,,,,,,,,,,,9472,9472
0x2b28eb5b0a60,0x13e0,"      UMOV UR10, UR14",,,9472,,,,,,,,,,,,,,,,,,,,,,,,,,,,,,,,,,,,,,,,,9472,9472
0x2b28eb5b0a70,0x13f0,"      ISETP.NE.AND P1, PT, R12, 0x2080, PT",,,9472,,,,,,,,,,,,,,,,,,,,,,,,,,,,,,,,,,,,,,,,,9472,9472
0x2b28eb5b0a80,0x1400,"      UMOV UR9, UR13",,,9472,,,,,,,,,,,,,,,,,,,,,,,,,,,,,,,,,,,,,,,,,9472,9472
0x2b28eb5b0a90,0x1410,"      ISETP.NE.AND P0, PT, R5, 0x3, PT",,,9472,,,,,,,,,,,,,,,,,,,,,,,,,,,,,,,,,,,,,,,,,9472,9472
0x2b28eb5b0aa0,0x1420,"      UMOV UR18, UR14",,,9472,,,,,,,,,,,,,,,,,,,,,,,,,,,,,,,,,,,,,,,,,9472,9472
0x2b28eb5b0ab0,0x1430,"@!P2  PRMT R2, RZ, 0x654, R2",,,9472,,,,,,1,0,0,0,0,1,0,0,0,0,0,0,0,0,0,0,0,0,0,0,0,0,0,0,0,0,0,0,0,0,0,0,0,0,0,9472,4736
0x2b28eb5b0ac0,0x1440,"      UTMALDG.2D.2CTA [UR12], [UR6]",,,9472,,,,,20,,,,,,,,,,,,,,,,,,,,,,,,,,,,,,,,,,,,9472,9472
0x2b28eb5b0ad0,0x1450,"      UMOV UR17, UR13",,,9472,,,,,,,,,,,,,,,,,,,,,,,,,,,,,,,,,,,,,,,,,9472,9472
0x2b28eb5b0ae0,0x1460,"      SEL R3, RZ, 0x1, P0",,,9472,,,,,,,,,,,,,,,,,,,,,,,,,,,,,,,,,,,,,,,,,9472,9472
0x2b28eb5b0af0,0x1470,"      SEL R5, R5, RZ, P0",,,9472,,,,,,1,0,0,0,0,0,0,0,0,0,0,0,0,0,0,0,0,0,0,0,0,0,0,0,0,1,0,0,0,0,0,0,0,0,0,9472,9472
0x2b28eb5b0b00,0x1480,"      LOP3.LUT R3, R8, R3, RZ, 0x3c, !PT",,,9472,,,,,,2,0,0,0,0,0,0,0,0,0,0,0,0,0,0,0,0,0,0,0,0,0,0,0,0,2,0,0,0,0,0,0,0,0,0,9472,9472
0x2b28eb5b0b10,0x1490,"      UTMALDG.2D.2CTA [UR8], [UR20]",,,9472,,,,,20,,,,,,,,,,,,,,,,,,,,,,,,,,,,,,,,,,,,9472,9472
0x2b28eb5b0b20,0x14a0,"      UTMALDG.2D.2CTA [UR16], [UR22]",,,9472,,,,,20,,,,,,,,,,,,,,,,,,,,,,,,,,,,,,,,,,,,9472,9472
0x2b28eb5b0b30,0x14b0,"@!P2  SYNCS.ARRIVE.TRANS64.RED RZ, [R2+URZ], R7",,,9472,,,,,,,,,,,,,,,,,,,,,,,,,,,,,,,,,,,,,,,,,9472,4736
0x2b28eb5b0b40,0x14c0,@P1   BRA 0x2b28eb5b0090,,,9472,,,,,,,,,,,,,,,,,,,,,,,,,,,,,,,,,,,,,,,,,9472,9176
0x2b28eb5b0b50,0x14d0,"      ISETP.GT.U32.AND P0, PT, R154, 0x49, PT",,,296,,,,,,2,0,0,0,0,0,0,0,0,0,0,0,0,0,0,0,0,0,0,0,0,0,0,0,0,0,0,0,0,0,0,0,0,2,2,296,296
0x2b28eb5b0b60,0x14e0,@P0   BRA 0x2b28eb5b26a0,,,296,,,,,,,,,,,,,,,,,,,,,,,,,,,,,,,,,,,,,,,,,296,148
0x2b28eb5b0b70,0x14f0,"      VIADD R154, R154, 0x4a",,,148,,,,,,,,,,,,,,,,,,,,,,,,,,,,,,,,,,,,,,,,,148,148
0x2b28eb5b0b80,0x1500,"      LOP3.LUT R153, R154, 0x3, RZ, 0xc0, !PT",,,148,,,,,,,,,,,,,,,,,,,,,,,,,,,,,,,,,,,,,,,,,148,148
0x2b28eb5b0b90,0x1510,"      SHF.R.U32.HI R152, RZ, 0x2, R154",,,148,,,,,,,,,,,,,,,,,,,,,,,,,,,,,,,,,,,,,,,,,148,148
0x2b28eb5b0ba0,0x1520,      BRA 0x2b28eb5b0060,,,148,,,,,,,,,,,,,,,,,,,,,,,,,,,,,,,,,,,,,,,,,148,148
0x2b28eb5b0bb0,0x1530,"      LOP3.LUT P0, RZ, R155, 0x2, RZ, 0xc0, !PT",,,444,,,,,,,,,,,,,,,,,,,,,,,,,,,,,,,,,,,,,,,,,14208,14208
0x2b28eb5b0bc0,0x1540,"      ISETP.NE.OR P0, PT, R0, RZ, P0",,,444,,,,,,,,,,,,,,,,,,,,,,,,,,,,,,,,,,,,,,,,,14208,14208
0x2b28eb5b0bd0,0x1550,@P0   BRA 0x2b28eb5b26a0,,,444,,,,,,,,,,,,,,,,,,,,,,,,,,,,,,,,,,,,,,,,,14208,9472
0x2b28eb5b0be0,0x1560,"      ELECT P0, URZ, PT",,,148,,,,,,,,,,,,,,,,,,,,,,,,,,,,,,,,,,,,,,,,,4736,4736
0x2b28eb5b0bf0,0x1570,"      ISETP.GT.U32.OR P0, PT, R6, 0x127, !P0",,,148,,,,,,,,,,,,,,,,,,,,,,,,,,,,,,,,,,,,,,,,,4736,4736
0x2b28eb5b0c00,0x1580,@P0   BRA 0x2b28eb5b26a0,,,148,,,,,,,,,,,,,,,,,,,,,,,,,,,,,,,,,,,,,,,,,4736,4588
0x2b28eb5b0c10,0x1590,"      IMAD.SHL.U32 R0, R155, 0x8, RZ",,,148,,,,,,,,,,,,,,,,,,,,,,,,,,,,,,,,,,,,,,,,,148,148
0x2b28eb5b0c20,0x15a0,"      IMAD.SHL.U32 R2, R155, 0x400, RZ",,,148,,,,,,,,,,,,,,,,,,,,,,,,,,,,,,,,,,,,,,,,,148,148
0x2b28eb5b0c30,0x15b0,"      IMAD.MOV.U32 R27, RZ, RZ, 0x1",,,148,,,,,,,,,,,,,,,,,,,,,,,,,,,,,,,,,,,,,,,,,148,148
0x2b28eb5b0c40,0x15c0,"      LOP3.LUT R3, R0, 0x8, RZ, 0xc0, !PT",,,148,,,,,,,,,,,,,,,,,,,,,,,,,,,,,,,,,,,,,,,,,148,148
0x2b28eb5b0c50,0x15d0,"      IMAD.SHL.U32 R0, R155, 0x100, RZ",,,148,,,,,,,,,,,,,,,,,,,,,,,,,,,,,,,,,,,,,,,,,148,148
0x2b28eb5b0c60,0x15e0,"      LOP3.LUT R19, R2, 0x400, RZ, 0xc0, !PT",,,148,,,,,,,,,,,,,,,,,,,,,,,,,,,,,,,,,,,,,,,,,148,148
0x2b28eb5b0c70,0x15f0,"      IMAD.MOV.U32 R4, RZ, RZ, RZ",,,148,,,,,,,,,,,,,,,,,,,,,,,,,,,,,,,,,,,,,,,,,148,148
0x2b28eb5b0c80,0x1600,"      IMAD.IADD R24, R3, 0x1, R146",,,148,,,,,,,,,,,,,,,,,,,,,,,,,,,,,,,,,,,,,,,,,148,148
0x2b28eb5b0c90,0x1610,"      LOP3.LUT R18, R0, 0x100, RZ, 0xc0, !PT",,,148,,,,,,,,,,,,,,,,,,,,,,,,,,,,,,,,,,,,,,,,,148,148
0x2b28eb5b0ca0,0x1620,"      IMAD.MOV.U32 R3, RZ, RZ, RZ",,,148,,,,,,,,,,,,,,,,,,,,,,,,,,,,,,,,,,,,,,,,,148,148
0x2b28eb5b0cb0,0x1630,"      VIADD R29, R24, 0x38",,,148,,,,,,,,,,,,,,,,,,,,,,,,,,,,,,,,,,,,,,,,,148,148
0x2b28eb5b0cc0,0x1640,"      SHF.L.U32 R5, R27, 0x1f, RZ",,,296,,,,,,,,,,,,,,,,,,,,,,,,,,,,,,,,,,,,,,,,,296,296
0x2b28eb5b0cd0,0x1650,      YIELD,,,296,,,,,,,,,,,,,,,,,,,,,,,,,,,,,,,,,,,,,,,,,296,296
0x2b28eb5b0ce0,0x1660,"      SYNCS.PHASECHK.TRANS64.TRYWAIT P0, [R24+URZ+0x48], R5",,,296,,,,,,,,,,,,,,,,,,,,,,,,,,,,,,,,,,,,,,,,,296,296
0x2b28eb5b0cf0,0x1670,"      S2R R0, SR_CgaCtaId",,,296,,,,,,,,,,,,,,,,,,,,,,,,,,,,,,,,,,,,,,,,,296,296
0x2b28eb5b0d00,0x1680,@!P0  BRA 0x2b28eb5b2d30,,,296,,,,,,,,,,,,,,,,,,,,,,,,,,,,,,,,,,,,,,,,,296,148
0x2b28eb5b0d10,0x1690,"      IMAD.MOV.U32 R28, RZ, RZ, RZ",,,296,,,,,,,,,,,,,,,,,,,,,,,,,,,,,,,,,,,,,,,,,296,296
0x2b28eb5b0d20,0x16a0,"      MOV R25, 0x400",,,296,,,,,,,,,,,,,,,,,,,,,,,,,,,,,,,,,,,,,,,,,296,296
0x2b28eb5b0d30,0x16b0,      NOP,,,296,,,,,,,,,,,,,,,,,,,,,,,,,,,,,,,,,,,,,,,,,296,296
0x2b28eb5b0d40,0x16c0,"      LEA R146, R0, R25, 0x18",,,18944,,,,,,3,0,0,2,2,0,0,0,0,0,0,0,0,0,0,0,0,0,0,0,0,1,1,0,0,0,0,0,0,0,0,0,0,0,0,18944,18944
0x2b28eb5b0d50,0x16d0,      YIELD,,,18944,,,,,,6,0,0,0,0,0,0,0,0,0,0,0,0,0,0,0,0,0,0,0,0,0,0,0,0,0,0,6,6,0,0,0,0,0,0,18944,18944
0x2b28eb5b0d60,0x16e0,"      SHF.L.U32 R5, R3, 0x1f, RZ",,,18944,,,,,,21,0,0,15,15,0,0,0,0,0,0,0,0,0,0,0,0,0,0,1,1,0,0,0,0,1,0,0,0,0,0,0,0,4,4,18944,18944
0x2b28eb5b0d70,0x16f0,"      IMAD R2, R4, 0x8, R146",,,18944,,,,,,,,,,,,,,,,,,,,,,,,,,,,,,,,,,,,,,,,,18944,18944
0x2b28eb5b0d80,0x1700,"      SYNCS.PHASECHK.TRANS64.TRYWAIT P0, [R2+URZ+0x8], R5",,,18944,,,,,,,,,,,,,,,,,,,,,,,,,,,,,,,,,,,,,,,,,18944,18944
0x2b28eb5b0d90,0x1710,@!P0  BRA 0x2b28eb5b2d80,,,18944,,,,,,8,0,0,0,0,0,0,0,0,0,0,7,7,0,0,0,0,0,0,0,0,0,0,0,0,0,0,0,0,0,0,0,0,1,1,18944,2318
0x2b28eb5b0da0,0x1720,"      LDS R5, [R146]",1,0,18944,32,2,18944,18944,16,2,0,0,1,1,0,0,0,0,0,0,0,0,0,0,0,0,0,0,0,0,0,0,0,0,1,0,0,0,0,0,0,0,0,0,18944,18944
0x2b28eb5b0db0,0x1730,"      IMAD R6, R4, 0x800, R19",,,18944,,,,,,1,0,0,0,0,0,0,0,0,0,0,0,0,0,0,0,0,0,0,0,0,0,0,0,0,1,0,0,0,0,0,0,0,0,0,18944,18944
0x2b28eb5b0dc0,0x1740,"      R2UR UR8, R4",,,18944,,,,,,,,,,,,,,,,,,,,,,,,,,,,,,,,,,,,,,,,,18944,18944
0x2b28eb5b0dd0,0x1750,"      VIADD R4, R4, 0x1",,,18944,,,,,,,,,,,,,,,,,,,,,,,,,,,,,,,,,,,,,,,,,18944,18944
0x2b28eb5b0de0,0x1760,"      R2UR UR7, R28",,,18944,,,,,,,,,,,,,,,,,,,,,,,,,,,,,,,,,,,,,,,,,18944,18944
0x2b28eb5b0df0,0x1770,"      UMOV UR24, 0x0",,,18944,,,,,,,,,,,,,,,,,,,,,,,,,,,,,,,,,,,,,,,,,18944,18944
0x2b28eb5b0e00,0x1780,"      R2UR UR6, R6",,,18944,,,,,,,,,,,,,,,,,,,,,,,,,,,,,,,,,,,,,,,,,18944,18944
0x2b28eb5b0e10,0x1790,"      UMOV UR25, 0x10400010",,,18944,,,,,,,,,,,,,,,,,,,,,,,,,,,,,,,,,,,,,,,,,18944,18944
0x2b28eb5b0e20,0x17a0,"      R2UR UR10, R2",,,18944,,,,,,1,0,0,0,0,0,0,0,0,0,0,0,0,0,0,0,0,0,0,0,0,0,0,0,0,1,0,0,0,0,0,0,0,0,0,18944,18944
0x2b28eb5b0e30,0x17b0,"      UMOV UR9, 0x40004040",,,18944,,,,,,2,0,0,0,0,0,0,0,0,0,0,0,0,0,0,0,0,0,0,0,0,0,0,0,0,2,0,0,0,0,0,0,0,0,0,18944,18944
0x2b28eb5b0e40,0x17c0,"      ISETP.NE.AND P0, PT, R4, 0x3, PT",,,18944,,,,,,1,0,0,0,0,0,0,0,0,0,0,0,0,0,0,0,0,0,0,0,0,0,0,0,0,1,0,0,0,0,0,0,0,0,0,18944,18944
0x2b28eb5b0e50,0x17d0,"      UMOV UR17, 0x40004040",,,18944,,,,,,2,0,0,0,0,0,0,0,0,0,0,0,0,0,0,0,0,0,0,0,0,0,0,0,0,2,0,0,0,0,0,0,0,0,0,18944,18944
0x2b28eb5b0e60,0x17e0,"      UMOV UR23, 0x40004040",,,18944,,,,,,,,,,,,,,,,,,,,,,,,,,,,,,,,,,,,,,,,,18944,18944
0x2b28eb5b0e70,0x17f0,"      UMOV UR15, 0x40004040",,,18944,,,,,,1,0,0,0,0,0,0,0,0,0,0,0,0,0,0,0,0,0,0,0,0,0,0,0,0,1,0,0,0,0,0,0,0,0,0,18944,18944
0x2b28eb5b0e80,0x1800,"      SEL R2, RZ, 0x1, P0",,,18944,,,,,,,,,,,,,,,,,,,,,,,,,,,,,,,,,,,,,,,,,18944,18944
0x2b28eb5b0e90,0x1810,"      ULEA UR8, UR8, UR5, 0xa",,,18944,,,,,,,,,,,,,,,,,,,,,,,,,,,,,,,,,,,,,,,,,18944,18944
0x2b28eb5b0ea0,0x1820,"      IMAD.MOV.U32 R17, RZ, RZ, 0x40004040",,,18944,,,,,,,,,,,,,,,,,,,,,,,,,,,,,,,,,,,,,,,,,18944,18944
0x2b28eb5b0eb0,0x1830,"      UISETP.NE.AND UP0, UPT, UR7, URZ, UPT",,,18944,,,,,,,,,,,,,,,,,,,,,,,,,,,,,,,,,,,,,,,,,18944,18944
0x2b28eb5b0ec0,0x1840,"      LOP3.LUT R20, R3, R2, RZ, 0x3c, !PT",,,18944,,,,,,3,0,0,0,0,1,0,0,0,0,0,0,0,0,0,0,0,0,0,0,0,0,0,0,0,2,0,0,0,0,0,0,0,0,0,18944,18944
0x2b28eb5b0ed0,0x1850,"      UIADD3 UR6, UPT, UPT, UR4, UR6, URZ",,,18944,,,,,,,,,,,,,,,,,,,,,,,,,,,,,,,,,,,,,,,,,18944,18944
0x2b28eb5b0ee0,0x1860,"      SEL R2, R4, RZ, P0",,,18944,,,,,,2,0,0,0,0,0,0,0,0,0,0,0,0,0,0,0,0,0,0,0,0,0,0,0,0,2,0,0,0,0,0,0,0,0,0,18944,18944
0x2b28eb5b0ef0,0x1870,"      UIADD3 UR22, UPT, UPT, UR8, 0x2, URZ",,,18944,,,,,,,,,,,,,,,,,,,,,,,,,,,,,,,,,,,,,,,,,18944,18944
0x2b28eb5b0f00,0x1880,"      SHF.L.U32 R26, R20, 0x1f, RZ",,,18944,,,,,,1,0,0,0,0,0,0,0,0,0,0,0,0,0,0,0,0,0,0,0,0,0,0,0,0,1,0,0,0,0,0,0,0,0,0,18944,18944
0x2b28eb5b0f10,0x1890,"      UIADD3 UR16, UPT, UPT, UR6, 0x2, URZ",,,18944,,,,,,1,0,0,0,0,0,0,0,0,0,0,0,0,0,0,0,0,0,0,0,0,0,0,0,0,1,0,0,0,0,0,0,0,0,0,18944,18944
0x2b28eb5b0f20,0x18a0,"      LEA R16, R2, UR5, 0xa",,,18944,,,,,,1,0,0,0,0,0,0,0,0,0,0,0,0,0,0,0,0,0,0,0,0,0,0,0,0,1,0,0,0,0,0,0,0,0,0,18944,18944
0x2b28eb5b0f30,0x18b0,"      UIADD3 UR14, UPT, UPT, UR6, 0x4, URZ",,,18944,,,,,,1,0,0,0,0,0,0,0,0,0,0,0,0,0,0,0,0,0,0,0,0,0,0,0,0,1,0,0,0,0,0,0,0,0,0,18944,18944
0x2b28eb5b0f40,0x18c0,"      IMAD R23, R2, 0x8, R146",,,18944,,,,,,,,,,,,,,,,,,,,,,,,,,,,,,,,,,,,,,,,,18944,18944
0x2b28eb5b0f50,0x18d0,"      UIADD3 UR20, UPT, UPT, UR8, 0x4, URZ",,,18944,,,,,,,,,,,,,,,,,,,,,,,,,,,,,,,,,,,,,,,,,18944,18944
0x2b28eb5b0f60,0x18e0,"      IMAD R8, R2, 0x800, R19",,,18944,,,,,,,,,,,,,,,,,,,,,,,,,,,,,,,,,,,,,,,,,18944,18944
0x2b28eb5b0f70,0x18f0,"      UIADD3 UR12, UPT, UPT, UR6, 0x6, URZ",,,18944,,,,,,,,,,,,,,,,,,,,,,,,,,,,,,,,,,,,,,,,,18944,18944
0x2b28eb5b0f80,0x1900,"      VIADD R22, R2, 0x1",,,18944,,,,,,1,0,0,0,0,0,0,0,0,0,0,0,0,0,0,0,0,0,0,0,0,0,0,0,0,1,0,0,0,0,0,0,0,0,0,18944,18944
0x2b28eb5b0f90,0x1910,"      UIADD3 UR18, UPT, UPT, UR8, 0x6, URZ",,,18944,,,,,,,,,,,,,,,,,,,,,,,,,,,,,,,,,,,,,,,,,18944,18944
0x2b28eb5b0fa0,0x1920,"      VIADD R8, R8, UR4",,,18944,,,,,,1,0,0,0,0,0,0,0,0,0,0,0,0,0,0,0,0,0,0,0,0,0,0,0,0,1,0,0,0,0,0,0,0,0,0,18944,18944
0x2b28eb5b0fb0,0x1930,"      UIADD3 UR10, UPT, UPT, UR10, 0x20, URZ",,,18944,,,,,,,,,,,,,,,,,,,,,,,,,,,,,,,,,,,,,,,,,18944,18944
0x2b28eb5b0fc0,0x1940,"      VIADD R10, R16, 0x6",,,18944,,,,,,,,,,,,,,,,,,,,,,,,,,,,,,,,,,,,,,,,,18944,18944
0x2b28eb5b0fd0,0x1950,"      UMOV UR7, 0x40004040",,,18944,,,,,,,,,,,,,,,,,,,,,,,,,,,,,,,,,,,,,,,,,18944,18944
0x2b28eb5b0fe0,0x1960,"      UMOV UR21, 0x40004040",,,18944,,,,,,1,0,0,0,0,0,0,0,0,0,0,0,0,0,0,0,0,0,0,0,0,0,0,0,0,1,0,0,0,0,0,0,0,0,0,18944,18944
0x2b28eb5b0ff0,0x1970,"      UMOV UR13, 0x40004040",,,18944,,,,,,,,,,,,,,,,,,,,,,,,,,,,,,,,,,,,,,,,,18944,18944
0x2b28eb5b1000,0x1980,"      UMOV UR19, 0x40004040",,,18944,,,,,,1,0,0,0,0,0,0,0,0,0,0,0,0,0,0,0,0,0,0,0,0,0,0,0,0,1,0,0,0,0,0,0,0,0,0,18944,18944
0x2b28eb5b1010,0x1990,"      UMOV UR26, 0x3",,,18944,,,,,,,,,,,,,,,,,,,,,,,,,,,,,,,,,,,,,,,,,18944,18944
0x2b28eb5b1020,0x19a0,"      IMAD.IADD R5, R18, 0x1, R5",,,18944,,,,,,,,,,,,,,,,,,,,,,,,,,,,,,,,,,,,,,,,,18944,18944
0x2b28eb5b1030,0x19b0,"      VIADD R12, R16, 0x4",,,18944,,,,,,2,0,0,0,0,0,0,0,0,0,0,0,0,0,0,0,0,0,0,0,0,0,0,0,0,0,0,0,0,0,0,0,0,2,1,18944,18944
0x2b28eb5b1040,0x19c0,"      VIADD R14, R16, 0x2",,,18944,,,,,,,,,,,,,,,,,,,,,,,,,,,,,,,,,,,,,,,,,18944,18944
0x2b28eb5b1050,0x19d0,"      R2UR UR11, R5",,,18944,,,,,,,,,,,,,,,,,,,,,,,,,,,,,,,,,,,,,,,,,18944,18944
0x2b28eb5b1060,0x19e0,"      VIADD R2, R8, 0x6",,,18944,,,,,,,,,,,,,,,,,,,,,,,,,,,,,,,,,,,,,,,,,18944,18944
0x2b28eb5b1070,0x19f0,"      VIADD R4, R8, 0x4",,,18944,,,,,,2,0,0,0,0,0,0,0,0,0,0,0,0,0,0,0,0,0,0,0,0,0,0,0,0,0,0,0,0,0,0,0,0,2,2,18944,18944
0x2b28eb5b1080,0x1a00,"      VIADD R6, R8, 0x2",,,18944,,,,,,2,0,0,0,0,0,0,0,0,0,0,0,0,0,0,0,0,0,0,0,0,0,0,0,0,2,0,0,0,0,0,0,0,0,0,18944,18944
0x2b28eb5b1090,0x1a10,"      IMAD.MOV.U32 R9, RZ, RZ, 0x40004040",,,18944,,,,,,,,,,,,,,,,,,,,,,,,,,,,,,,,,,,,,,,,,18944,18944
0x2b28eb5b10a0,0x1a20,"      IMAD.MOV.U32 R11, RZ, RZ, 0x40004040",,,18944,,,,,,3,0,0,0,0,0,0,0,0,0,0,0,0,0,0,0,0,0,0,0,0,0,0,0,0,2,0,0,0,0,0,0,0,1,1,18944,18944
0x2b28eb5b10b0,0x1a30,"      IMAD.MOV.U32 R13, RZ, RZ, 0x40004040",,,18944,,,,,,,,,,,,,,,,,,,,,,,,,,,,,,,,,,,,,,,,,18944,18944
0x2b28eb5b10c0,0x1a40,"      UTCHMMA.2CTA gdesc[UR6], gdesc[UR8], tmem[UR11], tmem[UR24], idesc[UR25], UP0",,,18944,,6,,,128,,,,,,,,,,,,,,,,,,,,,,,,,,,,,,,,,,,,18944,18944
0x2b28eb5b10d0,0x1a50,"      UTCHMMA.2CTA gdesc[UR16], gdesc[UR22], tmem[UR11], tmem[UR24], idesc[UR25], UPT",,,18944,,6,,,128,,,,,,,,,,,,,,,,,,,,,,,,,,,,,,,,,,,,18944,18944
0x2b28eb5b10e0,0x1a60,"      UTCHMMA.2CTA gdesc[UR14], gdesc[UR20], tmem[UR11], tmem[UR24], idesc[UR25], UPT",,,18944,,6,,,128,1,0,0,0,0,0,0,0,0,0,0,0,0,0,0,0,0,0,0,0,0,0,0,0,0,1,0,0,0,0,0,0,0,0,0,18944,18944
0x2b28eb5b10f0,0x1a70,"      UTCHMMA.2CTA gdesc[UR12], gdesc[UR18], tmem[UR11], tmem[UR24], idesc[UR25], UPT",,,18944,,6,,,128,,,,,,,,,,,,,,,,,,,,,,,,,,,,,,,,,,,,18944,18944
0x2b28eb5b1100,0x1a80,"      UTCBAR.2CTA.MULTICAST [UR10], URZ, UR26",,,18944,,,,,,3,0,0,0,0,0,0,0,0,0,0,0,0,0,0,0,0,3,3,0,0,0,0,0,0,0,0,0,0,0,0,0,0,0,0,18944,18944
0x2b28eb5b1110,0x1a90,"      SYNCS.PHASECHK.TRANS64.TRYWAIT P0, [R23+URZ+0x8], R26",,,18944,,,,,,1,0,0,0,0,0,0,0,0,0,0,0,0,0,0,0,0,0,0,0,0,0,0,0,0,1,0,0,0,0,0,0,0,0,0,18944,18944
0x2b28eb5b1120,0x1aa0,"      IMAD.MOV.U32 R15, RZ, RZ, 0x40004040",,,18944,,,,,,,,,,,,,,,,,,,,,,,,,,,,,,,,,,,,,,,,,18944,18944
0x2b28eb5b1130,0x1ab0,"      IMAD.MOV.U32 R3, RZ, RZ, 0x40004040",,,18944,,,,,,2,0,0,0,0,0,0,0,0,0,0,0,0,0,0,0,0,0,0,0,0,0,0,0,0,1,0,0,0,0,0,0,0,1,1,18944,18944
0x2b28eb5b1140,0x1ac0,"      IMAD.MOV.U32 R5, RZ, RZ, 0x40004040",,,18944,,,,,,,,,,,,,,,,,,,,,,,,,,,,,,,,,,,,,,,,,18944,18944
0x2b28eb5b1150,0x1ad0,"      IMAD.MOV.U32 R7, RZ, RZ, 0x40004040",,,18944,,,,,,,,,,,,,,,,,,,,,,,,,,,,,,,,,,,,,,,,,18944,18944
0x2b28eb5b1160,0x1ae0,@!P0  BRA 0x2b28eb5b2dd0,,,18944,,,,,,10,0,0,0,0,0,0,0,0,0,0,10,10,0,0,0,0,0,0,0,0,0,0,0,0,0,0,0,0,0,0,0,0,0,0,18944,1718
0x2b28eb5b1170,0x1af0,"      LDS R21, [R146]",1,0,18944,32,2,18944,18944,16,5,0,0,0,0,0,0,0,0,0,0,0,0,0,0,0,0,0,0,0,0,4,4,0,0,0,0,0,0,0,0,0,0,1,1,18944,18944
0x2b28eb5b1180,0x1b00,"      R2UR UR6, R23",,,18944,,,,,,,,,,,,,,,,,,,,,,,,,,,,,,,,,,,,,,,,,18944,18944
0x2b28eb5b1190,0x1b10,"      VIADD R28, R28, 0x2",,,18944,,,,,,,,,,,,,,,,,,,,,,,,,,,,,,,,,,,,,,,,,18944,18944
0x2b28eb5b11a0,0x1b20,"      R2UR UR8, R8",,,18944,,,,,,,,,,,,,,,,,,,,,,,,,,,,,,,,,,,,,,,,,18944,18944
0x2b28eb5b11b0,0x1b30,"      UMOV UR12, 0x0",,,18944,,,,,,2,0,0,0,0,0,0,0,0,0,0,0,0,0,0,0,0,0,0,0,0,0,0,0,0,2,0,0,0,0,0,0,0,0,0,18944,18944
0x2b28eb5b11c0,0x1b40,"      R2UR UR9, R9",,,18944,,,,,,,,,,,,,,,,,,,,,,,,,,,,,,,,,,,,,,,,,18944,18944
0x2b28eb5b11d0,0x1b50,"      UMOV UR13, 0x10400010",,,18944,,,,,,,,,,,,,,,,,,,,,,,,,,,,,,,,,,,,,,,,,18944,18944
0x2b28eb5b11e0,0x1b60,"      R2UR UR10, R16",,,18944,,,,,,,,,,,,,,,,,,,,,,,,,,,,,,,,,,,,,,,,,18944,18944
0x2b28eb5b11f0,0x1b70,"      UMOV UR26, 0x3",,,18944,,,,,,,,,,,,,,,,,,,,,,,,,,,,,,,,,,,,,,,,,18944,18944
0x2b28eb5b1200,0x1b80,"      R2UR UR11, R17",,,18944,,,,,,1,0,0,0,0,0,0,0,0,0,0,0,0,0,0,0,0,0,0,0,0,0,0,0,0,1,0,0,0,0,0,0,0,0,0,18944,18944
0x2b28eb5b1210,0x1b90,"      R2UR UR14, R6",,,18944,,,,,,1,0,0,0,0,0,0,0,0,0,0,0,0,0,0,0,0,0,0,0,0,0,0,0,0,1,0,0,0,0,0,0,0,0,0,18944,18944
0x2b28eb5b1220,0x1ba0,"      R2UR UR15, R7",,,18944,,,,,,,,,,,,,,,,,,,,,,,,,,,,,,,,,,,,,,,,,18944,18944
0x2b28eb5b1230,0x1bb0,"      UIADD3 UR6, UPT, UPT, UR6, 0x20, URZ",,,18944,,,,,,,,,,,,,,,,,,,,,,,,,,,,,,,,,,,,,,,,,18944,18944
0x2b28eb5b1240,0x1bc0,"      R2UR UR16, R14",,,18944,,,,,,,,,,,,,,,,,,,,,,,,,,,,,,,,,,,,,,,,,18944,18944
0x2b28eb5b1250,0x1bd0,"      R2UR UR17, R15",,,18944,,,,,,1,0,0,0,0,0,0,0,0,0,0,0,0,0,0,0,0,0,0,0,0,0,0,0,0,1,0,0,0,0,0,0,0,0,0,18944,18944
0x2b28eb5b1260,0x1be0,"      R2UR UR18, R4",,,18944,,,,,,,,,,,,,,,,,,,,,,,,,,,,,,,,,,,,,,,,,18944,18944
0x2b28eb5b1270,0x1bf0,"      R2UR UR19, R5",,,18944,,,,,,,,,,,,,,,,,,,,,,,,,,,,,,,,,,,,,,,,,18944,18944
0x2b28eb5b1280,0x1c00,"      R2UR UR20, R12",,,18944,,,,,,,,,,,,,,,,,,,,,,,,,,,,,,,,,,,,,,,,,18944,18944
0x2b28eb5b1290,0x1c10,"      R2UR UR21, R13",,,18944,,,,,,,,,,,,,,,,,,,,,,,,,,,,,,,,,,,,,,,,,18944,18944
0x2b28eb5b12a0,0x1c20,"      R2UR UR22, R2",,,18944,,,,,,1,0,0,0,0,0,0,0,0,0,0,0,0,0,0,0,0,0,0,0,0,0,0,0,0,0,0,0,0,0,0,0,0,1,1,18944,18944
0x2b28eb5b12b0,0x1c30,"      R2UR UR23, R3",,,18944,,,,,,2,0,0,0,0,0,0,0,0,0,0,0,0,0,0,0,0,0,0,0,0,0,0,0,0,1,0,0,0,0,0,0,0,1,1,18944,18944
0x2b28eb5b12c0,0x1c40,"      R2UR UR24, R10",,,18944,,,,,,1,0,0,0,0,0,0,0,0,0,0,0,0,0,0,0,0,0,0,0,0,0,0,0,0,0,0,0,0,0,0,0,0,1,1,18944,18944
0x2b28eb5b12d0,0x1c50,"      R2UR UR25, R11",,,18944,,,,,,,,,,,,,,,,,,,,,,,,,,,,,,,,,,,,,,,,,18944,18944
0x2b28eb5b12e0,0x1c60,"      ISETP.NE.AND P1, PT, R28, 0x80, PT",,,18944,,,,,,,,,,,,,,,,,,,,,,,,,,,,,,,,,,,,,,,,,18944,18944
0x2b28eb5b12f0,0x1c70,"      ISETP.NE.AND P0, PT, R22, 0x3, PT",,,18944,,,,,,,,,,,,,,,,,,,,,,,,,,,,,,,,,,,,,,,,,18944,18944
0x2b28eb5b1300,0x1c80,"      IMAD.IADD R21, R18, 0x1, R21",,,18944,,,,,,2,0,0,0,0,0,0,0,0,0,0,0,0,0,0,0,0,0,0,0,0,0,0,0,0,1,0,1,1,0,0,0,0,0,0,18944,18944
0x2b28eb5b1310,0x1c90,"      SEL R3, RZ, 0x1, P0",,,18944,,,,,,,,,,,,,,,,,,,,,,,,,,,,,,,,,,,,,,,,,18944,18944
0x2b28eb5b1320,0x1ca0,"      SEL R4, R22, RZ, P0",,,18944,,,,,,,,,,,,,,,,,,,,,,,,,,,,,,,,,,,,,,,,,18944,18944
0x2b28eb5b1330,0x1cb0,"      R2UR UR7, R21",,,18944,,,,,,,,,,,,,,,,,,,,,,,,,,,,,,,,,,,,,,,,,18944,18944
0x2b28eb5b1340,0x1cc0,"      LOP3.LUT R3, R20, R3, RZ, 0x3c, !PT",,,18944,,,,,,,,,,,,,,,,,,,,,,,,,,,,,,,,,,,,,,,,,18944,18944
0x2b28eb5b1350,0x1cd0,"      UTCHMMA.2CTA gdesc[UR8], gdesc[UR10], tmem[UR7], tmem[UR12], idesc[UR13], UPT",,,18944,,6,,,128,3,0,0,0,0,0,0,0,0,0,0,0,0,0,0,0,0,0,0,0,0,0,0,0,0,0,0,0,0,0,0,0,0,3,3,18944,18944
0x2b28eb5b1360,0x1ce0,"      UTCHMMA.2CTA gdesc[UR14], gdesc[UR16], tmem[UR7], tmem[UR12], idesc[UR13], UPT",,,18944,,6,,,128,,,,,,,,,,,,,,,,,,,,,,,,,,,,,,,,,,,,18944,18944
0x2b28eb5b1370,0x1cf0,"      UTCHMMA.2CTA gdesc[UR18], gdesc[UR20], tmem[UR7], tmem[UR12], idesc[UR13], UPT",,,18944,,6,,,128,1,0,0,0,0,0,0,0,0,0,0,0,0,0,0,0,0,0,0,0,0,0,0,0,0,1,0,0,0,0,0,0,0,0,0,18944,18944
0x2b28eb5b1380,0x1d00,"      UTCHMMA.2CTA gdesc[UR22], gdesc[UR24], tmem[UR7], tmem[UR12], idesc[UR13], UPT",,,18944,,6,,,128,,,,,,,,,,,,,,,,,,,,,,,,,,,,,,,,,,,,18944,18944
0x2b28eb5b1390,0x1d10,"      UTCBAR.2CTA.MULTICAST [UR6], URZ, UR26",,,18944,,,,,,1,0,0,0,0,0,0,0,0,0,0,0,0,0,0,0,0,1,1,0,0,0,0,0,0,0,0,0,0,0,0,0,0,0,0,18944,18944
0x2b28eb5b13a0,0x1d20,@P1   BRA 0x2b28eb5b0d40,,,18944,,,,,,,,,,,,,,,,,,,,,,,,,,,,,,,,,,,,,,,,,18944,18648
0x2b28eb5b13b0,0x1d30,"      R2UR UR6, R29",,,296,,,,,,2,0,0,0,0,0,0,0,0,0,0,0,0,0,0,0,0,0,0,0,0,0,0,0,0,0,0,1,1,0,0,0,0,1,1,296,296
0x2b28eb5b13c0,0x1d40,"      UMOV UR7, 0x3",,,296,,,,,,,,,,,,,,,,,,,,,,,,,,,,,,,,,,,,,,,,,296,296
0x2b28eb5b13d0,0x1d50,"      ISETP.GT.U32.AND P0, PT, R154, 0x49, PT",,,296,,,,,,,,,,,,,,,,,,,,,,,,,,,,,,,,,,,,,,,,,296,296
0x2b28eb5b13e0,0x1d60,"      UTCBAR.2CTA.MULTICAST [UR6], URZ, UR7",,,296,,,,,,1,0,0,0,0,0,0,0,0,0,0,0,0,0,0,0,0,0,0,0,0,0,0,0,0,1,0,0,0,0,0,0,0,0,0,296,296
0x2b28eb5b13f0,0x1d70,@P0   BRA 0x2b28eb5b26a0,,,296,,,,,,,,,,,,,,,,,,,,,,,,,,,,,,,,,,,,,,,,,296,148
0x2b28eb5b1400,0x1d80,"      VIADD R154, R154, 0x4a",,,148,,,,,,,,,,,,,,,,,,,,,,,,,,,,,,,,,,,,,,,,,148,148
0x2b28eb5b1410,0x1d90,"      LOP3.LUT R27, R27, 0x1, RZ, 0x3c, !PT",,,148,,,,,,,,,,,,,,,,,,,,,,,,,,,,,,,,,,,,,,,,,148,148
0x2b28eb5b1420,0x1da0,      BRA 0x2b28eb5b0cc0,,,148,,,,,,,,,,,,,,,,,,,,,,,,,,,,,,,,,,,,,,,,,148,148
0x2b28eb5b1430,0x1db0,"      ISETP.GT.U32.AND P0, PT, R6, 0x127, PT",,,1184,,,,,,3,0,0,0,0,0,0,0,0,0,0,0,0,0,0,0,0,0,0,0,0,3,3,0,0,0,0,0,0,0,0,0,0,0,0,37888,37888
0x2b28eb5b1440,0x1dc0,"      ISETP.GT.OR P0, PT, R155, 0x7, P0",,,1184,,,,,,,,,,,,,,,,,,,,,,,,,,,,,,,,,,,,,,,,,37888,37888
0x2b28eb5b1450,0x1dd0,@P0   BRA 0x2b28eb5b26a0,,,1184,,,,,,1,0,0,0,0,0,0,0,0,0,0,0,0,0,0,0,0,0,0,0,0,0,0,1,0,0,0,0,0,0,0,0,0,0,0,37888,0
0x2b28eb5b1460,0x1de0,"      IMAD.SHL.U32 R0, R155, 0x800, RZ",,,1184,,,,,,,,,,,,,,,,,,,,,,,,,,,,,,,,,,,,,,,,,37888,37888
0x2b28eb5b1470,0x1df0,"      S2UR UR8, SR_CgaCtaId",,,1184,,,,,,,,,,,,,,,,,,,,,,,,,,,,,,,,,,,,,,,,,37888,37888
0x2b28eb5b1480,0x1e00,"      IMAD.SHL.U32 R3, R7, 0x40, RZ",,,1184,,,,,,,,,,,,,,,,,,,,,,,,,,,,,,,,,,,,,,,,,37888,37888
0x2b28eb5b1490,0x1e10,"      LDCU.64 UR6, c[0x0][0x348]",,,1184,,,,,,,,,,,,,,,,,,,,,,,,,,,,,,,,,,,,,,,,,37888,37888
0x2b28eb5b14a0,0x1e20,"      LOP3.LUT R6, R155, 0x3, RZ, 0xc0, !PT",,,1184,,,,,,,,,,,,,,,,,,,,,,,,,,,,,,,,,,,,,,,,,37888,37888
0x2b28eb5b14b0,0x1e30,"      IMAD.SHL.U32 R4, R7, 0x8, RZ",,,1184,,,,,,,,,,,,,,,,,,,,,,,,,,,,,,,,,,,,,,,,,37888,37888
0x2b28eb5b14c0,0x1e40,"      LOP3.LUT R2, R0, 0x1800, RZ, 0xc0, !PT",,,1184,,,,,,,,,,,,,,,,,,,,,,,,,,,,,,,,,,,,,,,,,37888,37888
0x2b28eb5b14d0,0x1e50,"      IMAD.SHL.U32 R0, R155, 0x1000, RZ",,,1184,,,,,,,,,,,,,,,,,,,,,,,,,,,,,,,,,,,,,,,,,37888,37888
0x2b28eb5b14e0,0x1e60,"      LOP3.LUT P0, RZ, R6, 0x1f, R7, 0xf8, !PT",,,1184,,,,,,,,,,,,,,,,,,,,,,,,,,,,,,,,,,,,,,,,,37888,37888
0x2b28eb5b14f0,0x1e70,"      VIADD R138, R146, 0x24400",,,1184,,,,,,,,,,,,,,,,,,,,,,,,,,,,,,,,,,,,,,,,,37888,37888
0x2b28eb5b1500,0x1e80,"      LOP3.LUT R3, R2, 0x7c0, R3, 0xf8, !PT",,,1184,,,,,,,,,,,,,,,,,,,,,,,,,,,,,,,,,,,,,,,,,37888,37888
0x2b28eb5b1510,0x1e90,"      IMAD.SHL.U32 R147, R155, 0x2, RZ",,,1184,,,,,,,,,,,,,,,,,,,,,,,,,,,,,,,,,,,,,,,,,37888,37888
0x2b28eb5b1520,0x1ea0,"      SHF.R.S32.HI R149, RZ, 0x2, R155",,,1184,,,,,,,,,,,,,,,,,,,,,,,,,,,,,,,,,,,,,,,,,37888,37888
0x2b28eb5b1530,0x1eb0,"      IMAD.SHL.U32 R150, R155, 0x40, RZ",,,1184,,,,,,,,,,,,,,,,,,,,,,,,,,,,,,,,,,,,,,,,,37888,37888
0x2b28eb5b1540,0x1ec0,"      LOP3.LUT R2, R3, 0xffffc000, R0, 0xf8, !PT",,,1184,,,,,,,,,,,,,,,,,,,,,,,,,,,,,,,,,,,,,,,,,37888,37888
0x2b28eb5b1550,0x1ed0,"      IMAD.MOV.U32 R148, RZ, RZ, RZ",,,1184,,,,,,,,,,,,,,,,,,,,,,,,,,,,,,,,,,,,,,,,,37888,37888
0x2b28eb5b1560,0x1ee0,"      LOP3.LUT R6, R3, 0x7fffc000, R0, 0xf8, !PT",,,1184,,,,,,,,,,,,,,,,,,,,,,,,,,,,,,,,,,,,,,,,,37888,37888
0x2b28eb5b1570,0x1ef0,"      UMOV UR9, URZ",,,1184,,,,,,,,,,,,,,,,,,,,,,,,,,,,,,,,,,,,,,,,,37888,37888
0x2b28eb5b1580,0x1f00,"      LOP3.LUT R3, R4, 0x38, RZ, 0xc0, !PT",,,1184,,,,,,1,0,0,0,0,0,0,0,0,0,0,0,0,0,0,0,0,0,0,0,0,1,1,0,0,0,0,0,0,0,0,0,0,0,0,37888,37888
0x2b28eb5b1590,0x1f10,"      UMOV UR13, URZ",,,1184,,,,,,,,,,,,,,,,,,,,,,,,,,,,,,,,,,,,,,,,,37888,37888
0x2b28eb5b15a0,0x1f20,"      LOP3.LUT R0, R2, 0x8, RZ, 0xfc, !PT",,,1184,,,,,,,,,,,,,,,,,,,,,,,,,,,,,,,,,,,,,,,,,37888,37888
0x2b28eb5b15b0,0x1f30,"      UIADD3 UR16, UP0, UPT, UR6, 0x180, URZ",,,1184,,,,,,,,,,,,,,,,,,,,,,,,,,,,,,,,,,,,,,,,,37888,37888
0x2b28eb5b15c0,0x1f40,"      LOP3.LUT R145, R3, 0x8, R2, 0x1e, !PT",,,1184,,,,,,,,,,,,,,,,,,,,,,,,,,,,,,,,,,,,,,,,,37888,37888
0x2b28eb5b15d0,0x1f50,"      UIADD3 UR18, UP1, UPT, UR6, 0x180, URZ",,,1184,,,,,,,,,,,,,,,,,,,,,,,,,,,,,,,,,,,,,,,,,37888,37888
0x2b28eb5b15e0,0x1f60,"      LOP3.LUT R5, R3, 0x10, R2, 0x1e, !PT",,,1184,,,,,,,,,,,,,,,,,,,,,,,,,,,,,,,,,,,,,,,,,37888,37888
0x2b28eb5b15f0,0x1f70,"      IMAD.IADD R11, R3, 0x1, R0",,,1184,,,,,,,,,,,,,,,,,,,,,,,,,,,,,,,,,,,,,,,,,37888,37888
0x2b28eb5b1600,0x1f80,"      LOP3.LUT R143, R3, 0x18, R2, 0x1e, !PT",,,1184,,,,,,1,0,0,0,0,0,0,0,0,0,0,0,0,0,0,0,0,0,0,0,0,1,0,0,0,0,0,0,0,0,0,0,0,0,0,37888,37888
0x2b28eb5b1610,0x1f90,"      IMAD R145, R145, 0x2, R138",,,1184,,,,,,,,,,,,,,,,,,,,,,,,,,,,,,,,,,,,,,,,,37888,37888
0x2b28eb5b1620,0x1fa0,"      LOP3.LUT R7, R3, 0x20, R2, 0x1e, !PT",,,1184,,,,,,,,,,,,,,,,,,,,,,,,,,,,,,,,,,,,,,,,,37888,37888
0x2b28eb5b1630,0x1fb0,"      IMAD R144, R5, 0x2, R138",,,1184,,,,,,,,,,,,,,,,,,,,,,,,,,,,,,,,,,,,,,,,,37888,37888
0x2b28eb5b1640,0x1fc0,"      LOP3.LUT R141, R3, 0x28, R2, 0x1e, !PT",,,1184,,,,,,,,,,,,,,,,,,,,,,,,,,,,,,,,,,,,,,,,,37888,37888
0x2b28eb5b1650,0x1fd0,"      IMAD R143, R143, 0x2, R138",,,1184,,,,,,,,,,,,,,,,,,,,,,,,,,,,,,,,,,,,,,,,,37888,37888
0x2b28eb5b1660,0x1fe0,"      LOP3.LUT R9, R3, 0x30, R2, 0x1e, !PT",,,1184,,,,,,,,,,,,,,,,,,,,,,,,,,,,,,,,,,,,,,,,,37888,37888
0x2b28eb5b1670,0x1ff0,"      IMAD R142, R7, 0x2, R138",,,1184,,,,,,,,,,,,,,,,,,,,,,,,,,,,,,,,,,,,,,,,,37888,37888
0x2b28eb5b1680,0x2000,"      LOP3.LUT R139, R3, 0x38, R2, 0x1e, !PT",,,1184,,,,,,1,0,0,0,0,0,0,0,0,0,0,0,0,0,0,0,0,0,0,0,0,1,0,0,0,0,0,0,0,0,0,0,0,0,0,37888,37888
0x2b28eb5b1690,0x2010,"      IMAD R141, R141, 0x2, R138",,,1184,,,,,,,,,,,,,,,,,,,,,,,,,,,,,,,,,,,,,,,,,37888,37888
0x2b28eb5b16a0,0x2020,"      LOP3.LUT R137, R3, 0x2008, R2, 0x1e, !PT",,,1184,,,,,,,,,,,,,,,,,,,,,,,,,,,,,,,,,,,,,,,,,37888,37888
0x2b28eb5b16b0,0x2030,"      IMAD R140, R9, 0x2, R138",,,1184,,,,,,,,,,,,,,,,,,,,,,,,,,,,,,,,,,,,,,,,,37888,37888
0x2b28eb5b16c0,0x2040,"      LOP3.LUT R13, R3, 0x2010, R2, 0x1e, !PT",,,1184,,,,,,,,,,,,,,,,,,,,,,,,,,,,,,,,,,,,,,,,,37888,37888
0x2b28eb5b16d0,0x2050,"      IMAD R139, R139, 0x2, R138",,,1184,,,,,,,,,,,,,,,,,,,,,,,,,,,,,,,,,,,,,,,,,37888,37888
0x2b28eb5b16e0,0x2060,"      LOP3.LUT R135, R3, 0x2018, R2, 0x1e, !PT",,,1184,,,,,,,,,,,,,,,,,,,,,,,,,,,,,,,,,,,,,,,,,37888,37888
0x2b28eb5b16f0,0x2070,"      IMAD R137, R137, 0x2, R138",,,1184,,,,,,,,,,,,,,,,,,,,,,,,,,,,,,,,,,,,,,,,,37888,37888
0x2b28eb5b1700,0x2080,"      LOP3.LUT R15, R3, 0x2020, R2, 0x1e, !PT",,,1184,,,,,,1,0,0,0,0,0,0,0,0,0,0,0,0,0,0,0,0,0,0,0,0,1,1,0,0,0,0,0,0,0,0,0,0,0,0,37888,37888
0x2b28eb5b1710,0x2090,"      IMAD R136, R13, 0x2, R138",,,1184,,,,,,,,,,,,,,,,,,,,,,,,,,,,,,,,,,,,,,,,,37888,37888
0x2b28eb5b1720,0x20a0,"      LOP3.LUT R133, R3, 0x2028, R2, 0x1e, !PT",,,1184,,,,,,,,,,,,,,,,,,,,,,,,,,,,,,,,,,,,,,,,,37888,37888
0x2b28eb5b1730,0x20b0,"      IMAD R135, R135, 0x2, R138",,,1184,,,,,,,,,,,,,,,,,,,,,,,,,,,,,,,,,,,,,,,,,37888,37888
0x2b28eb5b1740,0x20c0,"      LOP3.LUT R17, R3, 0x2030, R2, 0x1e, !PT",,,1184,,,,,,,,,,,,,,,,,,,,,,,,,,,,,,,,,,,,,,,,,37888,37888
0x2b28eb5b1750,0x20d0,"      IMAD R134, R15, 0x2, R138",,,1184,,,,,,,,,,,,,,,,,,,,,,,,,,,,,,,,,,,,,,,,,37888,37888
0x2b28eb5b1760,0x20e0,"      LOP3.LUT R19, R3, 0x2038, R2, 0x1e, !PT",,,1184,,,,,,,,,,,,,,,,,,,,,,,,,,,,,,,,,,,,,,,,,37888,37888
0x2b28eb5b1770,0x20f0,"      IMAD R133, R133, 0x2, R138",,,1184,,,,,,,,,,,,,,,,,,,,,,,,,,,,,,,,,,,,,,,,,37888,37888
0x2b28eb5b1780,0x2100,"      LOP3.LUT R151, R3, R6, RZ, 0xfc, !PT",,,1184,,,,,,,,,,,,,,,,,,,,,,,,,,,,,,,,,,,,,,,,,37888,37888
0x2b28eb5b1790,0x2110,"      IMAD R132, R17, 0x2, R138",,,1184,,,,,,,,,,,,,,,,,,,,,,,,,,,,,,,,,,,,,,,,,37888,37888
0x2b28eb5b17a0,0x2120,"      MOV R2, 0x400",,,1184,,,,,,,,,,,,,,,,,,,,,,,,,,,,,,,,,,,,,,,,,37888,37888
0x2b28eb5b17b0,0x2130,"      IMAD R3, R19, 0x2, R138",,,1184,,,,,,,,,,,,,,,,,,,,,,,,,,,,,,,,,,,,,,,,,37888,37888
0x2b28eb5b17c0,0x2140,"      LOP3.LUT R147, R147, 0xfffffff8, RZ, 0xc0, !PT",,,1184,,,,,,,,,,,,,,,,,,,,,,,,,,,,,,,,,,,,,,,,,37888,37888
0x2b28eb5b17d0,0x2150,"      IMAD R138, R11, 0x2, R138",,,1184,,,,,,,,,,,,,,,,,,,,,,,,,,,,,,,,,,,,,,,,,37888,37888
0x2b28eb5b17e0,0x2160,"      UIADD3.X UR17, UPT, UPT, URZ, UR7, URZ, UP0, !UPT",,,1184,,,,,,,,,,,,,,,,,,,,,,,,,,,,,,,,,,,,,,,,,37888,37888
0x2b28eb5b17f0,0x2170,"      IMAD.U32 R0, RZ, RZ, UR8",,,1184,,,,,,,,,,,,,,,,,,,,,,,,,,,,,,,,,,,,,,,,,37888,37888
0x2b28eb5b1800,0x2180,"      UIADD3.X UR19, UPT, UPT, URZ, UR7, URZ, UP1, !UPT",,,1184,,,,,,2,0,0,0,0,0,0,0,0,0,0,0,0,0,0,0,0,0,0,0,0,2,1,0,0,0,0,0,0,0,0,0,0,0,0,37888,37888
0x2b28eb5b1810,0x2190,"      LEA R146, R0, R2, 0x18",,,2368,,,,,,,,,,,,,,,,,,,,,,,,,,,,,,,,,,,,,,,,,75776,75776
0x2b28eb5b1820,0x21a0,"      SHF.L.U32 R5, R148, 0x1f, RZ",,,2368,,,,,,,,,,,,,,,,,,,,,,,,,,,,,,,,,,,,,,,,,75776,75776
0x2b28eb5b1830,0x21b0,"      IMAD R4, R149, 0x8, R146",,,2368,,,,,,,,,,,,,,,,,,,,,,,,,,,,,,,,,,,,,,,,,75776,75776
0x2b28eb5b1840,0x21c0,"      SYNCS.PHASECHK.TRANS64.TRYWAIT P1, [R4+URZ+0x38], R5",,,2368,,,,,,,,,,,,,,,,,,,,,,,,,,,,,,,,,,,,,,,,,75776,75776
0x2b28eb5b1850,0x21d0,@!P1  BRA 0x2b28eb5b2e20,,,2368,,,,,,433,0,0,0,0,0,0,0,0,0,0,433,421,0,0,0,0,0,0,0,0,0,0,0,0,0,0,0,0,0,0,0,0,0,0,75776,75776
0x2b28eb5b1860,0x21e0,      NOP,,,2368,,,,,,,,,,,,,,,,,,,,,,,,,,,,,,,,,,,,,,,,,75776,75776
0x2b28eb5b1870,0x21f0,"      LDS R5, [R146]",1,0,2368,32,2,2368,2368,16,,,,,,,,,,,,,,,,,,,,,,,,,,,,,,,,,,,,75776,75776
0x2b28eb5b1880,0x2200,"      LOP3.LUT R158, R150, 0xff00, RZ, 0xc0, !PT",,,2368,,,,,,,,,,,,,,,,,,,,,,,,,,,,,,,,,,,,,,,,,75776,75776
0x2b28eb5b1890,0x2210,"      IMAD R156, R151, 0x2, R146",,,2368,,,,,,,,,,,,,,,,,,,,,,,,,,,,,,,,,,,,,,,,,75776,75776
0x2b28eb5b18a0,0x2220,"      BSSY.RECONVERGENT B1, 0x2b28eb5b1f40",,,2368,,,,,,,,,,,,,,,,,,,,,,,,,,,,,,,,,,,,,,,,,75776,75776
0x2b28eb5b18b0,0x2230,"      VIADD R157, R149, 0xa",,,2368,,,,,,,,,,,,,,,,,,,,,,,,,,,,,,,,,,,,,,,,,75776,75776
0x2b28eb5b18c0,0x2240,"      IMAD.IADD R4, R5, 0x1, R158",,,2368,,,,,,,,,,,,,,,,,,,,,,,,,,,,,,,,,,,,,,,,,75776,75776
0x2b28eb5b18d0,0x2250,"      R2UR UR7, R5",,,2368,,,,,,,,,,,,,,,,,,,,,,,,,,,,,,,,,,,,,,,,,75776,75776
0x2b28eb5b18e0,0x2260,"      LOP3.LUT R4, R4, 0xffff, RZ, 0xc0, !PT",,,2368,,,,,,,,,,,,,,,,,,,,,,,,,,,,,,,,,,,,,,,,,75776,75776
0x2b28eb5b18f0,0x2270,"      R2UR UR6, R4",,,2368,,,,,,,,,,,,,,,,,,,,,,,,,,,,,,,,,,,,,,,,,75776,75776
0x2b28eb5b1900,0x2280,"      ULOP3.LUT UR6, UR6, 0xffff0000, UR7, 0xf8, !UPT",,,2368,,,,,,,,,,,,,,,,,,,,,,,,,,,,,,,,,,,,,,,,,75776,75776
0x2b28eb5b1910,0x2290,"      LDTM.x128 R4, tmem[UR6]",,,2368,,2,,,64,,,,,,,,,,,,,,,,,,,,,,,,,,,,,,,,,,,,75776,75776
0x2b28eb5b1920,0x22a0,      NOP,,,2368,,,,,,,,,,,,,,,,,,,,,,,,,,,,,,,,,,,,,,,,,75776,75776
0x2b28eb5b1930,0x22b0,"      F2FP.F16.F32.PACK_AB R4, R5, R4",,,2368,,,,,,,,,,,,,,,,,,,,,,,,,,,,,,,,,,,,,,,,,75776,75776
0x2b28eb5b1940,0x22c0,"      F2FP.F16.F32.PACK_AB R5, R7, R6",,,2368,,,,,,,,,,,,,,,,,,,,,,,,,,,,,,,,,,,,,,,,,75776,75776
0x2b28eb5b1950,0x22d0,"      F2FP.F16.F32.PACK_AB R12, R13, R12",,,2368,,,,,,,,,,,,,,,,,,,,,,,,,,,,,,,,,,,,,,,,,75776,75776
0x2b28eb5b1960,0x22e0,"      F2FP.F16.F32.PACK_AB R6, R9, R8",,,2368,,,,,,,,,,,,,,,,,,,,,,,,,,,,,,,,,,,,,,,,,75776,75776
0x2b28eb5b1970,0x22f0,"      F2FP.F16.F32.PACK_AB R7, R11, R10",,,2368,,,,,,,,,,,,,,,,,,,,,,,,,,,,,,,,,,,,,,,,,75776,75776
0x2b28eb5b1980,0x2300,"      F2FP.F16.F32.PACK_AB R13, R15, R14",,,2368,,,,,,,,,,,,,,,,,,,,,,,,,,,,,,,,,,,,,,,,,75776,75776
0x2b28eb5b1990,0x2310,"      F2FP.F16.F32.PACK_AB R20, R21, R20",,,2368,,,,,,,,,,,,,,,,,,,,,,,,,,,,,,,,,,,,,,,,,75776,75776
0x2b28eb5b19a0,0x2320,"      STS.128 [R156+0x24400], R4",4,0,2368,128,4,9472,9472,16,,,,,,,,,,,,,,,,,,,,,,,,,,,,,,,,,,,,75776,75776
0x2b28eb5b19b0,0x2330,"      F2FP.F16.F32.PACK_AB R14, R17, R16",,,2368,,,,,,,,,,,,,,,,,,,,,,,,,,,,,,,,,,,,,,,,,75776,75776
0x2b28eb5b19c0,0x2340,"      F2FP.F16.F32.PACK_AB R15, R19, R18",,,2368,,,,,,1,0,0,0,0,0,0,0,0,0,0,0,0,0,0,0,0,0,0,0,0,0,0,0,0,0,0,0,0,0,0,0,0,1,1,75776,75776
0x2b28eb5b19d0,0x2350,"      F2FP.F16.F32.PACK_AB R21, R23, R22",,,2368,,,,,,,,,,,,,,,,,,,,,,,,,,,,,,,,,,,,,,,,,75776,75776
0x2b28eb5b19e0,0x2360,"      F2FP.F16.F32.PACK_AB R28, R29, R28",,,2368,,,,,,,,,,,,,,,,,,,,,,,,,,,,,,,,,,,,,,,,,75776,75776
0x2b28eb5b19f0,0x2370,"      STS.128 [R145], R12",4,0,2368,128,4,9472,9472,16,,,,,,,,,,,,,,,,,,,,,,,,,,,,,,,,,,,,75776,75776
0x2b28eb5b1a00,0x2380,"      F2FP.F16.F32.PACK_AB R22, R25, R24",,,2368,,,,,,,,,,,,,,,,,,,,,,,,,,,,,,,,,,,,,,,,,75776,75776
0x2b28eb5b1a10,0x2390,"      F2FP.F16.F32.PACK_AB R23, R27, R26",,,2368,,,,,,,,,,,,,,,,,,,,,,,,,,,,,,,,,,,,,,,,,75776,75776
0x2b28eb5b1a20,0x23a0,"      F2FP.F16.F32.PACK_AB R29, R31, R30",,,2368,,,,,,,,,,,,,,,,,,,,,,,,,,,,,,,,,,,,,,,,,75776,75776
0x2b28eb5b1a30,0x23b0,"      F2FP.F16.F32.PACK_AB R36, R37, R36",,,2368,,,,,,,,,,,,,,,,,,,,,,,,,,,,,,,,,,,,,,,,,75776,75776
0x2b28eb5b1a40,0x23c0,"      STS.128 [R144], R20",4,0,2368,128,4,9472,9472,16,1,0,0,0,0,0,0,0,0,0,0,0,0,0,0,0,0,1,1,0,0,0,0,0,0,0,0,0,0,0,0,0,0,0,0,75776,75776
0x2b28eb5b1a50,0x23d0,"      F2FP.F16.F32.PACK_AB R30, R33, R32",,,2368,,,,,,,,,,,,,,,,,,,,,,,,,,,,,,,,,,,,,,,,,75776,75776
0x2b28eb5b1a60,0x23e0,"      F2FP.F16.F32.PACK_AB R31, R35, R34",,,2368,,,,,,,,,,,,,,,,,,,,,,,,,,,,,,,,,,,,,,,,,75776,75776
0x2b28eb5b1a70,0x23f0,"      F2FP.F16.F32.PACK_AB R37, R39, R38",,,2368,,,,,,,,,,,,,,,,,,,,,,,,,,,,,,,,,,,,,,,,,75776,75776
0x2b28eb5b1a80,0x2400,"      F2FP.F16.F32.PACK_AB R44, R45, R44",,,2368,,,,,,,,,,,,,,,,,,,,,,,,,,,,,,,,,,,,,,,,,75776,75776
0x2b28eb5b1a90,0x2410,"      STS.128 [R143], R28",4,0,2368,128,4,9472,9472,16,,,,,,,,,,,,,,,,,,,,,,,,,,,,,,,,,,,,75776,75776
0x2b28eb5b1aa0,0x2420,"      F2FP.F16.F32.PACK_AB R38, R41, R40",,,2368,,,,,,,,,,,,,,,,,,,,,,,,,,,,,,,,,,,,,,,,,75776,75776
0x2b28eb5b1ab0,0x2430,"      F2FP.F16.F32.PACK_AB R39, R43, R42",,,2368,,,,,,,,,,,,,,,,,,,,,,,,,,,,,,,,,,,,,,,,,75776,75776
0x2b28eb5b1ac0,0x2440,"      F2FP.F16.F32.PACK_AB R45, R47, R46",,,2368,,,,,,,,,,,,,,,,,,,,,,,,,,,,,,,,,,,,,,,,,75776,75776
0x2b28eb5b1ad0,0x2450,"      F2FP.F16.F32.PACK_AB R52, R53, R52",,,2368,,,,,,,,,,,,,,,,,,,,,,,,,,,,,,,,,,,,,,,,,75776,75776
0x2b28eb5b1ae0,0x2460,"      STS.128 [R142], R36",4,0,2368,128,4,9472,9472,16,,,,,,,,,,,,,,,,,,,,,,,,,,,,,,,,,,,,75776,75776
0x2b28eb5b1af0,0x2470,"      F2FP.F16.F32.PACK_AB R46, R49, R48",,,2368,,,,,,,,,,,,,,,,,,,,,,,,,,,,,,,,,,,,,,,,,75776,75776
0x2b28eb5b1b00,0x2480,"      F2FP.F16.F32.PACK_AB R47, R51, R50",,,2368,,,,,,,,,,,,,,,,,,,,,,,,,,,,,,,,,,,,,,,,,75776,75776
0x2b28eb5b1b10,0x2490,"      F2FP.F16.F32.PACK_AB R53, R55, R54",,,2368,,,,,,,,,,,,,,,,,,,,,,,,,,,,,,,,,,,,,,,,,75776,75776
0x2b28eb5b1b20,0x24a0,"      F2FP.F16.F32.PACK_AB R60, R61, R60",,,2368,,,,,,,,,,,,,,,,,,,,,,,,,,,,,,,,,,,,,,,,,75776,75776
0x2b28eb5b1b30,0x24b0,"      STS.128 [R141], R44",4,0,2368,128,4,9472,9472,16,,,,,,,,,,,,,,,,,,,,,,,,,,,,,,,,,,,,75776,75776
0x2b28eb5b1b40,0x24c0,"      F2FP.F16.F32.PACK_AB R54, R57, R56",,,2368,,,,,,,,,,,,,,,,,,,,,,,,,,,,,,,,,,,,,,,,,75776,75776
0x2b28eb5b1b50,0x24d0,"      F2FP.F16.F32.PACK_AB R55, R59, R58",,,2368,,,,,,,,,,,,,,,,,,,,,,,,,,,,,,,,,,,,,,,,,75776,75776
0x2b28eb5b1b60,0x24e0,"      F2FP.F16.F32.PACK_AB R61, R63, R62",,,2368,,,,,,,,,,,,,,,,,,,,,,,,,,,,,,,,,,,,,,,,,75776,75776
0x2b28eb5b1b70,0x24f0,"      F2FP.F16.F32.PACK_AB R68, R69, R68",,,2368,,,,,,,,,,,,,,,,,,,,,,,,,,,,,,,,,,,,,,,,,75776,75776
0x2b28eb5b1b80,0x2500,"      STS.128 [R140], R52",4,0,2368,128,4,9472,9472,16,,,,,,,,,,,,,,,,,,,,,,,,,,,,,,,,,,,,75776,75776
0x2b28eb5b1b90,0x2510,"      F2FP.F16.F32.PACK_AB R62, R65, R64",,,2368,,,,,,,,,,,,,,,,,,,,,,,,,,,,,,,,,,,,,,,,,75776,75776
0x2b28eb5b1ba0,0x2520,"      F2FP.F16.F32.PACK_AB R63, R67, R66",,,2368,,,,,,,,,,,,,,,,,,,,,,,,,,,,,,,,,,,,,,,,,75776,75776
0x2b28eb5b1bb0,0x2530,"      F2FP.F16.F32.PACK_AB R69, R71, R70",,,2368,,,,,,,,,,,,,,,,,,,,,,,,,,,,,,,,,,,,,,,,,75776,75776
0x2b28eb5b1bc0,0x2540,"      F2FP.F16.F32.PACK_AB R76, R77, R76",,,2368,,,,,,,,,,,,,,,,,,,,,,,,,,,,,,,,,,,,,,,,,75776,75776
0x2b28eb5b1bd0,0x2550,"      STS.128 [R139], R60",4,0,2368,128,4,9472,9472,16,,,,,,,,,,,,,,,,,,,,,,,,,,,,,,,,,,,,75776,75776
0x2b28eb5b1be0,0x2560,"      F2FP.F16.F32.PACK_AB R70, R73, R72",,,2368,,,,,,,,,,,,,,,,,,,,,,,,,,,,,,,,,,,,,,,,,75776,75776
0x2b28eb5b1bf0,0x2570,"      F2FP.F16.F32.PACK_AB R71, R75, R74",,,2368,,,,,,,,,,,,,,,,,,,,,,,,,,,,,,,,,,,,,,,,,75776,75776
0x2b28eb5b1c00,0x2580,"      F2FP.F16.F32.PACK_AB R77, R79, R78",,,2368,,,,,,,,,,,,,,,,,,,,,,,,,,,,,,,,,,,,,,,,,75776,75776
0x2b28eb5b1c10,0x2590,"      F2FP.F16.F32.PACK_AB R84, R85, R84",,,2368,,,,,,,,,,,,,,,,,,,,,,,,,,,,,,,,,,,,,,,,,75776,75776
0x2b28eb5b1c20,0x25a0,"      STS.128 [R138+0x3ff0], R68",4,0,2368,128,4,9472,9472,16,,,,,,,,,,,,,,,,,,,,,,,,,,,,,,,,,,,,75776,75776
0x2b28eb5b1c30,0x25b0,"      F2FP.F16.F32.PACK_AB R78, R81, R80",,,2368,,,,,,,,,,,,,,,,,,,,,,,,,,,,,,,,,,,,,,,,,75776,75776
0x2b28eb5b1c40,0x25c0,"      F2FP.F16.F32.PACK_AB R79, R83, R82",,,2368,,,,,,,,,,,,,,,,,,,,,,,,,,,,,,,,,,,,,,,,,75776,75776
0x2b28eb5b1c50,0x25d0,"      F2FP.F16.F32.PACK_AB R85, R87, R86",,,2368,,,,,,,,,,,,,,,,,,,,,,,,,,,,,,,,,,,,,,,,,75776,75776
0x2b28eb5b1c60,0x25e0,"      F2FP.F16.F32.PACK_AB R92, R93, R92",,,2368,,,,,,,,,,,,,,,,,,,,,,,,,,,,,,,,,,,,,,,,,75776,75776
0x2b28eb5b1c70,0x25f0,"      STS.128 [R137], R76",4,0,2368,128,4,9472,9472,16,,,,,,,,,,,,,,,,,,,,,,,,,,,,,,,,,,,,75776,75776
0x2b28eb5b1c80,0x2600,"      F2FP.F16.F32.PACK_AB R86, R89, R88",,,2368,,,,,,,,,,,,,,,,,,,,,,,,,,,,,,,,,,,,,,,,,75776,75776
0x2b28eb5b1c90,0x2610,"      F2FP.F16.F32.PACK_AB R87, R91, R90",,,2368,,,,,,,,,,,,,,,,,,,,,,,,,,,,,,,,,,,,,,,,,75776,75776
0x2b28eb5b1ca0,0x2620,"      F2FP.F16.F32.PACK_AB R93, R95, R94",,,2368,,,,,,,,,,,,,,,,,,,,,,,,,,,,,,,,,,,,,,,,,75776,75776
0x2b28eb5b1cb0,0x2630,"      F2FP.F16.F32.PACK_AB R100, R101, R100",,,2368,,,,,,,,,,,,,,,,,,,,,,,,,,,,,,,,,,,,,,,,,75776,75776
0x2b28eb5b1cc0,0x2640,"      STS.128 [R136], R84",4,0,2368,128,4,9472,9472,16,,,,,,,,,,,,,,,,,,,,,,,,,,,,,,,,,,,,75776,75776
0x2b28eb5b1cd0,0x2650,"      F2FP.F16.F32.PACK_AB R94, R97, R96",,,2368,,,,,,1,0,0,0,0,0,0,0,0,0,0,0,0,0,0,0,0,0,0,0,0,0,0,0,0,1,0,0,0,0,0,0,0,0,0,75776,75776
0x2b28eb5b1ce0,0x2660,"      F2FP.F16.F32.PACK_AB R95, R99, R98",,,2368,,,,,,,,,,,,,,,,,,,,,,,,,,,,,,,,,,,,,,,,,75776,75776
0x2b28eb5b1cf0,0x2670,"      F2FP.F16.F32.PACK_AB R101, R103, R102",,,2368,,,,,,,,,,,,,,,,,,,,,,,,,,,,,,,,,,,,,,,,,75776,75776
0x2b28eb5b1d00,0x2680,"      F2FP.F16.F32.PACK_AB R108, R109, R108",,,2368,,,,,,,,,,,,,,,,,,,,,,,,,,,,,,,,,,,,,,,,,75776,75776
0x2b28eb5b1d10,0x2690,"      STS.128 [R135], R92",4,0,2368,128,4,9472,9472,16,,,,,,,,,,,,,,,,,,,,,,,,,,,,,,,,,,,,75776,75776
0x2b28eb5b1d20,0x26a0,"      F2FP.F16.F32.PACK_AB R102, R105, R104",,,2368,,,,,,,,,,,,,,,,,,,,,,,,,,,,,,,,,,,,,,,,,75776,75776
0x2b28eb5b1d30,0x26b0,"      F2FP.F16.F32.PACK_AB R103, R107, R106",,,2368,,,,,,,,,,,,,,,,,,,,,,,,,,,,,,,,,,,,,,,,,75776,75776
0x2b28eb5b1d40,0x26c0,"      F2FP.F16.F32.PACK_AB R109, R111, R110",,,2368,,,,,,1,0,0,0,0,0,0,0,0,0,0,0,0,0,0,0,0,0,0,0,0,0,0,0,0,0,0,0,0,0,0,0,0,1,1,75776,75776
0x2b28eb5b1d50,0x26d0,"      F2FP.F16.F32.PACK_AB R116, R117, R116",,,2368,,,,,,,,,,,,,,,,,,,,,,,,,,,,,,,,,,,,,,,,,75776,75776
0x2b28eb5b1d60,0x26e0,"      STS.128 [R134], R100",4,0,2368,128,4,9472,9472,16,,,,,,,,,,,,,,,,,,,,,,,,,,,,,,,,,,,,75776,75776
0x2b28eb5b1d70,0x26f0,"      F2FP.F16.F32.PACK_AB R110, R113, R112",,,2368,,,,,,,,,,,,,,,,,,,,,,,,,,,,,,,,,,,,,,,,,75776,75776
0x2b28eb5b1d80,0x2700,"      F2FP.F16.F32.PACK_AB R111, R115, R114",,,2368,,,,,,,,,,,,,,,,,,,,,,,,,,,,,,,,,,,,,,,,,75776,75776
0x2b28eb5b1d90,0x2710,"      F2FP.F16.F32.PACK_AB R117, R119, R118",,,2368,,,,,,,,,,,,,,,,,,,,,,,,,,,,,,,,,,,,,,,,,75776,75776
0x2b28eb5b1da0,0x2720,"      F2FP.F16.F32.PACK_AB R124, R125, R124",,,2368,,,,,,,,,,,,,,,,,,,,,,,,,,,,,,,,,,,,,,,,,75776,75776
0x2b28eb5b1db0,0x2730,"      STS.128 [R133], R108",4,0,2368,128,4,9472,9472,16,,,,,,,,,,,,,,,,,,,,,,,,,,,,,,,,,,,,75776,75776
0x2b28eb5b1dc0,0x2740,"      F2FP.F16.F32.PACK_AB R118, R121, R120",,,2368,,,,,,,,,,,,,,,,,,,,,,,,,,,,,,,,,,,,,,,,,75776,75776
0x2b28eb5b1dd0,0x2750,"      F2FP.F16.F32.PACK_AB R119, R123, R122",,,2368,,,,,,1,0,0,0,0,0,0,0,0,0,0,0,0,1,0,0,0,0,0,0,0,0,0,0,0,0,0,0,0,0,0,0,0,0,0,75776,75776
0x2b28eb5b1de0,0x2760,"      F2FP.F16.F32.PACK_AB R125, R127, R126",,,2368,,,,,,,,,,,,,,,,,,,,,,,,,,,,,,,,,,,,,,,,,75776,75776
0x2b28eb5b1df0,0x2770,"      F2FP.F16.F32.PACK_AB R126, R129, R128",,,2368,,,,,,,,,,,,,,,,,,,,,,,,,,,,,,,,,,,,,,,,,75776,75776
0x2b28eb5b1e00,0x2780,"      STS.128 [R132], R116",4,0,2368,128,4,9472,9472,16,,,,,,,,,,,,,,,,,,,,,,,,,,,,,,,,,,,,75776,75776
0x2b28eb5b1e10,0x2790,"      F2FP.F16.F32.PACK_AB R127, R131, R130",,,2368,,,,,,,,,,,,,,,,,,,,,,,,,,,,,,,,,,,,,,,,,75776,75776
0x2b28eb5b1e20,0x27a0,"      STS.128 [R3], R124",4,0,2368,128,4,9472,9472,16,,,,,,,,,,,,,,,,,,,,,,,,,,,,,,,,,,,,75776,75776
0x2b28eb5b1e30,0x27b0,      MEMBAR.ALL.CTA,,,2368,,,,,,,,,,,,,,,,,,,,,,,,,,,,,,,,,,,,,,,,,75776,75776
0x2b28eb5b1e40,0x27c0,      FENCE.VIEW.ASYNC.S,,,2368,,,,,,1,0,0,0,0,0,0,0,0,0,0,1,1,0,0,0,0,0,0,0,0,0,0,0,0,0,0,0,0,0,0,0,0,0,0,75776,75776
0x2b28eb5b1e50,0x27d0,"      BAR.SYNC.DEFER_BLOCKING R157, 0x80",,,2368,,,,,,1,0,0,0,0,0,0,0,0,0,0,1,1,0,0,0,0,0,0,0,0,0,0,0,0,0,0,0,0,0,0,0,0,0,0,75776,75776
0x2b28eb5b1e60,0x27e0,@P0   BRA 0x2b28eb5b1f30,,,2368,,,,,,3,3,3,0,0,0,0,0,0,0,0,0,0,0,0,0,0,0,0,0,0,0,0,0,0,0,0,0,0,0,0,0,0,0,0,75776,75184
0x2b28eb5b1e70,0x27f0,"      IMAD R4, R155, 0x2000, R146",,,592,,,,,,,,,,,,,,,,,,,,,,,,,,,,,,,,,,,,,,,,,592,592
0x2b28eb5b1e80,0x2800,"      R2UR UR11, R152",,,592,,,,,,,,,,,,,,,,,,,,,,,,,,,,,,,,,,,,,,,,,592,592
0x2b28eb5b1e90,0x2810,"      IMAD R5, R153, 0x200, R150",,,592,,,,,,,,,,,,,,,,,,,,,,,,,,,,,,,,,,,,,,,,,592,592
0x2b28eb5b1ea0,0x2820,"      R2UR UR6, R0",,,592,,,,,,,,,,,,,,,,,,,,,,,,,,,,,,,,,,,,,,,,,592,592
0x2b28eb5b1eb0,0x2830,"      R2UR UR8, R4",,,592,,,,,,,,,,,,,,,,,,,,,,,,,,,,,,,,,,,,,,,,,592,592
0x2b28eb5b1ec0,0x2840,"      R2UR UR10, R5",,,592,,,,,,,,,,,,,,,,,,,,,,,,,,,,,,,,,,,,,,,,,592,592
0x2b28eb5b1ed0,0x2850,"      USHF.L.U32 UR11, UR11, 0x2, URZ",,,592,,,,,,,,,,,,,,,,,,,,,,,,,,,,,,,,,,,,,,,,,592,592
0x2b28eb5b1ee0,0x2860,"      UIADD3 UR8, UPT, UPT, UR8, 0x24400, URZ",,,592,,,,,,,,,,,,,,,,,,,,,,,,,,,,,,,,,,,,,,,,,592,592
0x2b28eb5b1ef0,0x2870,"      ULEA UR10, UR6, UR10, 0x7",,,592,,,,,,,,,,,,,,,,,,,,,,,,,,,,,,,,,,,,,,,,,592,592
0x2b28eb5b1f00,0x2880,"      UTMASTG.3D [UR8], [UR16]",,,592,,,,,20,,,,,,,,,,,,,,,,,,,,,,,,,,,,,,,,,,,,592,592
0x2b28eb5b1f10,0x2890,      UTMACMDFLUSH,,,592,,,,,,,,,,,,,,,,,,,,,,,,,,,,,,,,,,,,,,,,,592,592
0x2b28eb5b1f20,0x28a0,"      DEPBAR.LE SB0, 0x0",,,592,,,,,,,,,,,,,,,,,,,,,,,,,,,,,,,,,,,,,,,,,592,592
0x2b28eb5b1f30,0x28b0,      BSYNC.RECONVERGENT B1,,,2960,,,,,,1,0,0,0,0,0,0,0,0,0,0,1,1,0,0,0,0,0,0,0,0,0,0,0,0,0,0,0,0,0,0,0,0,0,0,75776,75776
0x2b28eb5b1f40,0x28c0,"      BAR.SYNC.DEFER_BLOCKING R157, 0x80",,,2368,,,,,,,,,,,,,,,,,,,,,,,,,,,,,,,,,,,,,,,,,75776,75776
0x2b28eb5b1f50,0x28d0,"      BSSY.RECONVERGENT B1, 0x2b28eb5b25f0",,,2368,,,,,,12,12,11,0,0,0,0,0,0,0,0,0,0,0,0,0,0,0,0,0,0,0,0,0,0,0,0,0,0,0,0,0,0,0,0,75776,75776
0x2b28eb5b1f60,0x28e0,"      LDS R5, [R146]",1,0,2368,32,2,2368,2368,16,,,,,,,,,,,,,,,,,,,,,,,,,,,,,,,,,,,,75776,75776
0x2b28eb5b1f70,0x28f0,"      IADD3 R158, PT, PT, R158, 0x80, R5",,,2368,,,,,,,,,,,,,,,,,,,,,,,,,,,,,,,,,,,,,,,,,75776,75776
0x2b28eb5b1f80,0x2900,"      R2UR UR7, R5",,,2368,,,,,,,,,,,,,,,,,,,,,,,,,,,,,,,,,,,,,,,,,75776,75776
0x2b28eb5b1f90,0x2910,"      LOP3.LUT R158, R158, 0xffff, RZ, 0xc0, !PT",,,2368,,,,,,,,,,,,,,,,,,,,,,,,,,,,,,,,,,,,,,,,,75776,75776
0x2b28eb5b1fa0,0x2920,"      R2UR UR6, R158",,,2368,,,,,,,,,,,,,,,,,,,,,,,,,,,,,,,,,,,,,,,,,75776,75776
0x2b28eb5b1fb0,0x2930,"      ULOP3.LUT UR6, UR6, 0xffff0000, UR7, 0xf8, !UPT",,,2368,,,,,,,,,,,,,,,,,,,,,,,,,,,,,,,,,,,,,,,,,75776,75776
0x2b28eb5b1fc0,0x2940,"      LDTM.x128 R4, tmem[UR6]",,,2368,,2,,,64,,,,,,,,,,,,,,,,,,,,,,,,,,,,,,,,,,,,75776,75776
0x2b28eb5b1fd0,0x2950,      NOP,,,2368,,,,,,,,,,,,,,,,,,,,,,,,,,,,,,,,,,,,,,,,,75776,75776
0x2b28eb5b1fe0,0x2960,"      F2FP.F16.F32.PACK_AB R4, R5, R4",,,2368,,,,,,,,,,,,,,,,,,,,,,,,,,,,,,,,,,,,,,,,,75776,75776
0x2b28eb5b1ff0,0x2970,"      F2FP.F16.F32.PACK_AB R5, R7, R6",,,2368,,,,,,,,,,,,,,,,,,,,,,,,,,,,,,,,,,,,,,,,,75776,75776
0x2b28eb5b2000,0x2980,"      F2FP.F16.F32.PACK_AB R12, R13, R12",,,2368,,,,,,,,,,,,,,,,,,,,,,,,,,,,,,,,,,,,,,,,,75776,75776
0x2b28eb5b2010,0x2990,"      F2FP.F16.F32.PACK_AB R6, R9, R8",,,2368,,,,,,,,,,,,,,,,,,,,,,,,,,,,,,,,,,,,,,,,,75776,75776
0x2b28eb5b2020,0x29a0,"      F2FP.F16.F32.PACK_AB R7, R11, R10",,,2368,,,,,,,,,,,,,,,,,,,,,,,,,,,,,,,,,,,,,,,,,75776,75776
0x2b28eb5b2030,0x29b0,"      F2FP.F16.F32.PACK_AB R13, R15, R14",,,2368,,,,,,,,,,,,,,,,,,,,,,,,,,,,,,,,,,,,,,,,,75776,75776
0x2b28eb5b2040,0x29c0,"      F2FP.F16.F32.PACK_AB R20, R21, R20",,,2368,,,,,,,,,,,,,,,,,,,,,,,,,,,,,,,,,,,,,,,,,75776,75776
0x2b28eb5b2050,0x29d0,"      STS.128 [R156+0x24400], R4",4,0,2368,128,4,9472,9472,16,,,,,,,,,,,,,,,,,,,,,,,,,,,,,,,,,,,,75776,75776
0x2b28eb5b2060,0x29e0,"      F2FP.F16.F32.PACK_AB R14, R17, R16",,,2368,,,,,,,,,,,,,,,,,,,,,,,,,,,,,,,,,,,,,,,,,75776,75776
0x2b28eb5b2070,0x29f0,"      F2FP.F16.F32.PACK_AB R15, R19, R18",,,2368,,,,,,,,,,,,,,,,,,,,,,,,,,,,,,,,,,,,,,,,,75776,75776
0x2b28eb5b2080,0x2a00,"      F2FP.F16.F32.PACK_AB R21, R23, R22",,,2368,,,,,,,,,,,,,,,,,,,,,,,,,,,,,,,,,,,,,,,,,75776,75776
0x2b28eb5b2090,0x2a10,"      F2FP.F16.F32.PACK_AB R28, R29, R28",,,2368,,,,,,,,,,,,,,,,,,,,,,,,,,,,,,,,,,,,,,,,,75776,75776
0x2b28eb5b20a0,0x2a20,"      STS.128 [R145], R12",4,0,2368,128,4,9472,9472,16,,,,,,,,,,,,,,,,,,,,,,,,,,,,,,,,,,,,75776,75776
0x2b28eb5b20b0,0x2a30,"      F2FP.F16.F32.PACK_AB R22, R25, R24",,,2368,,,,,,,,,,,,,,,,,,,,,,,,,,,,,,,,,,,,,,,,,75776,75776
0x2b28eb5b20c0,0x2a40,"      F2FP.F16.F32.PACK_AB R23, R27, R26",,,2368,,,,,,,,,,,,,,,,,,,,,,,,,,,,,,,,,,,,,,,,,75776,75776
0x2b28eb5b20d0,0x2a50,"      F2FP.F16.F32.PACK_AB R29, R31, R30",,,2368,,,,,,,,,,,,,,,,,,,,,,,,,,,,,,,,,,,,,,,,,75776,75776
0x2b28eb5b20e0,0x2a60,"      F2FP.F16.F32.PACK_AB R36, R37, R36",,,2368,,,,,,,,,,,,,,,,,,,,,,,,,,,,,,,,,,,,,,,,,75776,75776
0x2b28eb5b20f0,0x2a70,"      STS.128 [R144], R20",4,0,2368,128,4,9472,9472,16,,,,,,,,,,,,,,,,,,,,,,,,,,,,,,,,,,,,75776,75776
0x2b28eb5b2100,0x2a80,"      F2FP.F16.F32.PACK_AB R30, R33, R32",,,2368,,,,,,,,,,,,,,,,,,,,,,,,,,,,,,,,,,,,,,,,,75776,75776
0x2b28eb5b2110,0x2a90,"      F2FP.F16.F32.PACK_AB R31, R35, R34",,,2368,,,,,,,,,,,,,,,,,,,,,,,,,,,,,,,,,,,,,,,,,75776,75776
0x2b28eb5b2120,0x2aa0,"      F2FP.F16.F32.PACK_AB R37, R39, R38",,,2368,,,,,,,,,,,,,,,,,,,,,,,,,,,,,,,,,,,,,,,,,75776,75776
0x2b28eb5b2130,0x2ab0,"      F2FP.F16.F32.PACK_AB R44, R45, R44",,,2368,,,,,,,,,,,,,,,,,,,,,,,,,,,,,,,,,,,,,,,,,75776,75776
0x2b28eb5b2140,0x2ac0,"      STS.128 [R143], R28",4,0,2368,128,4,9472,9472,16,,,,,,,,,,,,,,,,,,,,,,,,,,,,,,,,,,,,75776,75776
0x2b28eb5b2150,0x2ad0,"      F2FP.F16.F32.PACK_AB R38, R41, R40",,,2368,,,,,,,,,,,,,,,,,,,,,,,,,,,,,,,,,,,,,,,,,75776,75776
0x2b28eb5b2160,0x2ae0,"      F2FP.F16.F32.PACK_AB R39, R43, R42",,,2368,,,,,,,,,,,,,,,,,,,,,,,,,,,,,,,,,,,,,,,,,75776,75776
0x2b28eb5b2170,0x2af0,"      F2FP.F16.F32.PACK_AB R45, R47, R46",,,2368,,,,,,,,,,,,,,,,,,,,,,,,,,,,,,,,,,,,,,,,,75776,75776
0x2b28eb5b2180,0x2b00,"      F2FP.F16.F32.PACK_AB R52, R53, R52",,,2368,,,,,,,,,,,,,,,,,,,,,,,,,,,,,,,,,,,,,,,,,75776,75776
0x2b28eb5b2190,0x2b10,"      STS.128 [R142], R36",4,0,2368,128,4,9472,9472,16,,,,,,,,,,,,,,,,,,,,,,,,,,,,,,,,,,,,75776,75776
0x2b28eb5b21a0,0x2b20,"      F2FP.F16.F32.PACK_AB R46, R49, R48",,,2368,,,,,,,,,,,,,,,,,,,,,,,,,,,,,,,,,,,,,,,,,75776,75776
0x2b28eb5b21b0,0x2b30,"      F2FP.F16.F32.PACK_AB R47, R51, R50",,,2368,,,,,,,,,,,,,,,,,,,,,,,,,,,,,,,,,,,,,,,,,75776,75776
0x2b28eb5b21c0,0x2b40,"      F2FP.F16.F32.PACK_AB R53, R55, R54",,,2368,,,,,,,,,,,,,,,,,,,,,,,,,,,,,,,,,,,,,,,,,75776,75776
0x2b28eb5b21d0,0x2b50,"      F2FP.F16.F32.PACK_AB R60, R61, R60",,,2368,,,,,,,,,,,,,,,,,,,,,,,,,,,,,,,,,,,,,,,,,75776,75776
0x2b28eb5b21e0,0x2b60,"      STS.128 [R141], R44",4,0,2368,128,4,9472,9472,16,,,,,,,,,,,,,,,,,,,,,,,,,,,,,,,,,,,,75776,75776
0x2b28eb5b21f0,0x2b70,"      F2FP.F16.F32.PACK_AB R54, R57, R56",,,2368,,,,,,,,,,,,,,,,,,,,,,,,,,,,,,,,,,,,,,,,,75776,75776
0x2b28eb5b2200,0x2b80,"      F2FP.F16.F32.PACK_AB R55, R59, R58",,,2368,,,,,,,,,,,,,,,,,,,,,,,,,,,,,,,,,,,,,,,,,75776,75776
0x2b28eb5b2210,0x2b90,"      F2FP.F16.F32.PACK_AB R61, R63, R62",,,2368,,,,,,,,,,,,,,,,,,,,,,,,,,,,,,,,,,,,,,,,,75776,75776
0x2b28eb5b2220,0x2ba0,"      F2FP.F16.F32.PACK_AB R68, R69, R68",,,2368,,,,,,,,,,,,,,,,,,,,,,,,,,,,,,,,,,,,,,,,,75776,75776
0x2b28eb5b2230,0x2bb0,"      STS.128 [R140], R52",4,0,2368,128,4,9472,9472,16,,,,,,,,,,,,,,,,,,,,,,,,,,,,,,,,,,,,75776,75776
0x2b28eb5b2240,0x2bc0,"      F2FP.F16.F32.PACK_AB R62, R65, R64",,,2368,,,,,,,,,,,,,,,,,,,,,,,,,,,,,,,,,,,,,,,,,75776,75776
0x2b28eb5b2250,0x2bd0,"      F2FP.F16.F32.PACK_AB R63, R67, R66",,,2368,,,,,,,,,,,,,,,,,,,,,,,,,,,,,,,,,,,,,,,,,75776,75776
0x2b28eb5b2260,0x2be0,"      F2FP.F16.F32.PACK_AB R69, R71, R70",,,2368,,,,,,,,,,,,,,,,,,,,,,,,,,,,,,,,,,,,,,,,,75776,75776
0x2b28eb5b2270,0x2bf0,"      F2FP.F16.F32.PACK_AB R76, R77, R76",,,2368,,,,,,,,,,,,,,,,,,,,,,,,,,,,,,,,,,,,,,,,,75776,75776
0x2b28eb5b2280,0x2c00,"      STS.128 [R139], R60",4,0,2368,128,4,9472,9472,16,,,,,,,,,,,,,,,,,,,,,,,,,,,,,,,,,,,,75776,75776
0x2b28eb5b2290,0x2c10,"      F2FP.F16.F32.PACK_AB R70, R73, R72",,,2368,,,,,,,,,,,,,,,,,,,,,,,,,,,,,,,,,,,,,,,,,75776,75776
0x2b28eb5b22a0,0x2c20,"      F2FP.F16.F32.PACK_AB R71, R75, R74",,,2368,,,,,,,,,,,,,,,,,,,,,,,,,,,,,,,,,,,,,,,,,75776,75776
0x2b28eb5b22b0,0x2c30,"      F2FP.F16.F32.PACK_AB R77, R79, R78",,,2368,,,,,,,,,,,,,,,,,,,,,,,,,,,,,,,,,,,,,,,,,75776,75776
0x2b28eb5b22c0,0x2c40,"      F2FP.F16.F32.PACK_AB R84, R85, R84",,,2368,,,,,,,,,,,,,,,,,,,,,,,,,,,,,,,,,,,,,,,,,75776,75776
0x2b28eb5b22d0,0x2c50,"      STS.128 [R138+0x3ff0], R68",4,0,2368,128,4,9472,9472,16,,,,,,,,,,,,,,,,,,,,,,,,,,,,,,,,,,,,75776,75776
0x2b28eb5b22e0,0x2c60,"      F2FP.F16.F32.PACK_AB R78, R81, R80",,,2368,,,,,,,,,,,,,,,,,,,,,,,,,,,,,,,,,,,,,,,,,75776,75776
0x2b28eb5b22f0,0x2c70,"      F2FP.F16.F32.PACK_AB R79, R83, R82",,,2368,,,,,,,,,,,,,,,,,,,,,,,,,,,,,,,,,,,,,,,,,75776,75776
0x2b28eb5b2300,0x2c80,"      F2FP.F16.F32.PACK_AB R85, R87, R86",,,2368,,,,,,,,,,,,,,,,,,,,,,,,,,,,,,,,,,,,,,,,,75776,75776
0x2b28eb5b2310,0x2c90,"      F2FP.F16.F32.PACK_AB R92, R93, R92",,,2368,,,,,,,,,,,,,,,,,,,,,,,,,,,,,,,,,,,,,,,,,75776,75776
0x2b28eb5b2320,0x2ca0,"      STS.128 [R137], R76",4,0,2368,128,4,9472,9472,16,,,,,,,,,,,,,,,,,,,,,,,,,,,,,,,,,,,,75776,75776
0x2b28eb5b2330,0x2cb0,"      F2FP.F16.F32.PACK_AB R86, R89, R88",,,2368,,,,,,,,,,,,,,,,,,,,,,,,,,,,,,,,,,,,,,,,,75776,75776
0x2b28eb5b2340,0x2cc0,"      F2FP.F16.F32.PACK_AB R87, R91, R90",,,2368,,,,,,,,,,,,,,,,,,,,,,,,,,,,,,,,,,,,,,,,,75776,75776
0x2b28eb5b2350,0x2cd0,"      F2FP.F16.F32.PACK_AB R93, R95, R94",,,2368,,,,,,,,,,,,,,,,,,,,,,,,,,,,,,,,,,,,,,,,,75776,75776
0x2b28eb5b2360,0x2ce0,"      F2FP.F16.F32.PACK_AB R100, R101, R100",,,2368,,,,,,,,,,,,,,,,,,,,,,,,,,,,,,,,,,,,,,,,,75776,75776
0x2b28eb5b2370,0x2cf0,"      STS.128 [R136], R84",4,0,2368,128,4,9472,9472,16,,,,,,,,,,,,,,,,,,,,,,,,,,,,,,,,,,,,75776,75776
0x2b28eb5b2380,0x2d00,"      F2FP.F16.F32.PACK_AB R94, R97, R96",,,2368,,,,,,,,,,,,,,,,,,,,,,,,,,,,,,,,,,,,,,,,,75776,75776
0x2b28eb5b2390,0x2d10,"      F2FP.F16.F32.PACK_AB R95, R99, R98",,,2368,,,,,,,,,,,,,,,,,,,,,,,,,,,,,,,,,,,,,,,,,75776,75776
0x2b28eb5b23a0,0x2d20,"      F2FP.F16.F32.PACK_AB R101, R103, R102",,,2368,,,,,,,,,,,,,,,,,,,,,,,,,,,,,,,,,,,,,,,,,75776,75776
0x2b28eb5b23b0,0x2d30,"      F2FP.F16.F32.PACK_AB R108, R109, R108",,,2368,,,,,,,,,,,,,,,,,,,,,,,,,,,,,,,,,,,,,,,,,75776,75776
0x2b28eb5b23c0,0x2d40,"      STS.128 [R135], R92",4,0,2368,128,4,9472,9472,16,,,,,,,,,,,,,,,,,,,,,,,,,,,,,,,,,,,,75776,75776
0x2b28eb5b23d0,0x2d50,"      F2FP.F16.F32.PACK_AB R102, R105, R104",,,2368,,,,,,,,,,,,,,,,,,,,,,,,,,,,,,,,,,,,,,,,,75776,75776
0x2b28eb5b23e0,0x2d60,"      F2FP.F16.F32.PACK_AB R103, R107, R106",,,2368,,,,,,,,,,,,,,,,,,,,,,,,,,,,,,,,,,,,,,,,,75776,75776
0x2b28eb5b23f0,0x2d70,"      F2FP.F16.F32.PACK_AB R109, R111, R110",,,2368,,,,,,,,,,,,,,,,,,,,,,,,,,,,,,,,,,,,,,,,,75776,75776
0x2b28eb5b2400,0x2d80,"      F2FP.F16.F32.PACK_AB R116, R117, R116",,,2368,,,,,,,,,,,,,,,,,,,,,,,,,,,,,,,,,,,,,,,,,75776,75776
0x2b28eb5b2410,0x2d90,"      STS.128 [R134], R100",4,0,2368,128,4,9472,9472,16,,,,,,,,,,,,,,,,,,,,,,,,,,,,,,,,,,,,75776,75776
0x2b28eb5b2420,0x2da0,"      F2FP.F16.F32.PACK_AB R110, R113, R112",,,2368,,,,,,,,,,,,,,,,,,,,,,,,,,,,,,,,,,,,,,,,,75776,75776
0x2b28eb5b2430,0x2db0,"      F2FP.F16.F32.PACK_AB R111, R115, R114",,,2368,,,,,,1,0,0,0,0,0,0,0,0,0,0,0,0,0,0,0,0,0,0,0,0,0,0,0,0,0,0,0,0,0,0,0,0,1,1,75776,75776
0x2b28eb5b2440,0x2dc0,"      F2FP.F16.F32.PACK_AB R117, R119, R118",,,2368,,,,,,,,,,,,,,,,,,,,,,,,,,,,,,,,,,,,,,,,,75776,75776
0x2b28eb5b2450,0x2dd0,"      F2FP.F16.F32.PACK_AB R124, R125, R124",,,2368,,,,,,,,,,,,,,,,,,,,,,,,,,,,,,,,,,,,,,,,,75776,75776
0x2b28eb5b2460,0x2de0,"      STS.128 [R133], R108",4,0,2368,128,4,9472,9472,16,,,,,,,,,,,,,,,,,,,,,,,,,,,,,,,,,,,,75776,75776
0x2b28eb5b2470,0x2df0,"      F2FP.F16.F32.PACK_AB R118, R121, R120",,,2368,,,,,,,,,,,,,,,,,,,,,,,,,,,,,,,,,,,,,,,,,75776,75776
0x2b28eb5b2480,0x2e00,"      F2FP.F16.F32.PACK_AB R119, R123, R122",,,2368,,,,,,,,,,,,,,,,,,,,,,,,,,,,,,,,,,,,,,,,,75776,75776
0x2b28eb5b2490,0x2e10,"      F2FP.F16.F32.PACK_AB R125, R127, R126",,,2368,,,,,,,,,,,,,,,,,,,,,,,,,,,,,,,,,,,,,,,,,75776,75776
0x2b28eb5b24a0,0x2e20,"      F2FP.F16.F32.PACK_AB R126, R129, R128",,,2368,,,,,,,,,,,,,,,,,,,,,,,,,,,,,,,,,,,,,,,,,75776,75776
0x2b28eb5b24b0,0x2e30,"      STS.128 [R132], R116",4,0,2368,128,4,9472,9472,16,,,,,,,,,,,,,,,,,,,,,,,,,,,,,,,,,,,,75776,75776
0x2b28eb5b24c0,0x2e40,"      F2FP.F16.F32.PACK_AB R127, R131, R130",,,2368,,,,,,,,,,,,,,,,,,,,,,,,,,,,,,,,,,,,,,,,,75776,75776
0x2b28eb5b24d0,0x2e50,"      STS.128 [R3], R124",4,0,2368,128,4,9472,9472,16,,,,,,,,,,,,,,,,,,,,,,,,,,,,,,,,,,,,75776,75776
0x2b28eb5b24e0,0x2e60,      MEMBAR.ALL.CTA,,,2368,,,,,,,,,,,,,,,,,,,,,,,,,,,,,,,,,,,,,,,,,75776,75776
0x2b28eb5b24f0,0x2e70,      FENCE.VIEW.ASYNC.S,,,2368,,,,,,1,0,0,0,0,0,0,0,0,0,0,1,1,0,0,0,0,0,0,0,0,0,0,0,0,0,0,0,0,0,0,0,0,0,0,75776,75776
0x2b28eb5b2500,0x2e80,"      BAR.SYNC.DEFER_BLOCKING R157, 0x80",,,2368,,,,,,,,,,,,,,,,,,,,,,,,,,,,,,,,,,,,,,,,,75776,75776
0x2b28eb5b2510,0x2e90,@P0   BRA 0x2b28eb5b25e0,,,2368,,,,,,1,1,1,0,0,0,0,0,0,0,0,0,0,0,0,0,0,0,0,0,0,0,0,0,0,0,0,0,0,0,0,0,0,0,0,75776,75184
0x2b28eb5b2520,0x2ea0,"      IMAD R153, R153, 0x200, R150",,,592,,,,,,,,,,,,,,,,,,,,,,,,,,,,,,,,,,,,,,,,,592,592
0x2b28eb5b2530,0x2eb0,"      R2UR UR15, R152",,,592,,,,,,,,,,,,,,,,,,,,,,,,,,,,,,,,,,,,,,,,,592,592
0x2b28eb5b2540,0x2ec0,"      IMAD R4, R155, 0x2000, R146",,,592,,,,,,,,,,,,,,,,,,,,,,,,,,,,,,,,,,,,,,,,,592,592
0x2b28eb5b2550,0x2ed0,"      R2UR UR6, R0",,,592,,,,,,,,,,,,,,,,,,,,,,,,,,,,,,,,,,,,,,,,,592,592
0x2b28eb5b2560,0x2ee0,"      R2UR UR14, R153",,,592,,,,,,,,,,,,,,,,,,,,,,,,,,,,,,,,,,,,,,,,,592,592
0x2b28eb5b2570,0x2ef0,"      R2UR UR12, R4",,,592,,,,,,,,,,,,,,,,,,,,,,,,,,,,,,,,,,,,,,,,,592,592
0x2b28eb5b2580,0x2f00,"      ULEA UR15, UR15, 0x2, 0x2",,,592,,,,,,,,,,,,,,,,,,,,,,,,,,,,,,,,,,,,,,,,,592,592
0x2b28eb5b2590,0x2f10,"      ULEA UR14, UR6, UR14, 0x7",,,592,,,,,,,,,,,,,,,,,,,,,,,,,,,,,,,,,,,,,,,,,592,592
0x2b28eb5b25a0,0x2f20,"      UIADD3 UR12, UPT, UPT, UR12, 0x24400, URZ",,,592,,,,,,,,,,,,,,,,,,,,,,,,,,,,,,,,,,,,,,,,,592,592
0x2b28eb5b25b0,0x2f30,"      UTMASTG.3D [UR12], [UR18]",,,592,,,,,20,,,,,,,,,,,,,,,,,,,,,,,,,,,,,,,,,,,,592,592
0x2b28eb5b25c0,0x2f40,      UTMACMDFLUSH,,,592,,,,,,,,,,,,,,,,,,,,,,,,,,,,,,,,,,,,,,,,,592,592
0x2b28eb5b25d0,0x2f50,"      DEPBAR.LE SB0, 0x0",,,592,,,,,,,,,,,,,,,,,,,,,,,,,,,,,,,,,,,,,,,,,592,592
0x2b28eb5b25e0,0x2f60,      BSYNC.RECONVERGENT B1,,,2960,,,,,,1,0,0,0,0,0,0,0,0,0,0,1,1,0,0,0,0,0,0,0,0,0,0,0,0,0,0,0,0,0,0,0,0,0,0,75776,75776
0x2b28eb5b25f0,0x2f70,"      BAR.SYNC.DEFER_BLOCKING R157, 0x80",,,2368,,,,,,,,,,,,,,,,,,,,,,,,,,,,,,,,,,,,,,,,,75776,75776
0x2b28eb5b2600,0x2f80,"      ISETP.GE.U32.AND P1, PT, R154, 0x4a, PT",,,2368,,,,,,,,,,,,,,,,,,,,,,,,,,,,,,,,,,,,,,,,,75776,75776
0x2b28eb5b2610,0x2f90,"      VIADD R154, R154, 0x4a",,,2368,,,,,,,,,,,,,,,,,,,,,,,,,,,,,,,,,,,,,,,,,75776,75776
0x2b28eb5b2620,0x2fa0,"      IADD3 R4, PT, PT, R146, 0x48, R147",,,2368,,,,,,,,,,,,,,,,,,,,,,,,,,,,,,,,,,,,,,,,,75776,75776
0x2b28eb5b2630,0x2fb0,"      LOP3.LUT R148, R148, 0x1, RZ, 0x3c, !PT",,,2368,,,,,,,,,,,,,,,,,,,,,,,,,,,,,,,,,,,,,,,,,75776,75776
0x2b28eb5b2640,0x2fc0,"      PRMT R4, RZ, 0x654, R4",,,2368,,,,,,,,,,,,,,,,,,,,,,,,,,,,,,,,,,,,,,,,,75776,75776
0x2b28eb5b2650,0x2fd0,"      LOP3.LUT R153, R154, 0x3, RZ, 0xc0, !PT",,,2368,,,,,,,,,,,,,,,,,,,,,,,,,,,,,,,,,,,,,,,,,75776,75776
0x2b28eb5b2660,0x2fe0,"      SHF.R.U32.HI R152, RZ, 0x2, R154",,,2368,,,,,,,,,,,,,,,,,,,,,,,,,,,,,,,,,,,,,,,,,75776,75776
0x2b28eb5b2670,0x2ff0,      NOP,,,2368,,,,,,1,1,1,0,0,0,0,0,0,0,0,0,0,0,0,0,0,0,0,0,0,0,0,0,0,0,0,0,0,0,0,0,0,0,0,75776,75776
0x2b28eb5b2680,0x3000,"      SYNCS.ARRIVE.TRANS64.RED.A1T0 RZ, [R4+URZ], RZ",,,2368,,,,,,,,,,,,,,,,,,,,,,,,,,,,,,,,,,,,,,,,,75776,75776
0x2b28eb5b2690,0x3010,@!P1  BRA 0x2b28eb5b1810,,,2368,,,,,,,,,,,,,,,,,,,,,,,,,,,,,,,,,,,,,,,,,75776,37888
0x2b28eb5b26a0,0x3020,      BSYNC B0,,,2072,,,,,,,,,,,,,,,,,,,,,,,,,,,,,,,,,,,,,,,,,56832,56832
0x2b28eb5b26b0,0x3030,"      LDC R2, c[0x0][0x36c]",,,2072,,,,,,,,,,,,,,,,,,,,,,,,,,,,,,,,,,,,,,,,,56832,56832
0x2b28eb5b26c0,0x3040,"      ISETP.EQ.U32.AND P0, PT, R2, 0x1, PT",,,2072,,,,,,,,,,,,,,,,,,,,,,,,,,,,,,,,,,,,,,,,,56832,56832
0x2b28eb5b26d0,0x3050,@!P0  BRA 0x2b28eb5b2750,,,2072,,,,,,,,,,,,,,,,,,,,,,,,,,,,,,,,,,,,,,,,,56832,0
0x2b28eb5b26e0,0x3060,      WARPSYNC.ALL,,,2072,,,,,,874,0,0,1,1,0,0,0,0,0,0,0,0,0,0,0,0,0,0,3,3,0,0,0,0,0,0,0,0,870,864,0,0,0,0,56832,56832
0x2b28eb5b26f0,0x3070,      MEMBAR.ALL.CTA,,,1776,,,,,,118,0,0,100,100,0,0,0,0,0,0,0,0,0,0,0,0,0,0,4,4,0,0,0,0,3,0,0,0,0,0,0,0,11,11,56832,56832
0x2b28eb5b2700,0x3080,      MEMBAR.ALL.GPU,,,1776,,,,,,,,,,,,,,,,,,,,,,,,,,,,,,,,,,,,,,,,,56832,56832
0x2b28eb5b2710,0x3090,      ERRBAR,,,1776,,,,,,6,0,0,0,0,0,0,0,0,0,0,0,0,0,0,5,5,0,0,1,1,0,0,0,0,0,0,0,0,0,0,0,0,0,0,56832,56832
0x2b28eb5b2720,0x30a0,      CGAERRBAR,,,1776,,,,,,,,,,,,,,,,,,,,,,,,,,,,,,,,,,,,,,,,,56832,56832
0x2b28eb5b2730,0x30b0,      UCGABAR_ARV,,,1776,,,,,,,,,,,,,,,,,,,,,,,,,,,,,,,,,,,,,,,,,56832,56832
0x2b28eb5b2740,0x30c0,      BRA 0x2b28eb5b2760,,,1776,,,,,,,,,,,,,,,,,,,,,,,,,,,,,,,,,,,,,,,,,56832,56832
0x2b28eb5b2750,0x30d0,      WARPSYNC.ALL,,,0,,,,,,,,,,,,,,,,,,,,,,,,,,,,,,,,,,,,,,,,,0,0
0x2b28eb5b2760,0x30e0,@!P0  BRA 0x2b28eb5b27a0,,,1776,,,,,,,,,,,,,,,,,,,,,,,,,,,,,,,,,,,,,,,,,56832,0
0x2b28eb5b2770,0x30f0,      UCGABAR_WAIT,,,1776,,,,,,1701,1701,1679,0,0,0,0,0,0,0,0,0,0,0,0,0,0,0,0,0,0,0,0,0,0,0,0,0,0,0,0,0,0,0,0,56832,56832
0x2b28eb5b2780,0x3100,      CCTL.IVALL,,,1776,,,,,,,,,,,,,,,,,,,,,,,,,,,,,,,,,,,,,,,,,56832,56832
0x2b28eb5b2790,0x3110,      BRA 0x2b28eb5b27b0,,,1776,,,,,,,,,,,,,,,,,,,,,,,,,,,,,,,,,,,,,,,,,56832,56832
0x2b28eb5b27a0,0x3120,      BAR.SYNC.DEFER_BLOCKING 0x0,,,0,,,,,,,,,,,,,,,,,,,,,,,,,,,,,,,,,,,,,,,,,0,0
0x2b28eb5b27b0,0x3130,"      LOP3.LUT P0, RZ, R155, 0x3, RZ, 0xc0, !PT",,,1776,,,,,,,,,,,,,,,,,,,,,,,,,,,,,,,,,,,,,,,,,56832,56832
0x2b28eb5b27c0,0x3140,@P0   EXIT,,,1776,,,,,,,,,,,,,,,,,,,,,,,,,,,,,,,,,,,,,,,,,56832,42624
0x2b28eb5b27d0,0x3150,"      ELECT P0, URZ, PT",,,444,,,,,,,,,,,,,,,,,,,,,,,,,,,,,,,,,,,,,,,,,14208,14208
0x2b28eb5b27e0,0x3160,"      MOV R3, 0x40",,,444,,,,,,,,,,,,,,,,,,,,,,,,,,,,,,,,,,,,,,,,,14208,14208
0x2b28eb5b27f0,0x3170,"      IMAD.MOV.U32 R2, RZ, RZ, 0x1",,,444,,,,,,,,,,,,,,,,,,,,,,,,,,,,,,,,,,,,,,,,,14208,14208
0x2b28eb5b2800,0x3180,      UVIRTCOUNT.DEALLOC.SMPOOL 0x80,,,444,,,,,,,,,,,,,,,,,,,,,,,,,,,,,,,,,,,,,,,,,14208,14208
0x2b28eb5b2810,0x3190,"      IMAD.MOV.U32 R5, RZ, RZ, 0xffff",,,444,,,,,,,,,,,,,,,,,,,,,,,,,,,,,,,,,,,,,,,,,14208,14208
0x2b28eb5b2820,0x31a0,"      LEA R6, R0, R3, 0x18",,,444,,,,,,,,,,,,,,,,,,,,,,,,,,,,,,,,,,,,,,,,,14208,14208
0x2b28eb5b2830,0x31b0,"      BSSY.RECONVERGENT B0, 0x2b28eb5b2b10",,,444,,,,,,,,,,,,,,,,,,,,,,,,,,,,,,,,,,,,,,,,,14208,14208
0x2b28eb5b2840,0x31c0,"@P0   PRMT R3, R2, 0x7610, R3",,,444,,,,,,,,,,,,,,,,,,,,,,,,,,,,,,,,,,,,,,,,,14208,444
0x2b28eb5b2850,0x31d0,"@P0   STS.U8 [R6+0x1c], R3",1,0,444,2,4,444,444,16,1,0,0,0,0,0,0,0,0,0,0,0,0,0,0,0,0,0,0,0,0,0,0,0,0,0,0,0,0,0,0,0,0,1,1,14208,444
0x2b28eb5b2860,0x31e0,"      LDS R146, [R146]",1,0,444,32,2,444,444,16,,,,,,,,,,,,,,,,,,,,,,,,,,,,,,,,,,,,14208,14208
0x2b28eb5b2870,0x31f0,      NOP,,,444,,,,,,,,,,,,,,,,,,,,,,,,,,,,,,,,,,,,,,,,,14208,14208
0x2b28eb5b2880,0x3200,"      LDS R2, [R6+0x14]",1,0,444,32,2,444,444,16,,,,,,,,,,,,,,,,,,,,,,,,,,,,,,,,,,,,14208,14208
0x2b28eb5b2890,0x3210,"      IMAD.MOV.U32 R3, RZ, RZ, 0x1",,,444,,,,,,,,,,,,,,,,,,,,,,,,,,,,,,,,,,,,,,,,,14208,14208
0x2b28eb5b28a0,0x3220,"      LOP3.LUT R0, R146, 0xffff, RZ, 0xc0, !PT",,,444,,,,,,,,,,,,,,,,,,,,,,,,,,,,,,,,,,,,,,,,,14208,14208
0x2b28eb5b28b0,0x3230,"      SHF.R.U32.HI R0, RZ, 0x5, R0",,,444,,,,,,,,,,,,,,,,,,,,,,,,,,,,,,,,,,,,,,,,,14208,14208
0x2b28eb5b28c0,0x3240,"      SHF.L.U32 R5, R5, R0, RZ",,,444,,,,,,,,,,,,,,,,,,,,,,,,,,,,,,,,,,,,,,,,,14208,14208
0x2b28eb5b28d0,0x3250,"      SHF.L.U32 R3, R3, R0, RZ",,,444,,,,,,,,,,,,,,,,,,,,,,,,,,,,,,,,,,,,,,,,,14208,14208
0x2b28eb5b28e0,0x3260,"      LOP3.LUT R2, R2, R5, RZ, 0xc0, !PT",,,444,,,,,,,,,,,,,,,,,,,,,,,,,,,,,,,,,,,,,,,,,14208,14208
0x2b28eb5b28f0,0x3270,"      ISETP.NE.AND P0, PT, R2, R5, PT",,,444,,,,,,,,,,,,,,,,,,,,,,,,,,,,,,,,,,,,,,,,,14208,14208
0x2b28eb5b2900,0x3280,@P0   BRA 0x2b28eb5b2ae0,,,444,,,,,,,,,,,,,,,,,,,,,,,,,,,,,,,,,,,,,,,,,14208,0
0x2b28eb5b2910,0x3290,"      LDS R0, [R6+0x18]",1,0,444,32,2,444,444,16,,,,,,,,,,,,,,,,,,,,,,,,,,,,,,,,,,,,14208,14208
0x2b28eb5b2920,0x32a0,"      LOP3.LUT R0, R0, R3, RZ, 0xc0, !PT",,,444,,,,,,,,,,,,,,,,,,,,,,,,,,,,,,,,,,,,,,,,,14208,14208
0x2b28eb5b2930,0x32b0,"      ISETP.NE.AND P0, PT, R0, R3, PT",,,444,,,,,,,,,,,,,,,,,,,,,,,,,,,,,,,,,,,,,,,,,14208,14208
0x2b28eb5b2940,0x32c0,@P0   BRA 0x2b28eb5b2ab0,,,444,,,,,,,,,,,,,,,,,,,,,,,,,,,,,,,,,,,,,,,,,14208,0
0x2b28eb5b2950,0x32d0,"      ELECT P0, URZ, PT",,,444,,,,,,,,,,,,,,,,,,,,,,,,,,,,,,,,,,,,,,,,,14208,14208
0x2b28eb5b2960,0x32e0,"      PLOP3.LUT P1, PT, PT, PT, PT, 0x8, 0x80",,,444,,,,,,,,,,,,,,,,,,,,,,,,,,,,,,,,,,,,,,,,,14208,14208
0x2b28eb5b2970,0x32f0,"      LOP3.LUT R0, RZ, R5, RZ, 0x33, !PT",,,444,,,,,,,,,,,,,,,,,,,,,,,,,,,,,,,,,,,,,,,,,14208,14208
0x2b28eb5b2980,0x3300,"      LOP3.LUT R2, RZ, R3, RZ, 0x33, !PT",,,444,,,,,,,,,,,,,,,,,,,,,,,,,,,,,,,,,,,,,,,,,14208,14208
0x2b28eb5b2990,0x3310,"      VOTEU.ANY UP0, P0",,,444,,,,,,,,,,,,,,,,,,,,,,,,,,,,,,,,,,,,,,,,,14208,14208
0x2b28eb5b29a0,0x3320,"@P0   ELECT P1, URZ, PT",,,444,,,,,,,,,,,,,,,,,,,,,,,,,,,,,,,,,,,,,,,,,14208,444
0x2b28eb5b29b0,0x3330,"@P1   R2UR.BROADCAST UR4, R0",,,444,,,,,,1,0,0,0,0,0,0,0,0,0,0,0,0,0,0,0,0,0,0,0,0,0,0,0,0,0,0,0,0,0,0,0,0,1,1,14208,444
0x2b28eb5b29c0,0x3340,"@P1   PLOP3.LUT P0, PT, P1, PT, PT, 0x8, 0x80",,,444,,,,,,,,,,,,,,,,,,,,,,,,,,,,,,,,,,,,,,,,,14208,444
0x2b28eb5b29d0,0x3350,"@UP0  UTCATOMSWS.AND URZ, UR4",,,444,,,,,,1,0,0,0,0,0,0,0,0,0,0,0,0,0,0,0,0,0,0,0,0,0,0,0,0,0,0,0,0,0,0,0,0,1,0,14208,14208
0x2b28eb5b29e0,0x3360,"      PLOP3.LUT P1, PT, PT, PT, PT, 0x8, 0x80",,,444,,,,,,,,,,,,,,,,,,,,,,,,,,,,,,,,,,,,,,,,,14208,14208
0x2b28eb5b29f0,0x3370,@P0   BRA.U.ANY 0x2b28eb5b29a0,,,444,,,,,,,,,,,,,,,,,,,,,,,,,,,,,,,,,,,,,,,,,14208,0
0x2b28eb5b2a00,0x3380,"      S2R R3, SR_LANEID",,,444,,,,,,1,0,0,0,0,0,0,0,0,0,0,0,0,0,0,0,0,0,0,0,0,0,0,0,0,0,0,0,0,0,0,0,0,1,1,14208,14208
0x2b28eb5b2a10,0x3390,"      REDUX UR5, R0",,,444,,,,,,,,,,,,,,,,,,,,,,,,,,,,,,,,,,,,,,,,,14208,14208
0x2b28eb5b2a20,0x33a0,"      VOTEU.ANY UR4, UPT, PT",,,444,,,,,,,,,,,,,,,,,,,,,,,,,,,,,,,,,,,,,,,,,14208,14208
0x2b28eb5b2a30,0x33b0,"      UFLO.U32 UR4, UR4",,,444,,,,,,,,,,,,,,,,,,,,,,,,,,,,,,,,,,,,,,,,,14208,14208
0x2b28eb5b2a40,0x33c0,"      REDUX UR6, R2",,,444,,,,,,,,,,,,,,,,,,,,,,,,,,,,,,,,,,,,,,,,,14208,14208
0x2b28eb5b2a50,0x33d0,"      ISETP.EQ.U32.AND P0, PT, R3, UR4, PT",,,444,,,,,,,,,,,,,,,,,,,,,,,,,,,,,,,,,,,,,,,,,14208,14208
0x2b28eb5b2a60,0x33e0,"      IMAD.U32 R3, RZ, RZ, UR5",,,444,,,,,,1,0,0,0,0,0,0,0,0,0,0,0,0,0,0,0,0,0,0,0,0,0,0,0,0,0,0,1,1,0,0,0,0,0,0,14208,14208
0x2b28eb5b2a70,0x33f0,"      IMAD.U32 R4, RZ, RZ, UR6",,,444,,,,,,,,,,,,,,,,,,,,,,,,,,,,,,,,,,,,,,,,,14208,14208
0x2b28eb5b2a80,0x3400,"@P0   ATOMS.AND RZ, [R6+0x14], R3",1,0,444,32,8,444,444,16,,,,,,,,,,,,,,,,,,,,,,,,,,,,,,,,,,,,14208,444
0x2b28eb5b2a90,0x3410,"@P0   ATOMS.AND RZ, [R6+0x18], R4",1,0,444,32,8,444,444,16,,,,,,,,,,,,,,,,,,,,,,,,,,,,,,,,,,,,14208,444
0x2b28eb5b2aa0,0x3420,      BRA 0x2b28eb5b2b00,,,444,,,,,,,,,,,,,,,,,,,,,,,,,,,,,,,,,,,,,,,,,14208,14208
0x2b28eb5b2ab0,0x3430,"      MOV R2, 0x3450",,,0,,,,,,,,,,,,,,,,,,,,,,,,,,,,,,,,,,,,,,,,,0,0
0x2b28eb5b2ac0,0x3440,      CALL.REL.NOINC 0x2b28eb5b2e70,,,0,,,,,,,,,,,,,,,,,,,,,,,,,,,,,,,,,,,,,,,,,0,0
0x2b28eb5b2ad0,0x3450,      BRA 0x2b28eb5b2b00,,,0,,,,,,,,,,,,,,,,,,,,,,,,,,,,,,,,,,,,,,,,,0,0
0x2b28eb5b2ae0,0x3460,"      MOV R2, 0x3480",,,0,,,,,,,,,,,,,,,,,,,,,,,,,,,,,,,,,,,,,,,,,0,0
0x2b28eb5b2af0,0x3470,      CALL.REL.NOINC 0x2b28eb5b2ed0,,,0,,,,,,,,,,,,,,,,,,,,,,,,,,,,,,,,,,,,,,,,,0,0
0x2b28eb5b2b00,0x3480,      BSYNC.RECONVERGENT B0,,,444,,,,,,,,,,,,,,,,,,,,,,,,,,,,,,,,,,,,,,,,,14208,14208
0x2b28eb5b2b10,0x3490,      NOP,,,444,,,,,,,,,,,,,,,,,,,,,,,,,,,,,,,,,,,,,,,,,14208,14208
0x2b28eb5b2b20,0x34a0,      EXIT,,,444,,,,,,,,,,,,,,,,,,,,,,,,,,,,,,,,,,,,,,,,,14208,14208
0x2b28eb5b2b30,0x34b0,"      IMAD.U32 R3, RZ, RZ, UR6",,,0,,,,,,,,,,,,,,,,,,,,,,,,,,,,,,,,,,,,,,,,,0,0
0x2b28eb5b2b40,0x34c0,"      SYNCS.PHASECHK.TRANS64.TRYWAIT P0, [R3+URZ+0x8], R2",,,0,,,,,,,,,,,,,,,,,,,,,,,,,,,,,,,,,,,,,,,,,0,0
0x2b28eb5b2b50,0x34d0,@!P0  NANOSLEEP.SYNCS 0x989680,,,0,,,,,,,,,,,,,,,,,,,,,,,,,,,,,,,,,,,,,,,,,0,0
0x2b28eb5b2b60,0x34e0,"@!P0  SYNCS.PHASECHK.TRANS64 P0, [R3+URZ+0x8], R2",,,0,,,,,,,,,,,,,,,,,,,,,,,,,,,,,,,,,,,,,,,,,0,0
0x2b28eb5b2b70,0x34f0,@!P0  BRA 0x2b28eb5b2b30,,,0,,,,,,,,,,,,,,,,,,,,,,,,,,,,,,,,,,,,,,,,,0,0
0x2b28eb5b2b80,0x3500,      BRA 0x2b28eb5afb80,,,0,,,,,,,,,,,,,,,,,,,,,,,,,,,,,,,,,,,,,,,,,0,0
0x2b28eb5b2b90,0x3510,"      IMAD.U32 R3, RZ, RZ, UR6",,,69,,,,,,,,,,,,,,,,,,,,,,,,,,,,,,,,,,,,,,,,,69,69
0x2b28eb5b2ba0,0x3520,"      SYNCS.PHASECHK.TRANS64.TRYWAIT P0, [R3+URZ+0x8], R0",,,69,,,,,,,,,,,,,,,,,,,,,,,,,,,,,,,,,,,,,,,,,69,69
0x2b28eb5b2bb0,0x3530,@!P0  NANOSLEEP.SYNCS 0x989680,,,69,,,,,,,,,,,,,,,,,,,,,,,,,,,,,,,,,,,,,,,,,69,68
0x2b28eb5b2bc0,0x3540,"@!P0  SYNCS.PHASECHK.TRANS64 P0, [R3+URZ+0x8], R0",,,69,,,,,,,,,,,,,,,,,,,,,,,,,,,,,,,,,,,,,,,,,69,68
0x2b28eb5b2bd0,0x3550,@!P0  BRA 0x2b28eb5b2b90,,,69,,,,,,,,,,,,,,,,,,,,,,,,,,,,,,,,,,,,,,,,,69,0
0x2b28eb5b2be0,0x3560,      BRA 0x2b28eb5afd30,,,69,,,,,,,,,,,,,,,,,,,,,,,,,,,,,,,,,,,,,,,,,69,69
0x2b28eb5b2bf0,0x3570,"      SYNCS.PHASECHK.TRANS64.TRYWAIT P1, [R8+URZ+0x20], R7",,,56,,,,,,3,0,0,3,3,0,0,0,0,0,0,0,0,0,0,0,0,0,0,0,0,0,0,0,0,0,0,0,0,0,0,0,0,0,0,56,56
0x2b28eb5b2c00,0x3580,@!P1  NANOSLEEP.SYNCS 0x989680,,,56,,,,,,6,0,0,0,0,0,0,0,0,0,0,6,6,0,0,0,0,0,0,0,0,0,0,0,0,0,0,0,0,0,0,0,0,0,0,56,3
0x2b28eb5b2c10,0x3590,"@!P1  SYNCS.PHASECHK.TRANS64 P1, [R8+URZ+0x20], R7",,,56,,,,,,10,0,0,2,2,0,0,0,0,0,0,0,0,0,0,0,0,0,0,0,0,0,0,0,0,0,0,0,0,6,6,0,0,2,2,56,3
0x2b28eb5b2c20,0x35a0,@!P1  BRA 0x2b28eb5b2bf0,,,56,,,,,,12,0,0,0,0,0,0,0,0,0,0,12,12,0,0,0,0,0,0,0,0,0,0,0,0,0,0,0,0,0,0,0,0,0,0,56,0
0x2b28eb5b2c30,0x35b0,      BRA 0x2b28eb5b0180,,,56,,,,,,1,0,0,0,0,0,0,0,0,0,0,0,0,0,0,0,0,0,0,0,0,0,0,0,0,0,0,0,0,0,0,0,0,1,1,56,56
0x2b28eb5b2c40,0x35c0,"      SYNCS.PHASECHK.TRANS64.TRYWAIT P0, [R6+URZ+0x20], R15",,,9087,,,,,,6,0,0,1,1,0,0,0,0,0,0,0,0,0,0,0,0,0,0,0,0,2,2,0,0,2,0,0,0,0,0,0,0,1,1,9087,9087
0x2b28eb5b2c50,0x35d0,@!P0  NANOSLEEP.SYNCS 0x989680,,,9087,,,,,,7,0,0,0,0,0,0,0,0,0,0,7,7,0,0,0,0,0,0,0,0,0,0,0,0,0,0,0,0,0,0,0,0,0,0,9087,8655
0x2b28eb5b2c60,0x35e0,"@!P0  SYNCS.PHASECHK.TRANS64 P0, [R6+URZ+0x20], R15",,,9087,,,,,,14,0,0,5,5,0,0,0,0,0,0,0,0,0,0,0,0,0,0,0,0,0,0,0,0,0,0,0,0,9,9,0,0,0,0,9087,8655
0x2b28eb5b2c70,0x35f0,@!P0  BRA 0x2b28eb5b2c40,,,9087,,,,,,9,0,0,0,0,0,0,0,0,0,0,9,9,0,0,0,0,0,0,0,0,0,0,0,0,0,0,0,0,0,0,0,0,0,0,9087,55
0x2b28eb5b2c80,0x3600,      BRA 0x2b28eb5b0440,,,9032,,,,,,,,,,,,,,,,,,,,,,,,,,,,,,,,,,,,,,,,,9032,9032
0x2b28eb5b2c90,0x3610,"      SYNCS.PHASECHK.TRANS64.TRYWAIT P1, [R6+URZ+0x20], R15",,,7546,,,,,,2,0,0,1,1,0,0,0,0,0,0,0,0,0,0,0,0,0,0,0,0,1,1,0,0,0,0,0,0,0,0,0,0,0,0,7546,7546
0x2b28eb5b2ca0,0x3620,@!P1  NANOSLEEP.SYNCS 0x989680,,,7546,,,,,,17,0,0,0,0,0,0,0,0,0,0,16,16,0,0,0,0,0,0,0,0,0,0,0,0,1,0,0,0,0,0,0,0,0,0,7546,5224
0x2b28eb5b2cb0,0x3630,"@!P1  SYNCS.PHASECHK.TRANS64 P1, [R6+URZ+0x20], R15",,,7546,,,,,,13,0,0,1,1,0,0,0,0,0,0,0,0,0,0,0,0,0,0,0,0,0,0,0,0,1,0,0,0,9,9,0,0,2,2,7546,5224
0x2b28eb5b2cc0,0x3640,@!P1  BRA 0x2b28eb5b2c90,,,7546,,,,,,7,0,0,0,0,0,0,0,0,0,0,7,7,0,0,0,0,0,0,0,0,0,0,0,0,0,0,0,0,0,0,0,0,0,0,7546,3
0x2b28eb5b2cd0,0x3650,      BRA 0x2b28eb5b06d0,,,7543,,,,,,,,,,,,,,,,,,,,,,,,,,,,,,,,,,,,,,,,,7543,7543
0x2b28eb5b2ce0,0x3660,"      SYNCS.PHASECHK.TRANS64.TRYWAIT P0, [R6+URZ+0x20], R11",,,9665,,,,,,2,0,0,1,1,0,0,0,0,0,0,0,0,0,0,0,0,0,0,0,0,1,1,0,0,0,0,0,0,0,0,0,0,0,0,9665,9665
0x2b28eb5b2cf0,0x3670,@!P0  NANOSLEEP.SYNCS 0x989680,,,9665,,,,,,12,0,0,0,0,0,0,0,0,0,0,12,12,0,0,0,0,0,0,0,0,0,0,0,0,0,0,0,0,0,0,0,0,0,0,9665,9641
0x2b28eb5b2d00,0x3680,"@!P0  SYNCS.PHASECHK.TRANS64 P0, [R6+URZ+0x20], R11",,,9665,,,,,,10,0,0,1,1,0,0,0,0,0,0,0,0,0,0,0,0,0,0,0,0,0,0,0,0,0,0,0,0,9,9,0,0,0,0,9665,9641
0x2b28eb5b2d10,0x3690,@!P0  BRA 0x2b28eb5b2ce0,,,9665,,,,,,7,0,0,0,0,0,0,0,0,0,0,7,7,0,0,0,0,0,0,0,0,0,0,0,0,0,0,0,0,0,0,0,0,0,0,9665,326
0x2b28eb5b2d20,0x36a0,      BRA 0x2b28eb5b0900,,,9339,,,,,,1,0,0,0,0,0,0,0,0,0,0,0,0,0,0,0,0,0,0,0,0,0,0,0,0,0,0,0,0,0,0,0,0,1,1,9339,9339
0x2b28eb5b2d30,0x36b0,"      SYNCS.PHASECHK.TRANS64.TRYWAIT P0, [R24+URZ+0x48], R5",,,673,,,,,,1,0,0,1,1,0,0,0,0,0,0,0,0,0,0,0,0,0,0,0,0,0,0,0,0,0,0,0,0,0,0,0,0,0,0,673,673
0x2b28eb5b2d40,0x36c0,@!P0  NANOSLEEP.SYNCS 0x989680,,,673,,,,,,2,0,0,0,0,0,0,0,0,0,0,2,1,0,0,0,0,0,0,0,0,0,0,0,0,0,0,0,0,0,0,0,0,0,0,673,670
0x2b28eb5b2d50,0x36d0,"@!P0  SYNCS.PHASECHK.TRANS64 P0, [R24+URZ+0x48], R5",,,673,,,,,,3,0,0,2,2,0,0,0,0,0,0,0,0,0,0,0,0,0,0,0,0,0,0,0,0,0,0,0,0,1,1,0,0,0,0,673,670
0x2b28eb5b2d60,0x36e0,@!P0  BRA 0x2b28eb5b2d30,,,673,,,,,,1,0,0,0,0,0,0,0,0,0,0,1,1,0,0,0,0,0,0,0,0,0,0,0,0,0,0,0,0,0,0,0,0,0,0,673,525
0x2b28eb5b2d70,0x36f0,      BRA 0x2b28eb5b0d10,,,148,,,,,,,,,,,,,,,,,,,,,,,,,,,,,,,,,,,,,,,,,148,148
0x2b28eb5b2d80,0x3700,"      SYNCS.PHASECHK.TRANS64.TRYWAIT P0, [R2+URZ+0x8], R5",,,2321,,,,,,1,0,0,1,1,0,0,0,0,0,0,0,0,0,0,0,0,0,0,0,0,0,0,0,0,0,0,0,0,0,0,0,0,0,0,2321,2321
0x2b28eb5b2d90,0x3710,@!P0  NANOSLEEP.SYNCS 0x989680,,,2321,,,,,,21,0,0,0,0,0,0,0,0,0,0,21,21,0,0,0,0,0,0,0,0,0,0,0,0,0,0,0,0,0,0,0,0,0,0,2321,1877
0x2b28eb5b2da0,0x3720,"@!P0  SYNCS.PHASECHK.TRANS64 P0, [R2+URZ+0x8], R5",,,2321,,,,,,21,0,0,3,3,0,0,0,0,0,0,0,0,0,0,0,0,0,0,0,0,0,0,0,0,0,0,0,0,16,16,0,0,2,2,2321,1877
0x2b28eb5b2db0,0x3730,@!P0  BRA 0x2b28eb5b2d80,,,2321,,,,,,21,0,0,0,0,0,0,0,0,0,0,19,19,0,0,0,0,0,0,0,0,0,0,0,0,1,0,0,0,0,0,0,0,1,1,2321,3
0x2b28eb5b2dc0,0x3740,      BRA 0x2b28eb5b0da0,,,2318,,,,,,3,0,0,0,0,0,0,0,0,0,0,0,0,0,0,0,0,0,0,0,0,0,0,0,0,0,0,0,0,0,0,0,0,3,3,2318,2318
0x2b28eb5b2dd0,0x3750,"      SYNCS.PHASECHK.TRANS64.TRYWAIT P0, [R23+URZ+0x8], R26",,,1718,,,,,,6,0,0,1,1,0,0,0,0,0,0,0,0,0,0,0,0,0,0,0,0,2,2,0,0,0,0,0,0,0,0,0,0,3,3,1718,1718
0x2b28eb5b2de0,0x3760,@!P0  NANOSLEEP.SYNCS 0x989680,,,1718,,,,,,34,0,0,0,0,0,0,0,0,0,0,31,31,0,0,0,0,0,0,0,0,0,0,0,0,1,0,2,2,0,0,0,0,0,0,1718,270
0x2b28eb5b2df0,0x3770,"@!P0  SYNCS.PHASECHK.TRANS64 P0, [R23+URZ+0x8], R26",,,1718,,,,,,30,0,0,14,14,0,0,0,0,0,0,0,0,0,0,0,0,0,0,0,0,0,0,0,0,1,0,0,0,13,13,0,0,2,2,1718,270
0x2b28eb5b2e00,0x3780,@!P0  BRA 0x2b28eb5b2dd0,,,1718,,,,,,19,0,0,0,0,0,0,0,0,0,0,17,17,0,0,0,0,0,0,0,0,0,0,0,0,2,0,0,0,0,0,0,0,0,0,1718,0
0x2b28eb5b2e10,0x3790,      BRA 0x2b28eb5b1170,,,1718,,,,,,1,0,0,0,0,0,0,0,0,0,0,0,0,0,0,0,0,0,0,0,0,0,0,0,0,0,0,0,0,0,0,0,0,1,1,1718,1718
0x2b28eb5b2e20,0x37a0,"      SYNCS.PHASECHK.TRANS64.TRYWAIT P1, [R4+URZ+0x38], R5",,,1337110,,,,,,3,0,0,1,1,0,0,0,0,0,0,0,0,0,0,0,0,0,0,0,0,1,1,0,0,0,0,0,0,0,0,0,0,1,1,42787520,42787520
0x2b28eb5b2e30,0x37b0,@!P1  NANOSLEEP.SYNCS 0x989680,,,1337110,,,,,,6485,0,0,0,0,0,0,0,0,0,0,6478,6298,0,0,0,0,0,0,0,0,0,0,1,0,4,0,0,0,0,0,0,0,2,2,42787520,42723616
0x2b28eb5b2e40,0x37c0,"@!P1  SYNCS.PHASECHK.TRANS64 P1, [R4+URZ+0x38], R5",,,1337110,,,,,,47,0,0,40,38,0,0,0,0,0,0,0,0,0,0,0,0,0,0,1,1,2,2,0,0,3,0,0,0,0,0,0,0,1,1,42787520,42723616
0x2b28eb5b2e50,0x37d0,@!P1  BRA 0x2b28eb5b2e20,,,1337110,,,,,,32,0,0,0,0,0,0,0,0,0,0,29,29,0,0,0,0,0,0,0,0,0,0,0,0,2,0,0,0,0,0,0,0,1,1,42787520,42711744
0x2b28eb5b2e60,0x37e0,      BRA 0x2b28eb5b1860,,,2368,,,,,,4,0,0,0,0,0,0,0,0,0,0,0,0,0,0,0,0,0,0,0,0,0,0,0,0,1,0,0,0,0,0,0,0,3,3,75776,75776
0x2b28eb5b2e70,0x37f0,      BPT.TRAP 0x1,,,0,,,,,,,,,,,,,,,,,,,,,,,,,,,,,,,,,,,,,,,,,0,0
0x2b28eb5b2e80,0x3800,"      IMAD.MOV.U32 R3, RZ, RZ, 0x0",,,0,,,,,,,,,,,,,,,,,,,,,,,,,,,,,,,,,,,,,,,,,0,0
0x2b28eb5b2e90,0x3810,"      RET.REL.NODEC R2, 0x2b28eb5af680",,,0,,,,,,,,,,,,,,,,,,,,,,,,,,,,,,,,,,,,,,,,,0,0
0x2b28eb5b2ea0,0x3820,      BPT.TRAP 0x1,,,0,,,,,,,,,,,,,,,,,,,,,,,,,,,,,,,,,,,,,,,,,0,0
0x2b28eb5b2eb0,0x3830,"      IMAD.MOV.U32 R3, RZ, RZ, 0x0",,,0,,,,,,,,,,,,,,,,,,,,,,,,,,,,,,,,,,,,,,,,,0,0
0x2b28eb5b2ec0,0x3840,"      RET.REL.NODEC R2, 0x2b28eb5af680",,,0,,,,,,,,,,,,,,,,,,,,,,,,,,,,,,,,,,,,,,,,,0,0
0x2b28eb5b2ed0,0x3850,      BPT.TRAP 0x1,,,0,,,,,,,,,,,,,,,,,,,,,,,,,,,,,,,,,,,,,,,,,0,0
0x2b28eb5b2ee0,0x3860,"      IMAD.MOV.U32 R3, RZ, RZ, 0x0",,,0,,,,,,,,,,,,,,,,,,,,,,,,,,,,,,,,,,,,,,,,,0,0
0x2b28eb5b2ef0,0x3870,"      RET.REL.NODEC R2, 0x2b28eb5af680",,,0,,,,,,,,,,,,,,,,,,,,,,,,,,,,,,,,,,,,,,,,,0,0
0x2b28eb5b2f00,0x3880,      BRA `(.L_x_0) 0x2b28eb5b2f00,,,,,,,,,,,,,,,,,,,,,,,,,,,,,,,,,,,,,,,,,,,,,
0x2b28eb5b2f10,0x3890,      NOP,,,0,,,,,,,,,,,,,,,,,,,,,,,,,,,,,,,,,,,,,,,,,0,0
0x2b28eb5b2f20,0x38a0,      NOP,,,0,,,,,,,,,,,,,,,,,,,,,,,,,,,,,,,,,,,,,,,,,0,0
0x2b28eb5b2f30,0x38b0,      NOP,,,0,,,,,,,,,,,,,,,,,,,,,,,,,,,,,,,,,,,,,,,,,0,0
0x2b28eb5b2f40,0x38c0,      NOP,,,0,,,,,,,,,,,,,,,,,,,,,,,,,,,,,,,,,,,,,,,,,0,0
0x2b28eb5b2f50,0x38d0,      NOP,,,0,,,,,,,,,,,,,,,,,,,,,,,,,,,,,,,,,,,,,,,,,0,0
0x2b28eb5b2f60,0x38e0,      NOP,,,0,,,,,,,,,,,,,,,,,,,,,,,,,,,,,,,,,,,,,,,,,0,0
0x2b28eb5b2f70,0x38f0,      NOP,,,0,,,,,,,,,,,,,,,,,,,,,,,,,,,,,,,,,,,,,,,,,0,0
0x2b28eb5b2f80,0x3900,      NOP,,,0,,,,,,,,,,,,,,,,,,,,,,,,,,,,,,,,,,,,,,,,,0,0
0x2b28eb5b2f90,0x3910,      NOP,,,0,,,,,,,,,,,,,,,,,,,,,,,,,,,,,,,,,,,,,,,,,0,0
0x2b28eb5b2fa0,0x3920,      NOP,,,0,,,,,,,,,,,,,,,,,,,,,,,,,,,,,,,,,,,,,,,,,0,0
0x2b28eb5b2fb0,0x3930,      NOP,,,0,,,,,,,,,,,,,,,,,,,,,,,,,,,,,,,,,,,,,,,,,0,0
0x2b28eb5b2fc0,0x3940,      NOP,,,0,,,,,,,,,,,,,,,,,,,,,,,,,,,,,,,,,,,,,,,,,0,0
0x2b28eb5b2fd0,0x3950,      NOP,,,0,,,,,,,,,,,,,,,,,,,,,,,,,,,,,,,,,,,,,,,,,0,0
0x2b28eb5b2fe0,0x3960,      NOP,,,0,,,,,,,,,,,,,,,,,,,,,,,,,,,,,,,,,,,,,,,,,0,0
0x2b28eb5b2ff0,0x3970,      NOP,,,0,,,,,,,,,,,,,,,,,,,,,,,,,,,,,,,,,,,,,,,,,0,0
0x2b28eb5b3000,0x3980,,,,,,,,,,4,0,0,1,1,0,0,0,0,0,0,0,0,0,0,0,0,0,0,0,0,0,0,0,0,0,0,0,0,0,0,0,0,3,3,,
0x2b28eb5b3050,0x39d0,,,,,,,,,,1,0,0,0,0,0,0,0,0,0,0,0,0,0,0,0,0,0,0,0,0,0,0,0,0,1,0,0,0,0,0,0,0,0,0,,
0x2b28eb5b30a0,0x3a20,,,,,,,,,,1,0,0,0,0,0,0,0,0,0,0,1,1,0,0,0,0,0,0,0,0,0,0,0,0,0,0,0,0,0,0,0,0,0,0,,
0x2b28eb5b3100,0x3a80,,,,,,,,,,3,0,0,0,0,0,0,0,0,0,0,0,0,0,0,0,0,0,0,0,0,0,0,0,0,0,0,3,3,0,0,0,0,0,0,,
0x2b28eb5b3310,0x3c90,,,,,,,,,,1,0,0,0,0,0,0,0,0,0,0,0,0,0,0,0,0,0,0,0,0,1,1,0,0,0,0,0,0,0,0,0,0,0,0,,
0x2b28eb5b3320,0x3ca0,,,,,,,,,,2,0,0,1,1,0,0,0,0,0,0,0,0,0,0,0,0,0,0,0,0,0,0,0,0,0,0,0,0,0,0,0,0,1,1,,
0x2b28eb5b3380,0x3d00,,,,,,,,,,2,0,0,0,0,0,0,0,0,0,0,0,0,0,0,0,0,0,0,0,0,2,2,0,0,0,0,0,0,0,0,0,0,0,0,,
0x2b28eb5b33a0,0x3d20,,,,,,,,,,7,0,0,6,6,0,0,0,0,0,0,0,0,0,0,0,0,0,0,0,0,0,0,0,0,0,0,0,0,0,0,0,0,1,1,,
