------------------ ----------------------------------------------------------------------------- ------ ------ ------ ------ -------- -------- ------ ------ ------ ------ ------ ------------- ---------- ------ ------ ------ ------ ------ ------ ------ ------ ------ ------ ------ ------ ------ ------ ------ ------ ------ ------ ------ ------ ------ ------ ------ ------ ------ ------ ------ ------ ------ ------ ------ ------ ------ ------ ------ ------ ------ ------ ------ ------ ------ ------ ------ ------ ------ ------ ------ ------ ------ ------
Kernel Name        gemm_pipeline(const __nv_bfloat16 *, const __nv_bfloat16 *,                                                                                                                                                                                                                                                                                                                                                                                                                                                                                          
                   float *, int, int, int, CUtensorMap_st, CUtensorMap_st)                                                                                                                                                                                                                                                                                                                                                                                                                                                                                              
------------------ ----------------------------------------------------------------------------- ------ ------ ------ ------ -------- -------- ------ ------ ------ ------ ------ ------------- ---------- ------ ------ ------ ------ ------ ------ ------ ------ ------ ------ ------ ------ ------ ------ ------ ------ ------ ------ ------ ------ ------ ------ ------ ------ ------ ------ ------ ------ ------ ------ ------ ------ ------ ------ ------ ------ ------ ------ ------ ------ ------ ------ ------ ------ ------ ------ ------ ------ ------ ------
Address            Source                                                                        Warp S Warp S # Samp Instru Thread   Predic   Avg. T Avg. P Deriva Avg. P Diverg Addres        Access     Access L1 Tag L1 Con L1 Wav L1 Wav L1 Wav L2 The L2 The L2 The L2 Exp L2 Exp L2 Exp L2 Exp L2 Exp L2 Exp L2 Exp stall_ stall_ stall_ stall_ stall_ stall_ stall_ stall_ stall_ stall_ stall_ stall_ stall_ stall_ stall_ stall_ stall_ stall_ stall_ stall_ stall_ stall_ stall_ stall_ stall_ stall_ stall_ stall_ stall_ stall_ stall_ stall_ stall_ stall_
                                                                                                 tall S tall S les    ctions  Instr   ated-O   hreads redica tive A redica ent Br s Spac         Opera      Size   Reque flicts efront efront efront oretic oretic oretic licit  licit  licit  licit  licit  licit  licit  barrie branch dispat drain  lg     long_s math   membar mio    misc   no_ins not_se select short_ sleep  tex    wait   barrie branch dispat drain  lg (No long_s math ( membar mio (N misc ( no_ins not_se select short_ sleepi tex (N wait (
                                                                                                 amplin amplin         Execu uction   n Thre    Execu ted-On vg. Pr ted-On anches e             tion              sts Gl  Share s Shar s Shar s Shar al Sec al Sec al Sec Evict  Hit Po Hit Po Hit Po Hit Po Miss P Miss P r      _resol ch                   b                                  t      lected ed     sb                          r (Not _resol ch (No (Not I t Issu b (Not Not Is  (Not  ot Iss Not Is t (Not lected ed (No sb (No ng (No ot Iss Not Is
                                                                                                 g (All g (Not        ted    s Exec   ad Ins   ted     Threa edicat  Threa                                        obal   d N-Wa ed Exc ed     ed Ide tors G tors G tors G Polici licy E licy E licy E licy E olicy  olicy         ving                                                                                                             Issue ving ( t Issu ssued) ed)     Issue sued)  Issued ued)   sued)   Issue  (Not  t Issu t Issu t Issu ued)   sued) 
                                                                                                  Sampl -issue               uted     tructi          ds Exe ed-On  ds Une                                               y      essive        al     lobal  lobal  lobal  es     vict F vict L vict N vict N Evict  Evict                                                                                                                         d)     Not Is ed)                  d)            )                    d)     Issued ed)    ed)    ed)                 
                                                                                                 es)    d Samp                        ons Ex          cuted  Thread xecute                                                                           Excess        Ideal         irst   ast    ormal  ormal  First  Normal                                                                                                                               sued)                                                                 )                                        
                                                                                                        les)                          ecuted                 s Exec d                                                                                ive                                              Demote                                                                                                                                                                                                                                                            
                                                                                                                                                             uted                                                                                                                                                                                                                                                                                                                                                                                                       
0x2af5515ac000           LDC R1, c[0x0][0x37c]                                                   5      5      5      8192   262144   262144   32     32     0      0      0      -             -          -      0      0      0      0      0      0      0      0      -      0      0      0      0      0      0      0      0      0      0      0      0      0      0      0      0      0      0      0      0      0      0      5      0      0      0      0      0      0      0      0      0      0      0      0      0      0      0      0      5     
0x2af5515ac010           S2R R14, SR_TID.X                                                       0      0      0      8192   262144   262144   32     32     0      0      0      -             -          -      0      0      0      0      0      0      0      0      -      0      0      0      0      0      0      0      0      0      0      0      0      0      0      0      0      0      0      0      0      0      0      0      0      0      0      0      0      0      0      0      0      0      0      0      0      0      0      0      0     
0x2af5515ac020           LDCU.64 UR16, c[0x0][0x358]                                             0      0      0      8192   262144   262144   32     32     0      0      0      -             -          -      0      0      0      0      0      0      0      0      -      0      0      0      0      0      0      0      0      0      0      0      0      0      0      0      0      0      0      0      0      0      0      0      0      0      0      0      0      0      0      0      0      0      0      0      0      0      0      0      0     
0x2af5515ac030           BSSY.RECONVERGENT B0, 0x2af5515ac1a0                                    1      0      1      8192   262144   262144   32     32     0      0      0      -             -          -      0      0      0      0      0      0      0      0      -      0      0      0      0      0      0      0      0      0      0      0      0      0      0      0      0      0      0      1      0      0      0      0      0      0      0      0      0      0      0      0      0      0      0      0      0      0      0      0      0     
0x2af5515ac040           ISETP.NE.AND P0, PT, R14, RZ, PT                                        4      2      4      8192   262144   262144   32     32     0      0      0      -             -          -      0      0      0      0      0      0      0      0      -      0      0      0      0      0      0      0      0      0      0      0      0      0      0      0      0      0      0      0      4      0      0      0      0      0      0      0      0      0      0      0      0      0      0      0      0      2      0      0      0     
0x2af5515ac050           ISETP.GT.U32.AND P1, PT, R14, 0x1f, PT                                  0      0      0      8192   262144   262144   32     32     0      0      0      -             -          -      0      0      0      0      0      0      0      0      -      0      0      0      0      0      0      0      0      0      0      0      0      0      0      0      0      0      0      0      0      0      0      0      0      0      0      0      0      0      0      0      0      0      0      0      0      0      0      0      0     
0x2af5515ac060     @P0   BRA 0x2af5515ac190                                                      2      2      2      8192   262144   260096   32     31     1      1      2048   -             -          -      0      0      0      0      0      0      0      0      -      0      0      0      0      0      0      0      0      0      0      0      0      0      0      0      0      0      0      0      0      0      0      2      0      0      0      0      0      0      0      0      0      0      0      0      0      0      0      0      2     
0x2af5515ac070           S2UR UR8, SR_CgaCtaId                                                   0      0      0      2048   2048     2048     1      1      30     31     0      -             -          -      0      0      0      0      0      0      0      0      -      0      0      0      0      0      0      0      0      0      0      0      0      0      0      0      0      0      0      0      0      0      0      0      0      0      0      0      0      0      0      0      0      0      0      0      0      0      0      0      0     
0x2af5515ac080           UMOV UR4, 0x400                                                         0      0      0      2048   2048     2048     1      1      0      31     0      -             -          -      0      0      0      0      0      0      0      0      -      0      0      0      0      0      0      0      0      0      0      0      0      0      0      0      0      0      0      0      0      0      0      0      0      0      0      0      0      0      0      0      0      0      0      0      0      0      0      0      0     
0x2af5515ac090           UMOV UR5, 0x1                                                           0      0      0      2048   2048     2048     1      1      0      31     0      -             -          -      0      0      0      0      0      0      0      0      -      0      0      0      0      0      0      0      0      0      0      0      0      0      0      0      0      0      0      0      0      0      0      0      0      0      0      0      0      0      0      0      0      0      0      0      0      0      0      0      0     
0x2af5515ac0a0           UIADD3 UR6, UPT, UPT, UR4, 0x8, URZ                                     0      0      0      2048   2048     2048     1      1      0      31     0      -             -          -      0      0      0      0      0      0      0      0      -      0      0      0      0      0      0      0      0      0      0      0      0      0      0      0      0      0      0      0      0      0      0      0      0      0      0      0      0      0      0      0      0      0      0      0      0      0      0      0      0     
0x2af5515ac0b0           UIADD3 UR7, UPT, UPT, UR4, 0x20, URZ                                    0      0      0      2048   2048     2048     1      1      0      31     0      -             -          -      0      0      0      0      0      0      0      0      -      0      0      0      0      0      0      0      0      0      0      0      0      0      0      0      0      0      0      0      0      0      0      0      0      0      0      0      0      0      0      0      0      0      0      0      0      0      0      0      0     
0x2af5515ac0c0           UIADD3 UR4, UPT, UPT, -UR5, 0x100000, URZ                               0      0      0      2048   2048     2048     1      1      0      31     0      -             -          -      0      0      0      0      0      0      0      0      -      0      0      0      0      0      0      0      0      0      0      0      0      0      0      0      0      0      0      0      0      0      0      0      0      0      0      0      0      0      0      0      0      0      0      0      0      0      0      0      0     
0x2af5515ac0d0           USHF.L.U32 UR5, UR4, 0xb, URZ                                           0      0      0      2048   2048     2048     1      1      0      31     0      -             -          -      0      0      0      0      0      0      0      0      -      0      0      0      0      0      0      0      0      0      0      0      0      0      0      0      0      0      0      0      0      0      0      0      0      0      0      0      0      0      0      0      0      0      0      0      0      0      0      0      0     
0x2af5515ac0e0           USHF.L.U32 UR4, UR4, 0x1, URZ                                           0      0      0      2048   2048     2048     1      1      0      31     0      -             -          -      0      0      0      0      0      0      0      0      -      0      0      0      0      0      0      0      0      0      0      0      0      0      0      0      0      0      0      0      0      0      0      0      0      0      0      0      0      0      0      0      0      0      0      0      0      0      0      0      0     
0x2af5515ac0f0           ULEA UR6, UR8, UR6, 0x18                                                3      3      3      2048   2048     2048     1      1      0      31     0      -             -          -      0      0      0      0      0      0      0      0      -      0      0      0      0      0      0      0      0      0      0      0      0      0      0      0      0      0      0      0      2      0      0      1      0      0      0      0      0      0      0      0      0      0      0      0      0      2      0      0      1     
0x2af5515ac100           ULEA UR7, UR8, UR7, 0x18                                                0      0      0      2048   2048     2048     1      1      0      31     0      -             -          -      0      0      0      0      0      0      0      0      -      0      0      0      0      0      0      0      0      0      0      0      0      0      0      0      0      0      0      0      0      0      0      0      0      0      0      0      0      0      0      0      0      0      0      0      0      0      0      0      0     
0x2af5515ac110           FENCE.VIEW.ASYNC.S                                                      0      0      0      2048   2048     2048     1      1      0      31     0      -             -          -      0      0      0      0      0      0      0      0      -      0      0      0      0      0      0      0      0      0      0      0      0      0      0      0      0      0      0      0      0      0      0      0      0      0      0      0      0      0      0      0      0      0      0      0      0      0      0      0      0     
0x2af5515ac120           SYNCS.EXCH.64 URZ, [UR6], UR4                                           0      0      0      2048   2048     2048     1      1      0      31     0      -             -          -      0      0      0      0      0      0      0      0      -      0      0      0      0      0      0      0      0      0      0      0      0      0      0      0      0      0      0      0      0      0      0      0      0      0      0      0      0      0      0      0      0      0      0      0      0      0      0      0      0     
0x2af5515ac130           SYNCS.EXCH.64 URZ, [UR7], UR4                                           0      0      0      2048   2048     2048     1      1      0      31     0      -             -          -      0      0      0      0      0      0      0      0      -      0      0      0      0      0      0      0      0      0      0      0      0      0      0      0      0      0      0      0      0      0      0      0      0      0      0      0      0      0      0      0      0      0      0      0      0      0      0      0      0     
0x2af5515ac140           SYNCS.EXCH.64 URZ, [UR6+0x8], UR4                                       0      0      0      2048   2048     2048     1      1      0      31     0      -             -          -      0      0      0      0      0      0      0      0      -      0      0      0      0      0      0      0      0      0      0      0      0      0      0      0      0      0      0      0      0      0      0      0      0      0      0      0      0      0      0      0      0      0      0      0      0      0      0      0      0     
0x2af5515ac150           SYNCS.EXCH.64 URZ, [UR7+0x8], UR4                                       0      0      0      2048   2048     2048     1      1      0      31     0      -             -          -      0      0      0      0      0      0      0      0      -      0      0      0      0      0      0      0      0      0      0      0      0      0      0      0      0      0      0      0      0      0      0      0      0      0      0      0      0      0      0      0      0      0      0      0      0      0      0      0      0     
0x2af5515ac160           SYNCS.EXCH.64 URZ, [UR6+0x10], UR4                                      0      0      0      2048   2048     2048     1      1      0      31     0      -             -          -      0      0      0      0      0      0      0      0      -      0      0      0      0      0      0      0      0      0      0      0      0      0      0      0      0      0      0      0      0      0      0      0      0      0      0      0      0      0      0      0      0      0      0      0      0      0      0      0      0     
0x2af5515ac170           SYNCS.EXCH.64 URZ, [UR7+0x10], UR4                                      1      1      1      2048   2048     2048     1      1      0      31     0      -             -          -      0      0      0      0      0      0      0      0      -      0      0      0      0      0      0      0      0      0      0      0      0      0      0      1      0      0      0      0      0      0      0      0      0      0      0      0      0      0      0      0      1      0      0      0      0      0      0      0      0     
0x2af5515ac180           NOP                                                                     0      0      0      2048   2048     2048     1      1      0      31     0      -             -          -      0      0      0      0      0      0      0      0      -      0      0      0      0      0      0      0      0      0      0      0      0      0      0      0      0      0      0      0      0      0      0      0      0      0      0      0      0      0      0      0      0      0      0      0      0      0      0      0      0     
0x2af5515ac190           BSYNC.RECONVERGENT B0                                                   2      2      2      10240  262144   262144   25     25     24     7      0      -             -          -      0      0      0      0      0      0      0      0      -      0      0      0      0      0      0      0      0      0      0      0      2      0      0      0      0      0      0      0      0      0      0      0      0      0      0      0      0      2      0      0      0      0      0      0      0      0      0      0      0     
0x2af5515ac1a0     @P1   BRA 0x2af5515ac460                                                      3      3      3      8192   262144   196608   32     24     1      8      0      -             -          -      0      0      0      0      0      0      0      0      -      0      0      0      0      0      0      0      2      0      0      0      0      0      0      0      0      0      0      0      0      0      0      1      0      2      0      0      0      0      0      0      0      0      0      0      0      0      0      0      1     
0x2af5515ac1b0           S2R R3, SR_CgaCtaId                                                     1      1      1      2048   65536    65536    32     32     8      0      0      -             -          -      0      0      0      0      0      0      0      0      -      0      0      0      0      0      0      0      0      0      0      0      0      0      0      0      0      0      0      0      0      0      0      1      0      0      0      0      0      0      0      0      0      0      0      0      0      0      0      0      1     
0x2af5515ac1c0           MOV R0, 0x40                                                            0      0      0      2048   65536    65536    32     32     0      0      0      -             -          -      0      0      0      0      0      0      0      0      -      0      0      0      0      0      0      0      0      0      0      0      0      0      0      0      0      0      0      0      0      0      0      0      0      0      0      0      0      0      0      0      0      0      0      0      0      0      0      0      0     
0x2af5515ac1d0           WARPSYNC.ALL                                                            0      0      0      2048   65536    65536    32     32     0      0      0      -             -          -      0      0      0      0      0      0      0      0      -      0      0      0      0      0      0      0      0      0      0      0      0      0      0      0      0      0      0      0      0      0      0      0      0      0      0      0      0      0      0      0      0      0      0      0      0      0      0      0      0     
0x2af5515ac1e0           LEA R2, R3, R0, 0x18                                                    4      3      4      2048   65536    65536    32     32     0      0      0      -             -          -      0      0      0      0      0      0      0      0      -      0      0      0      0      0      0      0      0      0      0      0      0      0      0      0      0      0      0      1      2      0      0      1      0      0      0      0      0      0      0      0      0      0      0      0      0      2      0      0      1     
0x2af5515ac1f0           LDS.U8 R0, [R2+0x1c]                                                    0      0      0      2048   65536    65536    32     32     0      0      0      Shared        Load       8      0      1      0      2048   2048   0      0      0      -      0      0      0      0      0      0      0      0      0      0      0      0      0      0      0      0      0      0      0      0      0      0      0      0      0      0      0      0      0      0      0      0      0      0      0      0      0      0      0      0     
0x2af5515ac200           ISETP.NE.AND P0, PT, R0, RZ, PT                                         0      0      0      2048   65536    65536    32     32     0      0      0      -             -          -      0      0      0      0      0      0      0      0      -      0      0      0      0      0      0      0      0      0      0      0      0      0      0      0      0      0      0      0      0      0      0      0      0      0      0      0      0      0      0      0      0      0      0      0      0      0      0      0      0     
0x2af5515ac210           MOV R0, 0x400                                                           0      0      0      2048   65536    65536    32     32     0      0      0      -             -          -      0      0      0      0      0      0      0      0      -      0      0      0      0      0      0      0      0      0      0      0      0      0      0      0      0      0      0      0      0      0      0      0      0      0      0      0      0      0      0      0      0      0      0      0      0      0      0      0      0     
0x2af5515ac220           LEA R0, R3, R0, 0x18                                                    0      0      0      2048   65536    65536    32     32     0      0      0      -             -          -      0      0      0      0      0      0      0      0      -      0      0      0      0      0      0      0      0      0      0      0      0      0      0      0      0      0      0      0      0      0      0      0      0      0      0      0      0      0      0      0      0      0      0      0      0      0      0      0      0     
0x2af5515ac230     @P0   BRA 0x2af5515ac3a0                                                      0      0      0      2048   65536    0        32     0      32     32     0      -             -          -      0      0      0      0      0      0      0      0      -      0      0      0      0      0      0      0      0      0      0      0      0      0      0      0      0      0      0      0      0      0      0      0      0      0      0      0      0      0      0      0      0      0      0      0      0      0      0      0      0     
0x2af5515ac240           ELECT P0, URZ, PT                                                       0      0      0      2048   65536    65536    32     32     32     0      0      -             -          -      0      0      0      0      0      0      0      0      -      0      0      0      0      0      0      0      0      0      0      0      0      0      0      0      0      0      0      0      0      0      0      0      0      0      0      0      0      0      0      0      0      0      0      0      0      0      0      0      0     
0x2af5515ac250     @!P0  BRA 0x2af5515ac3e0                                                      0      0      0      2048   65536    63488    32     31     1      1      2048   -             -          -      0      0      0      0      0      0      0      0      -      0      0      0      0      0      0      0      0      0      0      0      0      0      0      0      0      0      0      0      0      0      0      0      0      0      0      0      0      0      0      0      0      0      0      0      0      0      0      0      0     
0x2af5515ac260           UMOV UR4, 0x2                                                           1      1      1      2048   2048     2048     1      1      30     31     0      -             -          -      0      0      0      0      0      0      0      0      -      0      0      0      0      0      0      0      1      0      0      0      0      0      0      0      0      0      0      0      0      0      0      0      0      1      0      0      0      0      0      0      0      0      0      0      0      0      0      0      0     
0x2af5515ac270           IMAD.MOV.U32 R4, RZ, RZ, 0x3                                            0      0      0      2048   2048     2048     1      1      0      31     0      -             -          -      0      0      0      0      0      0      0      0      -      0      0      0      0      0      0      0      0      0      0      0      0      0      0      0      0      0      0      0      0      0      0      0      0      0      0      0      0      0      0      0      0      0      0      0      0      0      0      0      0     
0x2af5515ac280           IMAD.MOV.U32 R6, RZ, RZ, 0x1                                            1      0      1      2048   2048     2048     1      1      0      31     0      -             -          -      0      0      0      0      0      0      0      0      -      0      0      0      0      0      0      0      0      0      0      0      0      0      0      0      0      0      0      1      0      0      0      0      0      0      0      0      0      0      0      0      0      0      0      0      0      0      0      0      0     
0x2af5515ac290           DEPBAR.LE SB0, 0x36                                                     0      0      0      2048   2048     2048     1      1      0      31     0      -             -          -      0      0      0      0      0      0      0      0      -      0      0      0      0      0      0      0      0      0      0      0      0      0      0      0      0      0      0      0      0      0      0      0      0      0      0      0      0      0      0      0      0      0      0      0      0      0      0      0      0     
0x2af5515ac2a0           UTCATOMSWS.FIND_AND_SET.ALIGN UP0, UR4, UR4                             0      0      0      2048   2048     2048     1      1      0      31     0      -             -          -      0      0      0      0      0      0      0      0      -      0      0      0      0      0      0      0      0      0      0      0      0      0      0      0      0      0      0      0      0      0      0      0      0      0      0      0      0      0      0      0      0      0      0      0      0      0      0      0      0     
0x2af5515ac2b0           IMAD.U32 R3, RZ, RZ, UR4                                                4      4      4      2048   2048     2048     1      1      0      31     0      -             -          -      0      0      0      0      0      0      0      0      -      0      0      0      0      0      0      0      0      0      0      0      0      0      0      0      0      0      0      0      4      0      0      0      0      0      0      0      0      0      0      0      0      0      0      0      0      4      0      0      0     
0x2af5515ac2c0           BRA.U UP0, 0x2af5515ac330                                               0      0      0      2048   2048     2048     1      1      0      31     0      -             -          -      0      0      0      0      0      0      0      0      -      0      0      0      0      0      0      0      0      0      0      0      0      0      0      0      0      0      0      0      0      0      0      0      0      0      0      0      0      0      0      0      0      0      0      0      0      0      0      0      0     
0x2af5515ac2d0           NANOSLEEP 0x64                                                          0      0      0      0      0        0        0      0      1      32     0      -             -          -      0      0      0      0      0      0      0      0      -      0      0      0      0      0      0      0      0      0      0      0      0      0      0      0      0      0      0      0      0      0      0      0      0      0      0      0      0      0      0      0      0      0      0      0      0      0      0      0      0     
0x2af5515ac2e0           UMOV UR4, 0x2                                                           0      0      0      0      0        0        0      0      0      32     0      -             -          -      0      0      0      0      0      0      0      0      -      0      0      0      0      0      0      0      0      0      0      0      0      0      0      0      0      0      0      0      0      0      0      0      0      0      0      0      0      0      0      0      0      0      0      0      0      0      0      0      0     
0x2af5515ac2f0           DEPBAR.LE SB0, 0x36                                                     0      0      0      0      0        0        0      0      0      32     0      -             -          -      0      0      0      0      0      0      0      0      -      0      0      0      0      0      0      0      0      0      0      0      0      0      0      0      0      0      0      0      0      0      0      0      0      0      0      0      0      0      0      0      0      0      0      0      0      0      0      0      0     
0x2af5515ac300           UTCATOMSWS.FIND_AND_SET.ALIGN UP0, UR4, UR4                             0      0      0      0      0        0        0      0      0      32     0      -             -          -      0      0      0      0      0      0      0      0      -      0      0      0      0      0      0      0      0      0      0      0      0      0      0      0      0      0      0      0      0      0      0      0      0      0      0      0      0      0      0      0      0      0      0      0      0      0      0      0      0     
0x2af5515ac310           IMAD.U32 R3, RZ, RZ, UR4                                                0      0      0      0      0        0        0      0      0      32     0      -             -          -      0      0      0      0      0      0      0      0      -      0      0      0      0      0      0      0      0      0      0      0      0      0      0      0      0      0      0      0      0      0      0      0      0      0      0      0      0      0      0      0      0      0      0      0      0      0      0      0      0     
0x2af5515ac320           BRA.U !UP0, 0x2af5515ac2d0                                              0      0      0      0      0        0        0      0      0      32     0      -             -          -      0      0      0      0      0      0      0      0      -      0      0      0      0      0      0      0      0      0      0      0      0      0      0      0      0      0      0      0      0      0      0      0      0      0      0      0      0      0      0      0      0      0      0      0      0      0      0      0      0     
0x2af5515ac330           SHF.L.U32 R5, R4, R3, RZ                                                0      0      0      2048   2048     2048     1      1      1      31     0      -             -          -      0      0      0      0      0      0      0      0      -      0      0      0      0      0      0      0      0      0      0      0      0      0      0      0      0      0      0      0      0      0      0      0      0      0      0      0      0      0      0      0      0      0      0      0      0      0      0      0      0     
0x2af5515ac340           SHF.L.U32 R7, R6, R3, RZ                                                0      0      0      2048   2048     2048     1      1      0      31     0      -             -          -      0      0      0      0      0      0      0      0      -      0      0      0      0      0      0      0      0      0      0      0      0      0      0      0      0      0      0      0      0      0      0      0      0      0      0      0      0      0      0      0      0      0      0      0      0      0      0      0      0     
0x2af5515ac350           IMAD.SHL.U32 R3, R3, 0x20, RZ                                           0      0      0      2048   2048     2048     1      1      0      31     0      -             -          -      0      0      0      0      0      0      0      0      -      0      0      0      0      0      0      0      0      0      0      0      0      0      0      0      0      0      0      0      0      0      0      0      0      0      0      0      0      0      0      0      0      0      0      0      0      0      0      0      0     
0x2af5515ac360           ATOMS.OR RZ, [R2+0x14], R5                                              0      0      0      2048   2048     2048     1      1      0      31     0      Shared        Atomic     32     0      1      0      2048   2048   0      0      0      -      0      0      0      0      0      0      0      0      0      0      0      0      0      0      0      0      0      0      0      0      0      0      0      0      0      0      0      0      0      0      0      0      0      0      0      0      0      0      0      0     
0x2af5515ac370           ATOMS.OR RZ, [R2+0x18], R7                                              0      0      0      2048   2048     2048     1      1      0      31     0      Shared        Atomic     32     0      1      0      2048   2048   0      0      0      -      0      0      0      0      0      0      0      0      0      0      0      0      0      0      0      0      0      0      0      0      0      0      0      0      0      0      0      0      0      0      0      0      0      0      0      0      0      0      0      0     
0x2af5515ac380           STS [R0], R3                                                            0      0      0      2048   2048     2048     1      1      0      31     0      Shared        Store      32     0      1      0      2048   2048   0      0      0      -      0      0      0      0      0      0      0      0      0      0      0      0      0      0      0      0      0      0      0      0      0      0      0      0      0      0      0      0      0      0      0      0      0      0      0      0      0      0      0      0     
0x2af5515ac390           BRA 0x2af5515ac3e0                                                      0      0      0      2048   2048     2048     1      1      0      31     0      -             -          -      0      0      0      0      0      0      0      0      -      0      0      0      0      0      0      0      0      0      0      0      0      0      0      0      0      0      0      0      0      0      0      0      0      0      0      0      0      0      0      0      0      0      0      0      0      0      0      0      0     
0x2af5515ac3a0           IMAD.MOV.U32 R3, RZ, RZ, -0x1                                           1      1      1      0      0        0        0      0      1      32     0      -             -          -      0      0      0      0      0      0      0      0      -      0      0      0      0      0      0      0      0      0      0      0      0      0      0      0      0      0      0      0      0      0      0      1      0      0      0      0      0      0      0      0      0      0      0      0      0      0      0      0      1     
0x2af5515ac3b0           MOV R2, 0x3e0                                                           0      0      0      0      0        0        0      0      0      32     0      -             -          -      0      0      0      0      0      0      0      0      -      0      0      0      0      0      0      0      0      0      0      0      0      0      0      0      0      0      0      0      0      0      0      0      0      0      0      0      0      0      0      0      0      0      0      0      0      0      0      0      0     
0x2af5515ac3c0           STS [R0], R3                                                            0      0      0      0      0        0        0      0      0      32     0                                      0      0      0      0      0      0      0      0      -      0      0      0      0      0      0      0      0      0      0      0      0      0      0      0      0      0      0      0      0      0      0      0      0      0      0      0      0      0      0      0      0      0      0      0      0      0      0      0      0     
0x2af5515ac3d0           CALL.REL.NOINC 0x2af5515af7b0                                           0      0      0      0      0        0        0      0      0      32     0      -             -          -      0      0      0      0      0      0      0      0      -      0      0      0      0      0      0      0      0      0      0      0      0      0      0      0      0      0      0      0      0      0      0      0      0      0      0      0      0      0      0      0      0      0      0      0      0      0      0      0      0     
0x2af5515ac3e0           WARPSYNC.ALL                                                            0      0      0      4096   65536    65536    16     16     16     16     0      -             -          -      0      0      0      0      0      0      0      0      -      0      0      0      0      0      0      0      0      0      0      0      0      0      0      0      0      0      0      0      0      0      0      0      0      0      0      0      0      0      0      0      0      0      0      0      0      0      0      0      0     
0x2af5515ac3f0           S2UR UR5, SR_CgaCtaId                                                   2      2      2      2048   65536    65536    32     32     16     0      0      -             -          -      0      0      0      0      0      0      0      0      -      0      0      0      0      0      0      0      2      0      0      0      0      0      0      0      0      0      0      0      0      0      0      0      0      2      0      0      0      0      0      0      0      0      0      0      0      0      0      0      0     
0x2af5515ac400           ELECT P0, URZ, PT                                                       0      0      0      2048   65536    65536    32     32     0      0      0      -             -          -      0      0      0      0      0      0      0      0      -      0      0      0      0      0      0      0      0      0      0      0      0      0      0      0      0      0      0      0      0      0      0      0      0      0      0      0      0      0      0      0      0      0      0      0      0      0      0      0      0     
0x2af5515ac410           IMAD.MOV.U32 R0, RZ, RZ, 0x1                                            0      0      0      2048   65536    65536    32     32     0      0      0      -             -          -      0      0      0      0      0      0      0      0      -      0      0      0      0      0      0      0      0      0      0      0      0      0      0      0      0      0      0      0      0      0      0      0      0      0      0      0      0      0      0      0      0      0      0      0      0      0      0      0      0     
0x2af5515ac420           UMOV UR4, 0x40                                                          0      0      0      2048   65536    65536    32     32     0      0      0      -             -          -      0      0      0      0      0      0      0      0      -      0      0      0      0      0      0      0      0      0      0      0      0      0      0      0      0      0      0      0      0      0      0      0      0      0      0      0      0      0      0      0      0      0      0      0      0      0      0      0      0     
0x2af5515ac430           UVIRTCOUNT.DEALLOC.SMPOOL 0x80                                          1      1      1      2048   65536    65536    32     32     0      0      0      -             -          -      0      0      0      0      0      0      0      0      -      0      0      0      0      0      0      0      0      0      0      0      0      0      0      0      0      0      0      0      0      0      0      1      0      0      0      0      0      0      0      0      0      0      0      0      0      0      0      0      1     
0x2af5515ac440           ULEA UR4, UR5, UR4, 0x18                                                0      0      0      2048   65536    65536    32     32     0      0      0      -             -          -      0      0      0      0      0      0      0      0      -      0      0      0      0      0      0      0      0      0      0      0      0      0      0      0      0      0      0      0      0      0      0      0      0      0      0      0      0      0      0      0      0      0      0      0      0      0      0      0      0     
0x2af5515ac450     @P0   STS.U8 [UR4+0x1c], R0                                                   0      0      0      2048   65536    2048     32     1      31     31     0      Shared        Store      8      0      1      0      2048   2048   0      0      0      -      0      0      0      0      0      0      0      0      0      0      0      0      0      0      0      0      0      0      0      0      0      0      0      0      0      0      0      0      0      0      0      0      0      0      0      0      0      0      0      0     
0x2af5515ac460           WARPSYNC.ALL                                                            5      5      5      8192   262144   262144   32     32     31     0      0      -             -          -      0      0      0      0      0      0      0      0      -      0      0      0      0      0      0      0      1      0      0      0      0      0      0      0      0      3      0      0      0      0      0      1      0      1      0      0      0      0      0      0      0      0      3      0      0      0      0      0      1     
0x2af5515ac470           S2UR UR12, SR_CgaCtaId                                                  1      0      1      8192   262144   262144   32     32     0      0      0      -             -          -      0      0      0      0      0      0      0      0      -      0      0      0      0      0      0      0      0      0      0      0      0      0      0      0      0      0      0      0      0      0      0      1      0      0      0      0      0      0      0      0      0      0      0      0      0      0      0      0      0     
0x2af5515ac480           BAR.SYNC.DEFER_BLOCKING 0x0                                             3      2      3      8192   262144   262144   32     32     0      0      0      -             -          -      0      0      0      0      0      0      0      0      -      0      0      0      0      0      0      0      0      0      0      0      0      0      0      1      0      0      0      1      0      0      0      1      0      0      0      0      0      0      0      0      1      0      0      0      0      0      0      0      1     
0x2af5515ac490           UMOV UR9, 0x400                                                         55     43     55     8192   262144   262144   32     32     0      0      0      -             -          -      0      0      0      0      0      0      0      0      -      0      0      0      0      0      0      55     0      0      0      0      0      0      0      0      0      0      0      0      0      0      0      0      43     0      0      0      0      0      0      0      0      0      0      0      0      0      0      0      0     
0x2af5515ac4a0           LDC R3, c[0x0][0x3a0]                                                   1      1      1      8192   262144   262144   32     32     0      0      0      -             -          -      0      0      0      0      0      0      0      0      -      0      0      0      0      0      0      0      0      0      0      0      0      0      0      0      0      0      0      0      0      0      0      1      0      0      0      0      0      0      0      0      0      0      0      0      0      0      0      0      1     
0x2af5515ac4b0           S2UR UR7, SR_CTAID.X                                                    1      1      1      8192   262144   262144   32     32     0      0      0      -             -          -      0      0      0      0      0      0      0      0      -      0      0      0      0      0      0      0      0      0      0      0      0      0      0      0      0      0      0      0      0      0      0      1      0      0      0      0      0      0      0      0      0      0      0      0      0      0      0      0      1     
0x2af5515ac4c0           ULEA UR4, UR12, UR9, 0x18                                               0      0      0      8192   262144   262144   32     32     0      0      0      -             -          -      0      0      0      0      0      0      0      0      -      0      0      0      0      0      0      0      0      0      0      0      0      0      0      0      0      0      0      0      0      0      0      0      0      0      0      0      0      0      0      0      0      0      0      0      0      0      0      0      0     
0x2af5515ac4d0           ISETP.GE.AND P0, PT, R3, 0x40, PT                                       6      5      6      8192   262144   262144   32     32     0      0      0      -             -          -      0      0      0      0      0      0      0      0      -      0      0      0      0      0      0      0      0      0      0      0      0      0      0      0      0      0      0      1      5      0      0      0      0      0      0      0      0      0      0      0      0      0      0      0      0      5      0      0      0     
0x2af5515ac4e0           LDS R0, [UR4]                                                           2      0      2      8192   262144   262144   32     32     0      0      0      Shared        Load       32     0      1      0      8192   8192   0      0      0      -      0      0      0      0      0      0      0      0      0      0      0      0      0      0      0      0      0      0      1      0      0      0      1      0      0      0      0      0      0      0      0      0      0      0      0      0      0      0      0      0     
0x2af5515ac4f0           S2UR UR4, SR_CTAID.Y                                                    0      0      0      8192   262144   262144   32     32     0      0      0      -             -          -      0      0      0      0      0      0      0      0      -      0      0      0      0      0      0      0      0      0      0      0      0      0      0      0      0      0      0      0      0      0      0      0      0      0      0      0      0      0      0      0      0      0      0      0      0      0      0      0      0     
0x2af5515ac500           USHF.L.U32 UR7, UR7, 0x7, URZ                                           1      0      1      8192   262144   262144   32     32     0      0      0      -             -          -      0      0      0      0      0      0      0      0      -      0      0      0      0      0      0      0      0      0      0      0      0      0      0      0      0      0      0      0      1      0      0      0      0      0      0      0      0      0      0      0      0      0      0      0      0      0      0      0      0     
0x2af5515ac510           USHF.L.U32 UR23, UR4, 0x6, URZ                                          3      2      3      8192   262144   262144   32     32     0      0      0      -             -          -      0      0      0      0      0      0      0      0      -      0      0      0      0      0      0      0      0      0      0      0      0      0      0      0      0      0      0      0      3      0      0      0      0      0      0      0      0      0      0      0      0      0      0      0      0      2      0      0      0     
0x2af5515ac520           R2UR UR8, R0                                                            0      0      0      8192   262144   262144   32     32     0      0      0      -             -          -      0      0      0      0      0      0      0      0      -      0      0      0      0      0      0      0      0      0      0      0      0      0      0      0      0      0      0      0      0      0      0      0      0      0      0      0      0      0      0      0      0      0      0      0      0      0      0      0      0     
0x2af5515ac530           SHF.R.S32.HI R0, RZ, 0x1f, R3                                           0      0      0      8192   262144   262144   32     32     0      0      0      -             -          -      0      0      0      0      0      0      0      0      -      0      0      0      0      0      0      0      0      0      0      0      0      0      0      0      0      0      0      0      0      0      0      0      0      0      0      0      0      0      0      0      0      0      0      0      0      0      0      0      0     
0x2af5515ac540           LEA.HI R0, R0, R3, RZ, 0x6                                              2      0      2      8192   262144   262144   32     32     0      0      0      -             -          -      0      0      0      0      0      0      0      0      -      0      0      0      0      0      0      0      0      0      0      0      0      0      0      0      0      0      0      0      0      0      0      2      0      0      0      0      0      0      0      0      0      0      0      0      0      0      0      0      0     
0x2af5515ac550           SHF.R.S32.HI R0, RZ, 0x6, R0                                            0      0      0      8192   262144   262144   32     32     0      0      0      -             -          -      0      0      0      0      0      0      0      0      -      0      0      0      0      0      0      0      0      0      0      0      0      0      0      0      0      0      0      0      0      0      0      0      0      0      0      0      0      0      0      0      0      0      0      0      0      0      0      0      0     
0x2af5515ac560     @!P0  BRA 0x2af5515ae1d0                                                      0      0      0      8192   262144   0        32     0      32     32     0      -             -          -      0      0      0      0      0      0      0      0      -      0      0      0      0      0      0      0      0      0      0      0      0      0      0      0      0      0      0      0      0      0      0      0      0      0      0      0      0      0      0      0      0      0      0      0      0      0      0      0      0     
0x2af5515ac570           S2UR UR6, SR_SWINHI                                                     3      0      3      8192   262144   262144   32     32     32     0      0      -             -          -      0      0      0      0      0      0      0      0      -      0      0      0      0      0      0      0      0      0      0      0      0      0      0      0      0      0      0      3      0      0      0      0      0      0      0      0      0      0      0      0      0      0      0      0      0      0      0      0      0     
0x2af5515ac580           UIADD3 UR4, UPT, UPT, UR9, 0x40, URZ                                    0      0      0      8192   262144   262144   32     32     0      0      0      -             -          -      0      0      0      0      0      0      0      0      -      0      0      0      0      0      0      0      0      0      0      0      0      0      0      0      0      0      0      0      0      0      0      0      0      0      0      0      0      0      0      0      0      0      0      0      0      0      0      0      0     
0x2af5515ac590           VIMNMX R3, PT, PT, R0, 0x3, PT                                          0      0      0      8192   262144   262144   32     32     0      0      0      -             -          -      0      0      0      0      0      0      0      0      -      0      0      0      0      0      0      0      0      0      0      0      0      0      0      0      0      0      0      0      0      0      0      0      0      0      0      0      0      0      0      0      0      0      0      0      0      0      0      0      0     
0x2af5515ac5a0           UIADD3 UR9, UPT, UPT, UR9, 0x20, URZ                                    0      0      0      8192   262144   262144   32     32     0      0      0      -             -          -      0      0      0      0      0      0      0      0      -      0      0      0      0      0      0      0      0      0      0      0      0      0      0      0      0      0      0      0      0      0      0      0      0      0      0      0      0      0      0      0      0      0      0      0      0      0      0      0      0     
0x2af5515ac5b0           ULEA UR4, UR12, UR4, 0x18                                               0      0      0      8192   262144   262144   32     32     0      0      0      -             -          -      0      0      0      0      0      0      0      0      -      0      0      0      0      0      0      0      0      0      0      0      0      0      0      0      0      0      0      0      0      0      0      0      0      0      0      0      0      0      0      0      0      0      0      0      0      0      0      0      0     
0x2af5515ac5c0           VIMNMX R2, PT, PT, R3, 0x1, !PT                                         0      0      0      8192   262144   262144   32     32     0      0      0      -             -          -      0      0      0      0      0      0      0      0      -      0      0      0      0      0      0      0      0      0      0      0      0      0      0      0      0      0      0      0      0      0      0      0      0      0      0      0      0      0      0      0      0      0      0      0      0      0      0      0      0     
0x2af5515ac5d0           IMAD.MOV R2, RZ, RZ, -R2                                                0      0      0      8192   262144   262144   32     32     0      0      0      -             -          -      0      0      0      0      0      0      0      0      -      0      0      0      0      0      0      0      0      0      0      0      0      0      0      0      0      0      0      0      0      0      0      0      0      0      0      0      0      0      0      0      0      0      0      0      0      0      0      0      0     
0x2af5515ac5e0           ISETP.GE.AND P0, PT, R2, RZ, PT                                         0      0      0      8192   262144   262144   32     32     0      0      0      -             -          -      0      0      0      0      0      0      0      0      -      0      0      0      0      0      0      0      0      0      0      0      0      0      0      0      0      0      0      0      0      0      0      0      0      0      0      0      0      0      0      0      0      0      0      0      0      0      0      0      0     
0x2af5515ac5f0           UMOV UR4, UR4                                                           1      0      1      8192   262144   262144   32     32     0      0      0      -             -          -      0      0      0      0      0      0      0      0      -      0      0      0      0      0      0      0      0      0      0      0      0      0      0      0      0      0      0      1      0      0      0      0      0      0      0      0      0      0      0      0      0      0      0      0      0      0      0      0      0     
0x2af5515ac600           UMOV UR5, UR6                                                           4      2      4      8192   262144   262144   32     32     0      0      0      -             -          -      0      0      0      0      0      0      0      0      -      0      0      0      0      0      0      0      0      0      0      0      0      0      0      0      0      0      0      0      4      0      0      0      0      0      0      0      0      0      0      0      0      0      0      0      0      2      0      0      0     
0x2af5515ac610           UMOV UR6, URZ                                                           1      0      1      8192   262144   262144   32     32     0      0      0      -             -          -      0      0      0      0      0      0      0      0      -      0      0      0      0      0      0      0      0      0      0      0      0      0      0      0      0      0      0      1      0      0      0      0      0      0      0      0      0      0      0      0      0      0      0      0      0      0      0      0      0     
0x2af5515ac620           UIADD3 UR4, UP0, UPT, UR4, 0x3ff, URZ                                   0      0      0      8192   262144   262144   32     32     0      0      0      -             -          -      0      0      0      0      0      0      0      0      -      0      0      0      0      0      0      0      0      0      0      0      0      0      0      0      0      0      0      0      0      0      0      0      0      0      0      0      0      0      0      0      0      0      0      0      0      0      0      0      0     
0x2af5515ac630           UIADD3.X UR11, UPT, UPT, URZ, UR5, URZ, UP0, !UPT                       0      0      0      8192   262144   262144   32     32     0      0      0      -             -          -      0      0      0      0      0      0      0      0      -      0      0      0      0      0      0      0      0      0      0      0      0      0      0      0      0      0      0      0      0      0      0      0      0      0      0      0      0      0      0      0      0      0      0      0      0      0      0      0      0     
0x2af5515ac640           ULOP3.LUT UR10, UR4, 0xfffffc00, URZ, 0xc0, !UPT                        0      0      0      8192   262144   262144   32     32     0      0      0      -             -          -      0      0      0      0      0      0      0      0      -      0      0      0      0      0      0      0      0      0      0      0      0      0      0      0      0      0      0      0      0      0      0      0      0      0      0      0      0      0      0      0      0      0      0      0      0      0      0      0      0     
0x2af5515ac650           ULEA UR5, UR12, UR9, 0x18                                               1      0      1      8192   262144   262144   32     32     0      0      0      -             -          -      0      0      0      0      0      0      0      0      -      0      0      0      0      0      0      0      0      0      0      0      0      0      0      0      0      0      0      1      0      0      0      0      0      0      0      0      0      0      0      0      0      0      0      0      0      0      0      0      0     
0x2af5515ac660           UMOV UR9, UR10                                                          0      0      0      8192   262144   262144   32     32     0      0      0      -             -          -      0      0      0      0      0      0      0      0      -      0      0      0      0      0      0      0      0      0      0      0      0      0      0      0      0      0      0      0      0      0      0      0      0      0      0      0      0      0      0      0      0      0      0      0      0      0      0      0      0     
0x2af5515ac670           UMOV UR4, UR9                                                           0      0      0      8192   262144   262144   32     32     0      0      0      -             -          -      0      0      0      0      0      0      0      0      -      0      0      0      0      0      0      0      0      0      0      0      0      0      0      0      0      0      0      0      0      0      0      0      0      0      0      0      0      0      0      0      0      0      0      0      0      0      0      0      0     
0x2af5515ac680     @P0   BRA 0x2af5515ad250                                                      1      0      1      8192   262144   0        32     0      32     32     0      -             -          -      0      0      0      0      0      0      0      0      -      0      0      0      0      0      0      0      0      0      0      0      0      0      0      0      0      0      0      1      0      0      0      0      0      0      0      0      0      0      0      0      0      0      0      0      0      0      0      0      0     
0x2af5515ac690           IMAD.MOV R4, RZ, RZ, -R2                                                0      0      0      8192   262144   262144   32     32     32     0      0      -             -          -      0      0      0      0      0      0      0      0      -      0      0      0      0      0      0      0      0      0      0      0      0      0      0      0      0      0      0      0      0      0      0      0      0      0      0      0      0      0      0      0      0      0      0      0      0      0      0      0      0     
0x2af5515ac6a0           PLOP3.LUT P0, PT, PT, PT, PT, 0x80, 0x8                                 0      0      0      8192   262144   262144   32     32     0      0      0      -             -          -      0      0      0      0      0      0      0      0      -      0      0      0      0      0      0      0      0      0      0      0      0      0      0      0      0      0      0      0      0      0      0      0      0      0      0      0      0      0      0      0      0      0      0      0      0      0      0      0      0     
0x2af5515ac6b0           ISETP.GT.AND P1, PT, R4, 0x3, PT                                        1      1      1      8192   262144   262144   32     32     0      0      0      -             -          -      0      0      0      0      0      0      0      0      -      0      0      0      0      0      0      0      0      0      0      0      0      0      0      0      0      0      0      0      0      0      0      1      0      0      0      0      0      0      0      0      0      0      0      0      0      0      0      0      1     
0x2af5515ac6c0     @!P1  BRA 0x2af5515ace30                                                      2      0      2      8192   262144   262144   32     32     0      0      0      -             -          -      0      0      0      0      0      0      0      0      -      0      0      0      0      0      0      0      0      0      0      0      0      0      0      0      0      0      0      0      0      0      0      2      0      0      0      0      0      0      0      0      0      0      0      0      0      0      0      0      0     
0x2af5515ac6d0           PLOP3.LUT P0, PT, PT, PT, PT, 0x8, 0x80                                 0      0      0      0      0        0        0      0      32     32     0      -             -          -      0      0      0      0      0      0      0      0      -      0      0      0      0      0      0      0      0      0      0      0      0      0      0      0      0      0      0      0      0      0      0      0      0      0      0      0      0      0      0      0      0      0      0      0      0      0      0      0      0     
0x2af5515ac6e0           ISETP.NE.AND P2, PT, R14, RZ, PT                                        0      0      0      0      0        0        0      0      0      32     0      -             -          -      0      0      0      0      0      0      0      0      -      0      0      0      0      0      0      0      0      0      0      0      0      0      0      0      0      0      0      0      0      0      0      0      0      0      0      0      0      0      0      0      0      0      0      0      0      0      0      0      0     
0x2af5515ac6f0           BSSY.RECONVERGENT B0, 0x2af5515ac880                                    0      0      0      0      0        0        0      0      0      32     0      -             -          -      0      0      0      0      0      0      0      0      -      0      0      0      0      0      0      0      0      0      0      0      0      0      0      0      0      0      0      0      0      0      0      0      0      0      0      0      0      0      0      0      0      0      0      0      0      0      0      0      0     
0x2af5515ac700     @P2   BRA 0x2af5515ac870                                                      0      0      0      0      0        0        0      0      0      32     0      -             -          -      0      0      0      0      0      0      0      0      -      0      0      0      0      0      0      0      0      0      0      0      0      0      0      0      0      0      0      0      0      0      0      0      0      0      0      0      0      0      0      0      0      0      0      0      0      0      0      0      0     
0x2af5515ac710           IMAD.MOV.U32 R4, RZ, RZ, 0x6000                                         0      0      0      0      0        0        0      0      0      32     0      -             -          -      0      0      0      0      0      0      0      0      -      0      0      0      0      0      0      0      0      0      0      0      0      0      0      0      0      0      0      0      0      0      0      0      0      0      0      0      0      0      0      0      0      0      0      0      0      0      0      0      0     
0x2af5515ac720           LDCU.64 UR10, c[0x0][0x348]                                             0      0      0      0      0        0        0      0      0      32     0      -             -          -      0      0      0      0      0      0      0      0      -      0      0      0      0      0      0      0      0      0      0      0      0      0      0      0      0      0      0      0      0      0      0      0      0      0      0      0      0      0      0      0      0      0      0      0      0      0      0      0      0     
0x2af5515ac730           PLOP3.LUT P1, PT, PT, PT, PT, 0x80, 0x8                                 0      0      0      0      0        0        0      0      0      32     0      -             -          -      0      0      0      0      0      0      0      0      -      0      0      0      0      0      0      0      0      0      0      0      0      0      0      0      0      0      0      0      0      0      0      0      0      0      0      0      0      0      0      0      0      0      0      0      0      0      0      0      0     
0x2af5515ac740           SYNCS.ARRIVE.TRANS64 RZ, [UR5], R4                                      0      0      0      0      0        0        0      0      0      32     0      -             -          -      0      0      0      0      0      0      0      0      -      0      0      0      0      0      0      0      0      0      0      0      0      0      0      0      0      0      0      0      0      0      0      0      0      0      0      0      0      0      0      0      0      0      0      0      0      0      0      0      0     
0x2af5515ac750           UIADD3 UR12, UP0, UPT, UR10, 0x80, URZ                                  0      0      0      0      0        0        0      0      0      32     0      -             -          -      0      0      0      0      0      0      0      0      -      0      0      0      0      0      0      0      0      0      0      0      0      0      0      0      0      0      0      0      0      0      0      0      0      0      0      0      0      0      0      0      0      0      0      0      0      0      0      0      0     
0x2af5515ac760           UIADD3.X UR13, UPT, UPT, URZ, UR11, URZ, UP0, !UPT                      0      0      0      0      0        0        0      0      0      32     0      -             -          -      0      0      0      0      0      0      0      0      -      0      0      0      0      0      0      0      0      0      0      0      0      0      0      0      0      0      0      0      0      0      0      0      0      0      0      0      0      0      0      0      0      0      0      0      0      0      0      0      0     
0x2af5515ac770     @P1   ELECT P2, URZ, PT                                                       0      0      0      0      0        0        0      0      0      32     0      -             -          -      0      0      0      0      0      0      0      0      -      0      0      0      0      0      0      0      0      0      0      0      0      0      0      0      0      0      0      0      0      0      0      0      0      0      0      0      0      0      0      0      0      0      0      0      0      0      0      0      0     
0x2af5515ac780           UTMALDG.2D [UR4], [UR12]                                                0      0      0      0      0        0        0      0      0      32     0                    -          -      0      0      0      0      0      0      0      0      -      0      0      0      0      0      0      0      0      0      0      0      0      0      0      0      0      0      0      0      0      0      0      0      0      0      0      0      0      0      0      0      0      0      0      0      0      0      0      0      0     
0x2af5515ac790     @P2   PLOP3.LUT P1, PT, P2, PT, PT, 0x8, 0x80                                 0      0      0      0      0        0        0      0      0      32     0      -             -          -      0      0      0      0      0      0      0      0      -      0      0      0      0      0      0      0      0      0      0      0      0      0      0      0      0      0      0      0      0      0      0      0      0      0      0      0      0      0      0      0      0      0      0      0      0      0      0      0      0     
0x2af5515ac7a0           PLOP3.LUT P2, PT, PT, PT, PT, 0x8, 0x80                                 0      0      0      0      0        0        0      0      0      32     0      -             -          -      0      0      0      0      0      0      0      0      -      0      0      0      0      0      0      0      0      0      0      0      0      0      0      0      0      0      0      0      0      0      0      0      0      0      0      0      0      0      0      0      0      0      0      0      0      0      0      0      0     
0x2af5515ac7b0     @P1   BRA.U.ANY 0x2af5515ac770                                                0      0      0      0      0        0        0      0      0      32     0      -             -          -      0      0      0      0      0      0      0      0      -      0      0      0      0      0      0      0      0      0      0      0      0      0      0      0      0      0      0      0      0      0      0      0      0      0      0      0      0      0      0      0      0      0      0      0      0      0      0      0      0     
0x2af5515ac7c0           UIADD3 UR10, UP0, UPT, UR10, 0x100, URZ                                 0      0      0      0      0        0        0      0      0      32     0      -             -          -      0      0      0      0      0      0      0      0      -      0      0      0      0      0      0      0      0      0      0      0      0      0      0      0      0      0      0      0      0      0      0      0      0      0      0      0      0      0      0      0      0      0      0      0      0      0      0      0      0     
0x2af5515ac7d0           PLOP3.LUT P1, PT, PT, PT, PT, 0x80, 0x8                                 0      0      0      0      0        0        0      0      0      32     0      -             -          -      0      0      0      0      0      0      0      0      -      0      0      0      0      0      0      0      0      0      0      0      0      0      0      0      0      0      0      0      0      0      0      0      0      0      0      0      0      0      0      0      0      0      0      0      0      0      0      0      0     
0x2af5515ac7e0           UIADD3 UR20, UPT, UPT, UR4, 0x4000, URZ                                 0      0      0      0      0        0        0      0      0      32     0      -             -          -      0      0      0      0      0      0      0      0      -      0      0      0      0      0      0      0      0      0      0      0      0      0      0      0      0      0      0      0      0      0      0      0      0      0      0      0      0      0      0      0      0      0      0      0      0      0      0      0      0     
0x2af5515ac7f0           UIADD3.X UR11, UPT, UPT, URZ, UR11, URZ, UP0, !UPT                      0      0      0      0      0        0        0      0      0      32     0      -             -          -      0      0      0      0      0      0      0      0      -      0      0      0      0      0      0      0      0      0      0      0      0      0      0      0      0      0      0      0      0      0      0      0      0      0      0      0      0      0      0      0      0      0      0      0      0      0      0      0      0     
0x2af5515ac800     @P1   ELECT P2, URZ, PT                                                       0      0      0      0      0        0        0      0      0      32     0      -             -          -      0      0      0      0      0      0      0      0      -      0      0      0      0      0      0      0      0      0      0      0      0      0      0      0      0      0      0      0      0      0      0      0      0      0      0      0      0      0      0      0      0      0      0      0      0      0      0      0      0     
0x2af5515ac810           UMOV UR21, UR5                                                          0      0      0      0      0        0        0      0      0      32     0      -             -          -      0      0      0      0      0      0      0      0      -      0      0      0      0      0      0      0      0      0      0      0      0      0      0      0      0      0      0      0      0      0      0      0      0      0      0      0      0      0      0      0      0      0      0      0      0      0      0      0      0     
0x2af5515ac820           UMOV UR22, UR6                                                          0      0      0      0      0        0        0      0      0      32     0      -             -          -      0      0      0      0      0      0      0      0      -      0      0      0      0      0      0      0      0      0      0      0      0      0      0      0      0      0      0      0      0      0      0      0      0      0      0      0      0      0      0      0      0      0      0      0      0      0      0      0      0     
0x2af5515ac830           UTMALDG.2D [UR20], [UR10]                                               0      0      0      0      0        0        0      0      0      32     0                    -          -      0      0      0      0      0      0      0      0      -      0      0      0      0      0      0      0      0      0      0      0      0      0      0      0      0      0      0      0      0      0      0      0      0      0      0      0      0      0      0      0      0      0      0      0      0      0      0      0      0     
0x2af5515ac840     @P2   PLOP3.LUT P1, PT, P2, PT, PT, 0x8, 0x80                                 0      0      0      0      0        0        0      0      0      32     0      -             -          -      0      0      0      0      0      0      0      0      -      0      0      0      0      0      0      0      0      0      0      0      0      0      0      0      0      0      0      0      0      0      0      0      0      0      0      0      0      0      0      0      0      0      0      0      0      0      0      0      0     
0x2af5515ac850           PLOP3.LUT P2, PT, PT, PT, PT, 0x8, 0x80                                 0      0      0      0      0        0        0      0      0      32     0      -             -          -      0      0      0      0      0      0      0      0      -      0      0      0      0      0      0      0      0      0      0      0      0      0      0      0      0      0      0      0      0      0      0      0      0      0      0      0      0      0      0      0      0      0      0      0      0      0      0      0      0     
0x2af5515ac860     @P1   BRA.U.ANY 0x2af5515ac800                                                0      0      0      0      0        0        0      0      0      32     0      -             -          -      0      0      0      0      0      0      0      0      -      0      0      0      0      0      0      0      0      0      0      0      0      0      0      0      0      0      0      0      0      0      0      0      0      0      0      0      0      0      0      0      0      0      0      0      0      0      0      0      0     
0x2af5515ac870           BSYNC.RECONVERGENT B0                                                   0      0      0      0      0        0        0      0      0      32     0      -             -          -      0      0      0      0      0      0      0      0      -      0      0      0      0      0      0      0      0      0      0      0      0      0      0      0      0      0      0      0      0      0      0      0      0      0      0      0      0      0      0      0      0      0      0      0      0      0      0      0      0     
0x2af5515ac880           ISETP.NE.AND P2, PT, R14, RZ, PT                                        0      0      0      0      0        0        0      0      0      32     0      -             -          -      0      0      0      0      0      0      0      0      -      0      0      0      0      0      0      0      0      0      0      0      0      0      0      0      0      0      0      0      0      0      0      0      0      0      0      0      0      0      0      0      0      0      0      0      0      0      0      0      0     
0x2af5515ac890           BSSY.RECONVERGENT B0, 0x2af5515aca50                                    0      0      0      0      0        0        0      0      0      32     0      -             -          -      0      0      0      0      0      0      0      0      -      0      0      0      0      0      0      0      0      0      0      0      0      0      0      0      0      0      0      0      0      0      0      0      0      0      0      0      0      0      0      0      0      0      0      0      0      0      0      0      0     
0x2af5515ac8a0     @P2   BRA 0x2af5515aca40                                                      0      0      0      0      0        0        0      0      0      32     0      -             -          -      0      0      0      0      0      0      0      0      -      0      0      0      0      0      0      0      0      0      0      0      0      0      0      0      0      0      0      0      0      0      0      0      0      0      0      0      0      0      0      0      0      0      0      0      0      0      0      0      0     
0x2af5515ac8b0           IMAD.MOV.U32 R4, RZ, RZ, 0x6000                                         0      0      0      0      0        0        0      0      0      32     0      -             -          -      0      0      0      0      0      0      0      0      -      0      0      0      0      0      0      0      0      0      0      0      0      0      0      0      0      0      0      0      0      0      0      0      0      0      0      0      0      0      0      0      0      0      0      0      0      0      0      0      0     
0x2af5515ac8c0           LDCU.64 UR10, c[0x0][0x348]                                             0      0      0      0      0        0        0      0      0      32     0      -             -          -      0      0      0      0      0      0      0      0      -      0      0      0      0      0      0      0      0      0      0      0      0      0      0      0      0      0      0      0      0      0      0      0      0      0      0      0      0      0      0      0      0      0      0      0      0      0      0      0      0     
0x2af5515ac8d0           PLOP3.LUT P1, PT, PT, PT, PT, 0x80, 0x8                                 0      0      0      0      0        0        0      0      0      32     0      -             -          -      0      0      0      0      0      0      0      0      -      0      0      0      0      0      0      0      0      0      0      0      0      0      0      0      0      0      0      0      0      0      0      0      0      0      0      0      0      0      0      0      0      0      0      0      0      0      0      0      0     
0x2af5515ac8e0           SYNCS.ARRIVE.TRANS64 RZ, [UR5+0x8], R4                                  0      0      0      0      0        0        0      0      0      32     0      -             -          -      0      0      0      0      0      0      0      0      -      0      0      0      0      0      0      0      0      0      0      0      0      0      0      0      0      0      0      0      0      0      0      0      0      0      0      0      0      0      0      0      0      0      0      0      0      0      0      0      0     
0x2af5515ac8f0           UIADD3 UR14, UPT, UPT, UR6, 0x40, URZ                                   0      0      0      0      0        0        0      0      0      32     0      -             -          -      0      0      0      0      0      0      0      0      -      0      0      0      0      0      0      0      0      0      0      0      0      0      0      0      0      0      0      0      0      0      0      0      0      0      0      0      0      0      0      0      0      0      0      0      0      0      0      0      0     
0x2af5515ac900           UIADD3 UR12, UPT, UPT, UR4, 0x6000, URZ                                 0      0      0      0      0        0        0      0      0      32     0      -             -          -      0      0      0      0      0      0      0      0      -      0      0      0      0      0      0      0      0      0      0      0      0      0      0      0      0      0      0      0      0      0      0      0      0      0      0      0      0      0      0      0      0      0      0      0      0      0      0      0      0     
0x2af5515ac910           UIADD3 UR13, UPT, UPT, UR5, 0x8, URZ                                    0      0      0      0      0        0        0      0      0      32     0      -             -          -      0      0      0      0      0      0      0      0      -      0      0      0      0      0      0      0      0      0      0      0      0      0      0      0      0      0      0      0      0      0      0      0      0      0      0      0      0      0      0      0      0      0      0      0      0      0      0      0      0     
0x2af5515ac920           UIADD3 UR18, UP0, UPT, UR10, 0x80, URZ                                  0      0      0      0      0        0        0      0      0      32     0      -             -          -      0      0      0      0      0      0      0      0      -      0      0      0      0      0      0      0      0      0      0      0      0      0      0      0      0      0      0      0      0      0      0      0      0      0      0      0      0      0      0      0      0      0      0      0      0      0      0      0      0     
0x2af5515ac930           UIADD3.X UR19, UPT, UPT, URZ, UR11, URZ, UP0, !UPT                      0      0      0      0      0        0        0      0      0      32     0      -             -          -      0      0      0      0      0      0      0      0      -      0      0      0      0      0      0      0      0      0      0      0      0      0      0      0      0      0      0      0      0      0      0      0      0      0      0      0      0      0      0      0      0      0      0      0      0      0      0      0      0     
0x2af5515ac940     @P1   ELECT P3, URZ, PT                                                       0      0      0      0      0        0        0      0      0      32     0      -             -          -      0      0      0      0      0      0      0      0      -      0      0      0      0      0      0      0      0      0      0      0      0      0      0      0      0      0      0      0      0      0      0      0      0      0      0      0      0      0      0      0      0      0      0      0      0      0      0      0      0     
0x2af5515ac950           UMOV UR15, UR7                                                          0      0      0      0      0        0        0      0      0      32     0      -             -          -      0      0      0      0      0      0      0      0      -      0      0      0      0      0      0      0      0      0      0      0      0      0      0      0      0      0      0      0      0      0      0      0      0      0      0      0      0      0      0      0      0      0      0      0      0      0      0      0      0     
0x2af5515ac960           UTMALDG.2D [UR12], [UR18]                                               0      0      0      0      0        0        0      0      0      32     0                    -          -      0      0      0      0      0      0      0      0      -      0      0      0      0      0      0      0      0      0      0      0      0      0      0      0      0      0      0      0      0      0      0      0      0      0      0      0      0      0      0      0      0      0      0      0      0      0      0      0      0     
0x2af5515ac970     @P3   PLOP3.LUT P1, PT, P3, PT, PT, 0x8, 0x80                                 0      0      0      0      0        0        0      0      0      32     0      -             -          -      0      0      0      0      0      0      0      0      -      0      0      0      0      0      0      0      0      0      0      0      0      0      0      0      0      0      0      0      0      0      0      0      0      0      0      0      0      0      0      0      0      0      0      0      0      0      0      0      0     
0x2af5515ac980           PLOP3.LUT P3, PT, PT, PT, PT, 0x8, 0x80                                 0      0      0      0      0        0        0      0      0      32     0      -             -          -      0      0      0      0      0      0      0      0      -      0      0      0      0      0      0      0      0      0      0      0      0      0      0      0      0      0      0      0      0      0      0      0      0      0      0      0      0      0      0      0      0      0      0      0      0      0      0      0      0     
0x2af5515ac990     @P1   BRA.U.ANY 0x2af5515ac940                                                0      0      0      0      0        0        0      0      0      32     0      -             -          -      0      0      0      0      0      0      0      0      -      0      0      0      0      0      0      0      0      0      0      0      0      0      0      0      0      0      0      0      0      0      0      0      0      0      0      0      0      0      0      0      0      0      0      0      0      0      0      0      0     
0x2af5515ac9a0           UIADD3 UR10, UP0, UPT, UR10, 0x100, URZ                                 0      0      0      0      0        0        0      0      0      32     0      -             -          -      0      0      0      0      0      0      0      0      -      0      0      0      0      0      0      0      0      0      0      0      0      0      0      0      0      0      0      0      0      0      0      0      0      0      0      0      0      0      0      0      0      0      0      0      0      0      0      0      0     
0x2af5515ac9b0           PLOP3.LUT P1, PT, PT, PT, PT, 0x80, 0x8                                 0      0      0      0      0        0        0      0      0      32     0      -             -          -      0      0      0      0      0      0      0      0      -      0      0      0      0      0      0      0      0      0      0      0      0      0      0      0      0      0      0      0      0      0      0      0      0      0      0      0      0      0      0      0      0      0      0      0      0      0      0      0      0     
0x2af5515ac9c0           UIADD3 UR12, UPT, UPT, UR4, 0xa000, URZ                                 0      0      0      0      0        0        0      0      0      32     0      -             -          -      0      0      0      0      0      0      0      0      -      0      0      0      0      0      0      0      0      0      0      0      0      0      0      0      0      0      0      0      0      0      0      0      0      0      0      0      0      0      0      0      0      0      0      0      0      0      0      0      0     
0x2af5515ac9d0           UIADD3.X UR11, UPT, UPT, URZ, UR11, URZ, UP0, !UPT                      0      0      0      0      0        0        0      0      0      32     0      -             -          -      0      0      0      0      0      0      0      0      -      0      0      0      0      0      0      0      0      0      0      0      0      0      0      0      0      0      0      0      0      0      0      0      0      0      0      0      0      0      0      0      0      0      0      0      0      0      0      0      0     
0x2af5515ac9e0     @P1   ELECT P3, URZ, PT                                                       0      0      0      0      0        0        0      0      0      32     0      -             -          -      0      0      0      0      0      0      0      0      -      0      0      0      0      0      0      0      0      0      0      0      0      0      0      0      0      0      0      0      0      0      0      0      0      0      0      0      0      0      0      0      0      0      0      0      0      0      0      0      0     
0x2af5515ac9f0           UMOV UR15, UR23                                                         0      0      0      0      0        0        0      0      0      32     0      -             -          -      0      0      0      0      0      0      0      0      -      0      0      0      0      0      0      0      0      0      0      0      0      0      0      0      0      0      0      0      0      0      0      0      0      0      0      0      0      0      0      0      0      0      0      0      0      0      0      0      0     
0x2af5515aca00           UTMALDG.2D [UR12], [UR10]                                               0      0      0      0      0        0        0      0      0      32     0                    -          -      0      0      0      0      0      0      0      0      -      0      0      0      0      0      0      0      0      0      0      0      0      0      0      0      0      0      0      0      0      0      0      0      0      0      0      0      0      0      0      0      0      0      0      0      0      0      0      0      0     
0x2af5515aca10     @P3   PLOP3.LUT P1, PT, P3, PT, PT, 0x8, 0x80                                 0      0      0      0      0        0        0      0      0      32     0      -             -          -      0      0      0      0      0      0      0      0      -      0      0      0      0      0      0      0      0      0      0      0      0      0      0      0      0      0      0      0      0      0      0      0      0      0      0      0      0      0      0      0      0      0      0      0      0      0      0      0      0     
0x2af5515aca20           PLOP3.LUT P3, PT, PT, PT, PT, 0x8, 0x80                                 0      0      0      0      0        0        0      0      0      32     0      -             -          -      0      0      0      0      0      0      0      0      -      0      0      0      0      0      0      0      0      0      0      0      0      0      0      0      0      0      0      0      0      0      0      0      0      0      0      0      0      0      0      0      0      0      0      0      0      0      0      0      0     
0x2af5515aca30     @P1   BRA.U.ANY 0x2af5515ac9e0                                                0      0      0      0      0        0        0      0      0      32     0      -             -          -      0      0      0      0      0      0      0      0      -      0      0      0      0      0      0      0      0      0      0      0      0      0      0      0      0      0      0      0      0      0      0      0      0      0      0      0      0      0      0      0      0      0      0      0      0      0      0      0      0     
0x2af5515aca40           BSYNC.RECONVERGENT B0                                                   0      0      0      0      0        0        0      0      0      32     0      -             -          -      0      0      0      0      0      0      0      0      -      0      0      0      0      0      0      0      0      0      0      0      0      0      0      0      0      0      0      0      0      0      0      0      0      0      0      0      0      0      0      0      0      0      0      0      0      0      0      0      0     
0x2af5515aca50           BSSY.RECONVERGENT B0, 0x2af5515acc10                                    0      0      0      0      0        0        0      0      0      32     0      -             -          -      0      0      0      0      0      0      0      0      -      0      0      0      0      0      0      0      0      0      0      0      0      0      0      0      0      0      0      0      0      0      0      0      0      0      0      0      0      0      0      0      0      0      0      0      0      0      0      0      0     
0x2af5515aca60     @P2   BRA 0x2af5515acc00                                                      0      0      0      0      0        0        0      0      0      32     0      -             -          -      0      0      0      0      0      0      0      0      -      0      0      0      0      0      0      0      0      0      0      0      0      0      0      0      0      0      0      0      0      0      0      0      0      0      0      0      0      0      0      0      0      0      0      0      0      0      0      0      0     
0x2af5515aca70           IMAD.MOV.U32 R4, RZ, RZ, 0x6000                                         0      0      0      0      0        0        0      0      0      32     0      -             -          -      0      0      0      0      0      0      0      0      -      0      0      0      0      0      0      0      0      0      0      0      0      0      0      0      0      0      0      0      0      0      0      0      0      0      0      0      0      0      0      0      0      0      0      0      0      0      0      0      0     
0x2af5515aca80           LDCU.64 UR10, c[0x0][0x348]                                             0      0      0      0      0        0        0      0      0      32     0      -             -          -      0      0      0      0      0      0      0      0      -      0      0      0      0      0      0      0      0      0      0      0      0      0      0      0      0      0      0      0      0      0      0      0      0      0      0      0      0      0      0      0      0      0      0      0      0      0      0      0      0     
0x2af5515aca90           PLOP3.LUT P1, PT, PT, PT, PT, 0x80, 0x8                                 0      0      0      0      0        0        0      0      0      32     0      -             -          -      0      0      0      0      0      0      0      0      -      0      0      0      0      0      0      0      0      0      0      0      0      0      0      0      0      0      0      0      0      0      0      0      0      0      0      0      0      0      0      0      0      0      0      0      0      0      0      0      0     
0x2af5515acaa0           SYNCS.ARRIVE.TRANS64 RZ, [UR5+0x10], R4                                 0      0      0      0      0        0        0      0      0      32     0      -             -          -      0      0      0      0      0      0      0      0      -      0      0      0      0      0      0      0      0      0      0      0      0      0      0      0      0      0      0      0      0      0      0      0      0      0      0      0      0      0      0      0      0      0      0      0      0      0      0      0      0     
0x2af5515acab0           UIADD3 UR14, UPT, UPT, UR6, 0x80, URZ                                   0      0      0      0      0        0        0      0      0      32     0      -             -          -      0      0      0      0      0      0      0      0      -      0      0      0      0      0      0      0      0      0      0      0      0      0      0      0      0      0      0      0      0      0      0      0      0      0      0      0      0      0      0      0      0      0      0      0      0      0      0      0      0     
0x2af5515acac0           UIADD3 UR12, UPT, UPT, UR4, 0xc000, URZ                                 0      0      0      0      0        0        0      0      0      32     0      -             -          -      0      0      0      0      0      0      0      0      -      0      0      0      0      0      0      0      0      0      0      0      0      0      0      0      0      0      0      0      0      0      0      0      0      0      0      0      0      0      0      0      0      0      0      0      0      0      0      0      0     
0x2af5515acad0           UIADD3 UR13, UPT, UPT, UR5, 0x10, URZ                                   0      0      0      0      0        0        0      0      0      32     0      -             -          -      0      0      0      0      0      0      0      0      -      0      0      0      0      0      0      0      0      0      0      0      0      0      0      0      0      0      0      0      0      0      0      0      0      0      0      0      0      0      0      0      0      0      0      0      0      0      0      0      0     
0x2af5515acae0           UIADD3 UR18, UP0, UPT, UR10, 0x80, URZ                                  0      0      0      0      0        0        0      0      0      32     0      -             -          -      0      0      0      0      0      0      0      0      -      0      0      0      0      0      0      0      0      0      0      0      0      0      0      0      0      0      0      0      0      0      0      0      0      0      0      0      0      0      0      0      0      0      0      0      0      0      0      0      0     
0x2af5515acaf0           UIADD3.X UR19, UPT, UPT, URZ, UR11, URZ, UP0, !UPT                      0      0      0      0      0        0        0      0      0      32     0      -             -          -      0      0      0      0      0      0      0      0      -      0      0      0      0      0      0      0      0      0      0      0      0      0      0      0      0      0      0      0      0      0      0      0      0      0      0      0      0      0      0      0      0      0      0      0      0      0      0      0      0     
0x2af5515acb00     @P1   ELECT P3, URZ, PT                                                       0      0      0      0      0        0        0      0      0      32     0      -             -          -      0      0      0      0      0      0      0      0      -      0      0      0      0      0      0      0      0      0      0      0      0      0      0      0      0      0      0      0      0      0      0      0      0      0      0      0      0      0      0      0      0      0      0      0      0      0      0      0      0     
0x2af5515acb10           UMOV UR15, UR7                                                          0      0      0      0      0        0        0      0      0      32     0      -             -          -      0      0      0      0      0      0      0      0      -      0      0      0      0      0      0      0      0      0      0      0      0      0      0      0      0      0      0      0      0      0      0      0      0      0      0      0      0      0      0      0      0      0      0      0      0      0      0      0      0     
0x2af5515acb20           UTMALDG.2D [UR12], [UR18]                                               0      0      0      0      0        0        0      0      0      32     0                    -          -      0      0      0      0      0      0      0      0      -      0      0      0      0      0      0      0      0      0      0      0      0      0      0      0      0      0      0      0      0      0      0      0      0      0      0      0      0      0      0      0      0      0      0      0      0      0      0      0      0     
0x2af5515acb30     @P3   PLOP3.LUT P1, PT, P3, PT, PT, 0x8, 0x80                                 0      0      0      0      0        0        0      0      0      32     0      -             -          -      0      0      0      0      0      0      0      0      -      0      0      0      0      0      0      0      0      0      0      0      0      0      0      0      0      0      0      0      0      0      0      0      0      0      0      0      0      0      0      0      0      0      0      0      0      0      0      0      0     
0x2af5515acb40           PLOP3.LUT P3, PT, PT, PT, PT, 0x8, 0x80                                 0      0      0      0      0        0        0      0      0      32     0      -             -          -      0      0      0      0      0      0      0      0      -      0      0      0      0      0      0      0      0      0      0      0      0      0      0      0      0      0      0      0      0      0      0      0      0      0      0      0      0      0      0      0      0      0      0      0      0      0      0      0      0     
0x2af5515acb50     @P1   BRA.U.ANY 0x2af5515acb00                                                0      0      0      0      0        0        0      0      0      32     0      -             -          -      0      0      0      0      0      0      0      0      -      0      0      0      0      0      0      0      0      0      0      0      0      0      0      0      0      0      0      0      0      0      0      0      0      0      0      0      0      0      0      0      0      0      0      0      0      0      0      0      0     
0x2af5515acb60           UIADD3 UR10, UP0, UPT, UR10, 0x100, URZ                                 0      0      0      0      0        0        0      0      0      32     0      -             -          -      0      0      0      0      0      0      0      0      -      0      0      0      0      0      0      0      0      0      0      0      0      0      0      0      0      0      0      0      0      0      0      0      0      0      0      0      0      0      0      0      0      0      0      0      0      0      0      0      0     
0x2af5515acb70           PLOP3.LUT P1, PT, PT, PT, PT, 0x80, 0x8                                 0      0      0      0      0        0        0      0      0      32     0      -             -          -      0      0      0      0      0      0      0      0      -      0      0      0      0      0      0      0      0      0      0      0      0      0      0      0      0      0      0      0      0      0      0      0      0      0      0      0      0      0      0      0      0      0      0      0      0      0      0      0      0     
0x2af5515acb80           UIADD3 UR12, UPT, UPT, UR4, 0x10000, URZ                                0      0      0      0      0        0        0      0      0      32     0      -             -          -      0      0      0      0      0      0      0      0      -      0      0      0      0      0      0      0      0      0      0      0      0      0      0      0      0      0      0      0      0      0      0      0      0      0      0      0      0      0      0      0      0      0      0      0      0      0      0      0      0     
0x2af5515acb90           UIADD3.X UR11, UPT, UPT, URZ, UR11, URZ, UP0, !UPT                      0      0      0      0      0        0        0      0      0      32     0      -             -          -      0      0      0      0      0      0      0      0      -      0      0      0      0      0      0      0      0      0      0      0      0      0      0      0      0      0      0      0      0      0      0      0      0      0      0      0      0      0      0      0      0      0      0      0      0      0      0      0      0     
0x2af5515acba0     @P1   ELECT P3, URZ, PT                                                       0      0      0      0      0        0        0      0      0      32     0      -             -          -      0      0      0      0      0      0      0      0      -      0      0      0      0      0      0      0      0      0      0      0      0      0      0      0      0      0      0      0      0      0      0      0      0      0      0      0      0      0      0      0      0      0      0      0      0      0      0      0      0     
0x2af5515acbb0           UMOV UR15, UR23                                                         0      0      0      0      0        0        0      0      0      32     0      -             -          -      0      0      0      0      0      0      0      0      -      0      0      0      0      0      0      0      0      0      0      0      0      0      0      0      0      0      0      0      0      0      0      0      0      0      0      0      0      0      0      0      0      0      0      0      0      0      0      0      0     
0x2af5515acbc0           UTMALDG.2D [UR12], [UR10]                                               0      0      0      0      0        0        0      0      0      32     0                    -          -      0      0      0      0      0      0      0      0      -      0      0      0      0      0      0      0      0      0      0      0      0      0      0      0      0      0      0      0      0      0      0      0      0      0      0      0      0      0      0      0      0      0      0      0      0      0      0      0      0     
0x2af5515acbd0     @P3   PLOP3.LUT P1, PT, P3, PT, PT, 0x8, 0x80                                 0      0      0      0      0        0        0      0      0      32     0      -             -          -      0      0      0      0      0      0      0      0      -      0      0      0      0      0      0      0      0      0      0      0      0      0      0      0      0      0      0      0      0      0      0      0      0      0      0      0      0      0      0      0      0      0      0      0      0      0      0      0      0     
0x2af5515acbe0           PLOP3.LUT P3, PT, PT, PT, PT, 0x8, 0x80                                 0      0      0      0      0        0        0      0      0      32     0      -             -          -      0      0      0      0      0      0      0      0      -      0      0      0      0      0      0      0      0      0      0      0      0      0      0      0      0      0      0      0      0      0      0      0      0      0      0      0      0      0      0      0      0      0      0      0      0      0      0      0      0     
0x2af5515acbf0     @P1   BRA.U.ANY 0x2af5515acba0                                                0      0      0      0      0        0        0      0      0      32     0      -             -          -      0      0      0      0      0      0      0      0      -      0      0      0      0      0      0      0      0      0      0      0      0      0      0      0      0      0      0      0      0      0      0      0      0      0      0      0      0      0      0      0      0      0      0      0      0      0      0      0      0     
0x2af5515acc00           BSYNC.RECONVERGENT B0                                                   0      0      0      0      0        0        0      0      0      32     0      -             -          -      0      0      0      0      0      0      0      0      -      0      0      0      0      0      0      0      0      0      0      0      0      0      0      0      0      0      0      0      0      0      0      0      0      0      0      0      0      0      0      0      0      0      0      0      0      0      0      0      0     
0x2af5515acc10           BSSY.RECONVERGENT B0, 0x2af5515acdd0                                    0      0      0      0      0        0        0      0      0      32     0      -             -          -      0      0      0      0      0      0      0      0      -      0      0      0      0      0      0      0      0      0      0      0      0      0      0      0      0      0      0      0      0      0      0      0      0      0      0      0      0      0      0      0      0      0      0      0      0      0      0      0      0     
0x2af5515acc20     @P2   BRA 0x2af5515acdc0                                                      0      0      0      0      0        0        0      0      0      32     0      -             -          -      0      0      0      0      0      0      0      0      -      0      0      0      0      0      0      0      0      0      0      0      0      0      0      0      0      0      0      0      0      0      0      0      0      0      0      0      0      0      0      0      0      0      0      0      0      0      0      0      0     
0x2af5515acc30           IMAD.MOV.U32 R4, RZ, RZ, 0x6000                                         0      0      0      0      0        0        0      0      0      32     0      -             -          -      0      0      0      0      0      0      0      0      -      0      0      0      0      0      0      0      0      0      0      0      0      0      0      0      0      0      0      0      0      0      0      0      0      0      0      0      0      0      0      0      0      0      0      0      0      0      0      0      0     
0x2af5515acc40           LDCU.64 UR10, c[0x0][0x348]                                             0      0      0      0      0        0        0      0      0      32     0      -             -          -      0      0      0      0      0      0      0      0      -      0      0      0      0      0      0      0      0      0      0      0      0      0      0      0      0      0      0      0      0      0      0      0      0      0      0      0      0      0      0      0      0      0      0      0      0      0      0      0      0     
0x2af5515acc50           PLOP3.LUT P1, PT, PT, PT, PT, 0x80, 0x8                                 0      0      0      0      0        0        0      0      0      32     0      -             -          -      0      0      0      0      0      0      0      0      -      0      0      0      0      0      0      0      0      0      0      0      0      0      0      0      0      0      0      0      0      0      0      0      0      0      0      0      0      0      0      0      0      0      0      0      0      0      0      0      0     
0x2af5515acc60           SYNCS.ARRIVE.TRANS64 RZ, [UR5+0x18], R4                                 0      0      0      0      0        0        0      0      0      32     0      -             -          -      0      0      0      0      0      0      0      0      -      0      0      0      0      0      0      0      0      0      0      0      0      0      0      0      0      0      0      0      0      0      0      0      0      0      0      0      0      0      0      0      0      0      0      0      0      0      0      0      0     
0x2af5515acc70           UIADD3 UR14, UPT, UPT, UR6, 0xc0, URZ                                   0      0      0      0      0        0        0      0      0      32     0      -             -          -      0      0      0      0      0      0      0      0      -      0      0      0      0      0      0      0      0      0      0      0      0      0      0      0      0      0      0      0      0      0      0      0      0      0      0      0      0      0      0      0      0      0      0      0      0      0      0      0      0     
0x2af5515acc80           UIADD3 UR12, UPT, UPT, UR4, 0x12000, URZ                                0      0      0      0      0        0        0      0      0      32     0      -             -          -      0      0      0      0      0      0      0      0      -      0      0      0      0      0      0      0      0      0      0      0      0      0      0      0      0      0      0      0      0      0      0      0      0      0      0      0      0      0      0      0      0      0      0      0      0      0      0      0      0     
0x2af5515acc90           UIADD3 UR13, UPT, UPT, UR5, 0x18, URZ                                   0      0      0      0      0        0        0      0      0      32     0      -             -          -      0      0      0      0      0      0      0      0      -      0      0      0      0      0      0      0      0      0      0      0      0      0      0      0      0      0      0      0      0      0      0      0      0      0      0      0      0      0      0      0      0      0      0      0      0      0      0      0      0     
0x2af5515acca0           UIADD3 UR18, UP0, UPT, UR10, 0x80, URZ                                  0      0      0      0      0        0        0      0      0      32     0      -             -          -      0      0      0      0      0      0      0      0      -      0      0      0      0      0      0      0      0      0      0      0      0      0      0      0      0      0      0      0      0      0      0      0      0      0      0      0      0      0      0      0      0      0      0      0      0      0      0      0      0     
0x2af5515accb0           UIADD3.X UR19, UPT, UPT, URZ, UR11, URZ, UP0, !UPT                      0      0      0      0      0        0        0      0      0      32     0      -             -          -      0      0      0      0      0      0      0      0      -      0      0      0      0      0      0      0      0      0      0      0      0      0      0      0      0      0      0      0      0      0      0      0      0      0      0      0      0      0      0      0      0      0      0      0      0      0      0      0      0     
0x2af5515accc0     @P1   ELECT P3, URZ, PT                                                       0      0      0      0      0        0        0      0      0      32     0      -             -          -      0      0      0      0      0      0      0      0      -      0      0      0      0      0      0      0      0      0      0      0      0      0      0      0      0      0      0      0      0      0      0      0      0      0      0      0      0      0      0      0      0      0      0      0      0      0      0      0      0     
0x2af5515accd0           UMOV UR15, UR7                                                          0      0      0      0      0        0        0      0      0      32     0      -             -          -      0      0      0      0      0      0      0      0      -      0      0      0      0      0      0      0      0      0      0      0      0      0      0      0      0      0      0      0      0      0      0      0      0      0      0      0      0      0      0      0      0      0      0      0      0      0      0      0      0     
0x2af5515acce0           UTMALDG.2D [UR12], [UR18]                                               0      0      0      0      0        0        0      0      0      32     0                    -          -      0      0      0      0      0      0      0      0      -      0      0      0      0      0      0      0      0      0      0      0      0      0      0      0      0      0      0      0      0      0      0      0      0      0      0      0      0      0      0      0      0      0      0      0      0      0      0      0      0     
0x2af5515accf0     @P3   PLOP3.LUT P1, PT, P3, PT, PT, 0x8, 0x80                                 0      0      0      0      0        0        0      0      0      32     0      -             -          -      0      0      0      0      0      0      0      0      -      0      0      0      0      0      0      0      0      0      0      0      0      0      0      0      0      0      0      0      0      0      0      0      0      0      0      0      0      0      0      0      0      0      0      0      0      0      0      0      0     
0x2af5515acd00           PLOP3.LUT P3, PT, PT, PT, PT, 0x8, 0x80                                 0      0      0      0      0        0        0      0      0      32     0      -             -          -      0      0      0      0      0      0      0      0      -      0      0      0      0      0      0      0      0      0      0      0      0      0      0      0      0      0      0      0      0      0      0      0      0      0      0      0      0      0      0      0      0      0      0      0      0      0      0      0      0     
0x2af5515acd10     @P1   BRA.U.ANY 0x2af5515accc0                                                0      0      0      0      0        0        0      0      0      32     0      -             -          -      0      0      0      0      0      0      0      0      -      0      0      0      0      0      0      0      0      0      0      0      0      0      0      0      0      0      0      0      0      0      0      0      0      0      0      0      0      0      0      0      0      0      0      0      0      0      0      0      0     
0x2af5515acd20           UIADD3 UR10, UP0, UPT, UR10, 0x100, URZ                                 0      0      0      0      0        0        0      0      0      32     0      -             -          -      0      0      0      0      0      0      0      0      -      0      0      0      0      0      0      0      0      0      0      0      0      0      0      0      0      0      0      0      0      0      0      0      0      0      0      0      0      0      0      0      0      0      0      0      0      0      0      0      0     
0x2af5515acd30           PLOP3.LUT P1, PT, PT, PT, PT, 0x80, 0x8                                 0      0      0      0      0        0        0      0      0      32     0      -             -          -      0      0      0      0      0      0      0      0      -      0      0      0      0      0      0      0      0      0      0      0      0      0      0      0      0      0      0      0      0      0      0      0      0      0      0      0      0      0      0      0      0      0      0      0      0      0      0      0      0     
0x2af5515acd40           UIADD3 UR12, UPT, UPT, UR4, 0x16000, URZ                                0      0      0      0      0        0        0      0      0      32     0      -             -          -      0      0      0      0      0      0      0      0      -      0      0      0      0      0      0      0      0      0      0      0      0      0      0      0      0      0      0      0      0      0      0      0      0      0      0      0      0      0      0      0      0      0      0      0      0      0      0      0      0     
0x2af5515acd50           UIADD3.X UR11, UPT, UPT, URZ, UR11, URZ, UP0, !UPT                      0      0      0      0      0        0        0      0      0      32     0      -             -          -      0      0      0      0      0      0      0      0      -      0      0      0      0      0      0      0      0      0      0      0      0      0      0      0      0      0      0      0      0      0      0      0      0      0      0      0      0      0      0      0      0      0      0      0      0      0      0      0      0     
0x2af5515acd60     @P1   ELECT P3, URZ, PT                                                       0      0      0      0      0        0        0      0      0      32     0      -             -          -      0      0      0      0      0      0      0      0      -      0      0      0      0      0      0      0      0      0      0      0      0      0      0      0      0      0      0      0      0      0      0      0      0      0      0      0      0      0      0      0      0      0      0      0      0      0      0      0      0     
0x2af5515acd70           UMOV UR15, UR23                                                         0      0      0      0      0        0        0      0      0      32     0      -             -          -      0      0      0      0      0      0      0      0      -      0      0      0      0      0      0      0      0      0      0      0      0      0      0      0      0      0      0      0      0      0      0      0      0      0      0      0      0      0      0      0      0      0      0      0      0      0      0      0      0     
0x2af5515acd80           UTMALDG.2D [UR12], [UR10]                                               0      0      0      0      0        0        0      0      0      32     0                    -          -      0      0      0      0      0      0      0      0      -      0      0      0      0      0      0      0      0      0      0      0      0      0      0      0      0      0      0      0      0      0      0      0      0      0      0      0      0      0      0      0      0      0      0      0      0      0      0      0      0     
0x2af5515acd90     @P3   PLOP3.LUT P1, PT, P3, PT, PT, 0x8, 0x80                                 0      0      0      0      0        0        0      0      0      32     0      -             -          -      0      0      0      0      0      0      0      0      -      0      0      0      0      0      0      0      0      0      0      0      0      0      0      0      0      0      0      0      0      0      0      0      0      0      0      0      0      0      0      0      0      0      0      0      0      0      0      0      0     
0x2af5515acda0           PLOP3.LUT P3, PT, PT, PT, PT, 0x8, 0x80                                 0      0      0      0      0        0        0      0      0      32     0      -             -          -      0      0      0      0      0      0      0      0      -      0      0      0      0      0      0      0      0      0      0      0      0      0      0      0      0      0      0      0      0      0      0      0      0      0      0      0      0      0      0      0      0      0      0      0      0      0      0      0      0     
0x2af5515acdb0     @P1   BRA.U.ANY 0x2af5515acd60                                                0      0      0      0      0        0        0      0      0      32     0      -             -          -      0      0      0      0      0      0      0      0      -      0      0      0      0      0      0      0      0      0      0      0      0      0      0      0      0      0      0      0      0      0      0      0      0      0      0      0      0      0      0      0      0      0      0      0      0      0      0      0      0     
0x2af5515acdc0           BSYNC.RECONVERGENT B0                                                   0      0      0      0      0        0        0      0      0      32     0      -             -          -      0      0      0      0      0      0      0      0      -      0      0      0      0      0      0      0      0      0      0      0      0      0      0      0      0      0      0      0      0      0      0      0      0      0      0      0      0      0      0      0      0      0      0      0      0      0      0      0      0     
0x2af5515acdd0           VIADD R2, R2, 0x4                                                       0      0      0      0      0        0        0      0      0      32     0      -             -          -      0      0      0      0      0      0      0      0      -      0      0      0      0      0      0      0      0      0      0      0      0      0      0      0      0      0      0      0      0      0      0      0      0      0      0      0      0      0      0      0      0      0      0      0      0      0      0      0      0     
0x2af5515acde0           UIADD3 UR6, UPT, UPT, UR6, 0x100, URZ                                   0      0      0      0      0        0        0      0      0      32     0      -             -          -      0      0      0      0      0      0      0      0      -      0      0      0      0      0      0      0      0      0      0      0      0      0      0      0      0      0      0      0      0      0      0      0      0      0      0      0      0      0      0      0      0      0      0      0      0      0      0      0      0     
0x2af5515acdf0           UIADD3 UR4, UPT, UPT, UR4, 0x18000, URZ                                 0      0      0      0      0        0        0      0      0      32     0      -             -          -      0      0      0      0      0      0      0      0      -      0      0      0      0      0      0      0      0      0      0      0      0      0      0      0      0      0      0      0      0      0      0      0      0      0      0      0      0      0      0      0      0      0      0      0      0      0      0      0      0     
0x2af5515ace00           ISETP.GE.AND P1, PT, R2, -0x3, PT                                       0      0      0      0      0        0        0      0      0      32     0      -             -          -      0      0      0      0      0      0      0      0      -      0      0      0      0      0      0      0      0      0      0      0      0      0      0      0      0      0      0      0      0      0      0      0      0      0      0      0      0      0      0      0      0      0      0      0      0      0      0      0      0     
0x2af5515ace10           UIADD3 UR5, UPT, UPT, UR5, 0x20, URZ                                    0      0      0      0      0        0        0      0      0      32     0      -             -          -      0      0      0      0      0      0      0      0      -      0      0      0      0      0      0      0      0      0      0      0      0      0      0      0      0      0      0      0      0      0      0      0      0      0      0      0      0      0      0      0      0      0      0      0      0      0      0      0      0     
0x2af5515ace20     @!P1  BRA 0x2af5515ac6f0                                                      0      0      0      0      0        0        0      0      0      32     0      -             -          -      0      0      0      0      0      0      0      0      -      0      0      0      0      0      0      0      0      0      0      0      0      0      0      0      0      0      0      0      0      0      0      0      0      0      0      0      0      0      0      0      0      0      0      0      0      0      0      0      0     
0x2af5515ace30           IMAD.MOV R4, RZ, RZ, -R2                                                5      4      5      8192   262144   262144   32     32     32     0      0      -             -          -      0      0      0      0      0      0      0      0      -      0      0      0      0      0      0      0      1      0      0      0      0      0      0      0      0      4      0      0      0      0      0      0      0      1      0      0      0      0      0      0      0      0      3      0      0      0      0      0      0     
0x2af5515ace40           ISETP.GT.AND P1, PT, R4, 0x1, PT                                        1      1      1      8192   262144   262144   32     32     0      0      0      -             -          -      0      0      0      0      0      0      0      0      -      0      0      0      0      0      0      0      0      0      0      0      0      0      0      0      0      0      0      0      0      0      0      1      0      0      0      0      0      0      0      0      0      0      0      0      0      0      0      0      1     
0x2af5515ace50     @!P1  BRA 0x2af5515ad230                                                      0      0      0      8192   262144   0        32     0      32     32     0      -             -          -      0      0      0      0      0      0      0      0      -      0      0      0      0      0      0      0      0      0      0      0      0      0      0      0      0      0      0      0      0      0      0      0      0      0      0      0      0      0      0      0      0      0      0      0      0      0      0      0      0     
0x2af5515ace60           ISETP.NE.AND P2, PT, R14, RZ, PT                                        2      1      2      8192   262144   262144   32     32     32     0      0      -             -          -      0      0      0      0      0      0      0      0      -      0      0      0      0      0      0      0      0      0      0      0      0      0      0      0      0      0      0      0      0      0      0      2      0      0      0      0      0      0      0      0      0      0      0      0      0      0      0      0      1     
0x2af5515ace70           BSSY.RECONVERGENT B0, 0x2af5515ad010                                    0      0      0      8192   262144   262144   32     32     0      0      0      -             -          -      0      0      0      0      0      0      0      0      -      0      0      0      0      0      0      0      0      0      0      0      0      0      0      0      0      0      0      0      0      0      0      0      0      0      0      0      0      0      0      0      0      0      0      0      0      0      0      0      0     
0x2af5515ace80           PLOP3.LUT P0, PT, PT, PT, PT, 0x8, 0x80                                 0      0      0      8192   262144   262144   32     32     0      0      0      -             -          -      0      0      0      0      0      0      0      0      -      0      0      0      0      0      0      0      0      0      0      0      0      0      0      0      0      0      0      0      0      0      0      0      0      0      0      0      0      0      0      0      0      0      0      0      0      0      0      0      0     
0x2af5515ace90     @P2   BRA 0x2af5515ad000                                                      5      3      5      8192   262144   260096   32     31     1      1      2048   -             -          -      0      0      0      0      0      0      0      0      -      0      0      0      0      0      0      0      0      0      0      0      0      0      0      0      0      0      0      0      0      0      0      5      0      0      0      0      0      0      0      0      0      0      0      0      0      0      0      0      3     
0x2af5515acea0           IMAD.MOV.U32 R4, RZ, RZ, 0x6000                                         2      1      2      2048   2048     2048     1      1      30     31     0      -             -          -      0      0      0      0      0      0      0      0      -      0      0      0      0      0      0      0      0      0      0      0      0      0      0      0      0      0      0      1      0      0      0      1      0      0      0      0      0      0      0      0      0      0      0      0      0      0      0      0      1     
0x2af5515aceb0           LDCU.64 UR10, c[0x0][0x348]                                             0      0      0      2048   2048     2048     1      1      0      31     0      -             -          -      0      0      0      0      0      0      0      0      -      0      0      0      0      0      0      0      0      0      0      0      0      0      0      0      0      0      0      0      0      0      0      0      0      0      0      0      0      0      0      0      0      0      0      0      0      0      0      0      0     
0x2af5515acec0           PLOP3.LUT P1, PT, PT, PT, PT, 0x80, 0x8                                 0      0      0      2048   2048     2048     1      1      0      31     0      -             -          -      0      0      0      0      0      0      0      0      -      0      0      0      0      0      0      0      0      0      0      0      0      0      0      0      0      0      0      0      0      0      0      0      0      0      0      0      0      0      0      0      0      0      0      0      0      0      0      0      0     
0x2af5515aced0           SYNCS.ARRIVE.TRANS64 RZ, [UR5], R4                                      0      0      0      2048   2048     2048     1      1      0      31     0      -             -          -      0      0      0      0      0      0      0      0      -      0      0      0      0      0      0      0      0      0      0      0      0      0      0      0      0      0      0      0      0      0      0      0      0      0      0      0      0      0      0      0      0      0      0      0      0      0      0      0      0     
0x2af5515acee0           UIADD3 UR12, UP0, UPT, UR10, 0x80, URZ                                  3      2      3      2048   2048     2048     1      1      0      31     0      -             -          -      0      0      0      0      0      0      0      0      -      0      0      0      0      0      0      0      0      0      0      0      0      0      0      0      0      0      0      0      3      0      0      0      0      0      0      0      0      0      0      0      0      0      0      0      0      2      0      0      0     
0x2af5515acef0           UIADD3.X UR13, UPT, UPT, URZ, UR11, URZ, UP0, !UPT                      0      0      0      2048   2048     2048     1      1      0      31     0      -             -          -      0      0      0      0      0      0      0      0      -      0      0      0      0      0      0      0      0      0      0      0      0      0      0      0      0      0      0      0      0      0      0      0      0      0      0      0      0      0      0      0      0      0      0      0      0      0      0      0      0     
0x2af5515acf00     @P1   ELECT P3, URZ, PT                                                       0      0      0      2048   2048     2048     1      1      0      31     0      -             -          -      0      0      0      0      0      0      0      0      -      0      0      0      0      0      0      0      0      0      0      0      0      0      0      0      0      0      0      0      0      0      0      0      0      0      0      0      0      0      0      0      0      0      0      0      0      0      0      0      0     
0x2af5515acf10           UTMALDG.2D [UR4], [UR12]                                                0      0      0      2048   2048     2048     1      1      0      31     0      Global,Shared -          -      0      0      0      0      0      0      0      0      -      0      0      0      0      0      0      0      0      0      0      0      0      0      0      0      0      0      0      0      0      0      0      0      0      0      0      0      0      0      0      0      0      0      0      0      0      0      0      0      0     
0x2af5515acf20     @P3   PLOP3.LUT P1, PT, P3, PT, PT, 0x8, 0x80                                 0      0      0      2048   2048     2048     1      1      0      31     0      -             -          -      0      0      0      0      0      0      0      0      -      0      0      0      0      0      0      0      0      0      0      0      0      0      0      0      0      0      0      0      0      0      0      0      0      0      0      0      0      0      0      0      0      0      0      0      0      0      0      0      0     
0x2af5515acf30           PLOP3.LUT P3, PT, PT, PT, PT, 0x8, 0x80                                 0      0      0      2048   2048     2048     1      1      0      31     0      -             -          -      0      0      0      0      0      0      0      0      -      0      0      0      0      0      0      0      0      0      0      0      0      0      0      0      0      0      0      0      0      0      0      0      0      0      0      0      0      0      0      0      0      0      0      0      0      0      0      0      0     
0x2af5515acf40     @P1   BRA.U.ANY 0x2af5515acf00                                                0      0      0      2048   2048     0        1      0      1      32     0      -             -          -      0      0      0      0      0      0      0      0      -      0      0      0      0      0      0      0      0      0      0      0      0      0      0      0      0      0      0      0      0      0      0      0      0      0      0      0      0      0      0      0      0      0      0      0      0      0      0      0      0     
0x2af5515acf50           UIADD3 UR10, UP0, UPT, UR10, 0x100, URZ                                 0      0      0      2048   2048     2048     1      1      1      31     0      -             -          -      0      0      0      0      0      0      0      0      -      0      0      0      0      0      0      0      0      0      0      0      0      0      0      0      0      0      0      0      0      0      0      0      0      0      0      0      0      0      0      0      0      0      0      0      0      0      0      0      0     
0x2af5515acf60           PLOP3.LUT P1, PT, PT, PT, PT, 0x80, 0x8                                 0      0      0      2048   2048     2048     1      1      0      31     0      -             -          -      0      0      0      0      0      0      0      0      -      0      0      0      0      0      0      0      0      0      0      0      0      0      0      0      0      0      0      0      0      0      0      0      0      0      0      0      0      0      0      0      0      0      0      0      0      0      0      0      0     
0x2af5515acf70           UIADD3 UR20, UPT, UPT, UR4, 0x4000, URZ                                 0      0      0      2048   2048     2048     1      1      0      31     0      -             -          -      0      0      0      0      0      0      0      0      -      0      0      0      0      0      0      0      0      0      0      0      0      0      0      0      0      0      0      0      0      0      0      0      0      0      0      0      0      0      0      0      0      0      0      0      0      0      0      0      0     
0x2af5515acf80           UIADD3.X UR11, UPT, UPT, URZ, UR11, URZ, UP0, !UPT                      2      0      2      2048   2048     2048     1      1      0      31     0      -             -          -      0      0      0      0      0      0      0      0      -      0      0      0      0      0      0      0      0      0      0      0      0      0      0      0      0      0      1      0      0      0      0      1      0      0      0      0      0      0      0      0      0      0      0      0      0      0      0      0      0     
0x2af5515acf90     @P1   ELECT P3, URZ, PT                                                       0      0      0      2048   2048     2048     1      1      0      31     0      -             -          -      0      0      0      0      0      0      0      0      -      0      0      0      0      0      0      0      0      0      0      0      0      0      0      0      0      0      0      0      0      0      0      0      0      0      0      0      0      0      0      0      0      0      0      0      0      0      0      0      0     
0x2af5515acfa0           UMOV UR21, UR5                                                          0      0      0      2048   2048     2048     1      1      0      31     0      -             -          -      0      0      0      0      0      0      0      0      -      0      0      0      0      0      0      0      0      0      0      0      0      0      0      0      0      0      0      0      0      0      0      0      0      0      0      0      0      0      0      0      0      0      0      0      0      0      0      0      0     
0x2af5515acfb0           UMOV UR22, UR6                                                          0      0      0      2048   2048     2048     1      1      0      31     0      -             -          -      0      0      0      0      0      0      0      0      -      0      0      0      0      0      0      0      0      0      0      0      0      0      0      0      0      0      0      0      0      0      0      0      0      0      0      0      0      0      0      0      0      0      0      0      0      0      0      0      0     
0x2af5515acfc0           UTMALDG.2D [UR20], [UR10]                                               0      0      0      2048   2048     2048     1      1      0      31     0      Global,Shared -          -      0      0      0      0      0      0      0      0      -      0      0      0      0      0      0      0      0      0      0      0      0      0      0      0      0      0      0      0      0      0      0      0      0      0      0      0      0      0      0      0      0      0      0      0      0      0      0      0      0     
0x2af5515acfd0     @P3   PLOP3.LUT P1, PT, P3, PT, PT, 0x8, 0x80                                 0      0      0      2048   2048     2048     1      1      0      31     0      -             -          -      0      0      0      0      0      0      0      0      -      0      0      0      0      0      0      0      0      0      0      0      0      0      0      0      0      0      0      0      0      0      0      0      0      0      0      0      0      0      0      0      0      0      0      0      0      0      0      0      0     
0x2af5515acfe0           PLOP3.LUT P3, PT, PT, PT, PT, 0x8, 0x80                                 0      0      0      2048   2048     2048     1      1      0      31     0      -             -          -      0      0      0      0      0      0      0      0      -      0      0      0      0      0      0      0      0      0      0      0      0      0      0      0      0      0      0      0      0      0      0      0      0      0      0      0      0      0      0      0      0      0      0      0      0      0      0      0      0     
0x2af5515acff0     @P1   BRA.U.ANY 0x2af5515acf90                                                1      1      1      2048   2048     0        1      0      1      32     0      -             -          -      0      0      0      0      0      0      0      0      -      0      0      0      0      0      0      0      0      0      0      0      0      0      0      0      0      0      0      0      0      0      0      1      0      0      0      0      0      0      0      0      0      0      0      0      0      0      0      0      1     
0x2af5515ad000           BSYNC.RECONVERGENT B0                                                   2      2      2      10240  262144   262144   25     25     25     7      0      -             -          -      0      0      0      0      0      0      0      0      -      0      0      0      0      0      0      0      1      0      0      0      0      0      0      0      0      1      0      0      0      0      0      0      0      1      0      0      0      0      0      0      0      0      1      0      0      0      0      0      0     
0x2af5515ad010           UIADD3 UR14, UPT, UPT, UR6, 0x40, URZ                                   4      4      4      8192   262144   262144   32     32     7      0      0      -             -          -      0      0      0      0      0      0      0      0      -      0      0      0      0      0      0      0      3      0      0      0      0      1      0      0      0      0      0      0      0      0      0      0      0      3      0      0      0      0      1      0      0      0      0      0      0      0      0      0      0     
0x2af5515ad020           BSSY.RECONVERGENT B0, 0x2af5515ad1f0                                    1      0      1      8192   262144   262144   32     32     0      0      0      -             -          -      0      0      0      0      0      0      0      0      -      0      0      0      0      0      0      0      0      0      0      0      0      0      0      0      0      0      0      1      0      0      0      0      0      0      0      0      0      0      0      0      0      0      0      0      0      0      0      0      0     
0x2af5515ad030           UIADD3 UR12, UPT, UPT, UR4, 0x6000, URZ                                 0      0      0      8192   262144   262144   32     32     0      0      0      -             -          -      0      0      0      0      0      0      0      0      -      0      0      0      0      0      0      0      0      0      0      0      0      0      0      0      0      0      0      0      0      0      0      0      0      0      0      0      0      0      0      0      0      0      0      0      0      0      0      0      0     
0x2af5515ad040           VIADD R2, R2, 0x1                                                       0      0      0      8192   262144   262144   32     32     0      0      0      -             -          -      0      0      0      0      0      0      0      0      -      0      0      0      0      0      0      0      0      0      0      0      0      0      0      0      0      0      0      0      0      0      0      0      0      0      0      0      0      0      0      0      0      0      0      0      0      0      0      0      0     
0x2af5515ad050           UIADD3 UR13, UPT, UPT, UR5, 0x8, URZ                                    0      0      0      8192   262144   262144   32     32     0      0      0      -             -          -      0      0      0      0      0      0      0      0      -      0      0      0      0      0      0      0      0      0      0      0      0      0      0      0      0      0      0      0      0      0      0      0      0      0      0      0      0      0      0      0      0      0      0      0      0      0      0      0      0     
0x2af5515ad060     @P2   BRA 0x2af5515ad1e0                                                      1      0      1      8192   262144   260096   32     31     1      1      2048   -             -          -      0      0      0      0      0      0      0      0      -      0      0      0      0      0      0      0      0      0      0      0      0      0      0      0      0      0      0      1      0      0      0      0      0      0      0      0      0      0      0      0      0      0      0      0      0      0      0      0      0     
0x2af5515ad070           IMAD.MOV.U32 R4, RZ, RZ, 0x6000                                         1      1      1      2048   2048     2048     1      1      30     31     0      -             -          -      0      0      0      0      0      0      0      0      -      0      0      0      0      0      0      0      0      0      0      0      0      0      0      0      0      0      0      0      0      0      0      1      0      0      0      0      0      0      0      0      0      0      0      0      0      0      0      0      1     
0x2af5515ad080           LDCU.64 UR10, c[0x0][0x348]                                             0      0      0      2048   2048     2048     1      1      0      31     0      -             -          -      0      0      0      0      0      0      0      0      -      0      0      0      0      0      0      0      0      0      0      0      0      0      0      0      0      0      0      0      0      0      0      0      0      0      0      0      0      0      0      0      0      0      0      0      0      0      0      0      0     
0x2af5515ad090           PLOP3.LUT P1, PT, PT, PT, PT, 0x80, 0x8                                 0      0      0      2048   2048     2048     1      1      0      31     0      -             -          -      0      0      0      0      0      0      0      0      -      0      0      0      0      0      0      0      0      0      0      0      0      0      0      0      0      0      0      0      0      0      0      0      0      0      0      0      0      0      0      0      0      0      0      0      0      0      0      0      0     
0x2af5515ad0a0           SYNCS.ARRIVE.TRANS64 RZ, [UR5+0x8], R4                                  0      0      0      2048   2048     2048     1      1      0      31     0      -             -          -      0      0      0      0      0      0      0      0      -      0      0      0      0      0      0      0      0      0      0      0      0      0      0      0      0      0      0      0      0      0      0      0      0      0      0      0      0      0      0      0      0      0      0      0      0      0      0      0      0     
0x2af5515ad0b0           UIADD3 UR18, UP0, UPT, UR10, 0x80, URZ                                  0      0      0      2048   2048     2048     1      1      0      31     0      -             -          -      0      0      0      0      0      0      0      0      -      0      0      0      0      0      0      0      0      0      0      0      0      0      0      0      0      0      0      0      0      0      0      0      0      0      0      0      0      0      0      0      0      0      0      0      0      0      0      0      0     
0x2af5515ad0c0           UIADD3.X UR19, UPT, UPT, URZ, UR11, URZ, UP0, !UPT                      0      0      0      2048   2048     2048     1      1      0      31     0      -             -          -      0      0      0      0      0      0      0      0      -      0      0      0      0      0      0      0      0      0      0      0      0      0      0      0      0      0      0      0      0      0      0      0      0      0      0      0      0      0      0      0      0      0      0      0      0      0      0      0      0     
0x2af5515ad0d0     @P1   ELECT P2, URZ, PT                                                       0      0      0      2048   2048     2048     1      1      0      31     0      -             -          -      0      0      0      0      0      0      0      0      -      0      0      0      0      0      0      0      0      0      0      0      0      0      0      0      0      0      0      0      0      0      0      0      0      0      0      0      0      0      0      0      0      0      0      0      0      0      0      0      0     
0x2af5515ad0e0           UMOV UR15, UR7                                                          0      0      0      2048   2048     2048     1      1      0      31     0      -             -          -      0      0      0      0      0      0      0      0      -      0      0      0      0      0      0      0      0      0      0      0      0      0      0      0      0      0      0      0      0      0      0      0      0      0      0      0      0      0      0      0      0      0      0      0      0      0      0      0      0     
0x2af5515ad0f0           UTMALDG.2D [UR12], [UR18]                                               0      0      0      2048   2048     2048     1      1      0      31     0      Global,Shared -          -      0      0      0      0      0      0      0      0      -      0      0      0      0      0      0      0      0      0      0      0      0      0      0      0      0      0      0      0      0      0      0      0      0      0      0      0      0      0      0      0      0      0      0      0      0      0      0      0      0     
0x2af5515ad100     @P2   PLOP3.LUT P1, PT, P2, PT, PT, 0x8, 0x80                                 0      0      0      2048   2048     2048     1      1      0      31     0      -             -          -      0      0      0      0      0      0      0      0      -      0      0      0      0      0      0      0      0      0      0      0      0      0      0      0      0      0      0      0      0      0      0      0      0      0      0      0      0      0      0      0      0      0      0      0      0      0      0      0      0     
0x2af5515ad110           PLOP3.LUT P2, PT, PT, PT, PT, 0x8, 0x80                                 1      1      1      2048   2048     2048     1      1      0      31     0      -             -          -      0      0      0      0      0      0      0      0      -      0      0      0      0      0      0      0      0      0      0      0      0      0      0      0      0      0      0      0      0      0      0      1      0      0      0      0      0      0      0      0      0      0      0      0      0      0      0      0      1     
0x2af5515ad120     @P1   BRA.U.ANY 0x2af5515ad0d0                                                0      0      0      2048   2048     0        1      0      1      32     0      -             -          -      0      0      0      0      0      0      0      0      -      0      0      0      0      0      0      0      0      0      0      0      0      0      0      0      0      0      0      0      0      0      0      0      0      0      0      0      0      0      0      0      0      0      0      0      0      0      0      0      0     
0x2af5515ad130           UIADD3 UR10, UP0, UPT, UR10, 0x100, URZ                                 0      0      0      2048   2048     2048     1      1      1      31     0      -             -          -      0      0      0      0      0      0      0      0      -      0      0      0      0      0      0      0      0      0      0      0      0      0      0      0      0      0      0      0      0      0      0      0      0      0      0      0      0      0      0      0      0      0      0      0      0      0      0      0      0     
0x2af5515ad140           PLOP3.LUT P1, PT, PT, PT, PT, 0x80, 0x8                                 0      0      0      2048   2048     2048     1      1      0      31     0      -             -          -      0      0      0      0      0      0      0      0      -      0      0      0      0      0      0      0      0      0      0      0      0      0      0      0      0      0      0      0      0      0      0      0      0      0      0      0      0      0      0      0      0      0      0      0      0      0      0      0      0     
0x2af5515ad150           UIADD3 UR20, UPT, UPT, UR4, 0xa000, URZ                                 0      0      0      2048   2048     2048     1      1      0      31     0      -             -          -      0      0      0      0      0      0      0      0      -      0      0      0      0      0      0      0      0      0      0      0      0      0      0      0      0      0      0      0      0      0      0      0      0      0      0      0      0      0      0      0      0      0      0      0      0      0      0      0      0     
0x2af5515ad160           UIADD3.X UR11, UPT, UPT, URZ, UR11, URZ, UP0, !UPT                      0      0      0      2048   2048     2048     1      1      0      31     0      -             -          -      0      0      0      0      0      0      0      0      -      0      0      0      0      0      0      0      0      0      0      0      0      0      0      0      0      0      0      0      0      0      0      0      0      0      0      0      0      0      0      0      0      0      0      0      0      0      0      0      0     
0x2af5515ad170     @P1   ELECT P2, URZ, PT                                                       0      0      0      2048   2048     2048     1      1      0      31     0      -             -          -      0      0      0      0      0      0      0      0      -      0      0      0      0      0      0      0      0      0      0      0      0      0      0      0      0      0      0      0      0      0      0      0      0      0      0      0      0      0      0      0      0      0      0      0      0      0      0      0      0     
0x2af5515ad180           UMOV UR21, UR13                                                         0      0      0      2048   2048     2048     1      1      0      31     0      -             -          -      0      0      0      0      0      0      0      0      -      0      0      0      0      0      0      0      0      0      0      0      0      0      0      0      0      0      0      0      0      0      0      0      0      0      0      0      0      0      0      0      0      0      0      0      0      0      0      0      0     
0x2af5515ad190           UMOV UR22, UR14                                                         0      0      0      2048   2048     2048     1      1      0      31     0      -             -          -      0      0      0      0      0      0      0      0      -      0      0      0      0      0      0      0      0      0      0      0      0      0      0      0      0      0      0      0      0      0      0      0      0      0      0      0      0      0      0      0      0      0      0      0      0      0      0      0      0     
0x2af5515ad1a0           UTMALDG.2D [UR20], [UR10]                                               0      0      0      2048   2048     2048     1      1      0      31     0      Global,Shared -          -      0      0      0      0      0      0      0      0      -      0      0      0      0      0      0      0      0      0      0      0      0      0      0      0      0      0      0      0      0      0      0      0      0      0      0      0      0      0      0      0      0      0      0      0      0      0      0      0      0     
0x2af5515ad1b0     @P2   PLOP3.LUT P1, PT, P2, PT, PT, 0x8, 0x80                                 0      0      0      2048   2048     2048     1      1      0      31     0      -             -          -      0      0      0      0      0      0      0      0      -      0      0      0      0      0      0      0      0      0      0      0      0      0      0      0      0      0      0      0      0      0      0      0      0      0      0      0      0      0      0      0      0      0      0      0      0      0      0      0      0     
0x2af5515ad1c0           PLOP3.LUT P2, PT, PT, PT, PT, 0x8, 0x80                                 0      0      0      2048   2048     2048     1      1      0      31     0      -             -          -      0      0      0      0      0      0      0      0      -      0      0      0      0      0      0      0      0      0      0      0      0      0      0      0      0      0      0      0      0      0      0      0      0      0      0      0      0      0      0      0      0      0      0      0      0      0      0      0      0     
0x2af5515ad1d0     @P1   BRA.U.ANY 0x2af5515ad170                                                0      0      0      2048   2048     0        1      0      1      32     0      -             -          -      0      0      0      0      0      0      0      0      -      0      0      0      0      0      0      0      0      0      0      0      0      0      0      0      0      0      0      0      0      0      0      0      0      0      0      0      0      0      0      0      0      0      0      0      0      0      0      0      0     
0x2af5515ad1e0           BSYNC.RECONVERGENT B0                                                   3      2      3      10240  262144   262144   25     25     25     7      0      -             -          -      0      0      0      0      0      0      0      0      -      0      0      0      0      0      0      0      0      0      0      0      0      0      0      0      0      2      0      0      0      0      0      1      0      0      0      0      0      0      0      0      0      0      2      0      0      0      0      0      0     
0x2af5515ad1f0           VIADD R2, R2, 0x1                                                       1      1      1      8192   262144   262144   32     32     7      0      0      -             -          -      0      0      0      0      0      0      0      0      -      0      0      0      0      0      0      0      1      0      0      0      0      0      0      0      0      0      0      0      0      0      0      0      0      1      0      0      0      0      0      0      0      0      0      0      0      0      0      0      0     
0x2af5515ad200           UIADD3 UR6, UPT, UPT, UR14, 0x40, URZ                                   0      0      0      8192   262144   262144   32     32     0      0      0      -             -          -      0      0      0      0      0      0      0      0      -      0      0      0      0      0      0      0      0      0      0      0      0      0      0      0      0      0      0      0      0      0      0      0      0      0      0      0      0      0      0      0      0      0      0      0      0      0      0      0      0     
0x2af5515ad210           UIADD3 UR4, UPT, UPT, UR12, 0x6000, URZ                                 1      0      1      8192   262144   262144   32     32     0      0      0      -             -          -      0      0      0      0      0      0      0      0      -      0      0      0      0      0      0      0      0      0      0      0      0      0      0      0      0      0      0      1      0      0      0      0      0      0      0      0      0      0      0      0      0      0      0      0      0      0      0      0      0     
0x2af5515ad220           UIADD3 UR5, UPT, UPT, UR13, 0x8, URZ                                    1      0      1      8192   262144   262144   32     32     0      0      0      -             -          -      0      0      0      0      0      0      0      0      -      0      0      0      0      0      0      0      0      0      0      0      0      0      0      0      0      0      0      1      0      0      0      0      0      0      0      0      0      0      0      0      0      0      0      0      0      0      0      0      0     
0x2af5515ad230           ISETP.EQ.AND P1, PT, R2, RZ, PT                                         1      0      1      8192   262144   262144   32     32     0      0      0      -             -          -      0      0      0      0      0      0      0      0      -      0      0      0      0      0      0      0      0      0      0      0      0      0      0      0      0      0      0      0      0      0      0      1      0      0      0      0      0      0      0      0      0      0      0      0      0      0      0      0      0     
0x2af5515ad240     @!P0  BRA P1, 0x2af5515ad450                                                  3      2      3      8192   262144   262144   32     32     0      0      0      -             -          -      0      0      0      0      0      0      0      0      -      0      0      0      0      0      0      0      0      0      0      0      0      0      0      0      0      0      0      1      0      0      0      2      0      0      0      0      0      0      0      0      0      0      0      0      0      0      0      0      2     
0x2af5515ad250           ISETP.NE.AND P1, PT, R14, RZ, PT                                        2      2      2      8192   262144   262144   32     32     0      0      0      -             -          -      0      0      0      0      0      0      0      0      -      0      0      0      0      0      0      0      0      0      0      0      0      0      0      0      0      0      0      0      0      0      0      2      0      0      0      0      0      0      0      0      0      0      0      0      0      0      0      0      2     
0x2af5515ad260           BSSY.RECONVERGENT B0, 0x2af5515ad3f0                                    3      2      3      8192   262144   262144   32     32     0      0      0      -             -          -      0      0      0      0      0      0      0      0      -      0      0      0      0      0      0      0      0      0      0      0      0      0      0      0      0      0      0      0      0      0      0      3      0      0      0      0      0      0      0      0      0      0      0      0      0      0      0      0      2     
0x2af5515ad270     @P1   BRA 0x2af5515ad3e0                                                      1      1      1      8192   262144   260096   32     31     1      1      2048   -             -          -      0      0      0      0      0      0      0      0      -      0      0      0      0      0      0      0      0      0      0      0      0      0      0      0      0      0      0      0      0      0      0      1      0      0      0      0      0      0      0      0      0      0      0      0      0      0      0      0      1     
0x2af5515ad280           IMAD.MOV.U32 R4, RZ, RZ, 0x6000                                         1      1      1      2048   2048     2048     1      1      30     31     0      -             -          -      0      0      0      0      0      0      0      0      -      0      0      0      0      0      0      0      0      0      0      0      0      0      0      0      0      0      0      0      0      0      0      1      0      0      0      0      0      0      0      0      0      0      0      0      0      0      0      0      1     
0x2af5515ad290           LDCU.64 UR10, c[0x0][0x348]                                             0      0      0      2048   2048     2048     1      1      0      31     0      -             -          -      0      0      0      0      0      0      0      0      -      0      0      0      0      0      0      0      0      0      0      0      0      0      0      0      0      0      0      0      0      0      0      0      0      0      0      0      0      0      0      0      0      0      0      0      0      0      0      0      0     
0x2af5515ad2a0           PLOP3.LUT P0, PT, PT, PT, PT, 0x80, 0x8                                 0      0      0      2048   2048     2048     1      1      0      31     0      -             -          -      0      0      0      0      0      0      0      0      -      0      0      0      0      0      0      0      0      0      0      0      0      0      0      0      0      0      0      0      0      0      0      0      0      0      0      0      0      0      0      0      0      0      0      0      0      0      0      0      0     
0x2af5515ad2b0           SYNCS.ARRIVE.TRANS64 RZ, [UR5], R4                                      0      0      0      2048   2048     2048     1      1      0      31     0      -             -          -      0      0      0      0      0      0      0      0      -      0      0      0      0      0      0      0      0      0      0      0      0      0      0      0      0      0      0      0      0      0      0      0      0      0      0      0      0      0      0      0      0      0      0      0      0      0      0      0      0     
0x2af5515ad2c0           UIADD3 UR12, UP0, UPT, UR10, 0x80, URZ                                  2      0      2      2048   2048     2048     1      1      0      31     0      -             -          -      0      0      0      0      0      0      0      0      -      0      0      0      0      0      0      0      0      0      0      0      0      0      0      0      0      0      0      0      2      0      0      0      0      0      0      0      0      0      0      0      0      0      0      0      0      0      0      0      0     
0x2af5515ad2d0           UIADD3.X UR13, UPT, UPT, URZ, UR11, URZ, UP0, !UPT                      0      0      0      2048   2048     2048     1      1      0      31     0      -             -          -      0      0      0      0      0      0      0      0      -      0      0      0      0      0      0      0      0      0      0      0      0      0      0      0      0      0      0      0      0      0      0      0      0      0      0      0      0      0      0      0      0      0      0      0      0      0      0      0      0     
0x2af5515ad2e0     @P0   ELECT P2, URZ, PT                                                       0      0      0      2048   2048     2048     1      1      0      31     0      -             -          -      0      0      0      0      0      0      0      0      -      0      0      0      0      0      0      0      0      0      0      0      0      0      0      0      0      0      0      0      0      0      0      0      0      0      0      0      0      0      0      0      0      0      0      0      0      0      0      0      0     
0x2af5515ad2f0           UTMALDG.2D [UR4], [UR12]                                                0      0      0      2048   2048     2048     1      1      0      31     0      Global,Shared -          -      0      0      0      0      0      0      0      0      -      0      0      0      0      0      0      0      0      0      0      0      0      0      0      0      0      0      0      0      0      0      0      0      0      0      0      0      0      0      0      0      0      0      0      0      0      0      0      0      0     
0x2af5515ad300     @P2   PLOP3.LUT P0, PT, P2, PT, PT, 0x8, 0x80                                 1      1      1      2048   2048     2048     1      1      0      31     0      -             -          -      0      0      0      0      0      0      0      0      -      0      0      0      0      0      0      0      0      0      0      0      0      0      0      0      0      0      0      0      0      0      0      1      0      0      0      0      0      0      0      0      0      0      0      0      0      0      0      0      1     
0x2af5515ad310           PLOP3.LUT P2, PT, PT, PT, PT, 0x8, 0x80                                 0      0      0      2048   2048     2048     1      1      0      31     0      -             -          -      0      0      0      0      0      0      0      0      -      0      0      0      0      0      0      0      0      0      0      0      0      0      0      0      0      0      0      0      0      0      0      0      0      0      0      0      0      0      0      0      0      0      0      0      0      0      0      0      0     
0x2af5515ad320     @P0   BRA.U.ANY 0x2af5515ad2e0                                                0      0      0      2048   2048     0        1      0      1      32     0      -             -          -      0      0      0      0      0      0      0      0      -      0      0      0      0      0      0      0      0      0      0      0      0      0      0      0      0      0      0      0      0      0      0      0      0      0      0      0      0      0      0      0      0      0      0      0      0      0      0      0      0     
0x2af5515ad330           UIADD3 UR10, UP0, UPT, UR10, 0x100, URZ                                 0      0      0      2048   2048     2048     1      1      1      31     0      -             -          -      0      0      0      0      0      0      0      0      -      0      0      0      0      0      0      0      0      0      0      0      0      0      0      0      0      0      0      0      0      0      0      0      0      0      0      0      0      0      0      0      0      0      0      0      0      0      0      0      0     
0x2af5515ad340           PLOP3.LUT P0, PT, PT, PT, PT, 0x80, 0x8                                 0      0      0      2048   2048     2048     1      1      0      31     0      -             -          -      0      0      0      0      0      0      0      0      -      0      0      0      0      0      0      0      0      0      0      0      0      0      0      0      0      0      0      0      0      0      0      0      0      0      0      0      0      0      0      0      0      0      0      0      0      0      0      0      0     
0x2af5515ad350           UIADD3 UR20, UPT, UPT, UR4, 0x4000, URZ                                 0      0      0      2048   2048     2048     1      1      0      31     0      -             -          -      0      0      0      0      0      0      0      0      -      0      0      0      0      0      0      0      0      0      0      0      0      0      0      0      0      0      0      0      0      0      0      0      0      0      0      0      0      0      0      0      0      0      0      0      0      0      0      0      0     
0x2af5515ad360           UIADD3.X UR11, UPT, UPT, URZ, UR11, URZ, UP0, !UPT                      3      3      3      2048   2048     2048     1      1      0      31     0      -             -          -      0      0      0      0      0      0      0      0      -      0      0      0      0      0      0      0      0      0      0      0      3      0      0      0      0      0      0      0      0      0      0      0      0      0      0      0      0      3      0      0      0      0      0      0      0      0      0      0      0     
0x2af5515ad370     @P0   ELECT P2, URZ, PT                                                       1      0      1      2048   2048     2048     1      1      0      31     0      -             -          -      0      0      0      0      0      0      0      0      -      0      0      0      0      0      0      0      0      0      0      0      0      0      0      0      0      0      0      1      0      0      0      0      0      0      0      0      0      0      0      0      0      0      0      0      0      0      0      0      0     
0x2af5515ad380           UMOV UR21, UR5                                                          0      0      0      2048   2048     2048     1      1      0      31     0      -             -          -      0      0      0      0      0      0      0      0      -      0      0      0      0      0      0      0      0      0      0      0      0      0      0      0      0      0      0      0      0      0      0      0      0      0      0      0      0      0      0      0      0      0      0      0      0      0      0      0      0     
0x2af5515ad390           UMOV UR22, UR6                                                          0      0      0      2048   2048     2048     1      1      0      31     0      -             -          -      0      0      0      0      0      0      0      0      -      0      0      0      0      0      0      0      0      0      0      0      0      0      0      0      0      0      0      0      0      0      0      0      0      0      0      0      0      0      0      0      0      0      0      0      0      0      0      0      0     
0x2af5515ad3a0           UTMALDG.2D [UR20], [UR10]                                               0      0      0      2048   2048     2048     1      1      0      31     0      Global,Shared -          -      0      0      0      0      0      0      0      0      -      0      0      0      0      0      0      0      0      0      0      0      0      0      0      0      0      0      0      0      0      0      0      0      0      0      0      0      0      0      0      0      0      0      0      0      0      0      0      0      0     
0x2af5515ad3b0     @P2   PLOP3.LUT P0, PT, P2, PT, PT, 0x8, 0x80                                 1      1      1      2048   2048     2048     1      1      0      31     0      -             -          -      0      0      0      0      0      0      0      0      -      0      0      0      0      0      0      0      0      0      0      0      0      0      0      0      0      0      0      0      0      0      0      1      0      0      0      0      0      0      0      0      0      0      0      0      0      0      0      0      1     
0x2af5515ad3c0           PLOP3.LUT P2, PT, PT, PT, PT, 0x8, 0x80                                 0      0      0      2048   2048     2048     1      1      0      31     0      -             -          -      0      0      0      0      0      0      0      0      -      0      0      0      0      0      0      0      0      0      0      0      0      0      0      0      0      0      0      0      0      0      0      0      0      0      0      0      0      0      0      0      0      0      0      0      0      0      0      0      0     
0x2af5515ad3d0     @P0   BRA.U.ANY 0x2af5515ad370                                                0      0      0      2048   2048     0        1      0      1      32     0      -             -          -      0      0      0      0      0      0      0      0      -      0      0      0      0      0      0      0      0      0      0      0      0      0      0      0      0      0      0      0      0      0      0      0      0      0      0      0      0      0      0      0      0      0      0      0      0      0      0      0      0     
0x2af5515ad3e0           BSYNC.RECONVERGENT B0                                                   3      3      3      10240  262144   262144   25     25     25     7      0      -             -          -      0      0      0      0      0      0      0      0      -      0      0      0      0      0      0      0      0      0      0      0      3      0      0      0      0      0      0      0      0      0      0      0      0      0      0      0      0      3      0      0      0      0      0      0      0      0      0      0      0     
0x2af5515ad3f0           VIADD R2, R2, 0x1                                                       0      0      0      8192   262144   262144   32     32     7      0      0      -             -          -      0      0      0      0      0      0      0      0      -      0      0      0      0      0      0      0      0      0      0      0      0      0      0      0      0      0      0      0      0      0      0      0      0      0      0      0      0      0      0      0      0      0      0      0      0      0      0      0      0     
0x2af5515ad400           UIADD3 UR6, UPT, UPT, UR6, 0x40, URZ                                    1      1      1      8192   262144   262144   32     32     0      0      0      -             -          -      0      0      0      0      0      0      0      0      -      0      0      0      0      0      0      0      0      0      0      0      0      0      0      0      0      1      0      0      0      0      0      0      0      0      0      0      0      0      0      0      0      0      1      0      0      0      0      0      0     
0x2af5515ad410           UIADD3 UR4, UPT, UPT, UR4, 0x6000, URZ                                  3      1      3      8192   262144   262144   32     32     0      0      0      -             -          -      0      0      0      0      0      0      0      0      -      0      0      0      0      0      0      0      0      0      0      0      0      0      0      0      0      0      1      1      0      0      0      1      0      0      0      0      0      0      0      0      0      0      0      0      0      0      0      0      1     
0x2af5515ad420           ISETP.NE.AND P0, PT, R2, RZ, PT                                         0      0      0      8192   262144   262144   32     32     0      0      0      -             -          -      0      0      0      0      0      0      0      0      -      0      0      0      0      0      0      0      0      0      0      0      0      0      0      0      0      0      0      0      0      0      0      0      0      0      0      0      0      0      0      0      0      0      0      0      0      0      0      0      0     
0x2af5515ad430           UIADD3 UR5, UPT, UPT, UR5, 0x8, URZ                                     1      0      1      8192   262144   262144   32     32     0      0      0      -             -          -      0      0      0      0      0      0      0      0      -      0      0      0      0      0      0      0      0      0      0      0      0      0      0      0      0      0      0      1      0      0      0      0      0      0      0      0      0      0      0      0      0      0      0      0      0      0      0      0      0     
0x2af5515ad440     @P0   BRA 0x2af5515ad260                                                      3      2      3      8192   262144   0        32     0      32     32     0      -             -          -      0      0      0      0      0      0      0      0      -      0      0      0      0      0      0      0      0      0      0      0      0      0      0      0      0      0      0      0      0      0      0      3      0      0      0      0      0      0      0      0      0      0      0      0      0      0      0      0      2     
0x2af5515ad450           BSSY B0, 0x2af5515ae1d0                                                 1      0      1      8192   262144   262144   32     32     32     0      0      -             -          -      0      0      0      0      0      0      0      0      -      0      0      0      0      0      0      0      0      0      0      0      0      0      0      0      0      0      0      1      0      0      0      0      0      0      0      0      0      0      0      0      0      0      0      0      0      0      0      0      0     
0x2af5515ad460           IMAD.MOV.U32 R2, RZ, RZ, RZ                                             0      0      0      8192   262144   262144   32     32     0      0      0      -             -          -      0      0      0      0      0      0      0      0      -      0      0      0      0      0      0      0      0      0      0      0      0      0      0      0      0      0      0      0      0      0      0      0      0      0      0      0      0      0      0      0      0      0      0      0      0      0      0      0      0     
0x2af5515ad470           S2R R11, SR_CgaCtaId                                                    74     55     74     524288 16777216 16777216 32     32     0      0      0      -             -          -      0      0      0      0      0      0      0      0      -      0      0      0      0      0      0      0      31     1      0      0      0      0      0      0      0      34     6      1      0      0      0      1      0      27     1      0      0      0      0      0      0      0      26     0      0      0      0      0      1     
0x2af5515ad480           ISETP.NE.AND P0, PT, R3, R2, PT                                         42     32     42     524288 16777216 16777216 32     32     0      0      0      -             -          -      0      0      0      0      0      0      0      0      -      0      0      0      0      0      0      0      0      0      0      0      0      3      0      0      0      31     1      7      0      0      0      0      0      0      0      0      0      0      3      0      0      0      29     0      0      0      0      0      0     
0x2af5515ad490           IMAD.HI.U32 R4, R2, -0x55555555, RZ                                     13     0      13     524288 16777216 16777216 32     32     0      0      0      -             -          -      0      0      0      0      0      0      0      0      -      0      0      0      0      0      0      0      0      0      0      0      0      0      0      0      0      0      0      13     0      0      0      0      0      0      0      0      0      0      0      0      0      0      0      0      0      0      0      0      0     
0x2af5515ad4a0           MOV R5, 0x400                                                           14     1      14     524288 16777216 16777216 32     32     0      0      0      -             -          -      0      0      0      0      0      0      0      0      -      0      0      0      0      0      0      0      0      1      0      0      0      0      0      0      0      1      0      12     0      0      0      0      0      0      0      0      0      0      0      0      0      0      1      0      0      0      0      0      0     
0x2af5515ad4b0           YIELD                                                                   10     0      10     524288 16777216 16777216 32     32     0      0      0      -             -          -      0      0      0      0      0      0      0      0      -      0      0      0      0      0      0      0      0      0      0      0      0      0      0      0      0      0      1      9      0      0      0      0      0      0      0      0      0      0      0      0      0      0      0      0      0      0      0      0      0     
0x2af5515ad4c0           ISETP.NE.OR P0, PT, R14, RZ, P0                                         600    464    600    524288 16777216 16777216 32     32     0      0      0      -             -          -      0      0      0      0      0      0      0      0      -      0      0      0      0      0      0      0      455    1      0      0      0      2      0      0      19     26     3      23     0      0      0      71     0      361    1      0      0      0      2      0      0      17     22     0      0      0      0      0      61    
0x2af5515ad4d0           VIADD R6, R5, 0x20                                                      11     0      11     524288 16777216 16777216 32     32     0      0      0      -             -          -      0      0      0      0      0      0      0      0      -      0      0      0      0      0      0      0      0      0      0      0      0      0      0      0      0      0      0      11     0      0      0      0      0      0      0      0      0      0      0      0      0      0      0      0      0      0      0      0      0     
0x2af5515ad4e0           SHF.R.U32.HI R9, RZ, 0x1, R4                                            10     0      10     524288 16777216 16777216 32     32     0      0      0      -             -          -      0      0      0      0      0      0      0      0      -      0      0      0      0      0      0      0      0      1      0      0      0      0      0      0      0      0      0      9      0      0      0      0      0      0      0      0      0      0      0      0      0      0      0      0      0      0      0      0      0     
0x2af5515ad4f0           VIADD R4, R5, 0x8                                                       6      0      6      524288 16777216 16777216 32     32     0      0      0      -             -          -      0      0      0      0      0      0      0      0      -      0      0      0      0      0      0      0      0      0      0      0      0      0      0      0      0      0      0      6      0      0      0      0      0      0      0      0      0      0      0      0      0      0      0      0      0      0      0      0      0     
0x2af5515ad500           BSSY B1, 0x2af5515ad800                                                 9      0      9      524288 16777216 16777216 32     32     0      0      0      -             -          -      0      0      0      0      0      0      0      0      -      0      0      0      0      0      0      0      0      0      0      0      0      0      0      0      0      0      1      8      0      0      0      0      0      0      0      0      0      0      0      0      0      0      0      0      0      0      0      0      0     
0x2af5515ad510           IMAD R7, R9, -0x3, R2                                                   34     15     34     524288 16777216 16777216 32     32     0      0      0      -             -          -      0      0      0      0      0      0      0      0      -      0      0      0      0      0      0      0      0      0      0      0      0      0      0      0      0      0      1      12     0      0      0      21     0      0      0      0      0      0      0      0      0      0      0      0      0      0      0      0      15    
0x2af5515ad520           LEA R4, R11, R4, 0x18                                                   6      0      6      524288 16777216 16777216 32     32     0      0      0      -             -          -      0      0      0      0      0      0      0      0      -      0      0      0      0      0      0      0      0      0      0      0      0      0      0      0      0      0      0      6      0      0      0      0      0      0      0      0      0      0      0      0      0      0      0      0      0      0      0      0      0     
0x2af5515ad530           LEA R5, R11, R6, 0x18                                                   20     8      20     524288 16777216 16777216 32     32     0      0      0      -             -          -      0      0      0      0      0      0      0      0      -      0      0      0      0      0      0      0      0      0      0      0      0      1      0      0      0      0      2      7      0      0      0      10     0      0      0      0      0      0      0      0      0      0      0      0      0      0      0      0      8     
0x2af5515ad540           IMAD.U32 R6, RZ, RZ, UR9                                                13     0      13     524288 16777216 16777216 32     32     0      0      0      -             -          -      0      0      0      0      0      0      0      0      -      0      0      0      0      0      0      0      0      0      0      0      0      0      0      0      0      0      0      13     0      0      0      0      0      0      0      0      0      0      0      0      0      0      0      0      0      0      0      0      0     
0x2af5515ad550           IMAD R8, R7, 0x8, R4                                                    28     11     28     524288 16777216 16777216 32     32     0      0      0      -             -          -      0      0      0      0      0      0      0      0      -      0      0      0      0      0      0      0      0      0      0      0      0      0      0      0      0      0      0      13     0      0      0      15     0      0      0      0      0      0      0      0      0      0      0      0      0      0      0      0      11    
0x2af5515ad560           IMAD R10, R7, 0x8, R5                                                   31     16     31     524288 16777216 16777216 32     32     0      0      0      -             -          -      0      0      0      0      0      0      0      0      -      0      0      0      0      0      0      0      0      0      0      0      0      1      0      0      0      0      0      13     0      0      0      17     0      0      0      0      0      0      1      0      0      0      0      0      0      0      0      0      15    
0x2af5515ad570           IMAD R7, R7, 0x6000, R6                                                 20     11     20     524288 16777216 16777216 32     32     0      0      0      -             -          -      0      0      0      0      0      0      0      0      -      0      0      0      0      0      0      0      0      0      0      0      0      1      0      0      0      0      0      9      0      0      0      10     0      0      0      0      0      0      1      0      0      0      0      0      0      0      0      0      10    
0x2af5515ad580     @P0   BRA 0x2af5515ad7f0                                                      10     0      10     524288 16777216 16777216 32     32     0      0      0      -             -          -      0      0      0      0      0      0      0      0      -      0      0      0      0      0      0      0      0      0      0      0      0      0      0      0      0      0      0      10     0      0      0      0      0      0      0      0      0      0      0      0      0      0      0      0      0      0      0      0      0     
0x2af5515ad590           VIADD R3, R2, 0xfffffffd                                                62     38     62     0      0        0        0      0      32     32     0      -             -          -      0      0      0      0      0      0      0      0      -      0      0      0      0      0      0      0      0      0      0      0      0      0      0      0      0      0      0      12     0      0      0      50     0      0      0      0      0      0      0      0      0      0      0      0      0      0      0      0      38    
0x2af5515ad5a0           BSSY B2, 0x2af5515ad620                                                 0      0      0      0      0        0        0      0      0      32     0      -             -          -      0      0      0      0      0      0      0      0      -      0      0      0      0      0      0      0      0      0      0      0      0      0      0      0      0      0      0      0      0      0      0      0      0      0      0      0      0      0      0      0      0      0      0      0      0      0      0      0      0     
0x2af5515ad5b0           IMAD.HI R3, R3, 0x55555556, RZ                                          0      0      0      0      0        0        0      0      0      32     0      -             -          -      0      0      0      0      0      0      0      0      -      0      0      0      0      0      0      0      0      0      0      0      0      0      0      0      0      0      0      0      0      0      0      0      0      0      0      0      0      0      0      0      0      0      0      0      0      0      0      0      0     
0x2af5515ad5c0           LEA.HI R3, R3, R3, RZ, 0x1                                              0      0      0      0      0        0        0      0      0      32     0      -             -          -      0      0      0      0      0      0      0      0      -      0      0      0      0      0      0      0      0      0      0      0      0      0      0      0      0      0      0      0      0      0      0      0      0      0      0      0      0      0      0      0      0      0      0      0      0      0      0      0      0     
0x2af5515ad5d0           LOP3.LUT R3, R3, 0x1, RZ, 0xc0, !PT                                     0      0      0      0      0        0        0      0      0      32     0      -             -          -      0      0      0      0      0      0      0      0      -      0      0      0      0      0      0      0      0      0      0      0      0      0      0      0      0      0      0      0      0      0      0      0      0      0      0      0      0      0      0      0      0      0      0      0      0      0      0      0      0     
0x2af5515ad5e0           SHF.L.U32 R3, R3, 0x1f, RZ                                              0      0      0      0      0        0        0      0      0      32     0      -             -          -      0      0      0      0      0      0      0      0      -      0      0      0      0      0      0      0      0      0      0      0      0      0      0      0      0      0      0      0      0      0      0      0      0      0      0      0      0      0      0      0      0      0      0      0      0      0      0      0      0     
0x2af5515ad5f0           SYNCS.PHASECHK.TRANS64.TRYWAIT P0, [R8+URZ], R3                         0      0      0      0      0        0        0      0      0      32     0      -             -          -      0      0      0      0      0      0      0      0      -      0      0      0      0      0      0      0      0      0      0      0      0      0      0      0      0      0      0      0      0      0      0      0      0      0      0      0      0      0      0      0      0      0      0      0      0      0      0      0      0     
0x2af5515ad600     @!P0  BRA 0x2af5515af6c0                                                      0      0      0      0      0        0        0      0      0      32     0      -             -          -      0      0      0      0      0      0      0      0      -      0      0      0      0      0      0      0      0      0      0      0      0      0      0      0      0      0      0      0      0      0      0      0      0      0      0      0      0      0      0      0      0      0      0      0      0      0      0      0      0     
0x2af5515ad610           BSYNC B2                                                                0      0      0      0      0        0        0      0      0      32     0      -             -          -      0      0      0      0      0      0      0      0      -      0      0      0      0      0      0      0      0      0      0      0      0      0      0      0      0      0      0      0      0      0      0      0      0      0      0      0      0      0      0      0      0      0      0      0      0      0      0      0      0     
0x2af5515ad620           LDCU.64 UR4, c[0x0][0x348]                                              0      0      0      0      0        0        0      0      0      32     0      -             -          -      0      0      0      0      0      0      0      0      -      0      0      0      0      0      0      0      0      0      0      0      0      0      0      0      0      0      0      0      0      0      0      0      0      0      0      0      0      0      0      0      0      0      0      0      0      0      0      0      0     
0x2af5515ad630           IMAD.MOV.U32 R3, RZ, RZ, 0x6000                                         0      0      0      0      0        0        0      0      0      32     0      -             -          -      0      0      0      0      0      0      0      0      -      0      0      0      0      0      0      0      0      0      0      0      0      0      0      0      0      0      0      0      0      0      0      0      0      0      0      0      0      0      0      0      0      0      0      0      0      0      0      0      0     
0x2af5515ad640           PLOP3.LUT P0, PT, PT, PT, PT, 0x80, 0x8                                 0      0      0      0      0        0        0      0      0      32     0      -             -          -      0      0      0      0      0      0      0      0      -      0      0      0      0      0      0      0      0      0      0      0      0      0      0      0      0      0      0      0      0      0      0      0      0      0      0      0      0      0      0      0      0      0      0      0      0      0      0      0      0     
0x2af5515ad650           SYNCS.ARRIVE.TRANS64 RZ, [R10+URZ], R3                                  0      0      0      0      0        0        0      0      0      32     0      -             -          -      0      0      0      0      0      0      0      0      -      0      0      0      0      0      0      0      0      0      0      0      0      0      0      0      0      0      0      0      0      0      0      0      0      0      0      0      0      0      0      0      0      0      0      0      0      0      0      0      0     
0x2af5515ad660           IMAD.SHL.U32 R3, R2, 0x40, RZ                                           0      0      0      0      0        0        0      0      0      32     0      -             -          -      0      0      0      0      0      0      0      0      -      0      0      0      0      0      0      0      0      0      0      0      0      0      0      0      0      0      0      0      0      0      0      0      0      0      0      0      0      0      0      0      0      0      0      0      0      0      0      0      0     
0x2af5515ad670           UIADD3 UR10, UP0, UPT, UR4, 0x80, URZ                                   0      0      0      0      0        0        0      0      0      32     0      -             -          -      0      0      0      0      0      0      0      0      -      0      0      0      0      0      0      0      0      0      0      0      0      0      0      0      0      0      0      0      0      0      0      0      0      0      0      0      0      0      0      0      0      0      0      0      0      0      0      0      0     
0x2af5515ad680           UIADD3.X UR11, UPT, UPT, URZ, UR5, URZ, UP0, !UPT                       0      0      0      0      0        0        0      0      0      32     0      -             -          -      0      0      0      0      0      0      0      0      -      0      0      0      0      0      0      0      0      0      0      0      0      0      0      0      0      0      0      0      0      0      0      0      0      0      0      0      0      0      0      0      0      0      0      0      0      0      0      0      0     
0x2af5515ad690     @P0   ELECT P1, URZ, PT                                                       0      0      0      0      0        0        0      0      0      32     0      -             -          -      0      0      0      0      0      0      0      0      -      0      0      0      0      0      0      0      0      0      0      0      0      0      0      0      0      0      0      0      0      0      0      0      0      0      0      0      0      0      0      0      0      0      0      0      0      0      0      0      0     
0x2af5515ad6a0     @P1   R2UR.BROADCAST UR14, R3                                                 0      0      0      0      0        0        0      0      0      32     0      -             -          -      0      0      0      0      0      0      0      0      -      0      0      0      0      0      0      0      0      0      0      0      0      0      0      0      0      0      0      0      0      0      0      0      0      0      0      0      0      0      0      0      0      0      0      0      0      0      0      0      0     
0x2af5515ad6b0           UMOV UR15, UR7                                                          0      0      0      0      0        0        0      0      0      32     0      -             -          -      0      0      0      0      0      0      0      0      -      0      0      0      0      0      0      0      0      0      0      0      0      0      0      0      0      0      0      0      0      0      0      0      0      0      0      0      0      0      0      0      0      0      0      0      0      0      0      0      0     
0x2af5515ad6c0     @P1   R2UR.BROADCAST UR13, R10                                                0      0      0      0      0        0        0      0      0      32     0      -             -          -      0      0      0      0      0      0      0      0      -      0      0      0      0      0      0      0      0      0      0      0      0      0      0      0      0      0      0      0      0      0      0      0      0      0      0      0      0      0      0      0      0      0      0      0      0      0      0      0      0     
0x2af5515ad6d0     @P1   R2UR.BROADCAST UR12, R7                                                 0      0      0      0      0        0        0      0      0      32     0      -             -          -      0      0      0      0      0      0      0      0      -      0      0      0      0      0      0      0      0      0      0      0      0      0      0      0      0      0      0      0      0      0      0      0      0      0      0      0      0      0      0      0      0      0      0      0      0      0      0      0      0     
0x2af5515ad6e0     @P1   PLOP3.LUT P0, PT, P1, PT, PT, 0x8, 0x80                                 0      0      0      0      0        0        0      0      0      32     0      -             -          -      0      0      0      0      0      0      0      0      -      0      0      0      0      0      0      0      0      0      0      0      0      0      0      0      0      0      0      0      0      0      0      0      0      0      0      0      0      0      0      0      0      0      0      0      0      0      0      0      0     
0x2af5515ad6f0           PLOP3.LUT P1, PT, PT, PT, PT, 0x8, 0x80                                 0      0      0      0      0        0        0      0      0      32     0      -             -          -      0      0      0      0      0      0      0      0      -      0      0      0      0      0      0      0      0      0      0      0      0      0      0      0      0      0      0      0      0      0      0      0      0      0      0      0      0      0      0      0      0      0      0      0      0      0      0      0      0     
0x2af5515ad700           UTMALDG.2D [UR12], [UR10]                                               0      0      0      0      0        0        0      0      0      32     0                    -          -      0      0      0      0      0      0      0      0      -      0      0      0      0      0      0      0      0      0      0      0      0      0      0      0      0      0      0      0      0      0      0      0      0      0      0      0      0      0      0      0      0      0      0      0      0      0      0      0      0     
0x2af5515ad710     @P0   BRA.U.ANY 0x2af5515ad690                                                0      0      0      0      0        0        0      0      0      32     0      -             -          -      0      0      0      0      0      0      0      0      -      0      0      0      0      0      0      0      0      0      0      0      0      0      0      0      0      0      0      0      0      0      0      0      0      0      0      0      0      0      0      0      0      0      0      0      0      0      0      0      0     
0x2af5515ad720           UIADD3 UR4, UP0, UPT, UR4, 0x100, URZ                                   0      0      0      0      0        0        0      0      0      32     0      -             -          -      0      0      0      0      0      0      0      0      -      0      0      0      0      0      0      0      0      0      0      0      0      0      0      0      0      0      0      0      0      0      0      0      0      0      0      0      0      0      0      0      0      0      0      0      0      0      0      0      0     
0x2af5515ad730           PLOP3.LUT P0, PT, PT, PT, PT, 0x80, 0x8                                 0      0      0      0      0        0        0      0      0      32     0      -             -          -      0      0      0      0      0      0      0      0      -      0      0      0      0      0      0      0      0      0      0      0      0      0      0      0      0      0      0      0      0      0      0      0      0      0      0      0      0      0      0      0      0      0      0      0      0      0      0      0      0     
0x2af5515ad740           VIADD R11, R7, 0x4000                                                   0      0      0      0      0        0        0      0      0      32     0      -             -          -      0      0      0      0      0      0      0      0      -      0      0      0      0      0      0      0      0      0      0      0      0      0      0      0      0      0      0      0      0      0      0      0      0      0      0      0      0      0      0      0      0      0      0      0      0      0      0      0      0     
0x2af5515ad750           UIADD3.X UR5, UPT, UPT, URZ, UR5, URZ, UP0, !UPT                        0      0      0      0      0        0        0      0      0      32     0      -             -          -      0      0      0      0      0      0      0      0      -      0      0      0      0      0      0      0      0      0      0      0      0      0      0      0      0      0      0      0      0      0      0      0      0      0      0      0      0      0      0      0      0      0      0      0      0      0      0      0      0     
0x2af5515ad760     @P0   ELECT P1, URZ, PT                                                       0      0      0      0      0        0        0      0      0      32     0      -             -          -      0      0      0      0      0      0      0      0      -      0      0      0      0      0      0      0      0      0      0      0      0      0      0      0      0      0      0      0      0      0      0      0      0      0      0      0      0      0      0      0      0      0      0      0      0      0      0      0      0     
0x2af5515ad770     @P1   R2UR.BROADCAST UR22, R3                                                 0      0      0      0      0        0        0      0      0      32     0      -             -          -      0      0      0      0      0      0      0      0      -      0      0      0      0      0      0      0      0      0      0      0      0      0      0      0      0      0      0      0      0      0      0      0      0      0      0      0      0      0      0      0      0      0      0      0      0      0      0      0      0     
0x2af5515ad780     @P1   R2UR.BROADCAST UR21, R10                                                0      0      0      0      0        0        0      0      0      32     0      -             -          -      0      0      0      0      0      0      0      0      -      0      0      0      0      0      0      0      0      0      0      0      0      0      0      0      0      0      0      0      0      0      0      0      0      0      0      0      0      0      0      0      0      0      0      0      0      0      0      0      0     
0x2af5515ad790     @P1   R2UR.BROADCAST UR20, R11                                                0      0      0      0      0        0        0      0      0      32     0      -             -          -      0      0      0      0      0      0      0      0      -      0      0      0      0      0      0      0      0      0      0      0      0      0      0      0      0      0      0      0      0      0      0      0      0      0      0      0      0      0      0      0      0      0      0      0      0      0      0      0      0     
0x2af5515ad7a0     @P1   PLOP3.LUT P0, PT, P1, PT, PT, 0x8, 0x80                                 0      0      0      0      0        0        0      0      0      32     0      -             -          -      0      0      0      0      0      0      0      0      -      0      0      0      0      0      0      0      0      0      0      0      0      0      0      0      0      0      0      0      0      0      0      0      0      0      0      0      0      0      0      0      0      0      0      0      0      0      0      0      0     
0x2af5515ad7b0           PLOP3.LUT P1, PT, PT, PT, PT, 0x8, 0x80                                 0      0      0      0      0        0        0      0      0      32     0      -             -          -      0      0      0      0      0      0      0      0      -      0      0      0      0      0      0      0      0      0      0      0      0      0      0      0      0      0      0      0      0      0      0      0      0      0      0      0      0      0      0      0      0      0      0      0      0      0      0      0      0     
0x2af5515ad7c0           UTMALDG.2D [UR20], [UR4]                                                0      0      0      0      0        0        0      0      0      32     0                    -          -      0      0      0      0      0      0      0      0      -      0      0      0      0      0      0      0      0      0      0      0      0      0      0      0      0      0      0      0      0      0      0      0      0      0      0      0      0      0      0      0      0      0      0      0      0      0      0      0      0     
0x2af5515ad7d0     @P0   BRA.U.ANY 0x2af5515ad760                                                0      0      0      0      0        0        0      0      0      32     0      -             -          -      0      0      0      0      0      0      0      0      -      0      0      0      0      0      0      0      0      0      0      0      0      0      0      0      0      0      0      0      0      0      0      0      0      0      0      0      0      0      0      0      0      0      0      0      0      0      0      0      0     
0x2af5515ad7e0           VIADD R3, R2, 0x1                                                       0      0      0      0      0        0        0      0      0      32     0      -             -          -      0      0      0      0      0      0      0      0      -      0      0      0      0      0      0      0      0      0      0      0      0      0      0      0      0      0      0      0      0      0      0      0      0      0      0      0      0      0      0      0      0      0      0      0      0      0      0      0      0     
0x2af5515ad7f0           BSYNC B1                                                                60     46     60     524288 16777216 16777216 32     32     32     0      0      -             -          -      0      0      0      0      0      0      0      0      -      0      0      0      0      0      0      0      36     0      0      0      0      0      0      0      0      24     0      0      0      0      0      0      0      28     0      0      0      0      0      0      0      0      18     0      0      0      0      0      0     
0x2af5515ad800           LOP3.LUT R9, R9, 0x1, RZ, 0xc0, !PT                                     143    111    143    524288 16777216 16777216 32     32     0      0      0      -             -          -      0      0      0      0      0      0      0      0      -      0      0      0      0      0      0      0      97     0      0      0      0      0      0      0      0      0      2      7      0      0      0      37     0      82     0      0      0      0      0      0      0      0      0      0      0      0      0      0      29    
0x2af5515ad810           SHF.L.U32 R9, R9, 0x1f, RZ                                              35     23     35     524288 16777216 16777216 32     32     0      0      0      -             -          -      0      0      0      0      0      0      0      0      -      0      0      0      0      0      0      0      0      0      0      0      0      0      0      0      0      0      0      7      0      0      0      28     0      0      0      0      0      0      0      0      0      0      0      0      0      0      0      0      23    
0x2af5515ad820           SYNCS.PHASECHK.TRANS64.TRYWAIT P0, [R10+URZ], R9                        48     29     48     524288 16777216 16777216 32     32     0      0      0      -             -          -      0      0      0      0      0      0      0      0      -      0      0      0      0      0      0      0      0      1      0      0      0      0      0      0      0      0      1      10     0      0      0      36     0      0      0      0      0      0      0      0      0      0      0      0      0      0      0      0      29    
0x2af5515ad830     @!P0  BRA 0x2af5515af700                                                      810    717    810    524288 16777216 0        32     0      32     32     0      -             -          -      0      0      0      0      0      0      0      0      -      0      0      0      0      0      0      0      0      0      0      0      790    0      0      0      0      0      4      4      0      0      0      12     0      0      0      0      0      707    0      0      0      0      0      0      0      0      0      0      10    
0x2af5515ad840           WARPSYNC.ALL                                                            76     51     76     524288 16777216 16777216 32     32     32     0      0      -             -          -      0      0      0      0      0      0      0      0      -      0      0      0      0      0      0      0      0      0      0      0      0      0      0      0      0      0      4      9      0      0      0      63     0      0      0      0      0      0      0      0      0      0      0      0      0      0      0      0      51    
0x2af5515ad850           BAR.SYNC.DEFER_BLOCKING 0x0                                             48     34     48     524288 16777216 16777216 32     32     0      0      0      -             -          -      0      0      0      0      0      0      0      0      -      0      0      0      0      0      0      0      0      0      0      0      0      0      0      0      0      0      1      9      0      0      0      38     0      0      0      0      0      0      0      0      0      0      0      0      0      0      0      0      34    
0x2af5515ad860           ISETP.NE.AND P0, PT, R14, RZ, PT                                        10     0      10     524288 16777216 16777216 32     32     0      0      0      -             -          -      0      0      0      0      0      0      0      0      -      0      0      0      0      0      0      0      0      0      0      0      0      0      0      0      0      0      0      10     0      0      0      0      0      0      0      0      0      0      0      0      0      0      0      0      0      0      0      0      0     
0x2af5515ad870           BSSY B1, 0x2af5515ae190                                                 6506   5476   6506   524288 16777216 16777216 32     32     0      0      0      -             -          -      0      0      0      0      0      0      0      0      -      0      0      0      0      0      0      6451   0      0      0      0      0      0      0      0      0      0      3      9      0      0      0      43     5440   0      0      0      0      0      0      0      0      0      0      0      0      0      0      0      36    
0x2af5515ad880           NOP                                                                     16     0      16     524288 16777216 16777216 32     32     0      0      0      -             -          -      0      0      0      0      0      0      0      0      -      0      0      0      0      0      0      0      0      0      0      0      0      0      0      0      0      0      0      16     0      0      0      0      0      0      0      0      0      0      0      0      0      0      0      0      0      0      0      0      0     
0x2af5515ad890     @P0   BRA 0x2af5515ae180                                                      83     58     83     524288 16777216 16646144 32     31     1      1      131072 -             -          -      0      0      0      0      0      0      0      0      -      0      0      0      0      0      0      0      0      0      0      0      0      0      0      0      0      0      2      8      0      0      0      73     0      0      0      0      0      0      0      0      0      0      0      0      0      0      0      0      58    
0x2af5515ad8a0           IMAD.SHL.U32 R9, R2, 0x4, RZ                                            50     44     50     131072 131072   131072   1      1      30     31     0      -             -          -      0      0      0      0      0      0      0      0      -      0      0      0      0      0      0      0      7      0      0      0      0      0      0      0      0      0      0      3      0      0      0      40     0      7      0      0      0      0      0      0      0      0      0      0      0      0      0      0      37    
0x2af5515ad8b0           SHF.R.U32.HI R10, RZ, 0x4, R7                                           3      0      3      131072 131072   131072   1      1      0      31     0      -             -          -      0      0      0      0      0      0      0      0      -      0      0      0      0      0      0      0      0      0      0      0      0      0      0      0      0      0      0      3      0      0      0      0      0      0      0      0      0      0      0      0      0      0      0      0      0      0      0      0      0     
0x2af5515ad8c0           VIADD R12, R7, 0x4000                                                   1      0      1      131072 131072   131072   1      1      0      31     0      -             -          -      0      0      0      0      0      0      0      0      -      0      0      0      0      0      0      0      0      0      0      0      0      0      0      0      0      0      0      1      0      0      0      0      0      0      0      0      0      0      0      0      0      0      0      0      0      0      0      0      0     
0x2af5515ad8d0           PLOP3.LUT P0, PT, PT, PT, PT, 0x80, 0x8                                 4      0      4      131072 131072   131072   1      1      0      31     0      -             -          -      0      0      0      0      0      0      0      0      -      0      0      0      0      0      0      0      0      0      0      0      0      0      0      0      0      0      0      4      0      0      0      0      0      0      0      0      0      0      0      0      0      0      0      0      0      0      0      0      0     
0x2af5515ad8e0           IMAD.MOV.U32 R11, RZ, RZ, 0x40004040                                    5      0      5      131072 131072   131072   1      1      0      31     0      -             -          -      0      0      0      0      0      0      0      0      -      0      0      0      0      0      0      0      0      0      0      0      0      0      0      0      0      0      0      5      0      0      0      0      0      0      0      0      0      0      0      0      0      0      0      0      0      0      0      0      0     
0x2af5515ad8f0           ISETP.NE.U32.AND P1, PT, R9, RZ, PT                                     1      0      1      131072 131072   131072   1      1      0      31     0      -             -          -      0      0      0      0      0      0      0      0      -      0      0      0      0      0      0      0      0      0      0      0      0      0      0      0      0      0      0      1      0      0      0      0      0      0      0      0      0      0      0      0      0      0      0      0      0      0      0      0      0     
0x2af5515ad900           IMAD.MOV.U32 R13, RZ, RZ, 0x40004040                                    3      0      3      131072 131072   131072   1      1      0      31     0      -             -          -      0      0      0      0      0      0      0      0      -      0      0      0      0      0      0      0      0      0      0      0      0      0      0      0      0      0      0      3      0      0      0      0      0      0      0      0      0      0      0      0      0      0      0      0      0      0      0      0      0     
0x2af5515ad910           SHF.R.U32.HI R12, RZ, 0x4, R12                                          3      0      3      131072 131072   131072   1      1      0      31     0      -             -          -      0      0      0      0      0      0      0      0      -      0      0      0      0      0      0      0      0      0      0      0      0      0      0      0      0      0      0      3      0      0      0      0      0      0      0      0      0      0      0      0      0      0      0      0      0      0      0      0      0     
0x2af5515ad920           UMOV UR4, 0x0                                                           0      0      0      131072 131072   131072   1      1      0      31     0      -             -          -      0      0      0      0      0      0      0      0      -      0      0      0      0      0      0      0      0      0      0      0      0      0      0      0      0      0      0      0      0      0      0      0      0      0      0      0      0      0      0      0      0      0      0      0      0      0      0      0      0     
0x2af5515ad930           LOP3.LUT R10, R10, 0x3fff, RZ, 0xc0, !PT                                0      0      0      131072 131072   131072   1      1      0      31     0      -             -          -      0      0      0      0      0      0      0      0      -      0      0      0      0      0      0      0      0      0      0      0      0      0      0      0      0      0      0      0      0      0      0      0      0      0      0      0      0      0      0      0      0      0      0      0      0      0      0      0      0     
0x2af5515ad940           UMOV UR5, 0x8100490                                                     2      0      2      131072 131072   131072   1      1      0      31     0      -             -          -      0      0      0      0      0      0      0      0      -      0      0      0      0      0      0      0      0      0      0      0      0      0      0      0      0      0      0      2      0      0      0      0      0      0      0      0      0      0      0      0      0      0      0      0      0      0      0      0      0     
0x2af5515ad950           LOP3.LUT R12, R12, 0x3fff, RZ, 0xc0, !PT                                2      0      2      131072 131072   131072   1      1      0      31     0      -             -          -      0      0      0      0      0      0      0      0      -      0      0      0      0      0      0      0      0      0      0      0      0      0      0      0      0      0      0      2      0      0      0      0      0      0      0      0      0      0      0      0      0      0      0      0      0      0      0      0      0     
0x2af5515ad960           VOTEU.ANY UP0, P1                                                       21     16     21     131072 131072   131072   1      1      0      31     0      -             -          -      0      0      0      0      0      0      0      0      -      0      0      0      0      0      0      0      0      0      0      0      0      0      0      0      0      0      0      2      0      0      0      19     0      0      0      0      0      0      0      0      0      0      0      0      0      0      0      0      16    
0x2af5515ad970     @P0   ELECT P1, URZ, PT                                                       11     7      11     131072 131072   131072   1      1      0      31     0      -             -          -      0      0      0      0      0      0      0      0      -      0      0      0      0      0      0      0      0      0      0      0      0      0      0      0      0      0      0      2      0      0      0      9      0      0      0      0      0      0      0      0      0      0      0      0      0      0      0      0      7     
0x2af5515ad980     @P1   R2UR.BROADCAST UR10, R12                                                42     34     42     131072 131072   131072   1      1      0      31     0      -             -          -      0      0      0      0      0      0      0      0      -      0      0      0      0      0      0      0      0      0      0      0      0      0      0      0      0      0      1      2      0      0      0      39     0      0      0      0      0      0      0      0      0      0      0      0      0      0      0      0      34    
0x2af5515ad990     @P1   R2UR.BROADCAST UR11, R13                                                2      2      2      131072 131072   131072   1      1      0      31     0      -             -          -      0      0      0      0      0      0      0      0      -      0      0      0      0      0      0      0      0      0      0      0      0      0      0      0      0      0      0      0      0      0      0      2      0      0      0      0      0      0      0      0      0      0      0      0      0      0      0      0      2     
0x2af5515ad9a0     @P1   R2UR.BROADCAST UR12, R10                                                6      2      6      131072 131072   131072   1      1      0      31     0      -             -          -      0      0      0      0      0      0      0      0      -      0      0      0      0      0      0      0      0      0      0      0      0      0      0      0      0      0      1      3      0      0      0      2      0      0      0      0      0      0      0      0      0      0      0      0      0      0      0      0      2     
0x2af5515ad9b0     @P1   R2UR.BROADCAST UR13, R11                                                11     4      11     131072 131072   131072   1      1      0      31     0      -             -          -      0      0      0      0      0      0      0      0      -      0      0      0      0      0      0      0      0      0      0      0      0      0      0      0      0      0      0      6      0      0      0      5      0      0      0      0      0      0      0      0      0      0      0      0      0      0      0      0      4     
0x2af5515ad9c0     @P1   PLOP3.LUT P0, PT, P1, PT, PT, 0x8, 0x80                                 5      1      5      131072 131072   131072   1      1      0      31     0      -             -          -      0      0      0      0      0      0      0      0      -      0      0      0      0      0      0      0      0      0      0      0      0      0      0      0      0      0      0      4      0      0      0      1      0      0      0      0      0      0      0      0      0      0      0      0      0      0      0      0      1     
0x2af5515ad9d0           PLOP3.LUT P1, PT, PT, PT, PT, 0x8, 0x80                                 6      2      6      131072 131072   131072   1      1      0      31     0      -             -          -      0      0      0      0      0      0      0      0      -      0      0      0      0      0      0      0      0      0      0      0      0      0      0      0      0      0      0      3      0      0      0      3      0      0      0      0      0      0      0      0      0      0      0      0      0      0      0      0      2     
0x2af5515ad9e0           UTCHMMA gdesc[UR12], gdesc[UR10], tmem[UR8], tmem[UR4], idesc[UR5], UP0 33     27     33     131072 131072   131072   1      1      0      31     0      TmemShared    Load,Store -      0      0      0      0      0      0      0      0      -      0      0      0      0      0      0      0      0      0      0      0      0      0      0      0      0      0      0      4      0      0      0      29     0      0      0      0      0      0      0      0      0      0      0      0      0      0      0      0      27    
0x2af5515ad9f0     @P0   BRA.U.ANY 0x2af5515ad970                                                5      2      5      131072 131072   0        1      0      1      32     0      -             -          -      0      0      0      0      0      0      0      0      -      0      0      0      0      0      0      0      0      0      0      0      0      0      0      0      0      0      0      3      0      0      0      2      0      0      0      0      0      0      0      0      0      0      0      0      0      0      0      0      2     
0x2af5515ada00           VIADD R10, R9, 0x10                                                     12     8      12     131072 131072   131072   1      1      1      31     0      -             -          -      0      0      0      0      0      0      0      0      -      0      0      0      0      0      0      0      0      0      0      0      0      0      0      0      0      0      0      4      0      0      0      8      0      0      0      0      0      0      0      0      0      0      0      0      0      0      0      0      8     
0x2af5515ada10           PLOP3.LUT P0, PT, PT, PT, PT, 0x80, 0x8                                 0      0      0      131072 131072   131072   1      1      0      31     0      -             -          -      0      0      0      0      0      0      0      0      -      0      0      0      0      0      0      0      0      0      0      0      0      0      0      0      0      0      0      0      0      0      0      0      0      0      0      0      0      0      0      0      0      0      0      0      0      0      0      0      0     
0x2af5515ada20           VIADD R11, R7, 0x4020                                                   2      0      2      131072 131072   131072   1      1      0      31     0      -             -          -      0      0      0      0      0      0      0      0      -      0      0      0      0      0      0      0      0      0      0      0      0      0      0      0      0      0      0      2      0      0      0      0      0      0      0      0      0      0      0      0      0      0      0      0      0      0      0      0      0     
0x2af5515ada30           IMAD.MOV.U32 R13, RZ, RZ, 0x40004040                                    4      1      4      131072 131072   131072   1      1      0      31     0      -             -          -      0      0      0      0      0      0      0      0      -      0      0      0      0      0      0      0      0      0      0      0      0      0      0      0      0      0      0      1      0      0      0      3      0      0      0      0      0      0      0      0      0      0      0      0      0      0      0      0      1     
0x2af5515ada40           ISETP.NE.U32.AND P1, PT, R10, RZ, PT                                    2      0      2      131072 131072   131072   1      1      0      31     0      -             -          -      0      0      0      0      0      0      0      0      -      0      0      0      0      0      0      0      0      0      0      0      0      0      0      0      0      0      0      2      0      0      0      0      0      0      0      0      0      0      0      0      0      0      0      0      0      0      0      0      0     
0x2af5515ada50           VIADD R10, R7, 0x20                                                     5      0      5      131072 131072   131072   1      1      0      31     0      -             -          -      0      0      0      0      0      0      0      0      -      0      0      0      0      0      0      0      0      0      0      0      0      0      0      0      0      0      0      5      0      0      0      0      0      0      0      0      0      0      0      0      0      0      0      0      0      0      0      0      0     
0x2af5515ada60           SHF.R.U32.HI R11, RZ, 0x4, R11                                          4      0      4      131072 131072   131072   1      1      0      31     0      -             -          -      0      0      0      0      0      0      0      0      -      0      0      0      0      0      0      0      0      0      0      0      0      0      0      0      0      0      0      4      0      0      0      0      0      0      0      0      0      0      0      0      0      0      0      0      0      0      0      0      0     
0x2af5515ada70           SHF.R.U32.HI R10, RZ, 0x4, R10                                          9      8      9      131072 131072   131072   1      1      0      31     0      -             -          -      0      0      0      0      0      0      0      0      -      0      0      0      0      0      0      0      0      0      0      0      0      1      0      0      0      0      0      0      0      0      0      8      0      0      0      0      0      0      0      0      0      0      0      0      0      0      0      0      8     
0x2af5515ada80           LOP3.LUT R12, R11, 0x3fff, RZ, 0xc0, !PT                                7      5      7      131072 131072   131072   1      1      0      31     0      -             -          -      0      0      0      0      0      0      0      0      -      0      0      0      0      0      0      0      0      0      0      0      0      0      0      0      0      0      0      2      0      0      0      5      0      0      0      0      0      0      0      0      0      0      0      0      0      0      0      0      5     
0x2af5515ada90           IMAD.MOV.U32 R11, RZ, RZ, 0x40004040                                    5      0      5      131072 131072   131072   1      1      0      31     0      -             -          -      0      0      0      0      0      0      0      0      -      0      0      0      0      0      0      0      0      0      0      0      0      0      0      0      0      0      0      5      0      0      0      0      0      0      0      0      0      0      0      0      0      0      0      0      0      0      0      0      0     
0x2af5515adaa0           LOP3.LUT R10, R10, 0x3fff, RZ, 0xc0, !PT                                4      0      4      131072 131072   131072   1      1      0      31     0      -             -          -      0      0      0      0      0      0      0      0      -      0      0      0      0      0      0      0      0      0      0      0      0      0      0      0      0      0      0      4      0      0      0      0      0      0      0      0      0      0      0      0      0      0      0      0      0      0      0      0      0     
0x2af5515adab0           VOTEU.ANY UP0, P1                                                       11     5      11     131072 131072   131072   1      1      0      31     0      -             -          -      0      0      0      0      0      0      0      0      -      0      0      0      0      0      0      0      0      0      0      0      0      0      0      0      0      0      3      1      0      0      0      7      0      0      0      0      0      0      0      0      0      0      0      0      0      0      0      0      5     
0x2af5515adac0     @P0   ELECT P1, URZ, PT                                                       19     18     19     131072 131072   131072   1      1      0      31     0      -             -          -      0      0      0      0      0      0      0      0      -      0      0      0      0      0      0      0      0      0      0      0      0      0      0      0      0      0      0      1      0      0      0      18     0      0      0      0      0      0      0      0      0      0      0      0      0      0      0      0      18    
0x2af5515adad0     @P1   R2UR.BROADCAST UR10, R12                                                39     32     39     131072 131072   131072   1      1      0      31     0      -             -          -      0      0      0      0      0      0      0      0      -      0      0      0      0      0      0      0      0      0      0      0      0      0      0      0      0      0      0      6      0      0      0      33     0      0      0      0      0      0      0      0      0      0      0      0      0      0      0      0      32    
0x2af5515adae0     @P1   R2UR.BROADCAST UR11, R13                                                6      5      6      131072 131072   131072   1      1      0      31     0      -             -          -      0      0      0      0      0      0      0      0      -      0      0      0      0      0      0      0      0      0      0      0      0      0      0      0      0      0      0      1      0      0      0      5      0      0      0      0      0      0      0      0      0      0      0      0      0      0      0      0      5     
0x2af5515adaf0     @P1   R2UR.BROADCAST UR12, R10                                                3      2      3      131072 131072   131072   1      1      0      31     0      -             -          -      0      0      0      0      0      0      0      0      -      0      0      0      0      0      0      0      0      0      0      0      0      0      0      0      0      0      0      1      0      0      0      2      0      0      0      0      0      0      0      0      0      0      0      0      0      0      0      0      2     
0x2af5515adb00     @P1   R2UR.BROADCAST UR13, R11                                                6      2      6      131072 131072   131072   1      1      0      31     0      -             -          -      0      0      0      0      0      0      0      0      -      0      0      0      0      0      0      0      0      0      0      0      0      0      0      0      0      0      0      4      0      0      0      2      0      0      0      0      0      0      0      0      0      0      0      0      0      0      0      0      2     
0x2af5515adb10     @P1   PLOP3.LUT P0, PT, P1, PT, PT, 0x8, 0x80                                 4      2      4      131072 131072   131072   1      1      0      31     0      -             -          -      0      0      0      0      0      0      0      0      -      0      0      0      0      0      0      0      0      0      0      0      0      0      0      0      0      0      0      2      0      0      0      2      0      0      0      0      0      0      0      0      0      0      0      0      0      0      0      0      2     
0x2af5515adb20           PLOP3.LUT P1, PT, PT, PT, PT, 0x8, 0x80                                 6      4      6      131072 131072   131072   1      1      0      31     0      -             -          -      0      0      0      0      0      0      0      0      -      0      0      0      0      0      0      0      0      0      0      0      0      0      0      0      0      0      0      2      0      0      0      4      0      0      0      0      0      0      0      0      0      0      0      0      0      0      0      0      4     
0x2af5515adb30           UTCHMMA gdesc[UR12], gdesc[UR10], tmem[UR8], tmem[UR4], idesc[UR5], UP0 24     17     24     131072 131072   131072   1      1      0      31     0      TmemShared    Load,Store -      0      0      0      0      0      0      0      0      -      0      0      0      0      0      0      0      0      0      0      0      0      0      0      0      0      0      0      5      0      0      0      19     0      0      0      0      0      0      0      0      0      0      0      0      0      0      0      0      17    
0x2af5515adb40     @P0   BRA.U.ANY 0x2af5515adac0                                                3      1      3      131072 131072   0        1      0      1      32     0      -             -          -      0      0      0      0      0      0      0      0      -      0      0      0      0      0      0      0      0      0      0      0      0      0      0      0      0      0      0      2      0      0      0      1      0      0      0      0      0      0      0      0      0      0      0      0      0      0      0      0      1     
0x2af5515adb50           VIADD R10, R9, 0x20                                                     11     6      11     131072 131072   131072   1      1      1      31     0      -             -          -      0      0      0      0      0      0      0      0      -      0      0      0      0      0      0      0      0      0      0      0      0      0      0      0      0      0      0      4      0      0      0      7      0      0      0      0      0      0      0      0      0      0      0      0      0      0      0      0      6     
0x2af5515adb60           PLOP3.LUT P0, PT, PT, PT, PT, 0x80, 0x8                                 4      0      4      131072 131072   131072   1      1      0      31     0      -             -          -      0      0      0      0      0      0      0      0      -      0      0      0      0      0      0      0      0      0      0      0      0      0      0      0      0      0      0      4      0      0      0      0      0      0      0      0      0      0      0      0      0      0      0      0      0      0      0      0      0     
0x2af5515adb70           VIADD R11, R7, 0x4040                                                   6      0      6      131072 131072   131072   1      1      0      31     0      -             -          -      0      0      0      0      0      0      0      0      -      0      0      0      0      0      0      0      0      0      0      0      0      0      0      0      0      0      0      6      0      0      0      0      0      0      0      0      0      0      0      0      0      0      0      0      0      0      0      0      0     
0x2af5515adb80           IMAD.MOV.U32 R13, RZ, RZ, 0x40004040                                    6      5      6      131072 131072   131072   1      1      0      31     0      -             -          -      0      0      0      0      0      0      0      0      -      0      0      0      0      0      0      0      0      0      0      0      0      0      0      0      0      0      0      1      0      0      0      5      0      0      0      0      0      0      0      0      0      0      0      0      0      0      0      0      5     
0x2af5515adb90           ISETP.NE.U32.AND P1, PT, R10, RZ, PT                                    0      0      0      131072 131072   131072   1      1      0      31     0      -             -          -      0      0      0      0      0      0      0      0      -      0      0      0      0      0      0      0      0      0      0      0      0      0      0      0      0      0      0      0      0      0      0      0      0      0      0      0      0      0      0      0      0      0      0      0      0      0      0      0      0     
0x2af5515adba0           VIADD R10, R7, 0x40                                                     0      0      0      131072 131072   131072   1      1      0      31     0      -             -          -      0      0      0      0      0      0      0      0      -      0      0      0      0      0      0      0      0      0      0      0      0      0      0      0      0      0      0      0      0      0      0      0      0      0      0      0      0      0      0      0      0      0      0      0      0      0      0      0      0     
0x2af5515adbb0           SHF.R.U32.HI R11, RZ, 0x4, R11                                          4      0      4      131072 131072   131072   1      1      0      31     0      -             -          -      0      0      0      0      0      0      0      0      -      0      0      0      0      0      0      0      0      0      0      0      0      0      0      0      0      0      0      4      0      0      0      0      0      0      0      0      0      0      0      0      0      0      0      0      0      0      0      0      0     
0x2af5515adbc0           SHF.R.U32.HI R10, RZ, 0x4, R10                                          14     10     14     131072 131072   131072   1      1      0      31     0      -             -          -      0      0      0      0      0      0      0      0      -      0      0      0      0      0      0      0      0      0      0      0      0      0      0      0      0      0      1      3      0      0      0      10     0      0      0      0      0      0      0      0      0      0      0      0      0      0      0      0      10    
0x2af5515adbd0           LOP3.LUT R12, R11, 0x3fff, RZ, 0xc0, !PT                                5      3      5      131072 131072   131072   1      1      0      31     0      -             -          -      0      0      0      0      0      0      0      0      -      0      0      0      0      0      0      0      0      0      0      0      0      0      0      0      0      0      0      1      0      0      0      4      0      0      0      0      0      0      0      0      0      0      0      0      0      0      0      0      3     
0x2af5515adbe0           IMAD.MOV.U32 R11, RZ, RZ, 0x40004040                                    0      0      0      131072 131072   131072   1      1      0      31     0      -             -          -      0      0      0      0      0      0      0      0      -      0      0      0      0      0      0      0      0      0      0      0      0      0      0      0      0      0      0      0      0      0      0      0      0      0      0      0      0      0      0      0      0      0      0      0      0      0      0      0      0     
0x2af5515adbf0           LOP3.LUT R10, R10, 0x3fff, RZ, 0xc0, !PT                                3      0      3      131072 131072   131072   1      1      0      31     0      -             -          -      0      0      0      0      0      0      0      0      -      0      0      0      0      0      0      0      0      0      0      0      0      0      0      0      0      0      0      3      0      0      0      0      0      0      0      0      0      0      0      0      0      0      0      0      0      0      0      0      0     
0x2af5515adc00           VOTEU.ANY UP0, P1                                                       8      6      8      131072 131072   131072   1      1      0      31     0      -             -          -      0      0      0      0      0      0      0      0      -      0      0      0      0      0      0      0      0      0      0      0      0      0      0      0      0      0      1      1      0      0      0      6      0      0      0      0      0      0      0      0      0      0      0      0      0      0      0      0      6     
0x2af5515adc10     @P0   ELECT P1, URZ, PT                                                       12     7      12     131072 131072   131072   1      1      0      31     0      -             -          -      0      0      0      0      0      0      0      0      -      0      0      0      0      0      0      0      0      0      0      0      0      0      0      0      0      0      1      2      0      0      0      9      0      0      0      0      0      0      0      0      0      0      0      0      0      0      0      0      7     
0x2af5515adc20     @P1   R2UR.BROADCAST UR10, R12                                                39     33     39     131072 131072   131072   1      1      0      31     0      -             -          -      0      0      0      0      0      0      0      0      -      0      0      0      0      0      0      0      0      0      0      0      0      0      0      0      0      0      0      5      0      0      0      34     0      0      0      0      0      0      0      0      0      0      0      0      0      0      0      0      33    
0x2af5515adc30     @P1   R2UR.BROADCAST UR11, R13                                                2      1      2      131072 131072   131072   1      1      0      31     0      -             -          -      0      0      0      0      0      0      0      0      -      0      0      0      0      0      0      0      0      0      0      0      0      0      0      0      0      0      0      1      0      0      0      1      0      0      0      0      0      0      0      0      0      0      0      0      0      0      0      0      1     
0x2af5515adc40     @P1   R2UR.BROADCAST UR12, R10                                                5      1      5      131072 131072   131072   1      1      0      31     0      -             -          -      0      0      0      0      0      0      0      0      -      0      0      0      0      0      0      0      0      0      0      0      0      0      0      0      0      0      0      4      0      0      0      1      0      0      0      0      0      0      0      0      0      0      0      0      0      0      0      0      1     
0x2af5515adc50     @P1   R2UR.BROADCAST UR13, R11                                                7      3      7      131072 131072   131072   1      1      0      31     0      -             -          -      0      0      0      0      0      0      0      0      -      0      0      0      0      0      0      0      0      0      0      0      0      0      0      0      0      0      0      4      0      0      0      3      0      0      0      0      0      0      0      0      0      0      0      0      0      0      0      0      3     
0x2af5515adc60     @P1   PLOP3.LUT P0, PT, P1, PT, PT, 0x8, 0x80                                 5      0      5      131072 131072   131072   1      1      0      31     0      -             -          -      0      0      0      0      0      0      0      0      -      0      0      0      0      0      0      0      0      0      0      0      0      0      0      0      0      0      0      5      0      0      0      0      0      0      0      0      0      0      0      0      0      0      0      0      0      0      0      0      0     
0x2af5515adc70           PLOP3.LUT P1, PT, PT, PT, PT, 0x8, 0x80                                 7      4      7      131072 131072   131072   1      1      0      31     0      -             -          -      0      0      0      0      0      0      0      0      -      0      0      0      0      0      0      0      0      0      0      0      0      0      0      0      0      0      0      3      0      0      0      4      0      0      0      0      0      0      0      0      0      0      0      0      0      0      0      0      4     
0x2af5515adc80           UTCHMMA gdesc[UR12], gdesc[UR10], tmem[UR8], tmem[UR4], idesc[UR5], UP0 21     19     21     131072 131072   131072   1      1      0      31     0      TmemShared    Load,Store -      0      0      0      0      0      0      0      0      -      0      0      0      0      0      0      0      0      0      0      0      0      0      0      0      0      0      0      1      0      0      0      20     0      0      0      0      0      0      0      0      0      0      0      0      0      0      0      0      19    
0x2af5515adc90     @P0   BRA.U.ANY 0x2af5515adc10                                                0      0      0      131072 131072   0        1      0      1      32     0      -             -          -      0      0      0      0      0      0      0      0      -      0      0      0      0      0      0      0      0      0      0      0      0      0      0      0      0      0      0      0      0      0      0      0      0      0      0      0      0      0      0      0      0      0      0      0      0      0      0      0      0     
0x2af5515adca0           VIADD R9, R9, 0x30                                                      8      5      8      131072 131072   131072   1      1      1      31     0      -             -          -      0      0      0      0      0      0      0      0      -      0      0      0      0      0      0      0      0      0      0      0      0      0      0      0      0      0      0      2      0      0      0      6      0      0      0      0      0      0      0      0      0      0      0      0      0      0      0      0      5     
0x2af5515adcb0           PLOP3.LUT P0, PT, PT, PT, PT, 0x80, 0x8                                 1      0      1      131072 131072   131072   1      1      0      31     0      -             -          -      0      0      0      0      0      0      0      0      -      0      0      0      0      0      0      0      0      0      0      0      0      0      0      0      0      0      0      1      0      0      0      0      0      0      0      0      0      0      0      0      0      0      0      0      0      0      0      0      0     
0x2af5515adcc0           IMAD.MOV.U32 R11, RZ, RZ, 0x40004040                                    2      0      2      131072 131072   131072   1      1      0      31     0      -             -          -      0      0      0      0      0      0      0      0      -      0      0      0      0      0      0      0      0      0      0      0      0      0      0      0      0      0      0      2      0      0      0      0      0      0      0      0      0      0      0      0      0      0      0      0      0      0      0      0      0     
0x2af5515adcd0           IMAD.MOV.U32 R13, RZ, RZ, 0x40004040                                    8      5      8      131072 131072   131072   1      1      0      31     0      -             -          -      0      0      0      0      0      0      0      0      -      0      0      0      0      0      0      0      0      0      0      0      0      0      0      0      0      0      0      3      0      0      0      5      0      0      0      0      0      0      0      0      0      0      0      0      0      0      0      0      5     
0x2af5515adce0           ISETP.NE.U32.AND P1, PT, R9, RZ, PT                                     2      0      2      131072 131072   131072   1      1      0      31     0      -             -          -      0      0      0      0      0      0      0      0      -      0      0      0      0      0      0      0      0      0      0      0      0      0      0      0      0      0      0      2      0      0      0      0      0      0      0      0      0      0      0      0      0      0      0      0      0      0      0      0      0     
0x2af5515adcf0           VIADD R9, R7, 0x60                                                      1      0      1      131072 131072   131072   1      1      0      31     0      -             -          -      0      0      0      0      0      0      0      0      -      0      0      0      0      0      0      0      0      0      0      0      0      0      0      0      0      0      0      1      0      0      0      0      0      0      0      0      0      0      0      0      0      0      0      0      0      0      0      0      0     
0x2af5515add00           VIADD R7, R7, 0x4060                                                    4      3      4      131072 131072   131072   1      1      0      31     0      -             -          -      0      0      0      0      0      0      0      0      -      0      0      0      0      0      0      0      0      0      0      0      0      0      0      0      0      0      0      1      0      0      0      3      0      0      0      0      0      0      0      0      0      0      0      0      0      0      0      0      3     
0x2af5515add10           SHF.R.U32.HI R9, RZ, 0x4, R9                                            7      4      7      131072 131072   131072   1      1      0      31     0      -             -          -      0      0      0      0      0      0      0      0      -      0      0      0      0      0      0      0      0      0      0      0      0      0      0      0      0      0      0      2      0      0      0      5      0      0      0      0      0      0      0      0      0      0      0      0      0      0      0      0      4     
0x2af5515add20           SHF.R.U32.HI R7, RZ, 0x4, R7                                            5      4      5      131072 131072   131072   1      1      0      31     0      -             -          -      0      0      0      0      0      0      0      0      -      0      0      0      0      0      0      0      0      0      0      0      0      0      0      0      0      0      0      1      0      0      0      4      0      0      0      0      0      0      0      0      0      0      0      0      0      0      0      0      4     
0x2af5515add30           LOP3.LUT R10, R9, 0x3fff, RZ, 0xc0, !PT                                 12     4      12     131072 131072   131072   1      1      0      31     0      -             -          -      0      0      0      0      0      0      0      0      -      0      0      0      0      0      0      0      0      0      0      0      0      0      0      0      0      0      0      8      0      0      0      4      0      0      0      0      0      0      0      0      0      0      0      0      0      0      0      0      4     
0x2af5515add40           LOP3.LUT R12, R7, 0x3fff, RZ, 0xc0, !PT                                 3      2      3      131072 131072   131072   1      1      0      31     0      -             -          -      0      0      0      0      0      0      0      0      -      0      0      0      0      0      0      0      0      0      0      0      0      0      0      0      0      0      0      1      0      0      0      2      0      0      0      0      0      0      0      0      0      0      0      0      0      0      0      0      2     
0x2af5515add50           VOTEU.ANY UP0, P1                                                       2      0      2      131072 131072   131072   1      1      0      31     0      -             -          -      0      0      0      0      0      0      0      0      -      0      0      0      0      0      0      0      0      0      0      0      0      0      0      0      0      0      0      2      0      0      0      0      0      0      0      0      0      0      0      0      0      0      0      0      0      0      0      0      0     
0x2af5515add60     @P0   ELECT P1, URZ, PT                                                       16     11     16     131072 131072   131072   1      1      0      31     0      -             -          -      0      0      0      0      0      0      0      0      -      0      0      0      0      0      0      0      0      0      0      0      0      1      0      0      0      0      1      2      0      0      0      12     0      0      0      0      0      0      1      0      0      0      0      0      0      0      0      0      10    
0x2af5515add70     @P1   R2UR.BROADCAST UR10, R12                                                25     21     25     131072 131072   131072   1      1      0      31     0      -             -          -      0      0      0      0      0      0      0      0      -      0      0      0      0      0      0      0      0      0      0      0      0      0      0      0      0      0      0      0      0      0      0      25     0      0      0      0      0      0      0      0      0      0      0      0      0      0      0      0      21    
0x2af5515add80     @P1   R2UR.BROADCAST UR11, R13                                                2      1      2      131072 131072   131072   1      1      0      31     0      -             -          -      0      0      0      0      0      0      0      0      -      0      0      0      0      0      0      0      0      0      0      0      0      0      0      0      0      0      0      1      0      0      0      1      0      0      0      0      0      0      0      0      0      0      0      0      0      0      0      0      1     
0x2af5515add90     @P1   R2UR.BROADCAST UR12, R10                                                5      2      5      131072 131072   131072   1      1      0      31     0      -             -          -      0      0      0      0      0      0      0      0      -      0      0      0      0      0      0      0      0      0      0      0      0      0      0      0      0      0      0      3      0      0      0      2      0      0      0      0      0      0      0      0      0      0      0      0      0      0      0      0      2     
0x2af5515adda0     @P1   R2UR.BROADCAST UR13, R11                                                4      2      4      131072 131072   131072   1      1      0      31     0      -             -          -      0      0      0      0      0      0      0      0      -      0      0      0      0      0      0      0      0      0      0      0      0      0      0      0      0      0      1      1      0      0      0      2      0      0      0      0      0      0      0      0      0      0      0      0      0      0      0      0      2     
0x2af5515addb0     @P1   PLOP3.LUT P0, PT, P1, PT, PT, 0x8, 0x80                                 6      3      6      131072 131072   131072   1      1      0      31     0      -             -          -      0      0      0      0      0      0      0      0      -      0      0      0      0      0      0      0      0      0      0      0      0      0      0      0      0      0      0      3      0      0      0      3      0      0      0      0      0      0      0      0      0      0      0      0      0      0      0      0      3     
0x2af5515addc0           PLOP3.LUT P1, PT, PT, PT, PT, 0x8, 0x80                                 6      2      6      131072 131072   131072   1      1      0      31     0      -             -          -      0      0      0      0      0      0      0      0      -      0      0      0      0      0      0      0      0      0      0      0      0      0      0      0      0      0      0      3      0      0      0      3      0      0      0      0      0      0      0      0      0      0      0      0      0      0      0      0      2     
0x2af5515addd0           UTCHMMA gdesc[UR12], gdesc[UR10], tmem[UR8], tmem[UR4], idesc[UR5], UP0 21     15     21     131072 131072   131072   1      1      0      31     0      TmemShared    Load,Store -      0      0      0      0      0      0      0      0      -      0      0      0      0      0      0      0      0      0      0      0      0      0      0      0      0      0      0      5      0      0      0      16     0      0      0      0      0      0      0      0      0      0      0      0      0      0      0      0      15    
0x2af5515adde0     @P0   BRA.U.ANY 0x2af5515add60                                                4      3      4      131072 131072   0        1      0      1      32     0      -             -          -      0      0      0      0      0      0      0      0      -      0      0      0      0      0      0      0      0      0      0      0      0      0      0      0      0      0      0      1      0      0      0      3      0      0      0      0      0      0      0      0      0      0      0      0      0      0      0      0      3     
0x2af5515addf0           IMAD.MOV.U32 R9, RZ, RZ, RZ                                             19     12     19     131072 131072   131072   1      1      1      31     0      -             -          -      0      0      0      0      0      0      0      0      -      0      0      0      0      0      0      0      0      0      0      0      0      0      0      0      0      0      1      6      0      0      0      12     0      0      0      0      0      0      0      0      0      0      0      0      0      0      0      0      12    
0x2af5515ade00           PLOP3.LUT P0, PT, PT, PT, PT, 0x80, 0x8                                 5      0      5      131072 131072   131072   1      1      0      31     0      -             -          -      0      0      0      0      0      0      0      0      -      0      0      0      0      0      0      0      0      0      0      0      0      0      0      0      0      0      0      5      0      0      0      0      0      0      0      0      0      0      0      0      0      0      0      0      0      0      0      0      0     
0x2af5515ade10           MOV R8, R8                                                              31     24     31     131072 131072   131072   1      1      0      31     0      -             -          -      0      0      0      0      0      0      0      0      -      0      0      0      0      0      0      0      0      0      0      0      0      0      0      0      0      0      0      5      16     0      0      10     0      0      0      0      0      0      0      0      0      0      0      0      0      14     0      0      10    
0x2af5515ade20     @P0   ELECT P1, URZ, PT                                                       22     19     22     131072 131072   131072   1      1      0      31     0      -             -          -      0      0      0      0      0      0      0      0      -      0      0      0      0      0      0      0      0      0      0      0      0      0      0      0      0      0      1      1      0      0      0      20     0      0      0      0      0      0      0      0      0      0      0      0      0      0      0      0      19    
0x2af5515ade30     @P1   R2UR.BROADCAST UR4, R8                                                  37     35     37     131072 131072   131072   1      1      0      31     0      -             -          -      0      0      0      0      0      0      0      0      -      0      0      0      0      0      0      0      0      0      0      0      0      0      0      0      0      0      0      2      0      0      0      35     0      0      0      0      0      0      0      0      0      0      0      0      0      0      0      0      35    
0x2af5515ade40     @P1   PLOP3.LUT P0, PT, P1, PT, PT, 0x8, 0x80                                 6      3      6      131072 131072   131072   1      1      0      31     0      -             -          -      0      0      0      0      0      0      0      0      -      0      0      0      0      0      0      0      0      0      0      0      0      0      0      0      0      0      0      3      0      0      0      3      0      0      0      0      0      0      0      0      0      0      0      0      0      0      0      0      3     
0x2af5515ade50           UTCBAR [UR4], URZ                                                       26     22     26     131072 131072   131072   1      1      0      31     0      -             -          -      0      0      0      0      0      0      0      0      -      0      0      0      0      0      0      0      0      0      0      0      0      0      0      0      0      0      0      3      0      0      0      23     0      0      0      0      0      0      0      0      0      0      0      0      0      0      0      0      22    
0x2af5515ade60           PLOP3.LUT P1, PT, PT, PT, PT, 0x8, 0x80                                 2      0      2      131072 131072   131072   1      1      0      31     0      -             -          -      0      0      0      0      0      0      0      0      -      0      0      0      0      0      0      0      0      0      0      0      0      0      0      0      0      0      0      2      0      0      0      0      0      0      0      0      0      0      0      0      0      0      0      0      0      0      0      0      0     
0x2af5515ade70     @P0   BRA.U.ANY 0x2af5515ade20                                                2      0      2      131072 131072   0        1      0      1      32     0      -             -          -      0      0      0      0      0      0      0      0      -      0      0      0      0      0      0      0      0      0      0      0      0      0      0      0      0      0      0      2      0      0      0      0      0      0      0      0      0      0      0      0      0      0      0      0      0      0      0      0      0     
0x2af5515ade80           ISETP.GE.AND P0, PT, R3, R0, PT                                         25     20     25     131072 131072   131072   1      1      1      31     0      -             -          -      0      0      0      0      0      0      0      0      -      0      0      0      0      0      0      0      0      0      0      0      0      0      0      0      0      0      0      4      0      0      0      21     0      0      0      0      0      0      0      0      0      0      0      0      0      0      0      0      20    
0x2af5515ade90     @P0   BRA 0x2af5515ae180                                                      43     38     43     131072 131072   6144     1      0      1      32     0      -             -          -      0      0      0      0      0      0      0      0      -      0      0      0      0      0      0      0      0      0      0      0      0      0      0      0      0      0      0      4      6      0      0      33     0      0      0      0      0      0      0      0      0      0      0      0      0      6      0      0      32    
0x2af5515adea0           VIADD R8, R3, 0xfffffffd                                                20     16     20     247808 247808   247808   1      1      1      31     0      -             -          -      0      0      0      0      0      0      0      0      -      0      0      0      0      0      0      0      7      0      0      0      0      0      0      0      0      3      0      1      0      0      0      9      0      7      0      0      0      0      0      0      0      0      2      0      0      0      0      0      7     
0x2af5515adeb0           YIELD                                                                   6      0      6      247808 247808   247808   1      1      0      31     0      -             -          -      0      0      0      0      0      0      0      0      -      0      0      0      0      0      0      0      0      0      0      0      0      0      0      0      0      0      0      6      0      0      0      0      0      0      0      0      0      0      0      0      0      0      0      0      0      0      0      0      0     
0x2af5515adec0           IMAD.HI R7, R3, 0x55555556, RZ                                          281    249    281    247808 247808   247808   1      1      0      31     0      -             -          -      0      0      0      0      0      0      0      0      -      0      0      0      0      0      0      0      229    0      0      0      0      0      0      0      9      8      0      8      0      0      0      27     0      210    0      0      0      0      0      0      0      8      8      0      0      0      0      0      23    
0x2af5515aded0           IMAD.HI R9, R8, 0x55555556, RZ                                          25     15     25     247808 247808   247808   1      1      0      31     0      -             -          -      0      0      0      0      0      0      0      0      -      0      0      0      0      0      0      0      0      1      0      0      0      0      0      0      0      0      1      8      0      0      0      15     0      0      0      0      0      0      0      0      0      0      0      0      0      0      0      0      15    
0x2af5515adee0           LEA.HI R8, R7, R7, RZ, 0x1                                              15     0      15     247808 247808   247808   1      1      0      31     0      -             -          -      0      0      0      0      0      0      0      0      -      0      0      0      0      0      0      0      0      7      0      0      0      0      0      0      0      0      0      8      0      0      0      0      0      0      0      0      0      0      0      0      0      0      0      0      0      0      0      0      0     
0x2af5515adef0           LEA.HI R9, R9, R9, RZ, 0x1                                              38     28     38     247808 247808   247808   1      1      0      31     0      -             -          -      0      0      0      0      0      0      0      0      -      0      0      0      0      0      0      0      0      16     0      0      0      0      0      0      0      0      1      7      0      0      0      14     0      0      14     0      0      0      0      0      0      0      0      0      0      0      0      0      14    
0x2af5515adf00           IMAD R11, R8, -0x3, R3                                                  5      0      5      247808 247808   247808   1      1      0      31     0      -             -          -      0      0      0      0      0      0      0      0      -      0      0      0      0      0      0      0      0      0      0      0      0      0      0      0      0      0      0      5      0      0      0      0      0      0      0      0      0      0      0      0      0      0      0      0      0      0      0      0      0     
0x2af5515adf10           LOP3.LUT R9, R9, 0x1, RZ, 0xc0, !PT                                     18     10     18     247808 247808   247808   1      1      0      31     0      -             -          -      0      0      0      0      0      0      0      0      -      0      0      0      0      0      0      0      0      0      0      0      0      0      0      0      0      0      1      6      0      0      0      11     0      0      0      0      0      0      0      0      0      0      0      0      0      0      0      0      10    
0x2af5515adf20           IMAD R7, R11, 0x8, R4                                                   4      0      4      247808 247808   247808   1      1      0      31     0      -             -          -      0      0      0      0      0      0      0      0      -      0      0      0      0      0      0      0      0      0      0      0      0      0      0      0      0      0      0      4      0      0      0      0      0      0      0      0      0      0      0      0      0      0      0      0      0      0      0      0      0     
0x2af5515adf30           SHF.L.U32 R8, R9, 0x1f, RZ                                              21     16     21     247808 247808   247808   1      1      0      31     0      -             -          -      0      0      0      0      0      0      0      0      -      0      0      0      0      0      0      0      0      0      0      0      0      0      0      0      0      0      0      5      0      0      0      16     0      0      0      0      0      0      0      0      0      0      0      0      0      0      0      0      16    
0x2af5515adf40           SYNCS.PHASECHK.TRANS64.TRYWAIT P0, [R7+URZ], R8                         24     16     24     247808 247808   247808   1      1      0      31     0      -             -          -      0      0      0      0      0      0      0      0      -      0      0      0      0      0      0      0      0      0      0      0      0      0      0      0      0      0      1      6      0      0      0      17     0      0      0      0      0      0      0      0      0      0      0      0      0      0      0      0      16    
0x2af5515adf50     @!P0  BRA 0x2af5515ae180                                                      209    183    209    247808 247808   122880   1      0      1      32     0      -             -          -      0      0      0      0      0      0      0      0      -      0      0      0      0      0      0      0      0      0      0      0      193    0      0      0      0      0      3      7      0      0      0      6      0      0      0      0      0      178    0      0      0      0      0      0      0      0      0      0      5     
0x2af5515adf60           LDCU.64 UR10, c[0x0][0x348]                                             27     21     27     124928 124928   124928   1      1      1      31     0      -             -          -      0      0      0      0      0      0      0      0      -      0      0      0      0      0      0      0      0      0      0      0      0      0      0      0      0      0      0      4      0      0      0      23     0      0      0      0      0      0      0      0      0      0      0      0      0      0      0      0      21    
0x2af5515adf70           IMAD R7, R11, 0x8, R5                                                   3      0      3      124928 124928   124928   1      1      0      31     0      -             -          -      0      0      0      0      0      0      0      0      -      0      0      0      0      0      0      0      0      0      0      0      0      0      0      0      0      0      0      3      0      0      0      0      0      0      0      0      0      0      0      0      0      0      0      0      0      0      0      0      0     
0x2af5515adf80           PLOP3.LUT P0, PT, PT, PT, PT, 0x80, 0x8                                 2      0      2      124928 124928   124928   1      1      0      31     0      -             -          -      0      0      0      0      0      0      0      0      -      0      0      0      0      0      0      0      0      0      0      0      0      0      0      0      0      0      0      2      0      0      0      0      0      0      0      0      0      0      0      0      0      0      0      0      0      0      0      0      0     
0x2af5515adf90           IMAD.MOV.U32 R8, RZ, RZ, 0x6000                                         1      0      1      124928 124928   124928   1      1      0      31     0      -             -          -      0      0      0      0      0      0      0      0      -      0      0      0      0      0      0      0      0      0      0      0      0      0      0      0      0      0      0      1      0      0      0      0      0      0      0      0      0      0      0      0      0      0      0      0      0      0      0      0      0     
0x2af5515adfa0           IMAD.SHL.U32 R9, R3, 0x40, RZ                                           8      2      8      124928 124928   124928   1      1      0      31     0      -             -          -      0      0      0      0      0      0      0      0      -      0      0      0      0      0      0      0      0      0      0      0      0      2      0      0      0      0      1      3      0      0      0      2      0      0      0      0      0      0      1      0      0      0      0      0      0      0      0      0      1     
0x2af5515adfb0           SYNCS.ARRIVE.TRANS64 RZ, [R7+URZ], R8                                   7      4      7      124928 124928   124928   1      1      0      31     0      -             -          -      0      0      0      0      0      0      0      0      -      0      0      0      0      0      0      0      0      0      0      0      0      0      0      0      0      0      0      3      0      0      0      4      0      0      0      0      0      0      0      0      0      0      0      0      0      0      0      0      4     
0x2af5515adfc0           IMAD R8, R11, 0x6000, R6                                                35     30     35     124928 124928   124928   1      1      0      31     0      -             -          -      0      0      0      0      0      0      0      0      -      0      0      0      0      0      0      0      0      0      0      0      30     0      0      0      0      0      0      3      0      0      0      2      0      0      0      0      0      28     0      0      0      0      0      0      0      0      0      0      2     
0x2af5515adfd0           UIADD3 UR4, UP0, UPT, UR10, 0x80, URZ                                   5      0      5      124928 124928   124928   1      1      0      31     0      -             -          -      0      0      0      0      0      0      0      0      -      0      0      0      0      0      0      0      0      0      0      0      0      0      0      0      0      0      0      5      0      0      0      0      0      0      0      0      0      0      0      0      0      0      0      0      0      0      0      0      0     
0x2af5515adfe0           UIADD3.X UR5, UPT, UPT, URZ, UR11, URZ, UP0, !UPT                       11     9      11     124928 124928   124928   1      1      0      31     0      -             -          -      0      0      0      0      0      0      0      0      -      0      0      0      0      0      0      0      0      0      0      0      0      0      0      0      0      0      0      1      0      0      0      10     0      0      0      0      0      0      0      0      0      0      0      0      0      0      0      0      9     
0x2af5515adff0     @P0   ELECT P1, URZ, PT                                                       32     28     32     124928 124928   124928   1      1      0      31     0      -             -          -      0      0      0      0      0      0      0      0      -      0      0      0      0      0      0      0      0      0      0      0      0      0      0      0      0      0      0      2      0      0      0      30     0      0      0      0      0      0      0      0      0      0      0      0      0      0      0      0      28    
0x2af5515ae000     @P1   R2UR.BROADCAST UR14, R9                                                 35     30     35     124928 124928   124928   1      1      0      31     0      -             -          -      0      0      0      0      0      0      0      0      -      0      0      0      0      0      0      0      0      0      0      0      0      1      0      0      0      0      0      4      0      0      0      30     0      0      0      0      0      0      1      0      0      0      0      0      0      0      0      0      29    
0x2af5515ae010           UMOV UR15, UR7                                                          2      0      2      124928 124928   124928   1      1      0      31     0      -             -          -      0      0      0      0      0      0      0      0      -      0      0      0      0      0      0      0      0      0      0      0      0      0      0      0      0      0      0      2      0      0      0      0      0      0      0      0      0      0      0      0      0      0      0      0      0      0      0      0      0     
0x2af5515ae020     @P1   R2UR.BROADCAST UR13, R7                                                 3      0      3      124928 124928   124928   1      1      0      31     0      -             -          -      0      0      0      0      0      0      0      0      -      0      0      0      0      0      0      0      0      0      0      0      0      0      0      0      0      0      0      3      0      0      0      0      0      0      0      0      0      0      0      0      0      0      0      0      0      0      0      0      0     
0x2af5515ae030     @P1   R2UR.BROADCAST UR12, R8                                                 2      1      2      124928 124928   124928   1      1      0      31     0      -             -          -      0      0      0      0      0      0      0      0      -      0      0      0      0      0      0      0      0      0      0      0      0      0      0      0      0      0      0      1      0      0      0      1      0      0      0      0      0      0      0      0      0      0      0      0      0      0      0      0      1     
0x2af5515ae040     @P1   PLOP3.LUT P0, PT, P1, PT, PT, 0x8, 0x80                                 7      3      7      124928 124928   124928   1      1      0      31     0      -             -          -      0      0      0      0      0      0      0      0      -      0      0      0      0      0      0      0      0      0      0      0      0      0      0      0      0      0      0      4      0      0      0      3      0      0      0      0      0      0      0      0      0      0      0      0      0      0      0      0      3     
0x2af5515ae050           PLOP3.LUT P1, PT, PT, PT, PT, 0x8, 0x80                                 3      0      3      124928 124928   124928   1      1      0      31     0      -             -          -      0      0      0      0      0      0      0      0      -      0      0      0      0      0      0      0      0      0      0      0      0      0      0      0      0      0      0      3      0      0      0      0      0      0      0      0      0      0      0      0      0      0      0      0      0      0      0      0      0     
0x2af5515ae060           UTMALDG.2D [UR12], [UR4]                                                21     17     21     124928 124928   124928   1      1      0      31     0      Global,Shared -          -      0      0      0      0      0      0      0      0      -      0      0      0      0      0      0      0      0      0      0      0      0      0      0      0      0      0      1      1      0      0      0      19     0      0      0      0      0      0      0      0      0      0      0      0      0      0      0      0      17    
0x2af5515ae070     @P0   BRA.U.ANY 0x2af5515adff0                                                5      2      5      124928 124928   0        1      0      1      32     0      -             -          -      0      0      0      0      0      0      0      0      -      0      0      0      0      0      0      0      0      0      0      0      0      0      0      0      0      0      0      2      0      0      0      3      0      0      0      0      0      0      0      0      0      0      0      0      0      0      0      0      2     
0x2af5515ae080           UIADD3 UR4, UP0, UPT, UR10, 0x100, URZ                                  26     20     26     124928 124928   124928   1      1      1      31     0      -             -          -      0      0      0      0      0      0      0      0      -      0      0      0      0      0      0      0      0      0      0      0      11     0      0      0      0      0      0      4      0      0      0      11     0      0      0      0      0      10     0      0      0      0      0      0      0      0      0      0      10    
0x2af5515ae090           PLOP3.LUT P0, PT, PT, PT, PT, 0x80, 0x8                                 1      0      1      124928 124928   124928   1      1      0      31     0      -             -          -      0      0      0      0      0      0      0      0      -      0      0      0      0      0      0      0      0      0      0      0      0      0      0      0      0      0      0      1      0      0      0      0      0      0      0      0      0      0      0      0      0      0      0      0      0      0      0      0      0     
0x2af5515ae0a0           VIADD R8, R8, 0x4000                                                    5      0      5      124928 124928   124928   1      1      0      31     0      -             -          -      0      0      0      0      0      0      0      0      -      0      0      0      0      0      0      0      0      0      0      0      0      0      0      0      0      0      0      5      0      0      0      0      0      0      0      0      0      0      0      0      0      0      0      0      0      0      0      0      0     
0x2af5515ae0b0           UIADD3.X UR5, UPT, UPT, URZ, UR11, URZ, UP0, !UPT                       9      1      9      124928 124928   124928   1      1      0      31     0      -             -          -      0      0      0      0      0      0      0      0      -      0      0      0      0      0      0      0      0      0      0      0      0      0      0      0      0      0      0      8      0      0      0      1      0      0      0      0      0      0      0      0      0      0      0      0      0      0      0      0      1     
0x2af5515ae0c0     @P0   ELECT P1, URZ, PT                                                       34     30     34     124928 124928   124928   1      1      0      31     0      -             -          -      0      0      0      0      0      0      0      0      -      0      0      0      0      0      0      0      0      0      0      0      0      0      0      0      0      0      0      2      0      0      0      32     0      0      0      0      0      0      0      0      0      0      0      0      0      0      0      0      30    
0x2af5515ae0d0     @P1   R2UR.BROADCAST UR22, R9                                                 25     22     25     124928 124928   124928   1      1      0      31     0      -             -          -      0      0      0      0      0      0      0      0      -      0      0      0      0      0      0      0      0      0      0      0      0      0      0      0      0      0      0      2      0      0      0      23     0      0      0      0      0      0      0      0      0      0      0      0      0      0      0      0      22    
0x2af5515ae0e0     @P1   R2UR.BROADCAST UR21, R7                                                 4      2      4      124928 124928   124928   1      1      0      31     0      -             -          -      0      0      0      0      0      0      0      0      -      0      0      0      0      0      0      0      0      0      0      0      0      0      0      0      0      0      0      2      0      0      0      2      0      0      0      0      0      0      0      0      0      0      0      0      0      0      0      0      2     
0x2af5515ae0f0     @P1   R2UR.BROADCAST UR20, R8                                                 7      4      7      124928 124928   124928   1      1      0      31     0      -             -          -      0      0      0      0      0      0      0      0      -      0      0      0      0      0      0      0      0      0      0      0      0      0      0      0      0      0      0      3      0      0      0      4      0      0      0      0      0      0      0      0      0      0      0      0      0      0      0      0      4     
0x2af5515ae100     @P1   PLOP3.LUT P0, PT, P1, PT, PT, 0x8, 0x80                                 6      2      6      124928 124928   124928   1      1      0      31     0      -             -          -      0      0      0      0      0      0      0      0      -      0      0      0      0      0      0      0      0      0      0      0      0      0      0      0      0      0      0      4      0      0      0      2      0      0      0      0      0      0      0      0      0      0      0      0      0      0      0      0      2     
0x2af5515ae110           PLOP3.LUT P1, PT, PT, PT, PT, 0x8, 0x80                                 12     4      12     124928 124928   124928   1      1      0      31     0      -             -          -      0      0      0      0      0      0      0      0      -      0      0      0      0      0      0      0      0      0      0      0      0      0      0      0      0      0      1      7      0      0      0      4      0      0      0      0      0      0      0      0      0      0      0      0      0      0      0      0      4     
0x2af5515ae120           UTMALDG.2D [UR20], [UR4]                                                20     19     20     124928 124928   124928   1      1      0      31     0      Global,Shared -          -      0      0      0      0      0      0      0      0      -      0      0      0      0      0      0      0      0      0      0      0      0      0      0      0      0      0      0      0      0      0      0      20     0      0      0      0      0      0      0      0      0      0      0      0      0      0      0      0      19    
0x2af5515ae130     @P0   BRA.U.ANY 0x2af5515ae0c0                                                4      1      4      124928 124928   0        1      0      1      32     0      -             -          -      0      0      0      0      0      0      0      0      -      0      0      0      0      0      0      0      0      0      0      0      0      0      0      0      0      0      0      3      0      0      0      1      0      0      0      0      0      0      0      0      0      0      0      0      0      0      0      0      1     
0x2af5515ae140           VIADD R3, R3, 0x1                                                       11     10     11     124928 124928   124928   1      1      1      31     0      -             -          -      0      0      0      0      0      0      0      0      -      0      0      0      0      0      0      0      0      0      0      0      0      1      0      0      0      0      0      1      0      0      0      9      0      0      0      0      0      0      1      0      0      0      0      0      0      0      0      0      9     
0x2af5515ae150           ISETP.NE.AND P0, PT, R3, R0, PT                                         16     12     16     124928 124928   124928   1      1      0      31     0      -             -          -      0      0      0      0      0      0      0      0      -      0      0      0      0      0      0      0      0      0      0      0      0      0      0      0      0      0      0      4      0      0      0      12     0      0      0      0      0      0      0      0      0      0      0      0      0      0      0      0      12    
0x2af5515ae160     @P0   BRA 0x2af5515adea0                                                      40     34     40     124928 124928   122880   1      0      1      32     0      -             -          -      0      0      0      0      0      0      0      0      -      0      0      0      0      0      0      0      0      0      0      0      0      0      0      0      0      0      0      6      0      0      0      34     0      0      0      0      0      0      0      0      0      0      0      0      0      0      0      0      34    
0x2af5515ae170           IMAD.MOV.U32 R3, RZ, RZ, R0                                             14     12     14     2048   2048     2048     1      1      1      31     0      -             -          -      0      0      0      0      0      0      0      0      -      0      0      0      0      0      0      0      0      0      0      0      0      0      0      0      0      0      0      2      0      0      0      12     0      0      0      0      0      0      0      0      0      0      0      0      0      0      0      0      12    
0x2af5515ae180           BSYNC B1                                                                107    92     107    655360 16777216 16777216 25     25     24     7      0      -             -          -      0      0      0      0      0      0      0      0      -      0      0      0      0      0      0      0      57     0      0      0      0      0      0      0      0      47     3      0      0      0      0      0      0      54     0      0      0      0      0      0      0      0      38     0      0      0      0      0      0     
0x2af5515ae190           VIADD R2, R2, 0x1                                                       419    350    419    524288 16777216 16777216 32     32     7      0      0      -             -          -      0      0      0      0      0      0      0      0      -      0      0      0      0      0      0      0      301    0      0      0      0      1      0      0      20     0      3      24     0      0      0      70     0      268    0      0      0      0      0      0      0      20     0      0      0      0      0      0      62    
0x2af5515ae1a0           ISETP.NE.AND P0, PT, R2, R0, PT                                         71     52     71     524288 16777216 16777216 32     32     0      0      0      -             -          -      0      0      0      0      0      0      0      0      -      0      0      0      0      0      0      0      0      0      0      0      0      2      0      0      0      0      2      11     0      0      0      56     0      0      0      0      0      0      2      0      0      0      0      0      0      0      0      0      50    
0x2af5515ae1b0     @P0   BRA 0x2af5515ad470                                                      152    124    152    524288 16777216 16515072 32     31     1      1      0      -             -          -      0      0      0      0      0      0      0      0      -      0      0      0      0      0      0      0      0      0      0      0      0      0      0      0      0      0      5      12     0      0      0      135    0      0      0      0      0      0      0      0      0      0      0      0      0      0      0      0      124   
0x2af5515ae1c0           BSYNC B0                                                                48     26     48     8192   262144   262144   32     32     1      0      0      -             -          -      0      0      0      0      0      0      0      0      -      0      0      0      0      0      0      0      0      0      0      0      0      0      0      0      0      0      0      15     0      0      0      33     0      0      0      0      0      0      0      0      0      0      0      0      0      0      0      0      26    
0x2af5515ae1d0           S2R R4, SR_CgaCtaId                                                     3      0      3      8192   262144   262144   32     32     0      0      0      -             -          -      0      0      0      0      0      0      0      0      -      0      0      0      0      0      0      0      0      0      0      0      0      0      0      0      0      0      1      2      0      0      0      0      0      0      0      0      0      0      0      0      0      0      0      0      0      0      0      0      0     
0x2af5515ae1e0           VIADD R0, R0, 0xffffffff                                                0      0      0      8192   262144   262144   32     32     0      0      0      -             -          -      0      0      0      0      0      0      0      0      -      0      0      0      0      0      0      0      0      0      0      0      0      0      0      0      0      0      0      0      0      0      0      0      0      0      0      0      0      0      0      0      0      0      0      0      0      0      0      0      0     
0x2af5515ae1f0           MOV R5, 0x400                                                           0      0      0      8192   262144   262144   32     32     0      0      0      -             -          -      0      0      0      0      0      0      0      0      -      0      0      0      0      0      0      0      0      0      0      0      0      0      0      0      0      0      0      0      0      0      0      0      0      0      0      0      0      0      0      0      0      0      0      0      0      0      0      0      0     
0x2af5515ae200           IMAD.HI R2, R0, 0x55555556, RZ                                          1      1      1      8192   262144   262144   32     32     0      0      0      -             -          -      0      0      0      0      0      0      0      0      -      0      0      0      0      0      0      0      0      0      0      0      0      0      0      0      0      0      0      0      0      0      0      1      0      0      0      0      0      0      0      0      0      0      0      0      0      0      0      0      1     
0x2af5515ae210           VIADD R5, R5, 0x8                                                       1      1      1      8192   262144   262144   32     32     0      0      0      -             -          -      0      0      0      0      0      0      0      0      -      0      0      0      0      0      0      0      0      0      0      0      0      0      0      0      0      0      0      0      0      0      0      1      0      0      0      0      0      0      0      0      0      0      0      0      0      0      0      0      1     
0x2af5515ae220           LEA.HI R3, R2, R2, RZ, 0x1                                              0      0      0      8192   262144   262144   32     32     0      0      0      -             -          -      0      0      0      0      0      0      0      0      -      0      0      0      0      0      0      0      0      0      0      0      0      0      0      0      0      0      0      0      0      0      0      0      0      0      0      0      0      0      0      0      0      0      0      0      0      0      0      0      0     
0x2af5515ae230           IMAD R0, R3, -0x3, R0                                                   2      1      2      8192   262144   262144   32     32     0      0      0      -             -          -      0      0      0      0      0      0      0      0      -      0      0      0      0      0      0      0      0      0      0      0      0      0      0      0      0      0      1      0      0      0      0      1      0      0      0      0      0      0      0      0      0      0      0      0      0      0      0      0      1     
0x2af5515ae240           LOP3.LUT R3, R3, 0x1, RZ, 0xc0, !PT                                     0      0      0      8192   262144   262144   32     32     0      0      0      -             -          -      0      0      0      0      0      0      0      0      -      0      0      0      0      0      0      0      0      0      0      0      0      0      0      0      0      0      0      0      0      0      0      0      0      0      0      0      0      0      0      0      0      0      0      0      0      0      0      0      0     
0x2af5515ae250           SHF.L.U32 R3, R3, 0x1f, RZ                                              0      0      0      8192   262144   262144   32     32     0      0      0      -             -          -      0      0      0      0      0      0      0      0      -      0      0      0      0      0      0      0      0      0      0      0      0      0      0      0      0      0      0      0      0      0      0      0      0      0      0      0      0      0      0      0      0      0      0      0      0      0      0      0      0     
0x2af5515ae260           LEA R5, R4, R5, 0x18                                                    0      0      0      8192   262144   262144   32     32     0      0      0      -             -          -      0      0      0      0      0      0      0      0      -      0      0      0      0      0      0      0      0      0      0      0      0      0      0      0      0      0      0      0      0      0      0      0      0      0      0      0      0      0      0      0      0      0      0      0      0      0      0      0      0     
0x2af5515ae270           IMAD R2, R0, 0x8, R5                                                    2      1      2      8192   262144   262144   32     32     0      0      0      -             -          -      0      0      0      0      0      0      0      0      -      0      0      0      0      0      0      0      0      0      0      0      0      0      0      0      0      0      0      0      0      0      0      2      0      0      0      0      0      0      0      0      0      0      0      0      0      0      0      0      1     
0x2af5515ae280           IMAD.U32 R0, R14, 0x10000, RZ                                           1      1      1      8192   262144   262144   32     32     0      0      0      -             -          -      0      0      0      0      0      0      0      0      -      0      0      0      0      0      0      0      0      0      0      0      0      0      0      0      0      0      0      0      0      0      0      1      0      0      0      0      0      0      0      0      0      0      0      0      0      0      0      0      1     
0x2af5515ae290           SYNCS.PHASECHK.TRANS64.TRYWAIT P0, [R2+URZ], R3                         1      1      1      8192   262144   262144   32     32     0      0      0      -             -          -      0      0      0      0      0      0      0      0      -      0      0      0      0      0      0      0      0      0      0      0      0      0      0      0      0      0      0      0      0      0      0      1      0      0      0      0      0      0      0      0      0      0      0      0      0      0      0      0      1     
0x2af5515ae2a0           LOP3.LUT R0, R0, 0x3e00000, RZ, 0xc0, !PT                               1      0      1      8192   262144   262144   32     32     0      0      0      -             -          -      0      0      0      0      0      0      0      0      -      0      0      0      0      0      0      0      0      0      0      0      0      0      0      0      0      0      0      0      0      0      0      1      0      0      0      0      0      0      0      0      0      0      0      0      0      0      0      0      0     
0x2af5515ae2b0           VIADD R0, R0, UR8                                                       1      1      1      8192   262144   262144   32     32     0      0      0      -             -          -      0      0      0      0      0      0      0      0      -      0      0      0      0      0      0      0      0      0      0      0      0      0      0      0      0      0      0      0      0      0      0      1      0      0      0      0      0      0      0      0      0      0      0      0      0      0      0      0      1     
0x2af5515ae2c0     @!P0  BRA 0x2af5515af740                                                      51     42     51     8192   262144   196608   32     24     8      8      0      -             -          -      0      0      0      0      0      0      0      0      -      0      0      0      0      0      0      0      0      0      0      0      51     0      0      0      0      0      0      0      0      0      0      0      0      0      0      0      0      42     0      0      0      0      0      0      0      0      0      0      0     
0x2af5515ae2d0           NOP                                                                     0      0      0      8192   262144   262144   32     32     8      0      0      -             -          -      0      0      0      0      0      0      0      0      -      0      0      0      0      0      0      0      0      0      0      0      0      0      0      0      0      0      0      0      0      0      0      0      0      0      0      0      0      0      0      0      0      0      0      0      0      0      0      0      0     
0x2af5515ae2e0           WARPSYNC.ALL                                                            1      0      1      8192   262144   262144   32     32     0      0      0      -             -          -      0      0      0      0      0      0      0      0      -      0      0      0      0      0      0      0      0      0      0      0      0      0      0      0      0      0      0      1      0      0      0      0      0      0      0      0      0      0      0      0      0      0      0      0      0      0      0      0      0     
0x2af5515ae2f0           R2UR UR4, R0                                                            1      1      1      8192   262144   262144   32     32     0      0      0      -             -          -      0      0      0      0      0      0      0      0      -      0      0      0      0      0      0      0      0      0      0      0      0      0      0      0      0      0      0      0      0      0      0      1      0      0      0      0      0      0      0      0      0      0      0      0      0      0      0      0      1     
0x2af5515ae300           LDC R6, c[0x0][0x39c]                                                   0      0      0      8192   262144   262144   32     32     0      0      0      -             -          -      0      0      0      0      0      0      0      0      -      0      0      0      0      0      0      0      0      0      0      0      0      0      0      0      0      0      0      0      0      0      0      0      0      0      0      0      0      0      0      0      0      0      0      0      0      0      0      0      0     
0x2af5515ae310           R2UR UR5, R0                                                            0      0      0      8192   262144   262144   32     32     0      0      0      -             -          -      0      0      0      0      0      0      0      0      -      0      0      0      0      0      0      0      0      0      0      0      0      0      0      0      0      0      0      0      0      0      0      0      0      0      0      0      0      0      0      0      0      0      0      0      0      0      0      0      0     
0x2af5515ae320           VIADD R5, R14, UR7                                                      0      0      0      8192   262144   262144   32     32     0      0      0      -             -          -      0      0      0      0      0      0      0      0      -      0      0      0      0      0      0      0      0      0      0      0      0      0      0      0      0      0      0      0      0      0      0      0      0      0      0      0      0      0      0      0      0      0      0      0      0      0      0      0      0     
0x2af5515ae330           ISETP.GT.U32.AND P0, PT, R14, 0x1f, PT                                  0      0      0      8192   262144   262144   32     32     0      0      0      -             -          -      0      0      0      0      0      0      0      0      -      0      0      0      0      0      0      0      0      0      0      0      0      0      0      0      0      0      0      0      0      0      0      0      0      0      0      0      0      0      0      0      0      0      0      0      0      0      0      0      0     
0x2af5515ae340           LDC.64 R2, c[0x0][0x390]                                                0      0      0      8192   262144   262144   32     32     0      0      0      -             -          -      0      0      0      0      0      0      0      0      -      0      0      0      0      0      0      0      0      0      0      0      0      0      0      0      0      0      0      0      0      0      0      0      0      0      0      0      0      0      0      0      0      0      0      0      0      0      0      0      0     
0x2af5515ae350           LDTM R7, tmem[UR4]                                                      0      0      0      8192   262144   262144   32     32     0      0      0      Tmem          Load       -      0      0      0      0      0      0      0      0      -      0      0      0      0      0      0      0      0      0      0      0      0      0      0      0      0      0      0      0      0      0      0      0      0      0      0      0      0      0      0      0      0      0      0      0      0      0      0      0      0     
0x2af5515ae360           NOP                                                                     0      0      0      8192   262144   262144   32     32     0      0      0      -             -          -      0      0      0      0      0      0      0      0      -      0      0      0      0      0      0      0      0      0      0      0      0      0      0      0      0      0      0      0      0      0      0      0      0      0      0      0      0      0      0      0      0      0      0      0      0      0      0      0      0     
0x2af5515ae370           LDTM R9, tmem[UR5+0x1]                                                  1      1      1      8192   262144   262144   32     32     0      0      0      Tmem          Load       -      0      0      0      0      0      0      0      0      -      0      0      0      0      0      0      0      0      0      0      0      0      0      0      0      0      0      0      0      1      0      0      0      0      0      0      0      0      0      0      0      0      0      0      0      0      1      0      0      0     
0x2af5515ae380           R2UR UR4, R0                                                            0      0      0      8192   262144   262144   32     32     0      0      0      -             -          -      0      0      0      0      0      0      0      0      -      0      0      0      0      0      0      0      0      0      0      0      0      0      0      0      0      0      0      0      0      0      0      0      0      0      0      0      0      0      0      0      0      0      0      0      0      0      0      0      0     
0x2af5515ae390           R2UR UR5, R0                                                            1      0      1      8192   262144   262144   32     32     0      0      0      -             -          -      0      0      0      0      0      0      0      0      -      0      0      0      0      0      0      0      0      0      0      0      0      0      0      0      0      0      0      1      0      0      0      0      0      0      0      0      0      0      0      0      0      0      0      0      0      0      0      0      0     
0x2af5515ae3a0           IMAD R5, R5, R6, UR23                                                   1      1      1      8192   262144   262144   32     32     0      0      0      -             -          -      0      0      0      0      0      0      0      0      -      0      0      0      0      0      0      0      0      0      0      0      0      0      0      0      0      0      0      0      1      0      0      0      0      0      0      0      0      0      0      0      0      0      0      0      0      1      0      0      0     
0x2af5515ae3b0           IMAD.WIDE R2, R5, 0x4, R2                                               1      1      1      8192   262144   262144   32     32     0      0      0      -             -          -      0      0      0      0      0      0      0      0      -      0      0      0      0      0      0      0      0      0      0      0      0      0      0      0      0      0      0      0      0      0      0      1      0      0      0      0      0      0      0      0      0      0      0      0      0      0      0      0      1     
0x2af5515ae3c0           STG.E desc[UR16][R2.64], R7                                             0      0      0      8192   262144   262144   32     32     0      0      0      Global        Store      32     262144 0      0      0      0      229376 262144 32768         0      0      0      0      0      0      0      0      0      0      0      0      0      0      0      0      0      0      0      0      0      0      0      0      0      0      0      0      0      0      0      0      0      0      0      0      0      0      0      0     
0x2af5515ae3d0           NOP                                                                     0      0      0      8192   262144   262144   32     32     0      0      0      -             -          -      0      0      0      0      0      0      0      0      -      0      0      0      0      0      0      0      0      0      0      0      0      0      0      0      0      0      0      0      0      0      0      0      0      0      0      0      0      0      0      0      0      0      0      0      0      0      0      0      0     
0x2af5515ae3e0           STG.E desc[UR16][R2.64+0x4], R9                                         1      0      1      8192   262144   262144   32     32     0      0      0      Global        Store      32     262144 0      0      0      0      229376 262144 32768         0      0      0      0      0      0      0      0      0      0      0      0      0      0      0      0      0      0      1      0      0      0      0      0      0      0      0      0      0      0      0      0      0      0      0      0      0      0      0      0     
0x2af5515ae3f0           LDTM R5, tmem[UR4+0x2]                                                  0      0      0      8192   262144   262144   32     32     0      0      0      Tmem          Load       -      0      0      0      0      0      0      0      0      -      0      0      0      0      0      0      0      0      0      0      0      0      0      0      0      0      0      0      0      0      0      0      0      0      0      0      0      0      0      0      0      0      0      0      0      0      0      0      0      0     
0x2af5515ae400           NOP                                                                     0      0      0      8192   262144   262144   32     32     0      0      0      -             -          -      0      0      0      0      0      0      0      0      -      0      0      0      0      0      0      0      0      0      0      0      0      0      0      0      0      0      0      0      0      0      0      0      0      0      0      0      0      0      0      0      0      0      0      0      0      0      0      0      0     
0x2af5515ae410           LDTM R11, tmem[UR5+0x3]                                                 4      2      4      8192   262144   262144   32     32     0      0      0      Tmem          Load       -      0      0      0      0      0      0      0      0      -      0      0      0      0      0      0      0      0      0      0      0      0      0      0      0      0      0      0      2      2      0      0      0      0      0      0      0      0      0      0      0      0      0      0      0      0      2      0      0      0     
0x2af5515ae420           R2UR UR4, R0                                                            0      0      0      8192   262144   262144   32     32     0      0      0      -             -          -      0      0      0      0      0      0      0      0      -      0      0      0      0      0      0      0      0      0      0      0      0      0      0      0      0      0      0      0      0      0      0      0      0      0      0      0      0      0      0      0      0      0      0      0      0      0      0      0      0     
0x2af5515ae430           R2UR UR5, R0                                                            0      0      0      8192   262144   262144   32     32     0      0      0      -             -          -      0      0      0      0      0      0      0      0      -      0      0      0      0      0      0      0      0      0      0      0      0      0      0      0      0      0      0      0      0      0      0      0      0      0      0      0      0      0      0      0      0      0      0      0      0      0      0      0      0     
0x2af5515ae440           STG.E desc[UR16][R2.64+0x8], R5                                         1      1      1      8192   262144   262144   32     32     0      0      0      Global        Store      32     262144 0      0      0      0      229376 262144 32768         0      0      0      0      0      0      0      0      0      0      1      0      0      0      0      0      0      0      0      0      0      0      0      0      0      0      0      1      0      0      0      0      0      0      0      0      0      0      0      0     
0x2af5515ae450           NOP                                                                     0      0      0      8192   262144   262144   32     32     0      0      0      -             -          -      0      0      0      0      0      0      0      0      -      0      0      0      0      0      0      0      0      0      0      0      0      0      0      0      0      0      0      0      0      0      0      0      0      0      0      0      0      0      0      0      0      0      0      0      0      0      0      0      0     
0x2af5515ae460           STG.E desc[UR16][R2.64+0xc], R11                                        8      8      8      8192   262144   262144   32     32     0      0      0      Global        Store      32     262144 0      0      0      0      229376 262144 32768         0      0      0      0      0      0      0      0      0      0      6      0      0      0      0      0      0      0      0      1      0      0      1      0      0      0      0      6      0      0      0      0      0      0      0      0      1      0      0      1     
0x2af5515ae470           LDTM R7, tmem[UR4+0x4]                                                  60     56     60     8192   262144   262144   32     32     0      0      0      Tmem          Load       -      0      0      0      0      0      0      0      0      -      0      0      0      0      0      0      0      0      0      0      0      57     0      0      0      0      0      0      0      0      0      0      3      0      0      0      0      0      53     0      0      0      0      0      0      0      0      0      0      3     
0x2af5515ae480           NOP                                                                     0      0      0      8192   262144   262144   32     32     0      0      0      -             -          -      0      0      0      0      0      0      0      0      -      0      0      0      0      0      0      0      0      0      0      0      0      0      0      0      0      0      0      0      0      0      0      0      0      0      0      0      0      0      0      0      0      0      0      0      0      0      0      0      0     
0x2af5515ae490           LDTM R9, tmem[UR5+0x5]                                                  21     19     21     8192   262144   262144   32     32     0      0      0      Tmem          Load       -      0      0      0      0      0      0      0      0      -      0      0      0      0      0      0      0      0      0      0      0      18     0      0      0      0      0      0      1      2      0      0      0      0      0      0      0      0      18     0      0      0      0      0      0      0      1      0      0      0     
0x2af5515ae4a0           R2UR UR4, R0                                                            0      0      0      8192   262144   262144   32     32     0      0      0      -             -          -      0      0      0      0      0      0      0      0      -      0      0      0      0      0      0      0      0      0      0      0      0      0      0      0      0      0      0      0      0      0      0      0      0      0      0      0      0      0      0      0      0      0      0      0      0      0      0      0      0     
0x2af5515ae4b0           R2UR UR5, R0                                                            1      0      1      8192   262144   262144   32     32     0      0      0      -             -          -      0      0      0      0      0      0      0      0      -      0      0      0      0      0      0      0      0      0      0      0      0      0      0      0      0      0      0      1      0      0      0      0      0      0      0      0      0      0      0      0      0      0      0      0      0      0      0      0      0     
0x2af5515ae4c0           STG.E desc[UR16][R2.64+0x10], R7                                        20     19     20     8192   262144   262144   32     32     0      0      0      Global        Store      32     262144 0      0      0      0      229376 262144 32768         0      0      0      0      0      0      0      0      0      0      19     0      0      0      0      0      0      1      0      0      0      0      0      0      0      0      0      19     0      0      0      0      0      0      0      0      0      0      0      0     
0x2af5515ae4d0           NOP                                                                     0      0      0      8192   262144   262144   32     32     0      0      0      -             -          -      0      0      0      0      0      0      0      0      -      0      0      0      0      0      0      0      0      0      0      0      0      0      0      0      0      0      0      0      0      0      0      0      0      0      0      0      0      0      0      0      0      0      0      0      0      0      0      0      0     
0x2af5515ae4e0           STG.E desc[UR16][R2.64+0x14], R9                                        15     14     15     8192   262144   262144   32     32     0      0      0      Global        Store      32     262144 0      0      0      0      229376 262144 32768         0      0      0      0      0      0      0      0      0      0      13     0      0      0      0      0      0      0      0      0      0      0      2      0      0      0      0      13     0      0      0      0      0      0      0      0      0      0      0      1     
0x2af5515ae4f0           LDTM R5, tmem[UR4+0x6]                                                  7      7      7      8192   262144   262144   32     32     0      0      0      Tmem          Load       -      0      0      0      0      0      0      0      0      -      0      0      0      0      0      0      0      0      0      0      0      6      0      0      0      0      0      0      0      0      0      0      1      0      0      0      0      0      6      0      0      0      0      0      0      0      0      0      0      1     
0x2af5515ae500           NOP                                                                     1      0      1      8192   262144   262144   32     32     0      0      0      -             -          -      0      0      0      0      0      0      0      0      -      0      0      0      0      0      0      0      0      0      0      0      0      0      0      0      0      0      0      1      0      0      0      0      0      0      0      0      0      0      0      0      0      0      0      0      0      0      0      0      0     
0x2af5515ae510           LDTM R11, tmem[UR5+0x7]                                                 15     15     15     8192   262144   262144   32     32     0      0      0      Tmem          Load       -      0      0      0      0      0      0      0      0      -      0      0      0      0      0      0      0      0      0      0      0      14     0      0      0      0      0      0      0      1      0      0      0      0      0      0      0      0      14     0      0      0      0      0      0      0      1      0      0      0     
0x2af5515ae520           R2UR UR4, R0                                                            0      0      0      8192   262144   262144   32     32     0      0      0      -             -          -      0      0      0      0      0      0      0      0      -      0      0      0      0      0      0      0      0      0      0      0      0      0      0      0      0      0      0      0      0      0      0      0      0      0      0      0      0      0      0      0      0      0      0      0      0      0      0      0      0     
0x2af5515ae530           R2UR UR5, R0                                                            1      0      1      8192   262144   262144   32     32     0      0      0      -             -          -      0      0      0      0      0      0      0      0      -      0      0      0      0      0      0      0      0      0      0      0      0      0      0      0      0      0      0      1      0      0      0      0      0      0      0      0      0      0      0      0      0      0      0      0      0      0      0      0      0     
0x2af5515ae540           STG.E desc[UR16][R2.64+0x18], R5                                        18     18     18     8192   262144   262144   32     32     0      0      0      Global        Store      32     262144 0      0      0      0      229376 262144 32768         0      0      0      0      0      0      0      0      0      0      18     0      0      0      0      0      0      0      0      0      0      0      0      0      0      0      0      18     0      0      0      0      0      0      0      0      0      0      0      0     
0x2af5515ae550           NOP                                                                     0      0      0      8192   262144   262144   32     32     0      0      0      -             -          -      0      0      0      0      0      0      0      0      -      0      0      0      0      0      0      0      0      0      0      0      0      0      0      0      0      0      0      0      0      0      0      0      0      0      0      0      0      0      0      0      0      0      0      0      0      0      0      0      0     
0x2af5515ae560           STG.E desc[UR16][R2.64+0x1c], R11                                       24     24     24     8192   262144   262144   32     32     0      0      0      Global        Store      32     262144 0      0      0      0      229376 262144 32768         0      0      0      0      0      0      0      0      0      0      23     0      0      0      0      0      0      0      0      0      0      0      1      0      0      0      0      23     0      0      0      0      0      0      0      0      0      0      0      1     
0x2af5515ae570           LDTM R7, tmem[UR4+0x8]                                                  134    132    134    8192   262144   262144   32     32     0      0      0      Tmem          Load       -      0      0      0      0      0      0      0      0      -      0      0      0      0      0      0      0      0      0      0      0      134    0      0      0      0      0      0      0      0      0      0      0      0      0      0      0      0      132    0      0      0      0      0      0      0      0      0      0      0     
0x2af5515ae580           NOP                                                                     0      0      0      8192   262144   262144   32     32     0      0      0      -             -          -      0      0      0      0      0      0      0      0      -      0      0      0      0      0      0      0      0      0      0      0      0      0      0      0      0      0      0      0      0      0      0      0      0      0      0      0      0      0      0      0      0      0      0      0      0      0      0      0      0     
0x2af5515ae590           LDTM R9, tmem[UR5+0x9]                                                  25     25     25     8192   262144   262144   32     32     0      0      0      Tmem          Load       -      0      0      0      0      0      0      0      0      -      0      0      0      0      0      0      0      0      0      0      0      24     0      0      0      0      0      0      0      1      0      0      0      0      0      0      0      0      24     0      0      0      0      0      0      0      1      0      0      0     
0x2af5515ae5a0           R2UR UR4, R0                                                            0      0      0      8192   262144   262144   32     32     0      0      0      -             -          -      0      0      0      0      0      0      0      0      -      0      0      0      0      0      0      0      0      0      0      0      0      0      0      0      0      0      0      0      0      0      0      0      0      0      0      0      0      0      0      0      0      0      0      0      0      0      0      0      0     
0x2af5515ae5b0           R2UR UR5, R0                                                            0      0      0      8192   262144   262144   32     32     0      0      0      -             -          -      0      0      0      0      0      0      0      0      -      0      0      0      0      0      0      0      0      0      0      0      0      0      0      0      0      0      0      0      0      0      0      0      0      0      0      0      0      0      0      0      0      0      0      0      0      0      0      0      0     
0x2af5515ae5c0           STG.E desc[UR16][R2.64+0x20], R7                                        22     22     22     8192   262144   262144   32     32     0      0      0      Global        Store      32     262144 0      0      0      0      229376 262144 32768         0      0      0      0      0      0      0      0      0      0      22     0      0      0      0      0      0      0      0      0      0      0      0      0      0      0      0      22     0      0      0      0      0      0      0      0      0      0      0      0     
0x2af5515ae5d0           NOP                                                                     0      0      0      8192   262144   262144   32     32     0      0      0      -             -          -      0      0      0      0      0      0      0      0      -      0      0      0      0      0      0      0      0      0      0      0      0      0      0      0      0      0      0      0      0      0      0      0      0      0      0      0      0      0      0      0      0      0      0      0      0      0      0      0      0     
0x2af5515ae5e0           STG.E desc[UR16][R2.64+0x24], R9                                        21     21     21     8192   262144   262144   32     32     0      0      0      Global        Store      32     262144 0      0      0      0      229376 262144 32768         0      0      0      0      0      0      0      0      0      0      20     0      0      0      0      0      0      0      0      1      0      0      0      0      0      0      0      20     0      0      0      0      0      0      0      0      1      0      0      0     
0x2af5515ae5f0           LDTM R5, tmem[UR4+0xa]                                                  21     19     21     8192   262144   262144   32     32     0      0      0      Tmem          Load       -      0      0      0      0      0      0      0      0      -      0      0      0      0      0      0      0      0      0      0      0      20     0      0      0      0      0      0      0      0      0      0      1      0      0      0      0      0      18     0      0      0      0      0      0      0      0      0      0      1     
0x2af5515ae600           NOP                                                                     0      0      0      8192   262144   262144   32     32     0      0      0      -             -          -      0      0      0      0      0      0      0      0      -      0      0      0      0      0      0      0      0      0      0      0      0      0      0      0      0      0      0      0      0      0      0      0      0      0      0      0      0      0      0      0      0      0      0      0      0      0      0      0      0     
0x2af5515ae610           LDTM R11, tmem[UR5+0xb]                                                 13     10     13     8192   262144   262144   32     32     0      0      0      Tmem          Load       -      0      0      0      0      0      0      0      0      -      0      0      0      0      0      0      0      0      0      0      0      13     0      0      0      0      0      0      0      0      0      0      0      0      0      0      0      0      10     0      0      0      0      0      0      0      0      0      0      0     
0x2af5515ae620           R2UR UR4, R0                                                            0      0      0      8192   262144   262144   32     32     0      0      0      -             -          -      0      0      0      0      0      0      0      0      -      0      0      0      0      0      0      0      0      0      0      0      0      0      0      0      0      0      0      0      0      0      0      0      0      0      0      0      0      0      0      0      0      0      0      0      0      0      0      0      0     
0x2af5515ae630           R2UR UR5, R0                                                            0      0      0      8192   262144   262144   32     32     0      0      0      -             -          -      0      0      0      0      0      0      0      0      -      0      0      0      0      0      0      0      0      0      0      0      0      0      0      0      0      0      0      0      0      0      0      0      0      0      0      0      0      0      0      0      0      0      0      0      0      0      0      0      0     
0x2af5515ae640           STG.E desc[UR16][R2.64+0x28], R5                                        27     26     27     8192   262144   262144   32     32     0      0      0      Global        Store      32     262144 0      0      0      0      229376 262144 32768         0      0      0      0      0      0      0      0      0      0      26     0      0      0      0      0      0      1      0      0      0      0      0      0      0      0      0      26     0      0      0      0      0      0      0      0      0      0      0      0     
0x2af5515ae650           NOP                                                                     1      0      1      8192   262144   262144   32     32     0      0      0      -             -          -      0      0      0      0      0      0      0      0      -      0      0      0      0      0      0      0      0      0      0      0      0      0      0      0      0      0      0      1      0      0      0      0      0      0      0      0      0      0      0      0      0      0      0      0      0      0      0      0      0     
0x2af5515ae660           STG.E desc[UR16][R2.64+0x2c], R11                                       20     19     20     8192   262144   262144   32     32     0      0      0      Global        Store      32     262144 0      0      0      0      229376 262144 32768         0      0      0      0      0      0      0      0      0      0      18     0      0      0      0      0      0      0      0      0      0      0      2      0      0      0      0      18     0      0      0      0      0      0      0      0      0      0      0      1     
0x2af5515ae670           LDTM R7, tmem[UR4+0xc]                                                  112    110    112    8192   262144   262144   32     32     0      0      0      Tmem          Load       -      0      0      0      0      0      0      0      0      -      0      0      0      0      0      0      0      0      0      0      0      112    0      0      0      0      0      0      0      0      0      0      0      0      0      0      0      0      110    0      0      0      0      0      0      0      0      0      0      0     
0x2af5515ae680           NOP                                                                     0      0      0      8192   262144   262144   32     32     0      0      0      -             -          -      0      0      0      0      0      0      0      0      -      0      0      0      0      0      0      0      0      0      0      0      0      0      0      0      0      0      0      0      0      0      0      0      0      0      0      0      0      0      0      0      0      0      0      0      0      0      0      0      0     
0x2af5515ae690           LDTM R9, tmem[UR5+0xd]                                                  34     33     34     8192   262144   262144   32     32     0      0      0      Tmem          Load       -      0      0      0      0      0      0      0      0      -      0      0      0      0      0      0      0      0      0      0      0      34     0      0      0      0      0      0      0      0      0      0      0      0      0      0      0      0      33     0      0      0      0      0      0      0      0      0      0      0     
0x2af5515ae6a0           R2UR UR4, R0                                                            0      0      0      8192   262144   262144   32     32     0      0      0      -             -          -      0      0      0      0      0      0      0      0      -      0      0      0      0      0      0      0      0      0      0      0      0      0      0      0      0      0      0      0      0      0      0      0      0      0      0      0      0      0      0      0      0      0      0      0      0      0      0      0      0     
0x2af5515ae6b0           R2UR UR5, R0                                                            0      0      0      8192   262144   262144   32     32     0      0      0      -             -          -      0      0      0      0      0      0      0      0      -      0      0      0      0      0      0      0      0      0      0      0      0      0      0      0      0      0      0      0      0      0      0      0      0      0      0      0      0      0      0      0      0      0      0      0      0      0      0      0      0     
0x2af5515ae6c0           STG.E desc[UR16][R2.64+0x30], R7                                        30     30     30     8192   262144   262144   32     32     0      0      0      Global        Store      32     262144 0      0      0      0      229376 262144 32768         0      0      0      0      0      0      0      0      0      0      30     0      0      0      0      0      0      0      0      0      0      0      0      0      0      0      0      30     0      0      0      0      0      0      0      0      0      0      0      0     
0x2af5515ae6d0           NOP                                                                     0      0      0      8192   262144   262144   32     32     0      0      0      -             -          -      0      0      0      0      0      0      0      0      -      0      0      0      0      0      0      0      0      0      0      0      0      0      0      0      0      0      0      0      0      0      0      0      0      0      0      0      0      0      0      0      0      0      0      0      0      0      0      0      0     
0x2af5515ae6e0           STG.E desc[UR16][R2.64+0x34], R9                                        25     25     25     8192   262144   262144   32     32     0      0      0      Global        Store      32     262144 0      0      0      0      229376 262144 32768         0      0      0      0      0      0      0      0      0      0      24     0      0      0      0      0      0      0      0      0      0      0      1      0      0      0      0      24     0      0      0      0      0      0      0      0      0      0      0      1     
0x2af5515ae6f0           LDTM R5, tmem[UR4+0xe]                                                  40     38     40     8192   262144   262144   32     32     0      0      0      Tmem          Load       -      0      0      0      0      0      0      0      0      -      0      0      0      0      0      0      0      0      0      0      0      39     0      0      0      0      0      0      1      0      0      0      0      0      0      0      0      0      38     0      0      0      0      0      0      0      0      0      0      0     
0x2af5515ae700           NOP                                                                     0      0      0      8192   262144   262144   32     32     0      0      0      -             -          -      0      0      0      0      0      0      0      0      -      0      0      0      0      0      0      0      0      0      0      0      0      0      0      0      0      0      0      0      0      0      0      0      0      0      0      0      0      0      0      0      0      0      0      0      0      0      0      0      0     
0x2af5515ae710           LDTM R11, tmem[UR5+0xf]                                                 18     18     18     8192   262144   262144   32     32     0      0      0      Tmem          Load       -      0      0      0      0      0      0      0      0      -      0      0      0      0      0      0      0      0      0      0      0      18     0      0      0      0      0      0      0      0      0      0      0      0      0      0      0      0      18     0      0      0      0      0      0      0      0      0      0      0     
0x2af5515ae720           R2UR UR4, R0                                                            0      0      0      8192   262144   262144   32     32     0      0      0      -             -          -      0      0      0      0      0      0      0      0      -      0      0      0      0      0      0      0      0      0      0      0      0      0      0      0      0      0      0      0      0      0      0      0      0      0      0      0      0      0      0      0      0      0      0      0      0      0      0      0      0     
0x2af5515ae730           R2UR UR5, R0                                                            0      0      0      8192   262144   262144   32     32     0      0      0      -             -          -      0      0      0      0      0      0      0      0      -      0      0      0      0      0      0      0      0      0      0      0      0      0      0      0      0      0      0      0      0      0      0      0      0      0      0      0      0      0      0      0      0      0      0      0      0      0      0      0      0     
0x2af5515ae740           STG.E desc[UR16][R2.64+0x38], R5                                        20     19     20     8192   262144   262144   32     32     0      0      0      Global        Store      32     262144 0      0      0      0      229376 262144 32768         0      0      0      0      0      0      0      0      0      0      20     0      0      0      0      0      0      0      0      0      0      0      0      0      0      0      0      19     0      0      0      0      0      0      0      0      0      0      0      0     
0x2af5515ae750           NOP                                                                     0      0      0      8192   262144   262144   32     32     0      0      0      -             -          -      0      0      0      0      0      0      0      0      -      0      0      0      0      0      0      0      0      0      0      0      0      0      0      0      0      0      0      0      0      0      0      0      0      0      0      0      0      0      0      0      0      0      0      0      0      0      0      0      0     
0x2af5515ae760           STG.E desc[UR16][R2.64+0x3c], R11                                       33     32     33     8192   262144   262144   32     32     0      0      0      Global        Store      32     262144 0      0      0      0      229376 262144 32768         0      0      0      0      0      0      0      0      0      0      33     0      0      0      0      0      0      0      0      0      0      0      0      0      0      0      0      32     0      0      0      0      0      0      0      0      0      0      0      0     
0x2af5515ae770           LDTM R7, tmem[UR4+0x10]                                                 153    146    153    8192   262144   262144   32     32     0      0      0      Tmem          Load       -      0      0      0      0      0      0      0      0      -      0      0      0      0      0      0      0      0      0      0      0      150    0      0      0      0      0      0      0      0      0      0      3      0      0      0      0      0      145    0      0      0      0      0      0      0      0      0      0      1     
0x2af5515ae780           NOP                                                                     1      0      1      8192   262144   262144   32     32     0      0      0      -             -          -      0      0      0      0      0      0      0      0      -      0      0      0      0      0      0      0      0      0      0      0      0      0      0      0      0      0      0      1      0      0      0      0      0      0      0      0      0      0      0      0      0      0      0      0      0      0      0      0      0     
0x2af5515ae790           LDTM R9, tmem[UR5+0x11]                                                 25     24     25     8192   262144   262144   32     32     0      0      0      Tmem          Load       -      0      0      0      0      0      0      0      0      -      0      0      0      0      0      0      0      0      0      0      0      24     0      0      0      0      0      0      1      0      0      0      0      0      0      0      0      0      24     0      0      0      0      0      0      0      0      0      0      0     
0x2af5515ae7a0           R2UR UR4, R0                                                            0      0      0      8192   262144   262144   32     32     0      0      0      -             -          -      0      0      0      0      0      0      0      0      -      0      0      0      0      0      0      0      0      0      0      0      0      0      0      0      0      0      0      0      0      0      0      0      0      0      0      0      0      0      0      0      0      0      0      0      0      0      0      0      0     
0x2af5515ae7b0           R2UR UR5, R0                                                            0      0      0      8192   262144   262144   32     32     0      0      0      -             -          -      0      0      0      0      0      0      0      0      -      0      0      0      0      0      0      0      0      0      0      0      0      0      0      0      0      0      0      0      0      0      0      0      0      0      0      0      0      0      0      0      0      0      0      0      0      0      0      0      0     
0x2af5515ae7c0           STG.E desc[UR16][R2.64+0x40], R7                                        35     35     35     8192   262144   262144   32     32     0      0      0      Global        Store      32     262144 0      0      0      0      229376 262144 32768         0      0      0      0      0      0      0      0      0      0      35     0      0      0      0      0      0      0      0      0      0      0      0      0      0      0      0      35     0      0      0      0      0      0      0      0      0      0      0      0     
0x2af5515ae7d0           NOP                                                                     0      0      0      8192   262144   262144   32     32     0      0      0      -             -          -      0      0      0      0      0      0      0      0      -      0      0      0      0      0      0      0      0      0      0      0      0      0      0      0      0      0      0      0      0      0      0      0      0      0      0      0      0      0      0      0      0      0      0      0      0      0      0      0      0     
0x2af5515ae7e0           STG.E desc[UR16][R2.64+0x44], R9                                        36     34     36     8192   262144   262144   32     32     0      0      0      Global        Store      32     262144 0      0      0      0      229376 262144 32768         0      0      0      0      0      0      0      0      0      0      33     0      0      0      0      0      0      0      1      0      0      0      2      0      0      0      0      32     0      0      0      0      0      0      0      0      0      0      0      2     
0x2af5515ae7f0           LDTM R5, tmem[UR4+0x12]                                                 40     39     40     8192   262144   262144   32     32     0      0      0      Tmem          Load       -      0      0      0      0      0      0      0      0      -      0      0      0      0      0      0      0      0      0      0      0      40     0      0      0      0      0      0      0      0      0      0      0      0      0      0      0      0      39     0      0      0      0      0      0      0      0      0      0      0     
0x2af5515ae800           NOP                                                                     1      0      1      8192   262144   262144   32     32     0      0      0      -             -          -      0      0      0      0      0      0      0      0      -      0      0      0      0      0      0      0      0      0      0      0      0      0      0      0      0      0      0      1      0      0      0      0      0      0      0      0      0      0      0      0      0      0      0      0      0      0      0      0      0     
0x2af5515ae810           LDTM R11, tmem[UR5+0x13]                                                16     16     16     8192   262144   262144   32     32     0      0      0      Tmem          Load       -      0      0      0      0      0      0      0      0      -      0      0      0      0      0      0      0      0      0      0      0      16     0      0      0      0      0      0      0      0      0      0      0      0      0      0      0      0      16     0      0      0      0      0      0      0      0      0      0      0     
0x2af5515ae820           R2UR UR4, R0                                                            0      0      0      8192   262144   262144   32     32     0      0      0      -             -          -      0      0      0      0      0      0      0      0      -      0      0      0      0      0      0      0      0      0      0      0      0      0      0      0      0      0      0      0      0      0      0      0      0      0      0      0      0      0      0      0      0      0      0      0      0      0      0      0      0     
0x2af5515ae830           R2UR UR5, R0                                                            1      0      1      8192   262144   262144   32     32     0      0      0      -             -          -      0      0      0      0      0      0      0      0      -      0      0      0      0      0      0      0      0      0      0      0      0      0      0      0      0      0      0      1      0      0      0      0      0      0      0      0      0      0      0      0      0      0      0      0      0      0      0      0      0     
0x2af5515ae840           STG.E desc[UR16][R2.64+0x48], R5                                        31     31     31     8192   262144   262144   32     32     0      0      0      Global        Store      32     262144 0      0      0      0      229376 262144 32768         0      0      0      0      0      0      0      0      0      0      31     0      0      0      0      0      0      0      0      0      0      0      0      0      0      0      0      31     0      0      0      0      0      0      0      0      0      0      0      0     
0x2af5515ae850           NOP                                                                     0      0      0      8192   262144   262144   32     32     0      0      0      -             -          -      0      0      0      0      0      0      0      0      -      0      0      0      0      0      0      0      0      0      0      0      0      0      0      0      0      0      0      0      0      0      0      0      0      0      0      0      0      0      0      0      0      0      0      0      0      0      0      0      0     
0x2af5515ae860           STG.E desc[UR16][R2.64+0x4c], R11                                       34     32     34     8192   262144   262144   32     32     0      0      0      Global        Store      32     262144 0      0      0      0      229376 262144 32768         0      0      0      0      0      0      0      0      0      0      32     0      0      0      0      0      0      0      2      0      0      0      0      0      0      0      0      32     0      0      0      0      0      0      0      0      0      0      0      0     
0x2af5515ae870           LDTM R7, tmem[UR4+0x14]                                                 153    152    153    8192   262144   262144   32     32     0      0      0      Tmem          Load       -      0      0      0      0      0      0      0      0      -      0      0      0      0      0      0      0      0      0      0      0      153    0      0      0      0      0      0      0      0      0      0      0      0      0      0      0      0      152    0      0      0      0      0      0      0      0      0      0      0     
0x2af5515ae880           NOP                                                                     0      0      0      8192   262144   262144   32     32     0      0      0      -             -          -      0      0      0      0      0      0      0      0      -      0      0      0      0      0      0      0      0      0      0      0      0      0      0      0      0      0      0      0      0      0      0      0      0      0      0      0      0      0      0      0      0      0      0      0      0      0      0      0      0     
0x2af5515ae890           LDTM R9, tmem[UR5+0x15]                                                 30     30     30     8192   262144   262144   32     32     0      0      0      Tmem          Load       -      0      0      0      0      0      0      0      0      -      0      0      0      0      0      0      0      0      0      0      0      29     0      0      0      0      0      0      0      1      0      0      0      0      0      0      0      0      29     0      0      0      0      0      0      0      1      0      0      0     
0x2af5515ae8a0           R2UR UR4, R0                                                            0      0      0      8192   262144   262144   32     32     0      0      0      -             -          -      0      0      0      0      0      0      0      0      -      0      0      0      0      0      0      0      0      0      0      0      0      0      0      0      0      0      0      0      0      0      0      0      0      0      0      0      0      0      0      0      0      0      0      0      0      0      0      0      0     
0x2af5515ae8b0           R2UR UR5, R0                                                            0      0      0      8192   262144   262144   32     32     0      0      0      -             -          -      0      0      0      0      0      0      0      0      -      0      0      0      0      0      0      0      0      0      0      0      0      0      0      0      0      0      0      0      0      0      0      0      0      0      0      0      0      0      0      0      0      0      0      0      0      0      0      0      0     
0x2af5515ae8c0           STG.E desc[UR16][R2.64+0x50], R7                                        38     38     38     8192   262144   262144   32     32     0      0      0      Global        Store      32     262144 0      0      0      0      229376 262144 32768         0      0      0      0      0      0      0      0      0      0      38     0      0      0      0      0      0      0      0      0      0      0      0      0      0      0      0      38     0      0      0      0      0      0      0      0      0      0      0      0     
0x2af5515ae8d0           NOP                                                                     0      0      0      8192   262144   262144   32     32     0      0      0      -             -          -      0      0      0      0      0      0      0      0      -      0      0      0      0      0      0      0      0      0      0      0      0      0      0      0      0      0      0      0      0      0      0      0      0      0      0      0      0      0      0      0      0      0      0      0      0      0      0      0      0     
0x2af5515ae8e0           STG.E desc[UR16][R2.64+0x54], R9                                        29     29     29     8192   262144   262144   32     32     0      0      0      Global        Store      32     262144 0      0      0      0      229376 262144 32768         0      0      0      0      0      0      0      0      0      0      29     0      0      0      0      0      0      0      0      0      0      0      0      0      0      0      0      29     0      0      0      0      0      0      0      0      0      0      0      0     
0x2af5515ae8f0           LDTM R5, tmem[UR4+0x16]                                                 48     48     48     8192   262144   262144   32     32     0      0      0      Tmem          Load       -      0      0      0      0      0      0      0      0      -      0      0      0      0      0      0      0      0      0      0      0      48     0      0      0      0      0      0      0      0      0      0      0      0      0      0      0      0      48     0      0      0      0      0      0      0      0      0      0      0     
0x2af5515ae900           NOP                                                                     1      0      1      8192   262144   262144   32     32     0      0      0      -             -          -      0      0      0      0      0      0      0      0      -      0      0      0      0      0      0      0      0      0      0      0      0      0      0      0      0      0      0      1      0      0      0      0      0      0      0      0      0      0      0      0      0      0      0      0      0      0      0      0      0     
0x2af5515ae910           LDTM R11, tmem[UR5+0x17]                                                21     21     21     8192   262144   262144   32     32     0      0      0      Tmem          Load       -      0      0      0      0      0      0      0      0      -      0      0      0      0      0      0      0      0      0      0      0      18     0      0      0      0      0      0      0      3      0      0      0      0      0      0      0      0      18     0      0      0      0      0      0      0      3      0      0      0     
0x2af5515ae920           R2UR UR4, R0                                                            0      0      0      8192   262144   262144   32     32     0      0      0      -             -          -      0      0      0      0      0      0      0      0      -      0      0      0      0      0      0      0      0      0      0      0      0      0      0      0      0      0      0      0      0      0      0      0      0      0      0      0      0      0      0      0      0      0      0      0      0      0      0      0      0     
0x2af5515ae930           R2UR UR5, R0                                                            1      0      1      8192   262144   262144   32     32     0      0      0      -             -          -      0      0      0      0      0      0      0      0      -      0      0      0      0      0      0      0      0      0      0      0      0      0      0      0      0      0      0      0      0      0      0      1      0      0      0      0      0      0      0      0      0      0      0      0      0      0      0      0      0     
0x2af5515ae940           STG.E desc[UR16][R2.64+0x58], R5                                        34     33     34     8192   262144   262144   32     32     0      0      0      Global        Store      32     262144 0      0      0      0      229376 262144 32768         0      0      0      0      0      0      0      0      0      0      33     0      0      0      0      0      0      0      1      0      0      0      0      0      0      0      0      33     0      0      0      0      0      0      0      0      0      0      0      0     
0x2af5515ae950           NOP                                                                     0      0      0      8192   262144   262144   32     32     0      0      0      -             -          -      0      0      0      0      0      0      0      0      -      0      0      0      0      0      0      0      0      0      0      0      0      0      0      0      0      0      0      0      0      0      0      0      0      0      0      0      0      0      0      0      0      0      0      0      0      0      0      0      0     
0x2af5515ae960           STG.E desc[UR16][R2.64+0x5c], R11                                       34     33     34     8192   262144   262144   32     32     0      0      0      Global        Store      32     262144 0      0      0      0      229376 262144 32768         0      0      0      0      0      0      0      0      0      0      33     0      0      0      0      0      0      1      0      0      0      0      0      0      0      0      0      33     0      0      0      0      0      0      0      0      0      0      0      0     
0x2af5515ae970           LDTM R7, tmem[UR4+0x18]                                                 176    174    176    8192   262144   262144   32     32     0      0      0      Tmem          Load       -      0      0      0      0      0      0      0      0      -      0      0      0      0      0      0      0      0      0      0      0      176    0      0      0      0      0      0      0      0      0      0      0      0      0      0      0      0      174    0      0      0      0      0      0      0      0      0      0      0     
0x2af5515ae980           NOP                                                                     0      0      0      8192   262144   262144   32     32     0      0      0      -             -          -      0      0      0      0      0      0      0      0      -      0      0      0      0      0      0      0      0      0      0      0      0      0      0      0      0      0      0      0      0      0      0      0      0      0      0      0      0      0      0      0      0      0      0      0      0      0      0      0      0     
0x2af5515ae990           LDTM R9, tmem[UR5+0x19]                                                 35     35     35     8192   262144   262144   32     32     0      0      0      Tmem          Load       -      0      0      0      0      0      0      0      0      -      0      0      0      0      0      0      0      0      0      0      0      35     0      0      0      0      0      0      0      0      0      0      0      0      0      0      0      0      35     0      0      0      0      0      0      0      0      0      0      0     
0x2af5515ae9a0           R2UR UR4, R0                                                            0      0      0      8192   262144   262144   32     32     0      0      0      -             -          -      0      0      0      0      0      0      0      0      -      0      0      0      0      0      0      0      0      0      0      0      0      0      0      0      0      0      0      0      0      0      0      0      0      0      0      0      0      0      0      0      0      0      0      0      0      0      0      0      0     
0x2af5515ae9b0           R2UR UR5, R0                                                            0      0      0      8192   262144   262144   32     32     0      0      0      -             -          -      0      0      0      0      0      0      0      0      -      0      0      0      0      0      0      0      0      0      0      0      0      0      0      0      0      0      0      0      0      0      0      0      0      0      0      0      0      0      0      0      0      0      0      0      0      0      0      0      0     
0x2af5515ae9c0           STG.E desc[UR16][R2.64+0x60], R7                                        34     34     34     8192   262144   262144   32     32     0      0      0      Global        Store      32     262144 0      0      0      0      229376 262144 32768         0      0      0      0      0      0      0      0      0      0      34     0      0      0      0      0      0      0      0      0      0      0      0      0      0      0      0      34     0      0      0      0      0      0      0      0      0      0      0      0     
0x2af5515ae9d0           NOP                                                                     0      0      0      8192   262144   262144   32     32     0      0      0      -             -          -      0      0      0      0      0      0      0      0      -      0      0      0      0      0      0      0      0      0      0      0      0      0      0      0      0      0      0      0      0      0      0      0      0      0      0      0      0      0      0      0      0      0      0      0      0      0      0      0      0     
0x2af5515ae9e0           STG.E desc[UR16][R2.64+0x64], R9                                        32     32     32     8192   262144   262144   32     32     0      0      0      Global        Store      32     262144 0      0      0      0      229376 262144 32768         0      0      0      0      0      0      0      0      0      0      32     0      0      0      0      0      0      0      0      0      0      0      0      0      0      0      0      32     0      0      0      0      0      0      0      0      0      0      0      0     
0x2af5515ae9f0           LDTM R5, tmem[UR4+0x1a]                                                 45     43     45     8192   262144   262144   32     32     0      0      0      Tmem          Load       -      0      0      0      0      0      0      0      0      -      0      0      0      0      0      0      0      0      0      0      0      45     0      0      0      0      0      0      0      0      0      0      0      0      0      0      0      0      43     0      0      0      0      0      0      0      0      0      0      0     
0x2af5515aea00           NOP                                                                     0      0      0      8192   262144   262144   32     32     0      0      0      -             -          -      0      0      0      0      0      0      0      0      -      0      0      0      0      0      0      0      0      0      0      0      0      0      0      0      0      0      0      0      0      0      0      0      0      0      0      0      0      0      0      0      0      0      0      0      0      0      0      0      0     
0x2af5515aea10           LDTM R11, tmem[UR5+0x1b]                                                18     18     18     8192   262144   262144   32     32     0      0      0      Tmem          Load       -      0      0      0      0      0      0      0      0      -      0      0      0      0      0      0      0      0      0      0      0      18     0      0      0      0      0      0      0      0      0      0      0      0      0      0      0      0      18     0      0      0      0      0      0      0      0      0      0      0     
0x2af5515aea20           R2UR UR4, R0                                                            0      0      0      8192   262144   262144   32     32     0      0      0      -             -          -      0      0      0      0      0      0      0      0      -      0      0      0      0      0      0      0      0      0      0      0      0      0      0      0      0      0      0      0      0      0      0      0      0      0      0      0      0      0      0      0      0      0      0      0      0      0      0      0      0     
0x2af5515aea30           R2UR UR5, R0                                                            0      0      0      8192   262144   262144   32     32     0      0      0      -             -          -      0      0      0      0      0      0      0      0      -      0      0      0      0      0      0      0      0      0      0      0      0      0      0      0      0      0      0      0      0      0      0      0      0      0      0      0      0      0      0      0      0      0      0      0      0      0      0      0      0     
0x2af5515aea40           STG.E desc[UR16][R2.64+0x68], R5                                        37     36     37     8192   262144   262144   32     32     0      0      0      Global        Store      32     262144 0      0      0      0      229376 262144 32768         0      0      0      0      0      0      0      0      0      0      36     0      0      0      0      0      0      1      0      0      0      0      0      0      0      0      0      36     0      0      0      0      0      0      0      0      0      0      0      0     
0x2af5515aea50           NOP                                                                     1      0      1      8192   262144   262144   32     32     0      0      0      -             -          -      0      0      0      0      0      0      0      0      -      0      0      0      0      0      0      0      0      0      0      0      0      0      0      0      0      0      0      1      0      0      0      0      0      0      0      0      0      0      0      0      0      0      0      0      0      0      0      0      0     
0x2af5515aea60           STG.E desc[UR16][R2.64+0x6c], R11                                       36     36     36     8192   262144   262144   32     32     0      0      0      Global        Store      32     262144 0      0      0      0      229376 262144 32768         0      0      0      0      0      0      0      0      0      0      35     0      0      0      0      0      0      0      0      0      0      0      1      0      0      0      0      35     0      0      0      0      0      0      0      0      0      0      0      1     
0x2af5515aea70           LDTM R7, tmem[UR4+0x1c]                                                 198    197    198    8192   262144   262144   32     32     0      0      0      Tmem          Load       -      0      0      0      0      0      0      0      0      -      0      0      0      0      0      0      0      0      0      0      0      198    0      0      0      0      0      0      0      0      0      0      0      0      0      0      0      0      197    0      0      0      0      0      0      0      0      0      0      0     
0x2af5515aea80           NOP                                                                     0      0      0      8192   262144   262144   32     32     0      0      0      -             -          -      0      0      0      0      0      0      0      0      -      0      0      0      0      0      0      0      0      0      0      0      0      0      0      0      0      0      0      0      0      0      0      0      0      0      0      0      0      0      0      0      0      0      0      0      0      0      0      0      0     
0x2af5515aea90           LDTM R9, tmem[UR5+0x1d]                                                 29     28     29     8192   262144   262144   32     32     0      0      0      Tmem          Load       -      0      0      0      0      0      0      0      0      -      0      0      0      0      0      0      0      0      0      0      0      28     0      0      0      0      0      0      1      0      0      0      0      0      0      0      0      0      28     0      0      0      0      0      0      0      0      0      0      0     
0x2af5515aeaa0           R2UR UR4, R0                                                            0      0      0      8192   262144   262144   32     32     0      0      0      -             -          -      0      0      0      0      0      0      0      0      -      0      0      0      0      0      0      0      0      0      0      0      0      0      0      0      0      0      0      0      0      0      0      0      0      0      0      0      0      0      0      0      0      0      0      0      0      0      0      0      0     
0x2af5515aeab0           R2UR UR5, R0                                                            1      0      1      8192   262144   262144   32     32     0      0      0      -             -          -      0      0      0      0      0      0      0      0      -      0      0      0      0      0      0      0      0      0      0      0      0      0      0      0      0      0      0      0      0      0      0      1      0      0      0      0      0      0      0      0      0      0      0      0      0      0      0      0      0     
0x2af5515aeac0           STG.E desc[UR16][R2.64+0x70], R7                                        39     38     39     8192   262144   262144   32     32     0      0      0      Global        Store      32     262144 0      0      0      0      229376 262144 32768         0      0      0      0      0      0      0      0      0      0      38     0      0      0      0      0      0      0      1      0      0      0      0      0      0      0      0      38     0      0      0      0      0      0      0      0      0      0      0      0     
0x2af5515aead0           NOP                                                                     0      0      0      8192   262144   262144   32     32     0      0      0      -             -          -      0      0      0      0      0      0      0      0      -      0      0      0      0      0      0      0      0      0      0      0      0      0      0      0      0      0      0      0      0      0      0      0      0      0      0      0      0      0      0      0      0      0      0      0      0      0      0      0      0     
0x2af5515aeae0           STG.E desc[UR16][R2.64+0x74], R9                                        34     34     34     8192   262144   262144   32     32     0      0      0      Global        Store      32     262144 0      0      0      0      229376 262144 32768         0      0      0      0      0      0      0      0      0      0      34     0      0      0      0      0      0      0      0      0      0      0      0      0      0      0      0      34     0      0      0      0      0      0      0      0      0      0      0      0     
0x2af5515aeaf0           LDTM R5, tmem[UR4+0x1e]                                                 64     64     64     8192   262144   262144   32     32     0      0      0      Tmem          Load       -      0      0      0      0      0      0      0      0      -      0      0      0      0      0      0      0      0      0      0      0      64     0      0      0      0      0      0      0      0      0      0      0      0      0      0      0      0      64     0      0      0      0      0      0      0      0      0      0      0     
0x2af5515aeb00           NOP                                                                     1      0      1      8192   262144   262144   32     32     0      0      0      -             -          -      0      0      0      0      0      0      0      0      -      0      0      0      0      0      0      0      0      0      0      0      0      0      0      0      0      0      0      1      0      0      0      0      0      0      0      0      0      0      0      0      0      0      0      0      0      0      0      0      0     
0x2af5515aeb10           LDTM R11, tmem[UR5+0x1f]                                                22     22     22     8192   262144   262144   32     32     0      0      0      Tmem          Load       -      0      0      0      0      0      0      0      0      -      0      0      0      0      0      0      0      0      0      0      0      21     0      0      0      0      0      0      0      1      0      0      0      0      0      0      0      0      21     0      0      0      0      0      0      0      1      0      0      0     
0x2af5515aeb20           R2UR UR4, R0                                                            0      0      0      8192   262144   262144   32     32     0      0      0      -             -          -      0      0      0      0      0      0      0      0      -      0      0      0      0      0      0      0      0      0      0      0      0      0      0      0      0      0      0      0      0      0      0      0      0      0      0      0      0      0      0      0      0      0      0      0      0      0      0      0      0     
0x2af5515aeb30           R2UR UR5, R0                                                            1      0      1      8192   262144   262144   32     32     0      0      0      -             -          -      0      0      0      0      0      0      0      0      -      0      0      0      0      0      0      0      0      0      0      0      0      0      0      0      0      0      0      0      0      0      0      1      0      0      0      0      0      0      0      0      0      0      0      0      0      0      0      0      0     
0x2af5515aeb40           STG.E desc[UR16][R2.64+0x78], R5                                        42     41     42     8192   262144   262144   32     32     0      0      0      Global        Store      32     262144 0      0      0      0      229376 262144 32768         0      0      0      0      0      0      0      0      0      0      41     0      0      0      0      0      0      0      1      0      0      0      0      0      0      0      0      41     0      0      0      0      0      0      0      0      0      0      0      0     
0x2af5515aeb50           NOP                                                                     0      0      0      8192   262144   262144   32     32     0      0      0      -             -          -      0      0      0      0      0      0      0      0      -      0      0      0      0      0      0      0      0      0      0      0      0      0      0      0      0      0      0      0      0      0      0      0      0      0      0      0      0      0      0      0      0      0      0      0      0      0      0      0      0     
0x2af5515aeb60           STG.E desc[UR16][R2.64+0x7c], R11                                       32     32     32     8192   262144   262144   32     32     0      0      0      Global        Store      32     262144 0      0      0      0      229376 262144 32768         0      0      0      0      0      0      0      0      0      0      31     0      0      0      0      0      0      0      0      0      0      0      1      0      0      0      0      31     0      0      0      0      0      0      0      0      0      0      0      1     
0x2af5515aeb70           LDTM R7, tmem[UR4+0x20]                                                 183    180    183    8192   262144   262144   32     32     0      0      0      Tmem          Load       -      0      0      0      0      0      0      0      0      -      0      0      0      0      0      0      0      0      0      0      0      181    0      0      0      0      0      0      0      0      0      0      2      0      0      0      0      0      178    0      0      0      0      0      0      0      0      0      0      2     
0x2af5515aeb80           NOP                                                                     0      0      0      8192   262144   262144   32     32     0      0      0      -             -          -      0      0      0      0      0      0      0      0      -      0      0      0      0      0      0      0      0      0      0      0      0      0      0      0      0      0      0      0      0      0      0      0      0      0      0      0      0      0      0      0      0      0      0      0      0      0      0      0      0     
0x2af5515aeb90           LDTM R9, tmem[UR5+0x21]                                                 34     34     34     8192   262144   262144   32     32     0      0      0      Tmem          Load       -      0      0      0      0      0      0      0      0      -      0      0      0      0      0      0      0      0      0      0      0      34     0      0      0      0      0      0      0      0      0      0      0      0      0      0      0      0      34     0      0      0      0      0      0      0      0      0      0      0     
0x2af5515aeba0           R2UR UR4, R0                                                            0      0      0      8192   262144   262144   32     32     0      0      0      -             -          -      0      0      0      0      0      0      0      0      -      0      0      0      0      0      0      0      0      0      0      0      0      0      0      0      0      0      0      0      0      0      0      0      0      0      0      0      0      0      0      0      0      0      0      0      0      0      0      0      0     
0x2af5515aebb0           R2UR UR5, R0                                                            1      0      1      8192   262144   262144   32     32     0      0      0      -             -          -      0      0      0      0      0      0      0      0      -      0      0      0      0      0      0      0      0      0      0      0      0      0      0      0      0      0      0      1      0      0      0      0      0      0      0      0      0      0      0      0      0      0      0      0      0      0      0      0      0     
0x2af5515aebc0           STG.E desc[UR16][R2.64+0x80], R7                                        29     29     29     8192   262144   262144   32     32     0      0      0      Global        Store      32     262144 0      0      0      0      229376 262144 32768         0      0      0      0      0      0      0      0      0      0      29     0      0      0      0      0      0      0      0      0      0      0      0      0      0      0      0      29     0      0      0      0      0      0      0      0      0      0      0      0     
0x2af5515aebd0           NOP                                                                     0      0      0      8192   262144   262144   32     32     0      0      0      -             -          -      0      0      0      0      0      0      0      0      -      0      0      0      0      0      0      0      0      0      0      0      0      0      0      0      0      0      0      0      0      0      0      0      0      0      0      0      0      0      0      0      0      0      0      0      0      0      0      0      0     
0x2af5515aebe0           STG.E desc[UR16][R2.64+0x84], R9                                        48     47     48     8192   262144   262144   32     32     0      0      0      Global        Store      32     262144 0      0      0      0      229376 262144 32768         0      0      0      0      0      0      0      0      0      0      48     0      0      0      0      0      0      0      0      0      0      0      0      0      0      0      0      47     0      0      0      0      0      0      0      0      0      0      0      0     
0x2af5515aebf0           LDTM R5, tmem[UR4+0x22]                                                 76     76     76     8192   262144   262144   32     32     0      0      0      Tmem          Load       -      0      0      0      0      0      0      0      0      -      0      0      0      0      0      0      0      0      0      0      0      76     0      0      0      0      0      0      0      0      0      0      0      0      0      0      0      0      76     0      0      0      0      0      0      0      0      0      0      0     
0x2af5515aec00           NOP                                                                     0      0      0      8192   262144   262144   32     32     0      0      0      -             -          -      0      0      0      0      0      0      0      0      -      0      0      0      0      0      0      0      0      0      0      0      0      0      0      0      0      0      0      0      0      0      0      0      0      0      0      0      0      0      0      0      0      0      0      0      0      0      0      0      0     
0x2af5515aec10           LDTM R11, tmem[UR5+0x23]                                                21     21     21     8192   262144   262144   32     32     0      0      0      Tmem          Load       -      0      0      0      0      0      0      0      0      -      0      0      0      0      0      0      0      0      0      0      0      20     0      0      0      0      0      0      0      1      0      0      0      0      0      0      0      0      20     0      0      0      0      0      0      0      1      0      0      0     
0x2af5515aec20           R2UR UR4, R0                                                            0      0      0      8192   262144   262144   32     32     0      0      0      -             -          -      0      0      0      0      0      0      0      0      -      0      0      0      0      0      0      0      0      0      0      0      0      0      0      0      0      0      0      0      0      0      0      0      0      0      0      0      0      0      0      0      0      0      0      0      0      0      0      0      0     
0x2af5515aec30           R2UR UR5, R0                                                            0      0      0      8192   262144   262144   32     32     0      0      0      -             -          -      0      0      0      0      0      0      0      0      -      0      0      0      0      0      0      0      0      0      0      0      0      0      0      0      0      0      0      0      0      0      0      0      0      0      0      0      0      0      0      0      0      0      0      0      0      0      0      0      0     
0x2af5515aec40           STG.E desc[UR16][R2.64+0x88], R5                                        32     31     32     8192   262144   262144   32     32     0      0      0      Global        Store      32     262144 0      0      0      0      229376 262144 32768         0      0      0      0      0      0      0      0      0      0      31     0      0      0      0      0      0      0      1      0      0      0      0      0      0      0      0      31     0      0      0      0      0      0      0      0      0      0      0      0     
0x2af5515aec50           NOP                                                                     0      0      0      8192   262144   262144   32     32     0      0      0      -             -          -      0      0      0      0      0      0      0      0      -      0      0      0      0      0      0      0      0      0      0      0      0      0      0      0      0      0      0      0      0      0      0      0      0      0      0      0      0      0      0      0      0      0      0      0      0      0      0      0      0     
0x2af5515aec60           STG.E desc[UR16][R2.64+0x8c], R11                                       34     32     34     8192   262144   262144   32     32     0      0      0      Global        Store      32     262144 0      0      0      0      229376 262144 32768         0      0      0      0      0      0      0      0      0      0      32     0      0      0      0      0      0      0      1      0      0      0      1      0      0      0      0      31     0      0      0      0      0      0      0      0      0      0      0      1     
0x2af5515aec70           LDTM R7, tmem[UR4+0x24]                                                 226    223    226    8192   262144   262144   32     32     0      0      0      Tmem          Load       -      0      0      0      0      0      0      0      0      -      0      0      0      0      0      0      0      0      0      0      0      225    0      0      0      0      0      0      0      0      0      0      1      0      0      0      0      0      223    0      0      0      0      0      0      0      0      0      0      0     
0x2af5515aec80           NOP                                                                     0      0      0      8192   262144   262144   32     32     0      0      0      -             -          -      0      0      0      0      0      0      0      0      -      0      0      0      0      0      0      0      0      0      0      0      0      0      0      0      0      0      0      0      0      0      0      0      0      0      0      0      0      0      0      0      0      0      0      0      0      0      0      0      0     
0x2af5515aec90           LDTM R9, tmem[UR5+0x25]                                                 32     31     32     8192   262144   262144   32     32     0      0      0      Tmem          Load       -      0      0      0      0      0      0      0      0      -      0      0      0      0      0      0      0      0      0      0      0      32     0      0      0      0      0      0      0      0      0      0      0      0      0      0      0      0      31     0      0      0      0      0      0      0      0      0      0      0     
0x2af5515aeca0           R2UR UR4, R0                                                            0      0      0      8192   262144   262144   32     32     0      0      0      -             -          -      0      0      0      0      0      0      0      0      -      0      0      0      0      0      0      0      0      0      0      0      0      0      0      0      0      0      0      0      0      0      0      0      0      0      0      0      0      0      0      0      0      0      0      0      0      0      0      0      0     
0x2af5515aecb0           R2UR UR5, R0                                                            1      0      1      8192   262144   262144   32     32     0      0      0      -             -          -      0      0      0      0      0      0      0      0      -      0      0      0      0      0      0      0      0      0      0      0      0      0      0      0      0      0      0      0      0      0      0      1      0      0      0      0      0      0      0      0      0      0      0      0      0      0      0      0      0     
0x2af5515aecc0           STG.E desc[UR16][R2.64+0x90], R7                                        47     47     47     8192   262144   262144   32     32     0      0      0      Global        Store      32     262144 0      0      0      0      229376 262144 32768         0      0      0      0      0      0      0      0      0      0      47     0      0      0      0      0      0      0      0      0      0      0      0      0      0      0      0      47     0      0      0      0      0      0      0      0      0      0      0      0     
0x2af5515aecd0           NOP                                                                     0      0      0      8192   262144   262144   32     32     0      0      0      -             -          -      0      0      0      0      0      0      0      0      -      0      0      0      0      0      0      0      0      0      0      0      0      0      0      0      0      0      0      0      0      0      0      0      0      0      0      0      0      0      0      0      0      0      0      0      0      0      0      0      0     
0x2af5515aece0           STG.E desc[UR16][R2.64+0x94], R9                                        38     37     38     8192   262144   262144   32     32     0      0      0      Global        Store      32     262144 0      0      0      0      229376 262144 32768         0      0      0      0      0      0      0      0      0      0      35     0      0      0      0      0      0      0      1      0      0      0      2      0      0      0      0      35     0      0      0      0      0      0      0      0      0      0      0      2     
0x2af5515aecf0           LDTM R5, tmem[UR4+0x26]                                                 49     49     49     8192   262144   262144   32     32     0      0      0      Tmem          Load       -      0      0      0      0      0      0      0      0      -      0      0      0      0      0      0      0      0      0      0      0      49     0      0      0      0      0      0      0      0      0      0      0      0      0      0      0      0      49     0      0      0      0      0      0      0      0      0      0      0     
0x2af5515aed00           NOP                                                                     0      0      0      8192   262144   262144   32     32     0      0      0      -             -          -      0      0      0      0      0      0      0      0      -      0      0      0      0      0      0      0      0      0      0      0      0      0      0      0      0      0      0      0      0      0      0      0      0      0      0      0      0      0      0      0      0      0      0      0      0      0      0      0      0     
0x2af5515aed10           LDTM R11, tmem[UR5+0x27]                                                18     18     18     8192   262144   262144   32     32     0      0      0      Tmem          Load       -      0      0      0      0      0      0      0      0      -      0      0      0      0      0      0      0      0      0      0      0      18     0      0      0      0      0      0      0      0      0      0      0      0      0      0      0      0      18     0      0      0      0      0      0      0      0      0      0      0     
0x2af5515aed20           R2UR UR4, R0                                                            1      0      1      8192   262144   262144   32     32     0      0      0      -             -          -      0      0      0      0      0      0      0      0      -      0      0      0      0      0      0      0      0      0      0      0      0      0      0      0      0      0      0      1      0      0      0      0      0      0      0      0      0      0      0      0      0      0      0      0      0      0      0      0      0     
0x2af5515aed30           R2UR UR5, R0                                                            0      0      0      8192   262144   262144   32     32     0      0      0      -             -          -      0      0      0      0      0      0      0      0      -      0      0      0      0      0      0      0      0      0      0      0      0      0      0      0      0      0      0      0      0      0      0      0      0      0      0      0      0      0      0      0      0      0      0      0      0      0      0      0      0     
0x2af5515aed40           STG.E desc[UR16][R2.64+0x98], R5                                        28     28     28     8192   262144   262144   32     32     0      0      0      Global        Store      32     262144 0      0      0      0      229376 262144 32768         0      0      0      0      0      0      0      0      0      0      28     0      0      0      0      0      0      0      0      0      0      0      0      0      0      0      0      28     0      0      0      0      0      0      0      0      0      0      0      0     
0x2af5515aed50           NOP                                                                     0      0      0      8192   262144   262144   32     32     0      0      0      -             -          -      0      0      0      0      0      0      0      0      -      0      0      0      0      0      0      0      0      0      0      0      0      0      0      0      0      0      0      0      0      0      0      0      0      0      0      0      0      0      0      0      0      0      0      0      0      0      0      0      0     
0x2af5515aed60           STG.E desc[UR16][R2.64+0x9c], R11                                       36     36     36     8192   262144   262144   32     32     0      0      0      Global        Store      32     262144 0      0      0      0      229376 262144 32768         0      0      0      0      0      0      0      0      0      0      36     0      0      0      0      0      0      0      0      0      0      0      0      0      0      0      0      36     0      0      0      0      0      0      0      0      0      0      0      0     
0x2af5515aed70           LDTM R7, tmem[UR4+0x28]                                                 193    192    193    8192   262144   262144   32     32     0      0      0      Tmem          Load       -      0      0      0      0      0      0      0      0      -      0      0      0      0      0      0      0      0      0      0      0      192    0      0      0      0      0      0      0      0      0      0      1      0      0      0      0      0      191    0      0      0      0      0      0      0      0      0      0      1     
0x2af5515aed80           NOP                                                                     0      0      0      8192   262144   262144   32     32     0      0      0      -             -          -      0      0      0      0      0      0      0      0      -      0      0      0      0      0      0      0      0      0      0      0      0      0      0      0      0      0      0      0      0      0      0      0      0      0      0      0      0      0      0      0      0      0      0      0      0      0      0      0      0     
0x2af5515aed90           LDTM R9, tmem[UR5+0x29]                                                 40     39     40     8192   262144   262144   32     32     0      0      0      Tmem          Load       -      0      0      0      0      0      0      0      0      -      0      0      0      0      0      0      0      0      0      0      0      40     0      0      0      0      0      0      0      0      0      0      0      0      0      0      0      0      39     0      0      0      0      0      0      0      0      0      0      0     
0x2af5515aeda0           R2UR UR4, R0                                                            0      0      0      8192   262144   262144   32     32     0      0      0      -             -          -      0      0      0      0      0      0      0      0      -      0      0      0      0      0      0      0      0      0      0      0      0      0      0      0      0      0      0      0      0      0      0      0      0      0      0      0      0      0      0      0      0      0      0      0      0      0      0      0      0     
0x2af5515aedb0           R2UR UR5, R0                                                            1      0      1      8192   262144   262144   32     32     0      0      0      -             -          -      0      0      0      0      0      0      0      0      -      0      0      0      0      0      0      0      0      0      0      0      0      0      0      0      0      0      0      1      0      0      0      0      0      0      0      0      0      0      0      0      0      0      0      0      0      0      0      0      0     
0x2af5515aedc0           STG.E desc[UR16][R2.64+0xa0], R7                                        31     31     31     8192   262144   262144   32     32     0      0      0      Global        Store      32     262144 0      0      0      0      229376 262144 32768         0      0      0      0      0      0      0      0      0      0      31     0      0      0      0      0      0      0      0      0      0      0      0      0      0      0      0      31     0      0      0      0      0      0      0      0      0      0      0      0     
0x2af5515aedd0           NOP                                                                     0      0      0      8192   262144   262144   32     32     0      0      0      -             -          -      0      0      0      0      0      0      0      0      -      0      0      0      0      0      0      0      0      0      0      0      0      0      0      0      0      0      0      0      0      0      0      0      0      0      0      0      0      0      0      0      0      0      0      0      0      0      0      0      0     
0x2af5515aede0           STG.E desc[UR16][R2.64+0xa4], R9                                        41     41     41     8192   262144   262144   32     32     0      0      0      Global        Store      32     262144 0      0      0      0      229376 262144 32768         0      0      0      0      0      0      0      0      0      0      41     0      0      0      0      0      0      0      0      0      0      0      0      0      0      0      0      41     0      0      0      0      0      0      0      0      0      0      0      0     
0x2af5515aedf0           LDTM R5, tmem[UR4+0x2a]                                                 64     60     64     8192   262144   262144   32     32     0      0      0      Tmem          Load       -      0      0      0      0      0      0      0      0      -      0      0      0      0      0      0      0      0      0      0      0      63     0      0      0      0      0      0      0      0      0      0      1      0      0      0      0      0      60     0      0      0      0      0      0      0      0      0      0      0     
0x2af5515aee00           NOP                                                                     0      0      0      8192   262144   262144   32     32     0      0      0      -             -          -      0      0      0      0      0      0      0      0      -      0      0      0      0      0      0      0      0      0      0      0      0      0      0      0      0      0      0      0      0      0      0      0      0      0      0      0      0      0      0      0      0      0      0      0      0      0      0      0      0     
0x2af5515aee10           LDTM R11, tmem[UR5+0x2b]                                                16     16     16     8192   262144   262144   32     32     0      0      0      Tmem          Load       -      0      0      0      0      0      0      0      0      -      0      0      0      0      0      0      0      0      0      0      0      15     0      0      0      0      0      0      0      1      0      0      0      0      0      0      0      0      15     0      0      0      0      0      0      0      1      0      0      0     
0x2af5515aee20           R2UR UR4, R0                                                            0      0      0      8192   262144   262144   32     32     0      0      0      -             -          -      0      0      0      0      0      0      0      0      -      0      0      0      0      0      0      0      0      0      0      0      0      0      0      0      0      0      0      0      0      0      0      0      0      0      0      0      0      0      0      0      0      0      0      0      0      0      0      0      0     
0x2af5515aee30           R2UR UR5, R0                                                            0      0      0      8192   262144   262144   32     32     0      0      0      -             -          -      0      0      0      0      0      0      0      0      -      0      0      0      0      0      0      0      0      0      0      0      0      0      0      0      0      0      0      0      0      0      0      0      0      0      0      0      0      0      0      0      0      0      0      0      0      0      0      0      0     
0x2af5515aee40           STG.E desc[UR16][R2.64+0xa8], R5                                        30     25     30     8192   262144   262144   32     32     0      0      0      Global        Store      32     262144 0      0      0      0      229376 262144 32768         0      0      0      0      0      0      0      0      0      0      28     0      0      0      0      0      0      2      0      0      0      0      0      0      0      0      0      25     0      0      0      0      0      0      0      0      0      0      0      0     
0x2af5515aee50           NOP                                                                     0      0      0      8192   262144   262144   32     32     0      0      0      -             -          -      0      0      0      0      0      0      0      0      -      0      0      0      0      0      0      0      0      0      0      0      0      0      0      0      0      0      0      0      0      0      0      0      0      0      0      0      0      0      0      0      0      0      0      0      0      0      0      0      0     
0x2af5515aee60           STG.E desc[UR16][R2.64+0xac], R11                                       44     44     44     8192   262144   262144   32     32     0      0      0      Global        Store      32     262144 0      0      0      0      229376 262144 32768         0      0      0      0      0      0      0      0      0      0      43     0      0      0      0      0      0      0      0      0      0      0      1      0      0      0      0      43     0      0      0      0      0      0      0      0      0      0      0      1     
0x2af5515aee70           LDTM R7, tmem[UR4+0x2c]                                                 223    221    223    8192   262144   262144   32     32     0      0      0      Tmem          Load       -      0      0      0      0      0      0      0      0      -      0      0      0      0      0      0      0      0      0      0      0      223    0      0      0      0      0      0      0      0      0      0      0      0      0      0      0      0      221    0      0      0      0      0      0      0      0      0      0      0     
0x2af5515aee80           NOP                                                                     0      0      0      8192   262144   262144   32     32     0      0      0      -             -          -      0      0      0      0      0      0      0      0      -      0      0      0      0      0      0      0      0      0      0      0      0      0      0      0      0      0      0      0      0      0      0      0      0      0      0      0      0      0      0      0      0      0      0      0      0      0      0      0      0     
0x2af5515aee90           LDTM R9, tmem[UR5+0x2d]                                                 32     32     32     8192   262144   262144   32     32     0      0      0      Tmem          Load       -      0      0      0      0      0      0      0      0      -      0      0      0      0      0      0      0      0      0      0      0      31     0      0      0      0      0      0      0      1      0      0      0      0      0      0      0      0      31     0      0      0      0      0      0      0      1      0      0      0     
0x2af5515aeea0           R2UR UR4, R0                                                            0      0      0      8192   262144   262144   32     32     0      0      0      -             -          -      0      0      0      0      0      0      0      0      -      0      0      0      0      0      0      0      0      0      0      0      0      0      0      0      0      0      0      0      0      0      0      0      0      0      0      0      0      0      0      0      0      0      0      0      0      0      0      0      0     
0x2af5515aeeb0           R2UR UR5, R0                                                            0      0      0      8192   262144   262144   32     32     0      0      0      -             -          -      0      0      0      0      0      0      0      0      -      0      0      0      0      0      0      0      0      0      0      0      0      0      0      0      0      0      0      0      0      0      0      0      0      0      0      0      0      0      0      0      0      0      0      0      0      0      0      0      0     
0x2af5515aeec0           STG.E desc[UR16][R2.64+0xb0], R7                                        46     46     46     8192   262144   262144   32     32     0      0      0      Global        Store      32     262144 0      0      0      0      229376 262144 32768         0      0      0      0      0      0      0      0      0      0      46     0      0      0      0      0      0      0      0      0      0      0      0      0      0      0      0      46     0      0      0      0      0      0      0      0      0      0      0      0     
0x2af5515aeed0           NOP                                                                     0      0      0      8192   262144   262144   32     32     0      0      0      -             -          -      0      0      0      0      0      0      0      0      -      0      0      0      0      0      0      0      0      0      0      0      0      0      0      0      0      0      0      0      0      0      0      0      0      0      0      0      0      0      0      0      0      0      0      0      0      0      0      0      0     
0x2af5515aeee0           STG.E desc[UR16][R2.64+0xb4], R9                                        40     40     40     8192   262144   262144   32     32     0      0      0      Global        Store      32     262144 0      0      0      0      229376 262144 32768         0      0      0      0      0      0      0      0      0      0      39     0      0      0      0      0      0      0      0      0      0      0      1      0      0      0      0      39     0      0      0      0      0      0      0      0      0      0      0      1     
0x2af5515aeef0           LDTM R5, tmem[UR4+0x2e]                                                 53     52     53     8192   262144   262144   32     32     0      0      0      Tmem          Load       -      0      0      0      0      0      0      0      0      -      0      0      0      0      0      0      0      0      0      0      0      53     0      0      0      0      0      0      0      0      0      0      0      0      0      0      0      0      52     0      0      0      0      0      0      0      0      0      0      0     
0x2af5515aef00           NOP                                                                     0      0      0      8192   262144   262144   32     32     0      0      0      -             -          -      0      0      0      0      0      0      0      0      -      0      0      0      0      0      0      0      0      0      0      0      0      0      0      0      0      0      0      0      0      0      0      0      0      0      0      0      0      0      0      0      0      0      0      0      0      0      0      0      0     
0x2af5515aef10           LDTM R11, tmem[UR5+0x2f]                                                26     25     26     8192   262144   262144   32     32     0      0      0      Tmem          Load       -      0      0      0      0      0      0      0      0      -      0      0      0      0      0      0      0      0      0      0      0      24     0      0      0      0      0      0      1      1      0      0      0      0      0      0      0      0      24     0      0      0      0      0      0      0      1      0      0      0     
0x2af5515aef20           R2UR UR4, R0                                                            0      0      0      8192   262144   262144   32     32     0      0      0      -             -          -      0      0      0      0      0      0      0      0      -      0      0      0      0      0      0      0      0      0      0      0      0      0      0      0      0      0      0      0      0      0      0      0      0      0      0      0      0      0      0      0      0      0      0      0      0      0      0      0      0     
0x2af5515aef30           R2UR UR5, R0                                                            0      0      0      8192   262144   262144   32     32     0      0      0      -             -          -      0      0      0      0      0      0      0      0      -      0      0      0      0      0      0      0      0      0      0      0      0      0      0      0      0      0      0      0      0      0      0      0      0      0      0      0      0      0      0      0      0      0      0      0      0      0      0      0      0     
0x2af5515aef40           STG.E desc[UR16][R2.64+0xb8], R5                                        26     26     26     8192   262144   262144   32     32     0      0      0      Global        Store      32     262144 0      0      0      0      229376 262144 32768         0      0      0      0      0      0      0      0      0      0      26     0      0      0      0      0      0      0      0      0      0      0      0      0      0      0      0      26     0      0      0      0      0      0      0      0      0      0      0      0     
0x2af5515aef50           NOP                                                                     0      0      0      8192   262144   262144   32     32     0      0      0      -             -          -      0      0      0      0      0      0      0      0      -      0      0      0      0      0      0      0      0      0      0      0      0      0      0      0      0      0      0      0      0      0      0      0      0      0      0      0      0      0      0      0      0      0      0      0      0      0      0      0      0     
0x2af5515aef60           STG.E desc[UR16][R2.64+0xbc], R11                                       46     46     46     8192   262144   262144   32     32     0      0      0      Global        Store      32     262144 0      0      0      0      229376 262144 32768         0      0      0      0      0      0      0      0      0      0      45     0      0      0      0      0      0      0      0      0      0      0      1      0      0      0      0      45     0      0      0      0      0      0      0      0      0      0      0      1     
0x2af5515aef70           LDTM R7, tmem[UR4+0x30]                                                 201    199    201    8192   262144   262144   32     32     0      0      0      Tmem          Load       -      0      0      0      0      0      0      0      0      -      0      0      0      0      0      0      0      0      0      0      0      199    0      0      0      0      0      0      1      0      0      0      1      0      0      0      0      0      198    0      0      0      0      0      0      0      0      0      0      1     
0x2af5515aef80           NOP                                                                     0      0      0      8192   262144   262144   32     32     0      0      0      -             -          -      0      0      0      0      0      0      0      0      -      0      0      0      0      0      0      0      0      0      0      0      0      0      0      0      0      0      0      0      0      0      0      0      0      0      0      0      0      0      0      0      0      0      0      0      0      0      0      0      0     
0x2af5515aef90           LDTM R9, tmem[UR5+0x31]                                                 36     35     36     8192   262144   262144   32     32     0      0      0      Tmem          Load       -      0      0      0      0      0      0      0      0      -      0      0      0      0      0      0      0      0      0      0      0      36     0      0      0      0      0      0      0      0      0      0      0      0      0      0      0      0      35     0      0      0      0      0      0      0      0      0      0      0     
0x2af5515aefa0           R2UR UR4, R0                                                            0      0      0      8192   262144   262144   32     32     0      0      0      -             -          -      0      0      0      0      0      0      0      0      -      0      0      0      0      0      0      0      0      0      0      0      0      0      0      0      0      0      0      0      0      0      0      0      0      0      0      0      0      0      0      0      0      0      0      0      0      0      0      0      0     
0x2af5515aefb0           R2UR UR5, R0                                                            0      0      0      8192   262144   262144   32     32     0      0      0      -             -          -      0      0      0      0      0      0      0      0      -      0      0      0      0      0      0      0      0      0      0      0      0      0      0      0      0      0      0      0      0      0      0      0      0      0      0      0      0      0      0      0      0      0      0      0      0      0      0      0      0     
0x2af5515aefc0           STG.E desc[UR16][R2.64+0xc0], R7                                        37     37     37     8192   262144   262144   32     32     0      0      0      Global        Store      32     262144 0      0      0      0      229376 262144 32768         0      0      0      0      0      0      0      0      0      0      37     0      0      0      0      0      0      0      0      0      0      0      0      0      0      0      0      37     0      0      0      0      0      0      0      0      0      0      0      0     
0x2af5515aefd0           NOP                                                                     0      0      0      8192   262144   262144   32     32     0      0      0      -             -          -      0      0      0      0      0      0      0      0      -      0      0      0      0      0      0      0      0      0      0      0      0      0      0      0      0      0      0      0      0      0      0      0      0      0      0      0      0      0      0      0      0      0      0      0      0      0      0      0      0     
0x2af5515aefe0           STG.E desc[UR16][R2.64+0xc4], R9                                        38     38     38     8192   262144   262144   32     32     0      0      0      Global        Store      32     262144 0      0      0      0      229376 262144 32768         0      0      0      0      0      0      0      0      0      0      37     0      0      0      0      0      0      0      0      0      0      0      1      0      0      0      0      37     0      0      0      0      0      0      0      0      0      0      0      1     
0x2af5515aeff0           LDTM R5, tmem[UR4+0x32]                                                 65     62     65     8192   262144   262144   32     32     0      0      0      Tmem          Load       -      0      0      0      0      0      0      0      0      -      0      0      0      0      0      0      0      0      0      0      0      60     0      0      0      0      0      0      2      0      0      0      3      0      0      0      0      0      59     0      0      0      0      0      0      0      0      0      0      3     
0x2af5515af000           NOP                                                                     0      0      0      8192   262144   262144   32     32     0      0      0      -             -          -      0      0      0      0      0      0      0      0      -      0      0      0      0      0      0      0      0      0      0      0      0      0      0      0      0      0      0      0      0      0      0      0      0      0      0      0      0      0      0      0      0      0      0      0      0      0      0      0      0     
0x2af5515af010           LDTM R11, tmem[UR5+0x33]                                                21     21     21     8192   262144   262144   32     32     0      0      0      Tmem          Load       -      0      0      0      0      0      0      0      0      -      0      0      0      0      0      0      0      0      0      0      0      21     0      0      0      0      0      0      0      0      0      0      0      0      0      0      0      0      21     0      0      0      0      0      0      0      0      0      0      0     
0x2af5515af020           R2UR UR4, R0                                                            0      0      0      8192   262144   262144   32     32     0      0      0      -             -          -      0      0      0      0      0      0      0      0      -      0      0      0      0      0      0      0      0      0      0      0      0      0      0      0      0      0      0      0      0      0      0      0      0      0      0      0      0      0      0      0      0      0      0      0      0      0      0      0      0     
0x2af5515af030           R2UR UR5, R0                                                            0      0      0      8192   262144   262144   32     32     0      0      0      -             -          -      0      0      0      0      0      0      0      0      -      0      0      0      0      0      0      0      0      0      0      0      0      0      0      0      0      0      0      0      0      0      0      0      0      0      0      0      0      0      0      0      0      0      0      0      0      0      0      0      0     
0x2af5515af040           STG.E desc[UR16][R2.64+0xc8], R5                                        36     36     36     8192   262144   262144   32     32     0      0      0      Global        Store      32     262144 0      0      0      0      229376 262144 32768         0      0      0      0      0      0      0      0      0      0      36     0      0      0      0      0      0      0      0      0      0      0      0      0      0      0      0      36     0      0      0      0      0      0      0      0      0      0      0      0     
0x2af5515af050           NOP                                                                     1      0      1      8192   262144   262144   32     32     0      0      0      -             -          -      0      0      0      0      0      0      0      0      -      0      0      0      0      0      0      0      0      0      0      0      0      0      0      0      0      0      0      1      0      0      0      0      0      0      0      0      0      0      0      0      0      0      0      0      0      0      0      0      0     
0x2af5515af060           STG.E desc[UR16][R2.64+0xcc], R11                                       48     47     48     8192   262144   262144   32     32     0      0      0      Global        Store      32     262144 0      0      0      0      229376 262144 32768         0      0      0      0      0      0      0      0      0      0      48     0      0      0      0      0      0      0      0      0      0      0      0      0      0      0      0      47     0      0      0      0      0      0      0      0      0      0      0      0     
0x2af5515af070           LDTM R7, tmem[UR4+0x34]                                                 190    186    190    8192   262144   262144   32     32     0      0      0      Tmem          Load       -      0      0      0      0      0      0      0      0      -      0      0      0      0      0      0      0      0      0      0      0      190    0      0      0      0      0      0      0      0      0      0      0      0      0      0      0      0      186    0      0      0      0      0      0      0      0      0      0      0     
0x2af5515af080           NOP                                                                     0      0      0      8192   262144   262144   32     32     0      0      0      -             -          -      0      0      0      0      0      0      0      0      -      0      0      0      0      0      0      0      0      0      0      0      0      0      0      0      0      0      0      0      0      0      0      0      0      0      0      0      0      0      0      0      0      0      0      0      0      0      0      0      0     
0x2af5515af090           LDTM R9, tmem[UR5+0x35]                                                 26     26     26     8192   262144   262144   32     32     0      0      0      Tmem          Load       -      0      0      0      0      0      0      0      0      -      0      0      0      0      0      0      0      0      0      0      0      26     0      0      0      0      0      0      0      0      0      0      0      0      0      0      0      0      26     0      0      0      0      0      0      0      0      0      0      0     
0x2af5515af0a0           R2UR UR4, R0                                                            1      0      1      8192   262144   262144   32     32     0      0      0      -             -          -      0      0      0      0      0      0      0      0      -      0      0      0      0      0      0      0      0      0      0      0      0      0      0      0      0      0      0      1      0      0      0      0      0      0      0      0      0      0      0      0      0      0      0      0      0      0      0      0      0     
0x2af5515af0b0           R2UR UR5, R0                                                            0      0      0      8192   262144   262144   32     32     0      0      0      -             -          -      0      0      0      0      0      0      0      0      -      0      0      0      0      0      0      0      0      0      0      0      0      0      0      0      0      0      0      0      0      0      0      0      0      0      0      0      0      0      0      0      0      0      0      0      0      0      0      0      0     
0x2af5515af0c0           STG.E desc[UR16][R2.64+0xd0], R7                                        25     25     25     8192   262144   262144   32     32     0      0      0      Global        Store      32     262144 0      0      0      0      229376 262144 32768         0      0      0      0      0      0      0      0      0      0      25     0      0      0      0      0      0      0      0      0      0      0      0      0      0      0      0      25     0      0      0      0      0      0      0      0      0      0      0      0     
0x2af5515af0d0           NOP                                                                     0      0      0      8192   262144   262144   32     32     0      0      0      -             -          -      0      0      0      0      0      0      0      0      -      0      0      0      0      0      0      0      0      0      0      0      0      0      0      0      0      0      0      0      0      0      0      0      0      0      0      0      0      0      0      0      0      0      0      0      0      0      0      0      0     
0x2af5515af0e0           STG.E desc[UR16][R2.64+0xd4], R9                                        31     31     31     8192   262144   262144   32     32     0      0      0      Global        Store      32     262144 0      0      0      0      229376 262144 32768         0      0      0      0      0      0      0      0      0      0      30     0      0      0      0      0      0      0      0      0      0      0      1      0      0      0      0      30     0      0      0      0      0      0      0      0      0      0      0      1     
0x2af5515af0f0           LDTM R5, tmem[UR4+0x36]                                                 75     73     75     8192   262144   262144   32     32     0      0      0      Tmem          Load       -      0      0      0      0      0      0      0      0      -      0      0      0      0      0      0      0      0      0      0      0      74     0      0      0      0      0      0      0      0      0      0      1      0      0      0      0      0      72     0      0      0      0      0      0      0      0      0      0      1     
0x2af5515af100           NOP                                                                     1      0      1      8192   262144   262144   32     32     0      0      0      -             -          -      0      0      0      0      0      0      0      0      -      0      0      0      0      0      0      0      0      0      0      0      0      0      0      0      0      0      0      1      0      0      0      0      0      0      0      0      0      0      0      0      0      0      0      0      0      0      0      0      0     
0x2af5515af110           LDTM R11, tmem[UR5+0x37]                                                29     29     29     8192   262144   262144   32     32     0      0      0      Tmem          Load       -      0      0      0      0      0      0      0      0      -      0      0      0      0      0      0      0      0      0      0      0      29     0      0      0      0      0      0      0      0      0      0      0      0      0      0      0      0      29     0      0      0      0      0      0      0      0      0      0      0     
0x2af5515af120           R2UR UR4, R0                                                            0      0      0      8192   262144   262144   32     32     0      0      0      -             -          -      0      0      0      0      0      0      0      0      -      0      0      0      0      0      0      0      0      0      0      0      0      0      0      0      0      0      0      0      0      0      0      0      0      0      0      0      0      0      0      0      0      0      0      0      0      0      0      0      0     
0x2af5515af130           R2UR UR5, R0                                                            0      0      0      8192   262144   262144   32     32     0      0      0      -             -          -      0      0      0      0      0      0      0      0      -      0      0      0      0      0      0      0      0      0      0      0      0      0      0      0      0      0      0      0      0      0      0      0      0      0      0      0      0      0      0      0      0      0      0      0      0      0      0      0      0     
0x2af5515af140           STG.E desc[UR16][R2.64+0xd8], R5                                        30     30     30     8192   262144   262144   32     32     0      0      0      Global        Store      32     262144 0      0      0      0      229376 262144 32768         0      0      0      0      0      0      0      0      0      0      30     0      0      0      0      0      0      0      0      0      0      0      0      0      0      0      0      30     0      0      0      0      0      0      0      0      0      0      0      0     
0x2af5515af150           NOP                                                                     0      0      0      8192   262144   262144   32     32     0      0      0      -             -          -      0      0      0      0      0      0      0      0      -      0      0      0      0      0      0      0      0      0      0      0      0      0      0      0      0      0      0      0      0      0      0      0      0      0      0      0      0      0      0      0      0      0      0      0      0      0      0      0      0     
0x2af5515af160           STG.E desc[UR16][R2.64+0xdc], R11                                       40     40     40     8192   262144   262144   32     32     0      0      0      Global        Store      32     262144 0      0      0      0      229376 262144 32768         0      0      0      0      0      0      0      0      0      0      39     0      0      0      0      0      0      0      0      0      0      0      1      0      0      0      0      39     0      0      0      0      0      0      0      0      0      0      0      1     
0x2af5515af170           LDTM R7, tmem[UR4+0x38]                                                 143    140    143    8192   262144   262144   32     32     0      0      0      Tmem          Load       -      0      0      0      0      0      0      0      0      -      0      0      0      0      0      0      0      0      0      0      0      141    0      0      0      0      0      0      0      0      0      0      2      0      0      0      0      0      139    0      0      0      0      0      0      0      0      0      0      1     
0x2af5515af180           NOP                                                                     0      0      0      8192   262144   262144   32     32     0      0      0      -             -          -      0      0      0      0      0      0      0      0      -      0      0      0      0      0      0      0      0      0      0      0      0      0      0      0      0      0      0      0      0      0      0      0      0      0      0      0      0      0      0      0      0      0      0      0      0      0      0      0      0     
0x2af5515af190           LDTM R9, tmem[UR5+0x39]                                                 48     48     48     8192   262144   262144   32     32     0      0      0      Tmem          Load       -      0      0      0      0      0      0      0      0      -      0      0      0      0      0      0      0      0      0      0      0      47     0      0      0      0      0      0      0      1      0      0      0      0      0      0      0      0      47     0      0      0      0      0      0      0      1      0      0      0     
0x2af5515af1a0           R2UR UR4, R0                                                            0      0      0      8192   262144   262144   32     32     0      0      0      -             -          -      0      0      0      0      0      0      0      0      -      0      0      0      0      0      0      0      0      0      0      0      0      0      0      0      0      0      0      0      0      0      0      0      0      0      0      0      0      0      0      0      0      0      0      0      0      0      0      0      0     
0x2af5515af1b0           R2UR UR5, R0                                                            0      0      0      8192   262144   262144   32     32     0      0      0      -             -          -      0      0      0      0      0      0      0      0      -      0      0      0      0      0      0      0      0      0      0      0      0      0      0      0      0      0      0      0      0      0      0      0      0      0      0      0      0      0      0      0      0      0      0      0      0      0      0      0      0     
0x2af5515af1c0           STG.E desc[UR16][R2.64+0xe0], R7                                        12     12     12     8192   262144   262144   32     32     0      0      0      Global        Store      32     262144 0      0      0      0      229376 262144 32768         0      0      0      0      0      0      0      0      0      0      12     0      0      0      0      0      0      0      0      0      0      0      0      0      0      0      0      12     0      0      0      0      0      0      0      0      0      0      0      0     
0x2af5515af1d0           NOP                                                                     0      0      0      8192   262144   262144   32     32     0      0      0      -             -          -      0      0      0      0      0      0      0      0      -      0      0      0      0      0      0      0      0      0      0      0      0      0      0      0      0      0      0      0      0      0      0      0      0      0      0      0      0      0      0      0      0      0      0      0      0      0      0      0      0     
0x2af5515af1e0           STG.E desc[UR16][R2.64+0xe4], R9                                        16     16     16     8192   262144   262144   32     32     0      0      0      Global        Store      32     262144 0      0      0      0      229376 262144 32768         0      0      0      0      0      0      0      0      0      0      15     0      0      0      0      0      0      0      0      1      0      0      0      0      0      0      0      15     0      0      0      0      0      0      0      0      1      0      0      0     
0x2af5515af1f0           LDTM R5, tmem[UR4+0x3a]                                                 78     77     78     8192   262144   262144   32     32     0      0      0      Tmem          Load       -      0      0      0      0      0      0      0      0      -      0      0      0      0      0      0      0      0      0      0      0      78     0      0      0      0      0      0      0      0      0      0      0      0      0      0      0      0      77     0      0      0      0      0      0      0      0      0      0      0     
0x2af5515af200           NOP                                                                     0      0      0      8192   262144   262144   32     32     0      0      0      -             -          -      0      0      0      0      0      0      0      0      -      0      0      0      0      0      0      0      0      0      0      0      0      0      0      0      0      0      0      0      0      0      0      0      0      0      0      0      0      0      0      0      0      0      0      0      0      0      0      0      0     
0x2af5515af210           LDTM R11, tmem[UR5+0x3b]                                                32     32     32     8192   262144   262144   32     32     0      0      0      Tmem          Load       -      0      0      0      0      0      0      0      0      -      0      0      0      0      0      0      0      0      0      0      0      32     0      0      0      0      0      0      0      0      0      0      0      0      0      0      0      0      32     0      0      0      0      0      0      0      0      0      0      0     
0x2af5515af220           R2UR UR4, R0                                                            0      0      0      8192   262144   262144   32     32     0      0      0      -             -          -      0      0      0      0      0      0      0      0      -      0      0      0      0      0      0      0      0      0      0      0      0      0      0      0      0      0      0      0      0      0      0      0      0      0      0      0      0      0      0      0      0      0      0      0      0      0      0      0      0     
0x2af5515af230           R2UR UR5, R0                                                            0      0      0      8192   262144   262144   32     32     0      0      0      -             -          -      0      0      0      0      0      0      0      0      -      0      0      0      0      0      0      0      0      0      0      0      0      0      0      0      0      0      0      0      0      0      0      0      0      0      0      0      0      0      0      0      0      0      0      0      0      0      0      0      0     
0x2af5515af240           STG.E desc[UR16][R2.64+0xe8], R5                                        22     21     22     8192   262144   262144   32     32     0      0      0      Global        Store      32     262144 0      0      0      0      229376 262144 32768         0      0      0      0      0      0      0      0      0      0      21     0      0      0      0      0      0      1      0      0      0      0      0      0      0      0      0      21     0      0      0      0      0      0      0      0      0      0      0      0     
0x2af5515af250           NOP                                                                     0      0      0      8192   262144   262144   32     32     0      0      0      -             -          -      0      0      0      0      0      0      0      0      -      0      0      0      0      0      0      0      0      0      0      0      0      0      0      0      0      0      0      0      0      0      0      0      0      0      0      0      0      0      0      0      0      0      0      0      0      0      0      0      0     
0x2af5515af260           STG.E desc[UR16][R2.64+0xec], R11                                       18     18     18     8192   262144   262144   32     32     0      0      0      Global        Store      32     262144 0      0      0      0      229376 262144 32768         0      0      0      0      0      0      0      0      0      0      18     0      0      0      0      0      0      0      0      0      0      0      0      0      0      0      0      18     0      0      0      0      0      0      0      0      0      0      0      0     
0x2af5515af270           LDTM R7, tmem[UR4+0x3c]                                                 152    151    152    8192   262144   262144   32     32     0      0      0      Tmem          Load       -      0      0      0      0      0      0      0      0      -      0      0      0      0      0      0      0      0      0      0      0      151    0      0      0      0      0      0      0      0      0      0      1      0      0      0      0      0      150    0      0      0      0      0      0      0      0      0      0      1     
0x2af5515af280           NOP                                                                     0      0      0      8192   262144   262144   32     32     0      0      0      -             -          -      0      0      0      0      0      0      0      0      -      0      0      0      0      0      0      0      0      0      0      0      0      0      0      0      0      0      0      0      0      0      0      0      0      0      0      0      0      0      0      0      0      0      0      0      0      0      0      0      0     
0x2af5515af290           LDTM R9, tmem[UR5+0x3d]                                                 26     26     26     8192   262144   262144   32     32     0      0      0      Tmem          Load       -      0      0      0      0      0      0      0      0      -      0      0      0      0      0      0      0      0      0      0      0      26     0      0      0      0      0      0      0      0      0      0      0      0      0      0      0      0      26     0      0      0      0      0      0      0      0      0      0      0     
0x2af5515af2a0           R2UR UR4, R0                                                            0      0      0      8192   262144   262144   32     32     0      0      0      -             -          -      0      0      0      0      0      0      0      0      -      0      0      0      0      0      0      0      0      0      0      0      0      0      0      0      0      0      0      0      0      0      0      0      0      0      0      0      0      0      0      0      0      0      0      0      0      0      0      0      0     
0x2af5515af2b0           R2UR UR5, R0                                                            0      0      0      8192   262144   262144   32     32     0      0      0      -             -          -      0      0      0      0      0      0      0      0      -      0      0      0      0      0      0      0      0      0      0      0      0      0      0      0      0      0      0      0      0      0      0      0      0      0      0      0      0      0      0      0      0      0      0      0      0      0      0      0      0     
0x2af5515af2c0           STG.E desc[UR16][R2.64+0xf0], R7                                        17     17     17     8192   262144   262144   32     32     0      0      0      Global        Store      32     262144 0      0      0      0      229376 262144 32768         0      0      0      0      0      0      0      0      0      0      17     0      0      0      0      0      0      0      0      0      0      0      0      0      0      0      0      17     0      0      0      0      0      0      0      0      0      0      0      0     
0x2af5515af2d0           NOP                                                                     0      0      0      8192   262144   262144   32     32     0      0      0      -             -          -      0      0      0      0      0      0      0      0      -      0      0      0      0      0      0      0      0      0      0      0      0      0      0      0      0      0      0      0      0      0      0      0      0      0      0      0      0      0      0      0      0      0      0      0      0      0      0      0      0     
0x2af5515af2e0           STG.E desc[UR16][R2.64+0xf4], R9                                        9      9      9      8192   262144   262144   32     32     0      0      0      Global        Store      32     262144 0      0      0      0      229376 262144 32768         0      0      0      0      0      0      0      0      0      0      9      0      0      0      0      0      0      0      0      0      0      0      0      0      0      0      0      9      0      0      0      0      0      0      0      0      0      0      0      0     
0x2af5515af2f0           LDTM R5, tmem[UR4+0x3e]                                                 99     98     99     8192   262144   262144   32     32     0      0      0      Tmem          Load       -      0      0      0      0      0      0      0      0      -      0      0      0      0      0      0      0      0      0      0      0      98     0      0      0      0      0      0      0      0      0      0      1      0      0      0      0      0      97     0      0      0      0      0      0      0      0      0      0      1     
0x2af5515af300           NOP                                                                     0      0      0      8192   262144   262144   32     32     0      0      0      -             -          -      0      0      0      0      0      0      0      0      -      0      0      0      0      0      0      0      0      0      0      0      0      0      0      0      0      0      0      0      0      0      0      0      0      0      0      0      0      0      0      0      0      0      0      0      0      0      0      0      0     
0x2af5515af310           LDTM R11, tmem[UR5+0x3f]                                                42     42     42     8192   262144   262144   32     32     0      0      0      Tmem          Load       -      0      0      0      0      0      0      0      0      -      0      0      0      0      0      0      0      0      0      0      0      42     0      0      0      0      0      0      0      0      0      0      0      0      0      0      0      0      42     0      0      0      0      0      0      0      0      0      0      0     
0x2af5515af320           STG.E desc[UR16][R2.64+0xf8], R5                                        3      3      3      8192   262144   262144   32     32     0      0      0      Global        Store      32     262144 0      0      0      0      229376 262144 32768         0      0      0      0      0      0      0      0      0      0      3      0      0      0      0      0      0      0      0      0      0      0      0      0      0      0      0      3      0      0      0      0      0      0      0      0      0      0      0      0     
0x2af5515af330           NOP                                                                     1      0      1      8192   262144   262144   32     32     0      0      0      -             -          -      0      0      0      0      0      0      0      0      -      0      0      0      0      0      0      0      0      0      0      0      0      0      0      0      0      0      0      1      0      0      0      0      0      0      0      0      0      0      0      0      0      0      0      0      0      0      0      0      0     
0x2af5515af340           STG.E desc[UR16][R2.64+0xfc], R11                                       21     19     21     8192   262144   262144   32     32     0      0      0      Global        Store      32     262144 0      0      0      0      229376 262144 32768         0      0      0      0      0      0      0      0      0      0      19     0      0      0      0      0      0      0      2      0      0      0      0      0      0      0      0      19     0      0      0      0      0      0      0      0      0      0      0      0     
0x2af5515af350           BAR.SYNC.DEFER_BLOCKING 0x0                                             0      0      0      8192   262144   262144   32     32     0      0      0      -             -          -      0      0      0      0      0      0      0      0      -      0      0      0      0      0      0      0      0      0      0      0      0      0      0      0      0      0      0      0      0      0      0      0      0      0      0      0      0      0      0      0      0      0      0      0      0      0      0      0      0     
0x2af5515af360     @P0   EXIT                                                                    140    140    140    8192   262144   196608   32     24     8      8      0      -             -          -      0      0      0      0      0      0      0      0      -      0      0      0      0      0      0      140    0      0      0      0      0      0      0      0      0      0      0      0      0      0      0      0      140    0      0      0      0      0      0      0      0      0      0      0      0      0      0      0      0     
0x2af5515af370           MOV R3, 0x40                                                            85     84     85     2048   65536    65536    32     32     8      0      0      -             -          -      0      0      0      0      0      0      0      0      -      0      0      0      0      0      0      0      0      0      0      0      85     0      0      0      0      0      0      0      0      0      0      0      0      0      0      0      0      84     0      0      0      0      0      0      0      0      0      0      0     
0x2af5515af380           NOP                                                                     0      0      0      2048   65536    65536    32     32     0      0      0      -             -          -      0      0      0      0      0      0      0      0      -      0      0      0      0      0      0      0      0      0      0      0      0      0      0      0      0      0      0      0      0      0      0      0      0      0      0      0      0      0      0      0      0      0      0      0      0      0      0      0      0     
0x2af5515af390           LEA R4, R4, R3, 0x18                                                    0      0      0      2048   65536    65536    32     32     0      0      0      -             -          -      0      0      0      0      0      0      0      0      -      0      0      0      0      0      0      0      0      0      0      0      0      0      0      0      0      0      0      0      0      0      0      0      0      0      0      0      0      0      0      0      0      0      0      0      0      0      0      0      0     
0x2af5515af3a0           ULOP3.LUT UR8, UR8, 0xffff, URZ, 0xc0, !UPT                             0      0      0      2048   65536    65536    32     32     0      0      0      -             -          -      0      0      0      0      0      0      0      0      -      0      0      0      0      0      0      0      0      0      0      0      0      0      0      0      0      0      0      0      0      0      0      0      0      0      0      0      0      0      0      0      0      0      0      0      0      0      0      0      0     
0x2af5515af3b0           ISETP.NE.AND P1, PT, R14, RZ, PT                                        0      0      0      2048   65536    65536    32     32     0      0      0      -             -          -      0      0      0      0      0      0      0      0      -      0      0      0      0      0      0      0      0      0      0      0      0      0      0      0      0      0      0      0      0      0      0      0      0      0      0      0      0      0      0      0      0      0      0      0      0      0      0      0      0     
0x2af5515af3c0           UMOV UR4, 0x3                                                           0      0      0      2048   65536    65536    32     32     0      0      0      -             -          -      0      0      0      0      0      0      0      0      -      0      0      0      0      0      0      0      0      0      0      0      0      0      0      0      0      0      0      0      0      0      0      0      0      0      0      0      0      0      0      0      0      0      0      0      0      0      0      0      0     
0x2af5515af3d0           UMOV UR5, 0x1                                                           0      0      0      2048   65536    65536    32     32     0      0      0      -             -          -      0      0      0      0      0      0      0      0      -      0      0      0      0      0      0      0      0      0      0      0      0      0      0      0      0      0      0      0      0      0      0      0      0      0      0      0      0      0      0      0      0      0      0      0      0      0      0      0      0     
0x2af5515af3e0           LDS R0, [R4+0x14]                                                       0      0      0      2048   65536    65536    32     32     0      0      0      Shared        Load       32     0      1      0      2048   2048   0      0      0      -      0      0      0      0      0      0      0      0      0      0      0      0      0      0      0      0      0      0      0      0      0      0      0      0      0      0      0      0      0      0      0      0      0      0      0      0      0      0      0      0     
0x2af5515af3f0           USHF.R.U32.HI UR8, URZ, 0x5, UR8                                        0      0      0      2048   65536    65536    32     32     0      0      0      -             -          -      0      0      0      0      0      0      0      0      -      0      0      0      0      0      0      0      0      0      0      0      0      0      0      0      0      0      0      0      0      0      0      0      0      0      0      0      0      0      0      0      0      0      0      0      0      0      0      0      0     
0x2af5515af400           USHF.L.U32 UR4, UR4, UR8, URZ                                           0      0      0      2048   65536    65536    32     32     0      0      0      -             -          -      0      0      0      0      0      0      0      0      -      0      0      0      0      0      0      0      0      0      0      0      0      0      0      0      0      0      0      0      0      0      0      0      0      0      0      0      0      0      0      0      0      0      0      0      0      0      0      0      0     
0x2af5515af410           USHF.L.U32 UR8, UR5, UR8, URZ                                           0      0      0      2048   65536    65536    32     32     0      0      0      -             -          -      0      0      0      0      0      0      0      0      -      0      0      0      0      0      0      0      0      0      0      0      0      0      0      0      0      0      0      0      0      0      0      0      0      0      0      0      0      0      0      0      0      0      0      0      0      0      0      0      0     
0x2af5515af420           LOP3.LUT R0, R0, UR4, RZ, 0xc0, !PT                                     82     81     82     2048   65536    65536    32     32     0      0      0      -             -          -      0      0      0      0      0      0      0      0      -      0      0      0      0      0      0      0      0      0      0      0      0      0      0      0      0      0      0      0      81     0      0      1      0      0      0      0      0      0      0      0      0      0      0      0      0      80     0      0      1     
0x2af5515af430           ISETP.NE.AND P0, PT, R0, UR4, PT                                        0      0      0      2048   65536    65536    32     32     0      0      0      -             -          -      0      0      0      0      0      0      0      0      -      0      0      0      0      0      0      0      0      0      0      0      0      0      0      0      0      0      0      0      0      0      0      0      0      0      0      0      0      0      0      0      0      0      0      0      0      0      0      0      0     
0x2af5515af440     @P0   BRA 0x2af5515af5b0                                                      0      0      0      2048   65536    0        32     0      32     32     0      -             -          -      0      0      0      0      0      0      0      0      -      0      0      0      0      0      0      0      0      0      0      0      0      0      0      0      0      0      0      0      0      0      0      0      0      0      0      0      0      0      0      0      0      0      0      0      0      0      0      0      0     
0x2af5515af450           LDS R0, [R4+0x18]                                                       0      0      0      2048   65536    65536    32     32     32     0      0      Shared        Load       32     0      1      0      2048   2048   0      0      0      -      0      0      0      0      0      0      0      0      0      0      0      0      0      0      0      0      0      0      0      0      0      0      0      0      0      0      0      0      0      0      0      0      0      0      0      0      0      0      0      0     
0x2af5515af460           LOP3.LUT R0, R0, UR8, RZ, 0xc0, !PT                                     31     31     31     2048   65536    65536    32     32     0      0      0      -             -          -      0      0      0      0      0      0      0      0      -      0      0      0      0      0      0      0      0      0      0      0      0      0      0      0      0      0      0      0      31     0      0      0      0      0      0      0      0      0      0      0      0      0      0      0      0      31     0      0      0     
0x2af5515af470           ISETP.NE.AND P0, PT, R0, UR8, PT                                        0      0      0      2048   65536    65536    32     32     0      0      0      -             -          -      0      0      0      0      0      0      0      0      -      0      0      0      0      0      0      0      0      0      0      0      0      0      0      0      0      0      0      0      0      0      0      0      0      0      0      0      0      0      0      0      0      0      0      0      0      0      0      0      0     
0x2af5515af480     @P0   BRA 0x2af5515af580                                                      0      0      0      2048   65536    0        32     0      32     32     0      -             -          -      0      0      0      0      0      0      0      0      -      0      0      0      0      0      0      0      0      0      0      0      0      0      0      0      0      0      0      0      0      0      0      0      0      0      0      0      0      0      0      0      0      0      0      0      0      0      0      0      0     
0x2af5515af490           S2R R2, SR_LANEID                                                       0      0      0      2048   65536    65536    32     32     32     0      0      -             -          -      0      0      0      0      0      0      0      0      -      0      0      0      0      0      0      0      0      0      0      0      0      0      0      0      0      0      0      0      0      0      0      0      0      0      0      0      0      0      0      0      0      0      0      0      0      0      0      0      0     
0x2af5515af4a0           ULOP3.LUT UR4, URZ, UR4, URZ, 0x33, !UPT                                0      0      0      2048   65536    65536    32     32     0      0      0      -             -          -      0      0      0      0      0      0      0      0      -      0      0      0      0      0      0      0      0      0      0      0      0      0      0      0      0      0      0      0      0      0      0      0      0      0      0      0      0      0      0      0      0      0      0      0      0      0      0      0      0     
0x2af5515af4b0           LOP3.LUT R0, RZ, UR8, RZ, 0x33, !PT                                     0      0      0      2048   65536    65536    32     32     0      0      0      -             -          -      0      0      0      0      0      0      0      0      -      0      0      0      0      0      0      0      0      0      0      0      0      0      0      0      0      0      0      0      0      0      0      0      0      0      0      0      0      0      0      0      0      0      0      0      0      0      0      0      0     
0x2af5515af4c0           VOTEU.ANY UR5, UPT, PT                                                  0      0      0      2048   65536    65536    32     32     0      0      0      -             -          -      0      0      0      0      0      0      0      0      -      0      0      0      0      0      0      0      0      0      0      0      0      0      0      0      0      0      0      0      0      0      0      0      0      0      0      0      0      0      0      0      0      0      0      0      0      0      0      0      0     
0x2af5515af4d0           UFLO.U32 UR5, UR5                                                       0      0      0      2048   65536    65536    32     32     0      0      0      -             -          -      0      0      0      0      0      0      0      0      -      0      0      0      0      0      0      0      0      0      0      0      0      0      0      0      0      0      0      0      0      0      0      0      0      0      0      0      0      0      0      0      0      0      0      0      0      0      0      0      0     
0x2af5515af4e0           REDUX UR7, R0                                                           0      0      0      2048   65536    65536    32     32     0      0      0      -             -          -      0      0      0      0      0      0      0      0      -      0      0      0      0      0      0      0      0      0      0      0      0      0      0      0      0      0      0      0      0      0      0      0      0      0      0      0      0      0      0      0      0      0      0      0      0      0      0      0      0     
0x2af5515af4f0           IMAD.U32 R5, RZ, RZ, UR4                                                0      0      0      2048   65536    65536    32     32     0      0      0      -             -          -      0      0      0      0      0      0      0      0      -      0      0      0      0      0      0      0      0      0      0      0      0      0      0      0      0      0      0      0      0      0      0      0      0      0      0      0      0      0      0      0      0      0      0      0      0      0      0      0      0     
0x2af5515af500           UTCATOMSWS.AND URZ, UR4                                                 0      0      0      2048   65536    65536    32     32     0      0      0      -             -          -      0      0      0      0      0      0      0      0      -      0      0      0      0      0      0      0      0      0      0      0      0      0      0      0      0      0      0      0      0      0      0      0      0      0      0      0      0      0      0      0      0      0      0      0      0      0      0      0      0     
0x2af5515af510           REDUX UR6, R5                                                           0      0      0      2048   65536    65536    32     32     0      0      0      -             -          -      0      0      0      0      0      0      0      0      -      0      0      0      0      0      0      0      0      0      0      0      0      0      0      0      0      0      0      0      0      0      0      0      0      0      0      0      0      0      0      0      0      0      0      0      0      0      0      0      0     
0x2af5515af520           IMAD.U32 R3, RZ, RZ, UR7                                                2      2      2      2048   65536    65536    32     32     0      0      0      -             -          -      0      0      0      0      0      0      0      0      -      0      0      0      0      0      0      0      0      0      0      0      0      0      0      0      0      0      0      0      2      0      0      0      0      0      0      0      0      0      0      0      0      0      0      0      0      2      0      0      0     
0x2af5515af530           ISETP.EQ.U32.AND P0, PT, R2, UR5, PT                                    13     13     13     2048   65536    65536    32     32     0      0      0      -             -          -      0      0      0      0      0      0      0      0      -      0      0      0      0      0      0      0      0      0      0      0      0      0      0      0      0      0      0      0      13     0      0      0      0      0      0      0      0      0      0      0      0      0      0      0      0      13     0      0      0     
0x2af5515af540           IMAD.U32 R2, RZ, RZ, UR6                                                0      0      0      2048   65536    65536    32     32     0      0      0      -             -          -      0      0      0      0      0      0      0      0      -      0      0      0      0      0      0      0      0      0      0      0      0      0      0      0      0      0      0      0      0      0      0      0      0      0      0      0      0      0      0      0      0      0      0      0      0      0      0      0      0     
0x2af5515af550     @P0   ATOMS.AND RZ, [R4+0x14], R2                                             1      1      1      2048   65536    2048     32     1      31     31     0      Shared        Atomic     32     0      1      0      2048   2048   0      0      0      -      0      0      0      0      0      0      0      0      0      0      0      0      0      0      0      0      0      0      0      0      0      0      1      0      0      0      0      0      0      0      0      0      0      0      0      0      0      0      0      1     
0x2af5515af560     @P0   ATOMS.AND RZ, [R4+0x18], R3                                             1      1      1      2048   65536    2048     32     1      0      31     0      Shared        Atomic     32     0      1      0      2048   2048   0      0      0      -      0      0      0      0      0      0      0      0      0      0      0      0      0      0      0      0      0      0      0      0      0      0      1      0      0      0      0      0      0      0      0      0      0      0      0      0      0      0      0      1     
0x2af5515af570           BRA 0x2af5515af5d0                                                      0      0      0      2048   65536    65536    32     32     31     0      0      -             -          -      0      0      0      0      0      0      0      0      -      0      0      0      0      0      0      0      0      0      0      0      0      0      0      0      0      0      0      0      0      0      0      0      0      0      0      0      0      0      0      0      0      0      0      0      0      0      0      0      0     
0x2af5515af580           MOV R2, 0x35a0                                                          1      1      1      0      0        0        0      0      32     32     0      -             -          -      0      0      0      0      0      0      0      0      -      0      0      0      0      0      0      0      0      0      0      0      0      0      0      0      0      0      0      0      0      0      0      1      0      0      0      0      0      0      0      0      0      0      0      0      0      0      0      0      1     
0x2af5515af590           CALL.REL.NOINC 0x2af5515af780                                           0      0      0      0      0        0        0      0      0      32     0      -             -          -      0      0      0      0      0      0      0      0      -      0      0      0      0      0      0      0      0      0      0      0      0      0      0      0      0      0      0      0      0      0      0      0      0      0      0      0      0      0      0      0      0      0      0      0      0      0      0      0      0     
0x2af5515af5a0           BRA 0x2af5515af5d0                                                      0      0      0      0      0        0        0      0      0      32     0      -             -          -      0      0      0      0      0      0      0      0      -      0      0      0      0      0      0      0      0      0      0      0      0      0      0      0      0      0      0      0      0      0      0      0      0      0      0      0      0      0      0      0      0      0      0      0      0      0      0      0      0     
0x2af5515af5b0           MOV R2, 0x35d0                                                          0      0      0      0      0        0        0      0      0      32     0      -             -          -      0      0      0      0      0      0      0      0      -      0      0      0      0      0      0      0      0      0      0      0      0      0      0      0      0      0      0      0      0      0      0      0      0      0      0      0      0      0      0      0      0      0      0      0      0      0      0      0      0     
0x2af5515af5c0           CALL.REL.NOINC 0x2af5515af7e0                                           0      0      0      0      0        0        0      0      0      32     0      -             -          -      0      0      0      0      0      0      0      0      -      0      0      0      0      0      0      0      0      0      0      0      0      0      0      0      0      0      0      0      0      0      0      0      0      0      0      0      0      0      0      0      0      0      0      0      0      0      0      0      0     
0x2af5515af5d0           NOP                                                                     1      1      1      2048   65536    65536    32     32     32     0      0      -             -          -      0      0      0      0      0      0      0      0      -      0      0      0      0      0      0      0      1      0      0      0      0      0      0      0      0      0      0      0      0      0      0      0      0      1      0      0      0      0      0      0      0      0      0      0      0      0      0      0      0     
0x2af5515af5e0     @P1   EXIT                                                                    1      1      1      2048   65536    63488    32     31     1      1      0      -             -          -      0      0      0      0      0      0      0      0      -      0      0      0      0      0      0      0      0      0      0      0      0      0      0      0      0      0      0      0      1      0      0      0      0      0      0      0      0      0      0      0      0      0      0      0      0      1      0      0      0     
0x2af5515af5f0           S2UR UR6, SR_CgaCtaId                                                   1      1      1      2048   2048     2048     1      1      30     31     0      -             -          -      0      0      0      0      0      0      0      0      -      0      0      0      0      0      0      0      0      0      0      0      0      0      0      0      0      0      0      0      0      0      0      1      0      0      0      0      0      0      0      0      0      0      0      0      0      0      0      0      1     
0x2af5515af600           UMOV UR4, 0x400                                                         0      0      0      2048   2048     2048     1      1      0      31     0      -             -          -      0      0      0      0      0      0      0      0      -      0      0      0      0      0      0      0      0      0      0      0      0      0      0      0      0      0      0      0      0      0      0      0      0      0      0      0      0      0      0      0      0      0      0      0      0      0      0      0      0     
0x2af5515af610           UIADD3 UR5, UPT, UPT, UR4, 0x8, URZ                                     2      1      2      2048   2048     2048     1      1      0      31     0      -             -          -      0      0      0      0      0      0      0      0      -      0      0      0      0      0      0      0      0      0      0      0      0      0      0      0      0      0      0      1      0      0      0      1      0      0      0      0      0      0      0      0      0      0      0      0      0      0      0      0      1     
0x2af5515af620           UIADD3 UR4, UPT, UPT, UR4, 0x20, URZ                                    0      0      0      2048   2048     2048     1      1      0      31     0      -             -          -      0      0      0      0      0      0      0      0      -      0      0      0      0      0      0      0      0      0      0      0      0      0      0      0      0      0      0      0      0      0      0      0      0      0      0      0      0      0      0      0      0      0      0      0      0      0      0      0      0     
0x2af5515af630           ULEA UR5, UR6, UR5, 0x18                                                4      4      4      2048   2048     2048     1      1      0      31     0      -             -          -      0      0      0      0      0      0      0      0      -      0      0      0      0      0      0      0      0      0      0      0      0      0      0      0      0      0      0      0      4      0      0      0      0      0      0      0      0      0      0      0      0      0      0      0      0      4      0      0      0     
0x2af5515af640           ULEA UR4, UR6, UR4, 0x18                                                0      0      0      2048   2048     2048     1      1      0      31     0      -             -          -      0      0      0      0      0      0      0      0      -      0      0      0      0      0      0      0      0      0      0      0      0      0      0      0      0      0      0      0      0      0      0      0      0      0      0      0      0      0      0      0      0      0      0      0      0      0      0      0      0     
0x2af5515af650           SYNCS.CCTL.IV [UR5]                                                     0      0      0      2048   2048     2048     1      1      0      31     0      -             -          -      0      0      0      0      0      0      0      0      -      0      0      0      0      0      0      0      0      0      0      0      0      0      0      0      0      0      0      0      0      0      0      0      0      0      0      0      0      0      0      0      0      0      0      0      0      0      0      0      0     
0x2af5515af660           SYNCS.CCTL.IV [UR4]                                                     3      3      3      2048   2048     2048     1      1      0      31     0      -             -          -      0      0      0      0      0      0      0      0      -      0      0      0      0      0      0      0      0      0      0      0      3      0      0      0      0      0      0      0      0      0      0      0      0      0      0      0      0      3      0      0      0      0      0      0      0      0      0      0      0     
0x2af5515af670           SYNCS.CCTL.IV [UR5+0x8]                                                 3      3      3      2048   2048     2048     1      1      0      31     0      -             -          -      0      0      0      0      0      0      0      0      -      0      0      0      0      0      0      0      0      0      0      0      3      0      0      0      0      0      0      0      0      0      0      0      0      0      0      0      0      3      0      0      0      0      0      0      0      0      0      0      0     
0x2af5515af680           SYNCS.CCTL.IV [UR4+0x8]                                                 4      4      4      2048   2048     2048     1      1      0      31     0      -             -          -      0      0      0      0      0      0      0      0      -      0      0      0      0      0      0      0      0      0      0      0      4      0      0      0      0      0      0      0      0      0      0      0      0      0      0      0      0      4      0      0      0      0      0      0      0      0      0      0      0     
0x2af5515af690           SYNCS.CCTL.IV [UR5+0x10]                                                2      2      2      2048   2048     2048     1      1      0      31     0      -             -          -      0      0      0      0      0      0      0      0      -      0      0      0      0      0      0      0      0      0      0      0      2      0      0      0      0      0      0      0      0      0      0      0      0      0      0      0      0      2      0      0      0      0      0      0      0      0      0      0      0     
0x2af5515af6a0           SYNCS.CCTL.IV [UR4+0x10]                                                3      3      3      2048   2048     2048     1      1      0      31     0      -             -          -      0      0      0      0      0      0      0      0      -      0      0      0      0      0      0      0      0      0      0      0      3      0      0      0      0      0      0      0      0      0      0      0      0      0      0      0      0      3      0      0      0      0      0      0      0      0      0      0      0     
0x2af5515af6b0           EXIT                                                                    0      0      0      2048   2048     2048     1      1      0      31     0      -             -          -      0      0      0      0      0      0      0      0      -      0      0      0      0      0      0      0      0      0      0      0      0      0      0      0      0      0      0      0      0      0      0      0      0      0      0      0      0      0      0      0      0      0      0      0      0      0      0      0      0     
0x2af5515af6c0           YIELD                                                                   2      2      2      0      0        0        0      0      1      32     0      -             -          -      0      0      0      0      0      0      0      0      -      0      0      0      0      0      0      0      2      0      0      0      0      0      0      0      0      0      0      0      0      0      0      0      0      2      0      0      0      0      0      0      0      0      0      0      0      0      0      0      0     
0x2af5515af6d0           SYNCS.PHASECHK.TRANS64.TRYWAIT P0, [R8+URZ], R3                         0      0      0      0      0        0        0      0      0      32     0      -             -          -      0      0      0      0      0      0      0      0      -      0      0      0      0      0      0      0      0      0      0      0      0      0      0      0      0      0      0      0      0      0      0      0      0      0      0      0      0      0      0      0      0      0      0      0      0      0      0      0      0     
0x2af5515af6e0     @!P0  BRA 0x2af5515af6c0                                                      0      0      0      0      0        0        0      0      0      32     0      -             -          -      0      0      0      0      0      0      0      0      -      0      0      0      0      0      0      0      0      0      0      0      0      0      0      0      0      0      0      0      0      0      0      0      0      0      0      0      0      0      0      0      0      0      0      0      0      0      0      0      0     
0x2af5515af6f0           BRA 0x2af5515ad610                                                      0      0      0      0      0        0        0      0      0      32     0      -             -          -      0      0      0      0      0      0      0      0      -      0      0      0      0      0      0      0      0      0      0      0      0      0      0      0      0      0      0      0      0      0      0      0      0      0      0      0      0      0      0      0      0      0      0      0      0      0      0      0      0     
0x2af5515af700           YIELD                                                                   0      0      0      0      0        0        0      0      0      32     0      -             -          -      0      0      0      0      0      0      0      0      -      0      0      0      0      0      0      0      0      0      0      0      0      0      0      0      0      0      0      0      0      0      0      0      0      0      0      0      0      0      0      0      0      0      0      0      0      0      0      0      0     
0x2af5515af710           SYNCS.PHASECHK.TRANS64.TRYWAIT P0, [R10+URZ], R9                        0      0      0      0      0        0        0      0      0      32     0      -             -          -      0      0      0      0      0      0      0      0      -      0      0      0      0      0      0      0      0      0      0      0      0      0      0      0      0      0      0      0      0      0      0      0      0      0      0      0      0      0      0      0      0      0      0      0      0      0      0      0      0     
0x2af5515af720     @!P0  BRA 0x2af5515af700                                                      0      0      0      0      0        0        0      0      0      32     0      -             -          -      0      0      0      0      0      0      0      0      -      0      0      0      0      0      0      0      0      0      0      0      0      0      0      0      0      0      0      0      0      0      0      0      0      0      0      0      0      0      0      0      0      0      0      0      0      0      0      0      0     
0x2af5515af730           BRA 0x2af5515ad840                                                      0      0      0      0      0        0        0      0      0      32     0      -             -          -      0      0      0      0      0      0      0      0      -      0      0      0      0      0      0      0      0      0      0      0      0      0      0      0      0      0      0      0      0      0      0      0      0      0      0      0      0      0      0      0      0      0      0      0      0      0      0      0      0     
0x2af5515af740           YIELD                                                                   0      0      0      46960  1502720  1502720  32     32     32     0      0      -             -          -      0      0      0      0      0      0      0      0      -      0      0      0      0      0      0      0      0      0      0      0      0      0      0      0      0      0      0      0      0      0      0      0      0      0      0      0      0      0      0      0      0      0      0      0      0      0      0      0      0     
0x2af5515af750           SYNCS.PHASECHK.TRANS64.TRYWAIT P0, [R2+URZ], R3                         0      0      0      46960  1502720  1502720  32     32     0      0      0      -             -          -      0      0      0      0      0      0      0      0      -      0      0      0      0      0      0      0      0      0      0      0      0      0      0      0      0      0      0      0      0      0      0      0      0      0      0      0      0      0      0      0      0      0      0      0      0      0      0      0      0     
0x2af5515af760     @!P0  BRA 0x2af5515af740                                                      0      0      0      46960  1502720  1306112  32     27     5      5      0      -             -          -      0      0      0      0      0      0      0      0      -      0      0      0      0      0      0      0      0      0      0      0      0      0      0      0      0      0      0      0      0      0      0      0      0      0      0      0      0      0      0      0      0      0      0      0      0      0      0      0      0     
0x2af5515af770           BRA 0x2af5515ae2d0                                                      0      0      0      6144   196608   196608   32     32     5      0      0      -             -          -      0      0      0      0      0      0      0      0      -      0      0      0      0      0      0      0      0      0      0      0      0      0      0      0      0      0      0      0      0      0      0      0      0      0      0      0      0      0      0      0      0      0      0      0      0      0      0      0      0     
0x2af5515af780           BPT.TRAP 0x1                                                            0      0      0      0      0        0        0      0      32     32     0      -             -          -      0      0      0      0      0      0      0      0      -      0      0      0      0      0      0      0      0      0      0      0      0      0      0      0      0      0      0      0      0      0      0      0      0      0      0      0      0      0      0      0      0      0      0      0      0      0      0      0      0     
0x2af5515af790           IMAD.MOV.U32 R3, RZ, RZ, 0x0                                            0      0      0      0      0        0        0      0      0      32     0      -             -          -      0      0      0      0      0      0      0      0      -      0      0      0      0      0      0      0      0      0      0      0      0      0      0      0      0      0      0      0      0      0      0      0      0      0      0      0      0      0      0      0      0      0      0      0      0      0      0      0      0     
0x2af5515af7a0           RET.REL.NODEC R2, 0x2af5515ac000                                        0      0      0      0      0        0        0      0      0      32     0      -             -          -      0      0      0      0      0      0      0      0      -      0      0      0      0      0      0      0      0      0      0      0      0      0      0      0      0      0      0      0      0      0      0      0      0      0      0      0      0      0      0      0      0      0      0      0      0      0      0      0      0     
0x2af5515af7b0           BPT.TRAP 0x1                                                            0      0      0      0      0        0        0      0      0      32     0      -             -          -      0      0      0      0      0      0      0      0      -      0      0      0      0      0      0      0      0      0      0      0      0      0      0      0      0      0      0      0      0      0      0      0      0      0      0      0      0      0      0      0      0      0      0      0      0      0      0      0      0     
0x2af5515af7c0           IMAD.MOV.U32 R3, RZ, RZ, 0x0                                            0      0      0      0      0        0        0      0      0      32     0      -             -          -      0      0      0      0      0      0      0      0      -      0      0      0      0      0      0      0      0      0      0      0      0      0      0      0      0      0      0      0      0      0      0      0      0      0      0      0      0      0      0      0      0      0      0      0      0      0      0      0      0     
0x2af5515af7d0           RET.REL.NODEC R2, 0x2af5515ac000                                        0      0      0      0      0        0        0      0      0      32     0      -             -          -      0      0      0      0      0      0      0      0      -      0      0      0      0      0      0      0      0      0      0      0      0      0      0      0      0      0      0      0      0      0      0      0      0      0      0      0      0      0      0      0      0      0      0      0      0      0      0      0      0     
0x2af5515af7e0           BPT.TRAP 0x1                                                            0      0      0      0      0        0        0      0      0      32     0      -             -          -      0      0      0      0      0      0      0      0      -      0      0      0      0      0      0      0      0      0      0      0      0      0      0      0      0      0      0      0      0      0      0      0      0      0      0      0      0      0      0      0      0      0      0      0      0      0      0      0      0     
0x2af5515af7f0           IMAD.MOV.U32 R3, RZ, RZ, 0x0                                            0      0      0      0      0        0        0      0      0      32     0      -             -          -      0      0      0      0      0      0      0      0      -      0      0      0      0      0      0      0      0      0      0      0      0      0      0      0      0      0      0      0      0      0      0      0      0      0      0      0      0      0      0      0      0      0      0      0      0      0      0      0      0     
0x2af5515af800           RET.REL.NODEC R2, 0x2af5515ac000                                        0      0      0      0      0        0        0      0      0      32     0      -             -          -      0      0      0      0      0      0      0      0      -      0      0      0      0      0      0      0      0      0      0      0      0      0      0      0      0      0      0      0      0      0      0      0      0      0      0      0      0      0      0      0      0      0      0      0      0      0      0      0      0     
0x2af5515af810           BRA `(.L_x_0) 0x2af5515af810                                            0      0      0      0      0        0        0      0      0      0      0      -             -          -      0      0      0      0      0      0      0      0      -      0      0      0      0      0      0      0      0      0      0      0      0      0      0      0      0      0      0      0      0      0      0      0      0      0      0      0      0      0      0      0      0      0      0      0      0      0      0      0      0     
0x2af5515af820           NOP                                                                     0      0      0      0      0        0        0      0      0      32     0      -             -          -      0      0      0      0      0      0      0      0      -      0      0      0      0      0      0      0      0      0      0      0      0      0      0      0      0      0      0      0      0      0      0      0      0      0      0      0      0      0      0      0      0      0      0      0      0      0      0      0      0     
0x2af5515af830           NOP                                                                     0      0      0      0      0        0        0      0      0      32     0      -             -          -      0      0      0      0      0      0      0      0      -      0      0      0      0      0      0      0      0      0      0      0      0      0      0      0      0      0      0      0      0      0      0      0      0      0      0      0      0      0      0      0      0      0      0      0      0      0      0      0      0     
0x2af5515af840           NOP                                                                     0      0      0      0      0        0        0      0      0      32     0      -             -          -      0      0      0      0      0      0      0      0      -      0      0      0      0      0      0      0      0      0      0      0      0      0      0      0      0      0      0      0      0      0      0      0      0      0      0      0      0      0      0      0      0      0      0      0      0      0      0      0      0     
0x2af5515af850           NOP                                                                     0      0      0      0      0        0        0      0      0      32     0      -             -          -      0      0      0      0      0      0      0      0      -      0      0      0      0      0      0      0      0      0      0      0      0      0      0      0      0      0      0      0      0      0      0      0      0      0      0      0      0      0      0      0      0      0      0      0      0      0      0      0      0     
0x2af5515af860           NOP                                                                     0      0      0      0      0        0        0      0      0      32     0      -             -          -      0      0      0      0      0      0      0      0      -      0      0      0      0      0      0      0      0      0      0      0      0      0      0      0      0      0      0      0      0      0      0      0      0      0      0      0      0      0      0      0      0      0      0      0      0      0      0      0      0     
0x2af5515af870           NOP                                                                     0      0      0      0      0        0        0      0      0      32     0      -             -          -      0      0      0      0      0      0      0      0      -      0      0      0      0      0      0      0      0      0      0      0      0      0      0      0      0      0      0      0      0      0      0      0      0      0      0      0      0      0      0      0      0      0      0      0      0      0      0      0      0     
0x2af5515af880           NOP                                                                     0      0      0      0      0        0        0      0      0      32     0      -             -          -      0      0      0      0      0      0      0      0      -      0      0      0      0      0      0      0      0      0      0      0      0      0      0      0      0      0      0      0      0      0      0      0      0      0      0      0      0      0      0      0      0      0      0      0      0      0      0      0      0     
0x2af5515af890           NOP                                                                     0      0      0      0      0        0        0      0      0      32     0      -             -          -      0      0      0      0      0      0      0      0      -      0      0      0      0      0      0      0      0      0      0      0      0      0      0      0      0      0      0      0      0      0      0      0      0      0      0      0      0      0      0      0      0      0      0      0      0      0      0      0      0     
0x2af5515af8a0           NOP                                                                     0      0      0      0      0        0        0      0      0      32     0      -             -          -      0      0      0      0      0      0      0      0      -      0      0      0      0      0      0      0      0      0      0      0      0      0      0      0      0      0      0      0      0      0      0      0      0      0      0      0      0      0      0      0      0      0      0      0      0      0      0      0      0     
0x2af5515af8b0           NOP                                                                     0      0      0      0      0        0        0      0      0      32     0      -             -          -      0      0      0      0      0      0      0      0      -      0      0      0      0      0      0      0      0      0      0      0      0      0      0      0      0      0      0      0      0      0      0      0      0      0      0      0      0      0      0      0      0      0      0      0      0      0      0      0      0     
0x2af5515af8c0           NOP                                                                     0      0      0      0      0        0        0      0      0      32     0      -             -          -      0      0      0      0      0      0      0      0      -      0      0      0      0      0      0      0      0      0      0      0      0      0      0      0      0      0      0      0      0      0      0      0      0      0      0      0      0      0      0      0      0      0      0      0      0      0      0      0      0     
0x2af5515af8d0           NOP                                                                     0      0      0      0      0        0        0      0      0      32     0      -             -          -      0      0      0      0      0      0      0      0      -      0      0      0      0      0      0      0      0      0      0      0      0      0      0      0      0      0      0      0      0      0      0      0      0      0      0      0      0      0      0      0      0      0      0      0      0      0      0      0      0     
0x2af5515af8e0           NOP                                                                     0      0      0      0      0        0        0      0      0      32     0      -             -          -      0      0      0      0      0      0      0      0      -      0      0      0      0      0      0      0      0      0      0      0      0      0      0      0      0      0      0      0      0      0      0      0      0      0      0      0      0      0      0      0      0      0      0      0      0      0      0      0      0     
0x2af5515af8f0           NOP                                                                     0      0      0      0      0        0        0      0      0      32     0      -             -          -      0      0      0      0      0      0      0      0      -      0      0      0      0      0      0      0      0      0      0      0      0      0      0      0      0      0      0      0      0      0      0      0      0      0      0      0      0      0      0      0      0      0      0      0      0      0      0      0      0     
