------------------ ------------------------------------------------------------------------------ ------ ------ ------ ------- ------- ------- ------ ------ ------ ------ ------ ------------- ---------- ------ ------ ------ ------ ------ ------ ------ ------ ------ ------ ------ ------ ------ ------ ------ ------ ------ ------ ------ ------ ------ ------ ------ ------ ------ ------ ------ ------ ------ ------ ------ ------ ------ ------ ------ ------ ------ ------ ------ ------ ------ ------ ------ ------ ------ ------ ------ ------ ------ ------
Kernel Name        gemm_pipeline(const __nv_bfloat16 *, const __nv_bfloat16 *,                                                                                                                                                                                                                                                                                                                                                                                                                                                                                          
                   float *, int, int, int, CUtensorMap_st, CUtensorMap_st)                                                                                                                                                                                                                                                                                                                                                                                                                                                                                              
------------------ ------------------------------------------------------------------------------ ------ ------ ------ ------- ------- ------- ------ ------ ------ ------ ------ ------------- ---------- ------ ------ ------ ------ ------ ------ ------ ------ ------ ------ ------ ------ ------ ------ ------ ------ ------ ------ ------ ------ ------ ------ ------ ------ ------ ------ ------ ------ ------ ------ ------ ------ ------ ------ ------ ------ ------ ------ ------ ------ ------ ------ ------ ------ ------ ------ ------ ------ ------ ------
Address            Source                                                                         Warp S Warp S # Samp Instru  Thread  Predic  Avg. T Avg. P Deriva Avg. P Diverg Addres        Access     Access L1 Tag L1 Con L1 Wav L1 Wav L1 Wav L2 The L2 The L2 The L2 Exp L2 Exp L2 Exp L2 Exp L2 Exp L2 Exp L2 Exp stall_ stall_ stall_ stall_ stall_ stall_ stall_ stall_ stall_ stall_ stall_ stall_ stall_ stall_ stall_ stall_ stall_ stall_ stall_ stall_ stall_ stall_ stall_ stall_ stall_ stall_ stall_ stall_ stall_ stall_ stall_ stall_ stall_ stall_
                                                                                                  tall S tall S les    ctions   Instr  ated-O  hreads redica tive A redica ent Br s Spac         Opera      Size   Reque flicts efront efront efront oretic oretic oretic licit  licit  licit  licit  licit  licit  licit  barrie branch dispat drain  lg     long_s math   membar mio    misc   no_ins not_se select short_ sleep  tex    wait   barrie branch dispat drain  lg (No long_s math ( membar mio (N misc ( no_ins not_se select short_ sleepi tex (N wait (
                                                                                                  amplin amplin         Execu  uction  n Thre   Execu ted-On vg. Pr ted-On anches e             tion              sts Gl  Share s Shar s Shar s Shar al Sec al Sec al Sec Evict  Hit Po Hit Po Hit Po Hit Po Miss P Miss P r      _resol ch                   b                                  t      lected ed     sb                          r (Not _resol ch (No (Not I t Issu b (Not Not Is  (Not  ot Iss Not Is t (Not lected ed (No sb (No ng (No ot Iss Not Is
                                                                                                  g (All g (Not        ted     s Exec  ad Ins  ted     Threa edicat  Threa                                        obal   d N-Wa ed Exc ed     ed Ide tors G tors G tors G Polici licy E licy E licy E licy E olicy  olicy         ving                                                                                                             Issue ving ( t Issu ssued) ed)     Issue sued)  Issued ued)   sued)   Issue  (Not  t Issu t Issu t Issu ued)   sued) 
                                                                                                   Sampl -issue                uted    tructi         ds Exe ed-On  ds Une                                               y      essive        al     lobal  lobal  lobal  es     vict F vict L vict N vict N Evict  Evict                                                                                                                         d)     Not Is ed)                  d)            )                    d)     Issued ed)    ed)    ed)                 
                                                                                                  es)    d Samp                        ons Ex         cuted  Thread xecute                                                                           Excess        Ideal         irst   ast    ormal  ormal  First  Normal                                                                                                                               sued)                                                                 )                                        
                                                                                                         les)                          ecuted                s Exec d                                                                                ive                                              Demote                                                                                                                                                                                                                                                            
                                                                                                                                                             uted                                                                                                                                                                                                                                                                                                                                                                                                       
0x2b1f495ac000           LDC R1, c[0x0][0x37c]                                                    0      0      0      1776    56832   56832   32     32     0      0      0      -             -          -      0      0      0      0      0      0      0      0      -      0      0      0      0      0      0      0      0      0      0      0      0      0      0      0      0      0      0      0      0      0      0      0      0      0      0      0      0      0      0      0      0      0      0      0      0      0      0      0      0     
0x2b1f495ac010           S2R R10, SR_TID.X                                                        0      0      0      1776    56832   56832   32     32     0      0      0      -             -          -      0      0      0      0      0      0      0      0      -      0      0      0      0      0      0      0      0      0      0      0      0      0      0      0      0      0      0      0      0      0      0      0      0      0      0      0      0      0      0      0      0      0      0      0      0      0      0      0      0     
0x2b1f495ac020           ISETP.GT.U32.AND P0, PT, R10, 0x1f, PT                                   0      0      0      1776    56832   56832   32     32     0      0      0      -             -          -      0      0      0      0      0      0      0      0      -      0      0      0      0      0      0      0      0      0      0      0      0      0      0      0      0      0      0      0      0      0      0      0      0      0      0      0      0      0      0      0      0      0      0      0      0      0      0      0      0     
0x2b1f495ac030     @P0   BRA 0x2b1f495ac2f0                                                       0      0      0      1776    56832   42624   32     24     8      8      0      -             -          -      0      0      0      0      0      0      0      0      -      0      0      0      0      0      0      0      0      0      0      0      0      0      0      0      0      0      0      0      0      0      0      0      0      0      0      0      0      0      0      0      0      0      0      0      0      0      0      0      0     
0x2b1f495ac040           S2R R3, SR_CgaCtaId                                                      0      0      0      444     14208   14208   32     32     8      0      0      -             -          -      0      0      0      0      0      0      0      0      -      0      0      0      0      0      0      0      0      0      0      0      0      0      0      0      0      0      0      0      0      0      0      0      0      0      0      0      0      0      0      0      0      0      0      0      0      0      0      0      0     
0x2b1f495ac050           MOV R0, 0x40                                                             0      0      0      444     14208   14208   32     32     0      0      0      -             -          -      0      0      0      0      0      0      0      0      -      0      0      0      0      0      0      0      0      0      0      0      0      0      0      0      0      0      0      0      0      0      0      0      0      0      0      0      0      0      0      0      0      0      0      0      0      0      0      0      0     
0x2b1f495ac060           WARPSYNC.ALL                                                             0      0      0      444     14208   14208   32     32     0      0      0      -             -          -      0      0      0      0      0      0      0      0      -      0      0      0      0      0      0      0      0      0      0      0      0      0      0      0      0      0      0      0      0      0      0      0      0      0      0      0      0      0      0      0      0      0      0      0      0      0      0      0      0     
0x2b1f495ac070           LEA R2, R3, R0, 0x18                                                     0      0      0      444     14208   14208   32     32     0      0      0      -             -          -      0      0      0      0      0      0      0      0      -      0      0      0      0      0      0      0      0      0      0      0      0      0      0      0      0      0      0      0      0      0      0      0      0      0      0      0      0      0      0      0      0      0      0      0      0      0      0      0      0     
0x2b1f495ac080           LDS.U8 R0, [R2+0x1c]                                                     0      0      0      444     14208   14208   32     32     0      0      0      Shared        Load       8      0      1      0      444    444    0      0      0      -      0      0      0      0      0      0      0      0      0      0      0      0      0      0      0      0      0      0      0      0      0      0      0      0      0      0      0      0      0      0      0      0      0      0      0      0      0      0      0      0     
0x2b1f495ac090           ISETP.NE.AND P0, PT, R0, RZ, PT                                          0      0      0      444     14208   14208   32     32     0      0      0      -             -          -      0      0      0      0      0      0      0      0      -      0      0      0      0      0      0      0      0      0      0      0      0      0      0      0      0      0      0      0      0      0      0      0      0      0      0      0      0      0      0      0      0      0      0      0      0      0      0      0      0     
0x2b1f495ac0a0           MOV R0, 0x400                                                            0      0      0      444     14208   14208   32     32     0      0      0      -             -          -      0      0      0      0      0      0      0      0      -      0      0      0      0      0      0      0      0      0      0      0      0      0      0      0      0      0      0      0      0      0      0      0      0      0      0      0      0      0      0      0      0      0      0      0      0      0      0      0      0     
0x2b1f495ac0b0           LEA R0, R3, R0, 0x18                                                     0      0      0      444     14208   14208   32     32     0      0      0      -             -          -      0      0      0      0      0      0      0      0      -      0      0      0      0      0      0      0      0      0      0      0      0      0      0      0      0      0      0      0      0      0      0      0      0      0      0      0      0      0      0      0      0      0      0      0      0      0      0      0      0     
0x2b1f495ac0c0     @P0   BRA 0x2b1f495ac230                                                       0      0      0      444     14208   0       32     0      32     32     0      -             -          -      0      0      0      0      0      0      0      0      -      0      0      0      0      0      0      0      0      0      0      0      0      0      0      0      0      0      0      0      0      0      0      0      0      0      0      0      0      0      0      0      0      0      0      0      0      0      0      0      0     
0x2b1f495ac0d0           ELECT P0, URZ, PT                                                        0      0      0      444     14208   14208   32     32     32     0      0      -             -          -      0      0      0      0      0      0      0      0      -      0      0      0      0      0      0      0      0      0      0      0      0      0      0      0      0      0      0      0      0      0      0      0      0      0      0      0      0      0      0      0      0      0      0      0      0      0      0      0      0     
0x2b1f495ac0e0     @!P0  BRA 0x2b1f495ac270                                                       0      0      0      444     14208   13764   32     31     1      1      444    -             -          -      0      0      0      0      0      0      0      0      -      0      0      0      0      0      0      0      0      0      0      0      0      0      0      0      0      0      0      0      0      0      0      0      0      0      0      0      0      0      0      0      0      0      0      0      0      0      0      0      0     
0x2b1f495ac0f0           UMOV UR4, 0x2                                                            0      0      0      444     444     444     1      1      30     31     0      -             -          -      0      0      0      0      0      0      0      0      -      0      0      0      0      0      0      0      0      0      0      0      0      0      0      0      0      0      0      0      0      0      0      0      0      0      0      0      0      0      0      0      0      0      0      0      0      0      0      0      0     
0x2b1f495ac100           IMAD.MOV.U32 R4, RZ, RZ, 0x3                                             0      0      0      444     444     444     1      1      0      31     0      -             -          -      0      0      0      0      0      0      0      0      -      0      0      0      0      0      0      0      0      0      0      0      0      0      0      0      0      0      0      0      0      0      0      0      0      0      0      0      0      0      0      0      0      0      0      0      0      0      0      0      0     
0x2b1f495ac110           IMAD.MOV.U32 R6, RZ, RZ, 0x1                                             0      0      0      444     444     444     1      1      0      31     0      -             -          -      0      0      0      0      0      0      0      0      -      0      0      0      0      0      0      0      0      0      0      0      0      0      0      0      0      0      0      0      0      0      0      0      0      0      0      0      0      0      0      0      0      0      0      0      0      0      0      0      0     
0x2b1f495ac120           DEPBAR.LE SB0, 0x36                                                      1      0      1      444     444     444     1      1      0      31     0      -             -          -      0      0      0      0      0      0      0      0      -      0      0      0      0      0      0      0      0      0      0      0      0      0      0      0      0      0      0      1      0      0      0      0      0      0      0      0      0      0      0      0      0      0      0      0      0      0      0      0      0     
0x2b1f495ac130           UTCATOMSWS.FIND_AND_SET.ALIGN UP0, UR4, UR4                              1      0      1      444     444     444     1      1      0      31     0      -             -          -      0      0      0      0      0      0      0      0      -      0      0      0      0      0      0      0      0      0      0      0      0      0      0      0      0      0      0      0      0      0      0      1      0      0      0      0      0      0      0      0      0      0      0      0      0      0      0      0      0     
0x2b1f495ac140           IMAD.U32 R3, RZ, RZ, UR4                                                 0      0      0      444     444     444     1      1      0      31     0      -             -          -      0      0      0      0      0      0      0      0      -      0      0      0      0      0      0      0      0      0      0      0      0      0      0      0      0      0      0      0      0      0      0      0      0      0      0      0      0      0      0      0      0      0      0      0      0      0      0      0      0     
0x2b1f495ac150           BRA.U UP0, 0x2b1f495ac1c0                                                0      0      0      444     444     444     1      1      0      31     0      -             -          -      0      0      0      0      0      0      0      0      -      0      0      0      0      0      0      0      0      0      0      0      0      0      0      0      0      0      0      0      0      0      0      0      0      0      0      0      0      0      0      0      0      0      0      0      0      0      0      0      0     
0x2b1f495ac160           NANOSLEEP 0x64                                                           0      0      0      0       0       0       0      0      1      32     0      -             -          -      0      0      0      0      0      0      0      0      -      0      0      0      0      0      0      0      0      0      0      0      0      0      0      0      0      0      0      0      0      0      0      0      0      0      0      0      0      0      0      0      0      0      0      0      0      0      0      0      0     
0x2b1f495ac170           UMOV UR4, 0x2                                                            0      0      0      0       0       0       0      0      0      32     0      -             -          -      0      0      0      0      0      0      0      0      -      0      0      0      0      0      0      0      0      0      0      0      0      0      0      0      0      0      0      0      0      0      0      0      0      0      0      0      0      0      0      0      0      0      0      0      0      0      0      0      0     
0x2b1f495ac180           DEPBAR.LE SB0, 0x36                                                      0      0      0      0       0       0       0      0      0      32     0      -             -          -      0      0      0      0      0      0      0      0      -      0      0      0      0      0      0      0      0      0      0      0      0      0      0      0      0      0      0      0      0      0      0      0      0      0      0      0      0      0      0      0      0      0      0      0      0      0      0      0      0     
0x2b1f495ac190           UTCATOMSWS.FIND_AND_SET.ALIGN UP0, UR4, UR4                              0      0      0      0       0       0       0      0      0      32     0      -             -          -      0      0      0      0      0      0      0      0      -      0      0      0      0      0      0      0      0      0      0      0      0      0      0      0      0      0      0      0      0      0      0      0      0      0      0      0      0      0      0      0      0      0      0      0      0      0      0      0      0     
0x2b1f495ac1a0           IMAD.U32 R3, RZ, RZ, UR4                                                 0      0      0      0       0       0       0      0      0      32     0      -             -          -      0      0      0      0      0      0      0      0      -      0      0      0      0      0      0      0      0      0      0      0      0      0      0      0      0      0      0      0      0      0      0      0      0      0      0      0      0      0      0      0      0      0      0      0      0      0      0      0      0     
0x2b1f495ac1b0           BRA.U !UP0, 0x2b1f495ac160                                               0      0      0      0       0       0       0      0      0      32     0      -             -          -      0      0      0      0      0      0      0      0      -      0      0      0      0      0      0      0      0      0      0      0      0      0      0      0      0      0      0      0      0      0      0      0      0      0      0      0      0      0      0      0      0      0      0      0      0      0      0      0      0     
0x2b1f495ac1c0           SHF.L.U32 R5, R4, R3, RZ                                                 0      0      0      444     444     444     1      1      1      31     0      -             -          -      0      0      0      0      0      0      0      0      -      0      0      0      0      0      0      0      0      0      0      0      0      0      0      0      0      0      0      0      0      0      0      0      0      0      0      0      0      0      0      0      0      0      0      0      0      0      0      0      0     
0x2b1f495ac1d0           SHF.L.U32 R7, R6, R3, RZ                                                 0      0      0      444     444     444     1      1      0      31     0      -             -          -      0      0      0      0      0      0      0      0      -      0      0      0      0      0      0      0      0      0      0      0      0      0      0      0      0      0      0      0      0      0      0      0      0      0      0      0      0      0      0      0      0      0      0      0      0      0      0      0      0     
0x2b1f495ac1e0           IMAD.SHL.U32 R3, R3, 0x20, RZ                                            0      0      0      444     444     444     1      1      0      31     0      -             -          -      0      0      0      0      0      0      0      0      -      0      0      0      0      0      0      0      0      0      0      0      0      0      0      0      0      0      0      0      0      0      0      0      0      0      0      0      0      0      0      0      0      0      0      0      0      0      0      0      0     
0x2b1f495ac1f0           ATOMS.OR RZ, [R2+0x14], R5                                               0      0      0      444     444     444     1      1      0      31     0      Shared        Atomic     32     0      1      0      444    444    0      0      0      -      0      0      0      0      0      0      0      0      0      0      0      0      0      0      0      0      0      0      0      0      0      0      0      0      0      0      0      0      0      0      0      0      0      0      0      0      0      0      0      0     
0x2b1f495ac200           ATOMS.OR RZ, [R2+0x18], R7                                               0      0      0      444     444     444     1      1      0      31     0      Shared        Atomic     32     0      1      0      444    444    0      0      0      -      0      0      0      0      0      0      0      0      0      0      0      0      0      0      0      0      0      0      0      0      0      0      0      0      0      0      0      0      0      0      0      0      0      0      0      0      0      0      0      0     
0x2b1f495ac210           STS [R0], R3                                                             1      1      1      444     444     444     1      1      0      31     0      Shared        Store      32     0      1      0      444    444    0      0      0      -      0      0      0      0      0      0      0      0      0      0      0      0      0      0      0      0      0      0      0      0      0      0      1      0      0      0      0      0      0      0      0      0      0      0      0      0      0      0      0      1     
0x2b1f495ac220           BRA 0x2b1f495ac270                                                       0      0      0      444     444     444     1      1      0      31     0      -             -          -      0      0      0      0      0      0      0      0      -      0      0      0      0      0      0      0      0      0      0      0      0      0      0      0      0      0      0      0      0      0      0      0      0      0      0      0      0      0      0      0      0      0      0      0      0      0      0      0      0     
0x2b1f495ac230           IMAD.MOV.U32 R3, RZ, RZ, -0x1                                            0      0      0      0       0       0       0      0      1      32     0      -             -          -      0      0      0      0      0      0      0      0      -      0      0      0      0      0      0      0      0      0      0      0      0      0      0      0      0      0      0      0      0      0      0      0      0      0      0      0      0      0      0      0      0      0      0      0      0      0      0      0      0     
0x2b1f495ac240           MOV R2, 0x270                                                            0      0      0      0       0       0       0      0      0      32     0      -             -          -      0      0      0      0      0      0      0      0      -      0      0      0      0      0      0      0      0      0      0      0      0      0      0      0      0      0      0      0      0      0      0      0      0      0      0      0      0      0      0      0      0      0      0      0      0      0      0      0      0     
0x2b1f495ac250           STS [R0], R3                                                             0      0      0      0       0       0       0      0      0      32     0                                      0      0      0      0      0      0      0      0      -      0      0      0      0      0      0      0      0      0      0      0      0      0      0      0      0      0      0      0      0      0      0      0      0      0      0      0      0      0      0      0      0      0      0      0      0      0      0      0      0     
0x2b1f495ac260           CALL.REL.NOINC 0x2b1f495ae8d0                                            0      0      0      0       0       0       0      0      0      32     0      -             -          -      0      0      0      0      0      0      0      0      -      0      0      0      0      0      0      0      0      0      0      0      0      0      0      0      0      0      0      0      0      0      0      0      0      0      0      0      0      0      0      0      0      0      0      0      0      0      0      0      0     
0x2b1f495ac270           WARPSYNC.ALL                                                             0      0      0      888     14208   14208   16     16     16     16     0      -             -          -      0      0      0      0      0      0      0      0      -      0      0      0      0      0      0      0      0      0      0      0      0      0      0      0      0      0      0      0      0      0      0      0      0      0      0      0      0      0      0      0      0      0      0      0      0      0      0      0      0     
0x2b1f495ac280           S2UR UR5, SR_CgaCtaId                                                    3      2      3      444     14208   14208   32     32     16     0      0      -             -          -      0      0      0      0      0      0      0      0      -      0      0      0      0      0      0      0      1      0      0      0      0      0      0      0      0      0      0      1      0      0      0      1      0      1      0      0      0      0      0      0      0      0      0      0      0      0      0      0      1     
0x2b1f495ac290           ELECT P0, URZ, PT                                                        0      0      0      444     14208   14208   32     32     0      0      0      -             -          -      0      0      0      0      0      0      0      0      -      0      0      0      0      0      0      0      0      0      0      0      0      0      0      0      0      0      0      0      0      0      0      0      0      0      0      0      0      0      0      0      0      0      0      0      0      0      0      0      0     
0x2b1f495ac2a0           IMAD.MOV.U32 R0, RZ, RZ, 0x1                                             0      0      0      444     14208   14208   32     32     0      0      0      -             -          -      0      0      0      0      0      0      0      0      -      0      0      0      0      0      0      0      0      0      0      0      0      0      0      0      0      0      0      0      0      0      0      0      0      0      0      0      0      0      0      0      0      0      0      0      0      0      0      0      0     
0x2b1f495ac2b0           UMOV UR4, 0x40                                                           0      0      0      444     14208   14208   32     32     0      0      0      -             -          -      0      0      0      0      0      0      0      0      -      0      0      0      0      0      0      0      0      0      0      0      0      0      0      0      0      0      0      0      0      0      0      0      0      0      0      0      0      0      0      0      0      0      0      0      0      0      0      0      0     
0x2b1f495ac2c0           UVIRTCOUNT.DEALLOC.SMPOOL 0x80                                           1      1      1      444     14208   14208   32     32     0      0      0      -             -          -      0      0      0      0      0      0      0      0      -      0      0      0      0      0      0      0      0      0      0      0      0      0      0      0      0      0      0      0      0      0      0      1      0      0      0      0      0      0      0      0      0      0      0      0      0      0      0      0      1     
0x2b1f495ac2d0           ULEA UR4, UR5, UR4, 0x18                                                 1      1      1      444     14208   14208   32     32     0      0      0      -             -          -      0      0      0      0      0      0      0      0      -      0      0      0      0      0      0      0      0      0      0      0      0      0      0      0      0      0      0      0      1      0      0      0      0      0      0      0      0      0      0      0      0      0      0      0      0      1      0      0      0     
0x2b1f495ac2e0     @P0   STS.U8 [UR4+0x1c], R0                                                    0      0      0      444     14208   444     32     1      31     31     0      Shared        Store      8      0      1      0      444    444    0      0      0      -      0      0      0      0      0      0      0      0      0      0      0      0      0      0      0      0      0      0      0      0      0      0      0      0      0      0      0      0      0      0      0      0      0      0      0      0      0      0      0      0     
0x2b1f495ac2f0           WARPSYNC.ALL                                                             0      0      0      1776    56832   56832   32     32     31     0      0      -             -          -      0      0      0      0      0      0      0      0      -      0      0      0      0      0      0      0      0      0      0      0      0      0      0      0      0      0      0      0      0      0      0      0      0      0      0      0      0      0      0      0      0      0      0      0      0      0      0      0      0     
0x2b1f495ac300           S2UR UR18, SR_CgaCtaId                                                   0      0      0      1776    56832   56832   32     32     0      0      0      -             -          -      0      0      0      0      0      0      0      0      -      0      0      0      0      0      0      0      0      0      0      0      0      0      0      0      0      0      0      0      0      0      0      0      0      0      0      0      0      0      0      0      0      0      0      0      0      0      0      0      0     
0x2b1f495ac310           BAR.SYNC.DEFER_BLOCKING 0x0                                              0      0      0      1776    56832   56832   32     32     0      0      0      -             -          -      0      0      0      0      0      0      0      0      -      0      0      0      0      0      0      0      0      0      0      0      0      0      0      0      0      0      0      0      0      0      0      0      0      0      0      0      0      0      0      0      0      0      0      0      0      0      0      0      0     
0x2b1f495ac320           UMOV UR10, 0x400                                                         2      1      2      1776    56832   56832   32     32     0      0      0      -             -          -      0      0      0      0      0      0      0      0      -      0      0      0      0      0      0      2      0      0      0      0      0      0      0      0      0      0      0      0      0      0      0      0      1      0      0      0      0      0      0      0      0      0      0      0      0      0      0      0      0     
0x2b1f495ac330           LDCU.64 UR6, c[0x0][0x398]                                               0      0      0      1776    56832   56832   32     32     0      0      0      -             -          -      0      0      0      0      0      0      0      0      -      0      0      0      0      0      0      0      0      0      0      0      0      0      0      0      0      0      0      0      0      0      0      0      0      0      0      0      0      0      0      0      0      0      0      0      0      0      0      0      0     
0x2b1f495ac340           S2UR UR15, SR_CTAID.X                                                    0      0      0      1776    56832   56832   32     32     0      0      0      -             -          -      0      0      0      0      0      0      0      0      -      0      0      0      0      0      0      0      0      0      0      0      0      0      0      0      0      0      0      0      0      0      0      0      0      0      0      0      0      0      0      0      0      0      0      0      0      0      0      0      0     
0x2b1f495ac350           ULEA UR4, UR18, UR10, 0x18                                               1      1      1      1776    56832   56832   32     32     0      0      0      -             -          -      0      0      0      0      0      0      0      0      -      0      0      0      0      0      0      0      0      0      0      0      0      0      0      0      0      0      0      0      1      0      0      0      0      0      0      0      0      0      0      0      0      0      0      0      0      1      0      0      0     
0x2b1f495ac360           USHF.R.S32.HI UR5, URZ, 0x1f, UR7                                        5      3      5      1776    56832   56832   32     32     0      0      0      -             -          -      0      0      0      0      0      0      0      0      -      0      0      0      0      0      0      0      0      0      0      0      0      0      0      0      0      0      2      0      3      0      0      0      0      0      0      0      0      0      0      0      0      0      0      0      0      3      0      0      0     
0x2b1f495ac370           ULEA.HI UR5, UR5, UR7, URZ, 0x6                                          0      0      0      1776    56832   56832   32     32     0      0      0      -             -          -      0      0      0      0      0      0      0      0      -      0      0      0      0      0      0      0      0      0      0      0      0      0      0      0      0      0      0      0      0      0      0      0      0      0      0      0      0      0      0      0      0      0      0      0      0      0      0      0      0     
0x2b1f495ac380           LDS R0, [UR4]                                                            0      0      0      1776    56832   56832   32     32     0      0      0      Shared        Load       32     0      1      0      1776   1776   0      0      0      -      0      0      0      0      0      0      0      0      0      0      0      0      0      0      0      0      0      0      0      0      0      0      0      0      0      0      0      0      0      0      0      0      0      0      0      0      0      0      0      0     
0x2b1f495ac390           USHF.R.S32.HI UR4, URZ, 0x1f, UR6                                        0      0      0      1776    56832   56832   32     32     0      0      0      -             -          -      0      0      0      0      0      0      0      0      -      0      0      0      0      0      0      0      0      0      0      0      0      0      0      0      0      0      0      0      0      0      0      0      0      0      0      0      0      0      0      0      0      0      0      0      0      0      0      0      0     
0x2b1f495ac3a0           USHF.R.S32.HI UR12, URZ, 0x6, UR5                                        0      0      0      1776    56832   56832   32     32     0      0      0      -             -          -      0      0      0      0      0      0      0      0      -      0      0      0      0      0      0      0      0      0      0      0      0      0      0      0      0      0      0      0      0      0      0      0      0      0      0      0      0      0      0      0      0      0      0      0      0      0      0      0      0     
0x2b1f495ac3b0           ULEA.HI UR4, UR4, UR6, URZ, 0x7                                          0      0      0      1776    56832   56832   32     32     0      0      0      -             -          -      0      0      0      0      0      0      0      0      -      0      0      0      0      0      0      0      0      0      0      0      0      0      0      0      0      0      0      0      0      0      0      0      0      0      0      0      0      0      0      0      0      0      0      0      0      0      0      0      0     
0x2b1f495ac3c0           USHF.R.S32.HI UR4, URZ, 0x7, UR4                                         0      0      0      1776    56832   56832   32     32     0      0      0      -             -          -      0      0      0      0      0      0      0      0      -      0      0      0      0      0      0      0      0      0      0      0      0      0      0      0      0      0      0      0      0      0      0      0      0      0      0      0      0      0      0      0      0      0      0      0      0      0      0      0      0     
0x2b1f495ac3d0           UIMAD UR14, UR4, UR12, URZ                                               0      0      0      1776    56832   56832   32     32     0      0      0      -             -          -      0      0      0      0      0      0      0      0      -      0      0      0      0      0      0      0      0      0      0      0      0      0      0      0      0      0      0      0      0      0      0      0      0      0      0      0      0      0      0      0      0      0      0      0      0      0      0      0      0     
0x2b1f495ac3e0           UISETP.GE.AND UP0, UPT, UR15, UR14, UPT                                  0      0      0      1776    56832   56832   32     32     0      0      0      -             -          -      0      0      0      0      0      0      0      0      -      0      0      0      0      0      0      0      0      0      0      0      0      0      0      0      0      0      0      0      0      0      0      0      0      0      0      0      0      0      0      0      0      0      0      0      0      0      0      0      0     
0x2b1f495ac3f0           R2UR UR13, R0                                                            0      0      0      1776    56832   56832   32     32     0      0      0      -             -          -      0      0      0      0      0      0      0      0      -      0      0      0      0      0      0      0      0      0      0      0      0      0      0      0      0      0      0      0      0      0      0      0      0      0      0      0      0      0      0      0      0      0      0      0      0      0      0      0      0     
0x2b1f495ac400           BRA.U UP0, 0x2b1f495ae4e0                                                0      0      0      1776    56832   56832   32     32     0      0      0      -             -          -      0      0      0      0      0      0      0      0      -      0      0      0      0      0      0      0      0      0      0      0      0      0      0      0      0      0      0      0      0      0      0      0      0      0      0      0      0      0      0      0      0      0      0      0      0      0      0      0      0     
0x2b1f495ac410           LDCU UR5, c[0x0][0x3a0]                                                  0      0      0      1776    56832   56832   32     32     0      0      0      -             -          -      0      0      0      0      0      0      0      0      -      0      0      0      0      0      0      0      0      0      0      0      0      0      0      0      0      0      0      0      0      0      0      0      0      0      0      0      0      0      0      0      0      0      0      0      0      0      0      0      0     
0x2b1f495ac420           S2UR UR21, SR_SWINHI                                                     0      0      0      1776    56832   56832   32     32     0      0      0      -             -          -      0      0      0      0      0      0      0      0      -      0      0      0      0      0      0      0      0      0      0      0      0      0      0      0      0      0      0      0      0      0      0      0      0      0      0      0      0      0      0      0      0      0      0      0      0      0      0      0      0     
0x2b1f495ac430           IMAD.U32 R4, R10, 0x10000, RZ                                            0      0      0      1776    56832   56832   32     32     0      0      0      -             -          -      0      0      0      0      0      0      0      0      -      0      0      0      0      0      0      0      0      0      0      0      0      0      0      0      0      0      0      0      0      0      0      0      0      0      0      0      0      0      0      0      0      0      0      0      0      0      0      0      0     
0x2b1f495ac440           UIADD3 UR10, UPT, UPT, UR10, 0x40, URZ                                   0      0      0      1776    56832   56832   32     32     0      0      0      -             -          -      0      0      0      0      0      0      0      0      -      0      0      0      0      0      0      0      0      0      0      0      0      0      0      0      0      0      0      0      0      0      0      0      0      0      0      0      0      0      0      0      0      0      0      0      0      0      0      0      0     
0x2b1f495ac450           LDCU UR20, c[0x0][0x370]                                                 0      0      0      1776    56832   56832   32     32     0      0      0      -             -          -      0      0      0      0      0      0      0      0      -      0      0      0      0      0      0      0      0      0      0      0      0      0      0      0      0      0      0      0      0      0      0      0      0      0      0      0      0      0      0      0      0      0      0      0      0      0      0      0      0     
0x2b1f495ac460           LOP3.LUT R4, R4, 0x3e00000, RZ, 0xc0, !PT                                1      0      1      1776    56832   56832   32     32     0      0      0      -             -          -      0      0      0      0      0      0      0      0      -      0      0      0      0      0      0      0      0      0      0      0      0      0      0      0      0      0      0      1      0      0      0      0      0      0      0      0      0      0      0      0      0      0      0      0      0      0      0      0      0     
0x2b1f495ac470           ULEA UR10, UR18, UR10, 0x18                                              0      0      0      1776    56832   56832   32     32     0      0      0      -             -          -      0      0      0      0      0      0      0      0      -      0      0      0      0      0      0      0      0      0      0      0      0      0      0      0      0      0      0      0      0      0      0      0      0      0      0      0      0      0      0      0      0      0      0      0      0      0      0      0      0     
0x2b1f495ac480           VIADD R4, R4, UR13                                                       1      0      1      1776    56832   56832   32     32     0      0      0      -             -          -      0      0      0      0      0      0      0      0      -      0      0      0      0      0      0      0      0      0      0      0      0      0      0      0      0      0      1      0      0      0      0      0      0      0      0      0      0      0      0      0      0      0      0      0      0      0      0      0      0     
0x2b1f495ac490           LDCU.64 UR18, c[0x0][0x358]                                              0      0      0      1776    56832   56832   32     32     0      0      0      -             -          -      0      0      0      0      0      0      0      0      -      0      0      0      0      0      0      0      0      0      0      0      0      0      0      0      0      0      0      0      0      0      0      0      0      0      0      0      0      0      0      0      0      0      0      0      0      0      0      0      0     
0x2b1f495ac4a0           USHF.R.S32.HI UR4, URZ, 0x1f, UR5                                        0      0      0      1776    56832   56832   32     32     0      0      0      -             -          -      0      0      0      0      0      0      0      0      -      0      0      0      0      0      0      0      0      0      0      0      0      0      0      0      0      0      0      0      0      0      0      0      0      0      0      0      0      0      0      0      0      0      0      0      0      0      0      0      0     
0x2b1f495ac4b0           ULEA.HI UR4, UR4, UR5, URZ, 0x6                                          1      1      1      1776    56832   56832   32     32     0      0      0      -             -          -      0      0      0      0      0      0      0      0      -      0      0      0      0      0      0      0      0      0      0      0      0      1      0      0      0      0      0      0      0      0      0      0      0      0      0      0      0      0      1      0      0      0      0      0      0      0      0      0      0     
0x2b1f495ac4c0           USHF.R.S32.HI UR16, URZ, 0x6, UR4                                        0      0      0      1776    56832   56832   32     32     0      0      0      -             -          -      0      0      0      0      0      0      0      0      -      0      0      0      0      0      0      0      0      0      0      0      0      0      0      0      0      0      0      0      0      0      0      0      0      0      0      0      0      0      0      0      0      0      0      0      0      0      0      0      0     
0x2b1f495ac4d0           UIADD3 UR11, UPT, UPT, UR16, 0x2, URZ                                    0      0      0      1776    56832   56832   32     32     0      0      0      -             -          -      0      0      0      0      0      0      0      0      -      0      0      0      0      0      0      0      0      0      0      0      0      0      0      0      0      0      0      0      0      0      0      0      0      0      0      0      0      0      0      0      0      0      0      0      0      0      0      0      0     
0x2b1f495ac4e0           UIADD3 UR17, UPT, UPT, UR16, 0x1, URZ                                    0      0      0      1776    56832   56832   32     32     0      0      0      -             -          -      0      0      0      0      0      0      0      0      -      0      0      0      0      0      0      0      0      0      0      0      0      0      0      0      0      0      0      0      0      0      0      0      0      0      0      0      0      0      0      0      0      0      0      0      0      0      0      0      0     
0x2b1f495ac4f0           UIMAD.WIDE UR8, UR16, 0x55555556, URZ                                    0      0      0      1776    56832   56832   32     32     0      0      0      -             -          -      0      0      0      0      0      0      0      0      -      0      0      0      0      0      0      0      0      0      0      0      0      0      0      0      0      0      0      0      0      0      0      0      0      0      0      0      0      0      0      0      0      0      0      0      0      0      0      0      0     
0x2b1f495ac500           UIMAD.WIDE UR4, UR11, 0x55555556, URZ                                    0      0      0      1776    56832   56832   32     32     0      0      0      -             -          -      0      0      0      0      0      0      0      0      -      0      0      0      0      0      0      0      0      0      0      0      0      0      0      0      0      0      0      0      0      0      0      0      0      0      0      0      0      0      0      0      0      0      0      0      0      0      0      0      0     
0x2b1f495ac510           UIMAD.WIDE UR6, UR17, 0x55555556, URZ                                    0      0      0      1776    56832   56832   32     32     0      0      0      -             -          -      0      0      0      0      0      0      0      0      -      0      0      0      0      0      0      0      0      0      0      0      0      0      0      0      0      0      0      0      0      0      0      0      0      0      0      0      0      0      0      0      0      0      0      0      0      0      0      0      0     
0x2b1f495ac520           ULEA.HI UR9, UR9, UR9, URZ, 0x1                                          1      0      1      1776    56832   56832   32     32     0      0      0      -             -          -      0      0      0      0      0      0      0      0      -      0      0      0      0      0      0      0      0      0      0      0      0      0      0      0      0      0      0      1      0      0      0      0      0      0      0      0      0      0      0      0      0      0      0      0      0      0      0      0      0     
0x2b1f495ac530           ULEA.HI UR5, UR5, UR5, URZ, 0x1                                          0      0      0      1776    56832   56832   32     32     0      0      0      -             -          -      0      0      0      0      0      0      0      0      -      0      0      0      0      0      0      0      0      0      0      0      0      0      0      0      0      0      0      0      0      0      0      0      0      0      0      0      0      0      0      0      0      0      0      0      0      0      0      0      0     
0x2b1f495ac540           ULEA.HI UR7, UR7, UR7, URZ, 0x1                                          1      0      1      1776    56832   56832   32     32     0      0      0      -             -          -      0      0      0      0      0      0      0      0      -      0      0      0      0      0      0      0      0      0      0      0      0      0      0      0      0      0      0      0      0      0      0      1      0      0      0      0      0      0      0      0      0      0      0      0      0      0      0      0      0     
0x2b1f495ac550           UIMAD UR9, UR9, -0x3, UR16                                               0      0      0      1776    56832   56832   32     32     0      0      0      -             -          -      0      0      0      0      0      0      0      0      -      0      0      0      0      0      0      0      0      0      0      0      0      0      0      0      0      0      0      0      0      0      0      0      0      0      0      0      0      0      0      0      0      0      0      0      0      0      0      0      0     
0x2b1f495ac560           UIMAD UR11, UR5, -0x3, UR11                                              0      0      0      1776    56832   56832   32     32     0      0      0      -             -          -      0      0      0      0      0      0      0      0      -      0      0      0      0      0      0      0      0      0      0      0      0      0      0      0      0      0      0      0      0      0      0      0      0      0      0      0      0      0      0      0      0      0      0      0      0      0      0      0      0     
0x2b1f495ac570           UIMAD UR7, UR7, -0x3, UR17                                               0      0      0      1776    56832   56832   32     32     0      0      0      -             -          -      0      0      0      0      0      0      0      0      -      0      0      0      0      0      0      0      0      0      0      0      0      0      0      0      0      0      0      0      0      0      0      0      0      0      0      0      0      0      0      0      0      0      0      0      0      0      0      0      0     
0x2b1f495ac580           LOP3.LUT R0, RZ, UR9, RZ, 0x33, !PT                                      0      0      0      1776    56832   56832   32     32     0      0      0      -             -          -      0      0      0      0      0      0      0      0      -      0      0      0      0      0      0      0      0      0      0      0      0      0      0      0      0      0      0      0      0      0      0      0      0      0      0      0      0      0      0      0      0      0      0      0      0      0      0      0      0     
0x2b1f495ac590           UMOV UR4, UR10                                                           0      0      0      1776    56832   56832   32     32     0      0      0      -             -          -      0      0      0      0      0      0      0      0      -      0      0      0      0      0      0      0      0      0      0      0      0      0      0      0      0      0      0      0      0      0      0      0      0      0      0      0      0      0      0      0      0      0      0      0      0      0      0      0      0     
0x2b1f495ac5a0           UMOV UR5, UR21                                                           0      0      0      1776    56832   56832   32     32     0      0      0      -             -          -      0      0      0      0      0      0      0      0      -      0      0      0      0      0      0      0      0      0      0      0      0      0      0      0      0      0      0      0      0      0      0      0      0      0      0      0      0      0      0      0      0      0      0      0      0      0      0      0      0     
0x2b1f495ac5b0           LOP3.LUT R2, RZ, UR11, RZ, 0x33, !PT                                     0      0      0      1776    56832   56832   32     32     0      0      0      -             -          -      0      0      0      0      0      0      0      0      -      0      0      0      0      0      0      0      0      0      0      0      0      0      0      0      0      0      0      0      0      0      0      0      0      0      0      0      0      0      0      0      0      0      0      0      0      0      0      0      0     
0x2b1f495ac5c0           UIADD3 UR4, UP0, UPT, UR4, 0x3ff, URZ                                    0      0      0      1776    56832   56832   32     32     0      0      0      -             -          -      0      0      0      0      0      0      0      0      -      0      0      0      0      0      0      0      0      0      0      0      0      0      0      0      0      0      0      0      0      0      0      0      0      0      0      0      0      0      0      0      0      0      0      0      0      0      0      0      0     
0x2b1f495ac5d0           LOP3.LUT R3, RZ, UR7, RZ, 0x33, !PT                                      0      0      0      1776    56832   56832   32     32     0      0      0      -             -          -      0      0      0      0      0      0      0      0      -      0      0      0      0      0      0      0      0      0      0      0      0      0      0      0      0      0      0      0      0      0      0      0      0      0      0      0      0      0      0      0      0      0      0      0      0      0      0      0      0     
0x2b1f495ac5e0           VIADD R0, R0, UR16                                                       0      0      0      1776    56832   56832   32     32     0      0      0      -             -          -      0      0      0      0      0      0      0      0      -      0      0      0      0      0      0      0      0      0      0      0      0      0      0      0      0      0      0      0      0      0      0      0      0      0      0      0      0      0      0      0      0      0      0      0      0      0      0      0      0     
0x2b1f495ac5f0           VIADD R2, R2, UR16                                                       0      0      0      1776    56832   56832   32     32     0      0      0      -             -          -      0      0      0      0      0      0      0      0      -      0      0      0      0      0      0      0      0      0      0      0      0      0      0      0      0      0      0      0      0      0      0      0      0      0      0      0      0      0      0      0      0      0      0      0      0      0      0      0      0     
0x2b1f495ac600           UIADD3.X UR5, UPT, UPT, URZ, UR5, URZ, UP0, !UPT                         0      0      0      1776    56832   56832   32     32     0      0      0      -             -          -      0      0      0      0      0      0      0      0      -      0      0      0      0      0      0      0      0      0      0      0      0      0      0      0      0      0      0      0      0      0      0      0      0      0      0      0      0      0      0      0      0      0      0      0      0      0      0      0      0     
0x2b1f495ac610           VIADD R3, R3, UR16                                                       0      0      0      1776    56832   56832   32     32     0      0      0      -             -          -      0      0      0      0      0      0      0      0      -      0      0      0      0      0      0      0      0      0      0      0      0      0      0      0      0      0      0      0      0      0      0      0      0      0      0      0      0      0      0      0      0      0      0      0      0      0      0      0      0     
0x2b1f495ac620           ULOP3.LUT UR4, UR4, 0xfffffc00, URZ, 0xc0, !UPT                          0      0      0      1776    56832   56832   32     32     0      0      0      -             -          -      0      0      0      0      0      0      0      0      -      0      0      0      0      0      0      0      0      0      0      0      0      0      0      0      0      0      0      0      0      0      0      0      0      0      0      0      0      0      0      0      0      0      0      0      0      0      0      0      0     
0x2b1f495ac630           IMAD.HI.U32 R7, R0, -0x55555555, RZ                                      0      0      0      1776    56832   56832   32     32     0      0      0      -             -          -      0      0      0      0      0      0      0      0      -      0      0      0      0      0      0      0      0      0      0      0      0      0      0      0      0      0      0      0      0      0      0      0      0      0      0      0      0      0      0      0      0      0      0      0      0      0      0      0      0     
0x2b1f495ac640           IMAD.HI.U32 R5, R2, -0x55555555, RZ                                      0      0      0      1776    56832   56832   32     32     0      0      0      -             -          -      0      0      0      0      0      0      0      0      -      0      0      0      0      0      0      0      0      0      0      0      0      0      0      0      0      0      0      0      0      0      0      0      0      0      0      0      0      0      0      0      0      0      0      0      0      0      0      0      0     
0x2b1f495ac650           SHF.R.U32.HI R8, RZ, 0x1, R7                                             0      0      0      1776    56832   56832   32     32     0      0      0      -             -          -      0      0      0      0      0      0      0      0      -      0      0      0      0      0      0      0      0      0      0      0      0      0      0      0      0      0      0      0      0      0      0      0      0      0      0      0      0      0      0      0      0      0      0      0      0      0      0      0      0     
0x2b1f495ac660           UMOV UR17, UR4                                                           0      0      0      1776    56832   56832   32     32     0      0      0      -             -          -      0      0      0      0      0      0      0      0      -      0      0      0      0      0      0      0      0      0      0      0      0      0      0      0      0      0      0      0      0      0      0      0      0      0      0      0      0      0      0      0      0      0      0      0      0      0      0      0      0     
0x2b1f495ac670           IMAD.HI.U32 R6, R3, -0x55555555, RZ                                      0      0      0      1776    56832   56832   32     32     0      0      0      -             -          -      0      0      0      0      0      0      0      0      -      0      0      0      0      0      0      0      0      0      0      0      0      0      0      0      0      0      0      0      0      0      0      0      0      0      0      0      0      0      0      0      0      0      0      0      0      0      0      0      0     
0x2b1f495ac680           SHF.R.U32.HI R7, RZ, 0x1, R5                                             0      0      0      1776    56832   56832   32     32     0      0      0      -             -          -      0      0      0      0      0      0      0      0      -      0      0      0      0      0      0      0      0      0      0      0      0      0      0      0      0      0      0      0      0      0      0      0      0      0      0      0      0      0      0      0      0      0      0      0      0      0      0      0      0     
0x2b1f495ac690           LOP3.LUT R5, R8, 0x1, RZ, 0xc0, !PT                                      0      0      0      1776    56832   56832   32     32     0      0      0      -             -          -      0      0      0      0      0      0      0      0      -      0      0      0      0      0      0      0      0      0      0      0      0      0      0      0      0      0      0      0      0      0      0      0      0      0      0      0      0      0      0      0      0      0      0      0      0      0      0      0      0     
0x2b1f495ac6a0           SHF.R.U32.HI R6, RZ, 0x1, R6                                             0      0      0      1776    56832   56832   32     32     0      0      0      -             -          -      0      0      0      0      0      0      0      0      -      0      0      0      0      0      0      0      0      0      0      0      0      0      0      0      0      0      0      0      0      0      0      0      0      0      0      0      0      0      0      0      0      0      0      0      0      0      0      0      0     
0x2b1f495ac6b0           LOP3.LUT R7, R7, 0x1, RZ, 0xc0, !PT                                      0      0      0      1776    56832   56832   32     32     0      0      0      -             -          -      0      0      0      0      0      0      0      0      -      0      0      0      0      0      0      0      0      0      0      0      0      0      0      0      0      0      0      0      0      0      0      0      0      0      0      0      0      0      0      0      0      0      0      0      0      0      0      0      0     
0x2b1f495ac6c0           LOP3.LUT R6, R6, 0x1, RZ, 0xc0, !PT                                      1      0      1      1776    56832   56832   32     32     0      0      0      -             -          -      0      0      0      0      0      0      0      0      -      0      0      0      0      0      0      0      0      0      0      0      0      0      0      0      0      0      0      0      0      0      0      1      0      0      0      0      0      0      0      0      0      0      0      0      0      0      0      0      0     
0x2b1f495ac6d0           IMAD.U32 R14, RZ, RZ, UR12                                               2      2      2      8192    262144  262144  32     32     0      0      0      -             -          -      0      0      0      0      0      0      0      0      -      0      0      0      0      0      0      0      2      0      0      0      0      0      0      0      0      0      0      0      0      0      0      0      0      2      0      0      0      0      0      0      0      0      0      0      0      0      0      0      0     
0x2b1f495ac6e0           ISETP.NE.AND P1, PT, R10, RZ, PT                                         0      0      0      8192    262144  262144  32     32     0      0      0      -             -          -      0      0      0      0      0      0      0      0      -      0      0      0      0      0      0      0      0      0      0      0      0      0      0      0      0      0      0      0      0      0      0      0      0      0      0      0      0      0      0      0      0      0      0      0      0      0      0      0      0     
0x2b1f495ac6f0           IMAD.U32 R12, RZ, RZ, UR15                                               1      0      1      8192    262144  262144  32     32     0      0      0      -             -          -      0      0      0      0      0      0      0      0      -      0      0      0      0      0      0      0      0      0      0      0      0      0      0      0      0      0      0      1      0      0      0      0      0      0      0      0      0      0      0      0      0      0      0      0      0      0      0      0      0     
0x2b1f495ac700           BSSY.RECONVERGENT B0, 0x2b1f495ac910                                     0      0      0      8192    262144  262144  32     32     0      0      0      -             -          -      0      0      0      0      0      0      0      0      -      0      0      0      0      0      0      0      0      0      0      0      0      0      0      0      0      0      0      0      0      0      0      0      0      0      0      0      0      0      0      0      0      0      0      0      0      0      0      0      0     
0x2b1f495ac710           IABS R13, R14                                                            107    98     107    8192    262144  262144  32     32     0      0      0      -             -          -      0      0      0      0      0      0      0      0      -      0      0      0      0      0      0      0      0      0      0      0      107    0      0      0      0      0      0      0      0      0      0      0      0      0      0      0      0      98     0      0      0      0      0      0      0      0      0      0      0     
0x2b1f495ac720           IABS R12, R12                                                            0      0      0      8192    262144  262144  32     32     0      0      0      -             -          -      0      0      0      0      0      0      0      0      -      0      0      0      0      0      0      0      0      0      0      0      0      0      0      0      0      0      0      0      0      0      0      0      0      0      0      0      0      0      0      0      0      0      0      0      0      0      0      0      0     
0x2b1f495ac730           I2F.RP R11, R13                                                          0      0      0      8192    262144  262144  32     32     0      0      0      -             -          -      0      0      0      0      0      0      0      0      -      0      0      0      0      0      0      0      0      0      0      0      0      0      0      0      0      0      0      0      0      0      0      0      0      0      0      0      0      0      0      0      0      0      0      0      0      0      0      0      0     
0x2b1f495ac740           IABS R14, R14                                                            1      0      1      8192    262144  262144  32     32     0      0      0      -             -          -      0      0      0      0      0      0      0      0      -      0      0      0      0      0      0      0      0      0      0      0      0      0      0      0      0      0      0      1      0      0      0      0      0      0      0      0      0      0      0      0      0      0      0      0      0      0      0      0      0     
0x2b1f495ac750           MUFU.RCP R11, R11                                                        5      5      5      8192    262144  262144  32     32     0      0      0      -             -          -      0      0      0      0      0      0      0      0      -      0      0      0      0      0      0      0      0      0      0      0      0      0      0      0      0      0      0      0      2      0      0      3      0      0      0      0      0      0      0      0      0      0      0      0      0      2      0      0      3     
0x2b1f495ac760           VIADD R8, R11, 0xffffffe                                                 2      2      2      8192    262144  262144  32     32     0      0      0      -             -          -      0      0      0      0      0      0      0      0      -      0      0      0      0      0      0      0      0      0      0      0      0      0      0      0      0      0      0      0      2      0      0      0      0      0      0      0      0      0      0      0      0      0      0      0      0      2      0      0      0     
0x2b1f495ac770           F2I.FTZ.U32.TRUNC.NTZ R9, R8                                             3      2      3      8192    262144  262144  32     32     0      0      0      -             -          -      0      0      0      0      0      0      0      0      -      0      0      0      0      0      0      0      0      0      0      0      0      0      0      0      0      0      0      0      0      0      0      3      0      0      0      0      0      0      0      0      0      0      0      0      0      0      0      0      2     
0x2b1f495ac780           IMAD.MOV.U32 R8, RZ, RZ, RZ                                              1      1      1      8192    262144  262144  32     32     0      0      0      -             -          -      0      0      0      0      0      0      0      0      -      0      0      0      0      0      0      0      0      0      0      0      0      0      0      0      0      0      0      0      1      0      0      0      0      0      0      0      0      0      0      0      0      0      0      0      0      1      0      0      0     
0x2b1f495ac790           IMAD.MOV R16, RZ, RZ, -R9                                                2      1      2      8192    262144  262144  32     32     0      0      0      -             -          -      0      0      0      0      0      0      0      0      -      0      0      0      0      0      0      0      0      0      0      0      0      0      0      0      0      0      0      0      2      0      0      0      0      0      0      0      0      0      0      0      0      0      0      0      0      1      0      0      0     
0x2b1f495ac7a0           IMAD R15, R16, R13, RZ                                                   0      0      0      8192    262144  262144  32     32     0      0      0      -             -          -      0      0      0      0      0      0      0      0      -      0      0      0      0      0      0      0      0      0      0      0      0      0      0      0      0      0      0      0      0      0      0      0      0      0      0      0      0      0      0      0      0      0      0      0      0      0      0      0      0     
0x2b1f495ac7b0           IMAD.HI.U32 R9, R9, R15, R8                                              1      1      1      8192    262144  262144  32     32     0      0      0      -             -          -      0      0      0      0      0      0      0      0      -      0      0      0      0      0      0      0      0      0      0      0      0      0      0      0      0      0      0      0      0      0      0      1      0      0      0      0      0      0      0      0      0      0      0      0      0      0      0      0      1     
0x2b1f495ac7c0           IMAD.HI.U32 R9, R9, R12, RZ                                              1      1      1      8192    262144  262144  32     32     0      0      0      -             -          -      0      0      0      0      0      0      0      0      -      0      0      0      0      0      0      0      0      0      0      0      0      0      0      0      0      0      0      0      0      0      0      1      0      0      0      0      0      0      0      0      0      0      0      0      0      0      0      0      1     
0x2b1f495ac7d0     @P1   BRA 0x2b1f495ac900                                                       0      0      0      8192    262144  260096  32     31     1      1      2048   -             -          -      0      0      0      0      0      0      0      0      -      0      0      0      0      0      0      0      0      0      0      0      0      0      0      0      0      0      0      0      0      0      0      0      0      0      0      0      0      0      0      0      0      0      0      0      0      0      0      0      0     
0x2b1f495ac7e0           S2UR UR8, SR_CgaCtaId                                                    1      1      1      2048    2048    2048    1      1      30     31     0      -             -          -      0      0      0      0      0      0      0      0      -      0      0      0      0      0      0      0      0      0      0      0      0      0      0      0      0      0      0      0      0      0      0      1      0      0      0      0      0      0      0      0      0      0      0      0      0      0      0      0      1     
0x2b1f495ac7f0           UMOV UR7, 0x400                                                          0      0      0      2048    2048    2048    1      1      0      31     0      -             -          -      0      0      0      0      0      0      0      0      -      0      0      0      0      0      0      0      0      0      0      0      0      0      0      0      0      0      0      0      0      0      0      0      0      0      0      0      0      0      0      0      0      0      0      0      0      0      0      0      0     
0x2b1f495ac800           UMOV UR4, 0x1                                                            0      0      0      2048    2048    2048    1      1      0      31     0      -             -          -      0      0      0      0      0      0      0      0      -      0      0      0      0      0      0      0      0      0      0      0      0      0      0      0      0      0      0      0      0      0      0      0      0      0      0      0      0      0      0      0      0      0      0      0      0      0      0      0      0     
0x2b1f495ac810           UIADD3 UR6, UPT, UPT, UR7, 0x8, URZ                                      0      0      0      2048    2048    2048    1      1      0      31     0      -             -          -      0      0      0      0      0      0      0      0      -      0      0      0      0      0      0      0      0      0      0      0      0      0      0      0      0      0      0      0      0      0      0      0      0      0      0      0      0      0      0      0      0      0      0      0      0      0      0      0      0     
0x2b1f495ac820           UIADD3 UR7, UPT, UPT, UR7, 0x20, URZ                                     0      0      0      2048    2048    2048    1      1      0      31     0      -             -          -      0      0      0      0      0      0      0      0      -      0      0      0      0      0      0      0      0      0      0      0      0      0      0      0      0      0      0      0      0      0      0      0      0      0      0      0      0      0      0      0      0      0      0      0      0      0      0      0      0     
0x2b1f495ac830           UIADD3 UR4, UPT, UPT, -UR4, 0x100000, URZ                                0      0      0      2048    2048    2048    1      1      0      31     0      -             -          -      0      0      0      0      0      0      0      0      -      0      0      0      0      0      0      0      0      0      0      0      0      0      0      0      0      0      0      0      0      0      0      0      0      0      0      0      0      0      0      0      0      0      0      0      0      0      0      0      0     
0x2b1f495ac840           USHF.L.U32 UR5, UR4, 0xb, URZ                                            2      2      2      2048    2048    2048    1      1      0      31     0      -             -          -      0      0      0      0      0      0      0      0      -      0      0      0      0      0      0      0      0      0      0      0      0      0      0      0      0      0      0      0      0      0      0      2      0      0      0      0      0      0      0      0      0      0      0      0      0      0      0      0      2     
0x2b1f495ac850           USHF.L.U32 UR4, UR4, 0x1, URZ                                            0      0      0      2048    2048    2048    1      1      0      31     0      -             -          -      0      0      0      0      0      0      0      0      -      0      0      0      0      0      0      0      0      0      0      0      0      0      0      0      0      0      0      0      0      0      0      0      0      0      0      0      0      0      0      0      0      0      0      0      0      0      0      0      0     
0x2b1f495ac860           ULEA UR6, UR8, UR6, 0x18                                                 2      2      2      2048    2048    2048    1      1      0      31     0      -             -          -      0      0      0      0      0      0      0      0      -      0      0      0      0      0      0      0      0      0      0      0      0      0      0      0      0      0      0      0      2      0      0      0      0      0      0      0      0      0      0      0      0      0      0      0      0      2      0      0      0     
0x2b1f495ac870           ULEA UR7, UR8, UR7, 0x18                                                 0      0      0      2048    2048    2048    1      1      0      31     0      -             -          -      0      0      0      0      0      0      0      0      -      0      0      0      0      0      0      0      0      0      0      0      0      0      0      0      0      0      0      0      0      0      0      0      0      0      0      0      0      0      0      0      0      0      0      0      0      0      0      0      0     
0x2b1f495ac880           FENCE.VIEW.ASYNC.S                                                       0      0      0      2048    2048    2048    1      1      0      31     0      -             -          -      0      0      0      0      0      0      0      0      -      0      0      0      0      0      0      0      0      0      0      0      0      0      0      0      0      0      0      0      0      0      0      0      0      0      0      0      0      0      0      0      0      0      0      0      0      0      0      0      0     
0x2b1f495ac890           SYNCS.EXCH.64 URZ, [UR6], UR4                                            36     33     36     2048    2048    2048    1      1      0      31     0      -             -          -      0      0      0      0      0      0      0      0      -      0      0      0      0      0      0      0      0      0      0      0      36     0      0      0      0      0      0      0      0      0      0      0      0      0      0      0      0      33     0      0      0      0      0      0      0      0      0      0      0     
0x2b1f495ac8a0           SYNCS.EXCH.64 URZ, [UR7], UR4                                            0      0      0      2048    2048    2048    1      1      0      31     0      -             -          -      0      0      0      0      0      0      0      0      -      0      0      0      0      0      0      0      0      0      0      0      0      0      0      0      0      0      0      0      0      0      0      0      0      0      0      0      0      0      0      0      0      0      0      0      0      0      0      0      0     
0x2b1f495ac8b0           SYNCS.EXCH.64 URZ, [UR6+0x8], UR4                                        0      0      0      2048    2048    2048    1      1      0      31     0      -             -          -      0      0      0      0      0      0      0      0      -      0      0      0      0      0      0      0      0      0      0      0      0      0      0      0      0      0      0      0      0      0      0      0      0      0      0      0      0      0      0      0      0      0      0      0      0      0      0      0      0     
0x2b1f495ac8c0           SYNCS.EXCH.64 URZ, [UR7+0x8], UR4                                        0      0      0      2048    2048    2048    1      1      0      31     0      -             -          -      0      0      0      0      0      0      0      0      -      0      0      0      0      0      0      0      0      0      0      0      0      0      0      0      0      0      0      0      0      0      0      0      0      0      0      0      0      0      0      0      0      0      0      0      0      0      0      0      0     
0x2b1f495ac8d0           SYNCS.EXCH.64 URZ, [UR6+0x10], UR4                                       0      0      0      2048    2048    2048    1      1      0      31     0      -             -          -      0      0      0      0      0      0      0      0      -      0      0      0      0      0      0      0      0      0      0      0      0      0      0      0      0      0      0      0      0      0      0      0      0      0      0      0      0      0      0      0      0      0      0      0      0      0      0      0      0     
0x2b1f495ac8e0           SYNCS.EXCH.64 URZ, [UR7+0x10], UR4                                       0      0      0      2048    2048    2048    1      1      0      31     0      -             -          -      0      0      0      0      0      0      0      0      -      0      0      0      0      0      0      0      0      0      0      0      0      0      0      0      0      0      0      0      0      0      0      0      0      0      0      0      0      0      0      0      0      0      0      0      0      0      0      0      0     
0x2b1f495ac8f0           NOP                                                                      0      0      0      2048    2048    2048    1      1      0      31     0      -             -          -      0      0      0      0      0      0      0      0      -      0      0      0      0      0      0      0      0      0      0      0      0      0      0      0      0      0      0      0      0      0      0      0      0      0      0      0      0      0      0      0      0      0      0      0      0      0      0      0      0     
0x2b1f495ac900           BSYNC.RECONVERGENT B0                                                    2      1      2      10240   262144  262144  25     25     24     7      0      -             -          -      0      0      0      0      0      0      0      0      -      0      0      0      0      0      0      0      0      0      0      0      2      0      0      0      0      0      0      0      0      0      0      0      0      0      0      0      0      1      0      0      0      0      0      0      0      0      0      0      0     
0x2b1f495ac910           R2UR UR4, R9                                                             4      3      4      8192    262144  262144  32     32     7      0      0      -             -          -      0      0      0      0      0      0      0      0      -      0      0      0      0      0      0      0      3      0      0      0      0      0      0      0      0      0      0      1      0      0      0      0      0      3      0      0      0      0      0      0      0      0      0      0      0      0      0      0      0     
0x2b1f495ac920           IMAD.MOV R9, RZ, RZ, -R14                                                0      0      0      8192    262144  262144  32     32     0      0      0      -             -          -      0      0      0      0      0      0      0      0      -      0      0      0      0      0      0      0      0      0      0      0      0      0      0      0      0      0      0      0      0      0      0      0      0      0      0      0      0      0      0      0      0      0      0      0      0      0      0      0      0     
0x2b1f495ac930           ULOP3.LUT UR5, UR15, UR12, URZ, 0x3c, !UPT                               0      0      0      8192    262144  262144  32     32     0      0      0      -             -          -      0      0      0      0      0      0      0      0      -      0      0      0      0      0      0      0      0      0      0      0      0      0      0      0      0      0      0      0      0      0      0      0      0      0      0      0      0      0      0      0      0      0      0      0      0      0      0      0      0     
0x2b1f495ac940           BAR.SYNC.DEFER_BLOCKING 0x0                                              0      0      0      8192    262144  262144  32     32     0      0      0      -             -          -      0      0      0      0      0      0      0      0      -      0      0      0      0      0      0      0      0      0      0      0      0      0      0      0      0      0      0      0      0      0      0      0      0      0      0      0      0      0      0      0      0      0      0      0      0      0      0      0      0     
0x2b1f495ac950           IMAD R8, R9, UR4, R12                                                    2      2      2      8192    262144  262144  32     32     0      0      0      -             -          -      0      0      0      0      0      0      0      0      -      0      0      0      0      0      0      0      0      0      0      0      0      0      0      0      0      0      0      0      0      0      0      2      0      0      0      0      0      0      0      0      0      0      0      0      0      0      0      0      2     
0x2b1f495ac960           ISETP.GT.U32.AND P0, PT, R13, R8, PT                                     2      2      2      8192    262144  262144  32     32     0      0      0      -             -          -      0      0      0      0      0      0      0      0      -      0      0      0      0      0      0      0      0      0      0      0      0      0      0      0      0      0      0      0      0      0      0      2      0      0      0      0      0      0      0      0      0      0      0      0      0      0      0      0      2     
0x2b1f495ac970           VOTEU.ANY UP0, P0                                                        177    163    177    8192    262144  262144  32     32     0      0      0      -             -          -      0      0      0      0      0      0      0      0      -      0      0      0      0      0      0      174    0      0      0      0      0      0      0      0      0      0      1      1      0      0      0      1      163    0      0      0      0      0      0      0      0      0      0      0      0      0      0      0      0     
0x2b1f495ac980           PLOP3.LUT P0, PT, PT, PT, UP0, 0x80, 0x8                                 0      0      0      8192    262144  262144  32     32     0      0      0      -             -          -      0      0      0      0      0      0      0      0      -      0      0      0      0      0      0      0      0      0      0      0      0      0      0      0      0      0      0      0      0      0      0      0      0      0      0      0      0      0      0      0      0      0      0      0      0      0      0      0      0     
0x2b1f495ac990     @!UP0 UIADD3 UR4, UPT, UPT, UR4, 0x1, URZ                                      0      0      0      8192    262144  3968    32     0      32     32     0      -             -          -      0      0      0      0      0      0      0      0      -      0      0      0      0      0      0      0      0      0      0      0      0      0      0      0      0      0      0      0      0      0      0      0      0      0      0      0      0      0      0      0      0      0      0      0      0      0      0      0      0     
0x2b1f495ac9a0           UISETP.GE.AND UP0, UPT, UR5, URZ, UPT                                    0      0      0      8192    262144  262144  32     32     32     0      0      -             -          -      0      0      0      0      0      0      0      0      -      0      0      0      0      0      0      0      0      0      0      0      0      0      0      0      0      0      0      0      0      0      0      0      0      0      0      0      0      0      0      0      0      0      0      0      0      0      0      0      0     
0x2b1f495ac9b0     @!P0  IMAD.IADD R8, R8, 0x1, -R13                                              1      1      1      8192    262144  3968    32     0      32     32     0      -             -          -      0      0      0      0      0      0      0      0      -      0      0      0      0      0      0      0      0      0      0      0      0      0      0      0      0      0      0      0      0      0      0      1      0      0      0      0      0      0      0      0      0      0      0      0      0      0      0      0      1     
0x2b1f495ac9c0           ISETP.GE.U32.AND P0, PT, R8, R13, PT                                     0      0      0      8192    262144  262144  32     32     32     0      0      -             -          -      0      0      0      0      0      0      0      0      -      0      0      0      0      0      0      0      0      0      0      0      0      0      0      0      0      0      0      0      0      0      0      0      0      0      0      0      0      0      0      0      0      0      0      0      0      0      0      0      0     
0x2b1f495ac9d0           VOTEU.ANY UP1, P0                                                        4      4      4      8192    262144  262144  32     32     0      0      0      -             -          -      0      0      0      0      0      0      0      0      -      0      0      0      0      0      0      0      0      0      0      0      0      0      0      0      0      0      0      0      0      0      0      4      0      0      0      0      0      0      0      0      0      0      0      0      0      0      0      0      4     
0x2b1f495ac9e0           ISETP.NE.AND P0, PT, R10, RZ, PT                                         0      0      0      8192    262144  262144  32     32     0      0      0      -             -          -      0      0      0      0      0      0      0      0      -      0      0      0      0      0      0      0      0      0      0      0      0      0      0      0      0      0      0      0      0      0      0      0      0      0      0      0      0      0      0      0      0      0      0      0      0      0      0      0      0     
0x2b1f495ac9f0     @UP1  UIADD3 UR4, UPT, UPT, UR4, 0x1, URZ                                      1      0      1      8192    262144  0       32     0      32     32     0      -             -          -      0      0      0      0      0      0      0      0      -      0      0      0      0      0      0      0      0      0      0      0      0      0      0      0      0      0      0      1      0      0      0      0      0      0      0      0      0      0      0      0      0      0      0      0      0      0      0      0      0     
0x2b1f495aca00           UISETP.NE.AND UP1, UPT, UR12, URZ, UPT                                   0      0      0      8192    262144  262144  32     32     32     0      0      -             -          -      0      0      0      0      0      0      0      0      -      0      0      0      0      0      0      0      0      0      0      0      0      0      0      0      0      0      0      0      0      0      0      0      0      0      0      0      0      0      0      0      0      0      0      0      0      0      0      0      0     
0x2b1f495aca10     @!UP0 UIADD3 UR4, UPT, UPT, URZ, -UR4, URZ                                     0      0      0      8192    262144  0       32     0      32     32     0      -             -          -      0      0      0      0      0      0      0      0      -      0      0      0      0      0      0      0      0      0      0      0      0      0      0      0      0      0      0      0      0      0      0      0      0      0      0      0      0      0      0      0      0      0      0      0      0      0      0      0      0     
0x2b1f495aca20     @!UP1 ULOP3.LUT UR4, URZ, UR12, URZ, 0x33, !UPT                                1      1      1      8192    262144  0       32     0      0      32     0      -             -          -      0      0      0      0      0      0      0      0      -      0      0      0      0      0      0      0      0      0      0      0      0      0      0      0      0      0      0      0      0      0      0      1      0      0      0      0      0      0      0      0      0      0      0      0      0      0      0      0      1     
0x2b1f495aca30           UIADD3 UR11, UPT, UPT, URZ, -UR4, URZ                                    0      0      0      8192    262144  262144  32     32     32     0      0      -             -          -      0      0      0      0      0      0      0      0      -      0      0      0      0      0      0      0      0      0      0      0      0      0      0      0      0      0      0      0      0      0      0      0      0      0      0      0      0      0      0      0      0      0      0      0      0      0      0      0      0     
0x2b1f495aca40           USHF.L.U32 UR7, UR4, 0x7, URZ                                            0      0      0      8192    262144  262144  32     32     0      0      0      -             -          -      0      0      0      0      0      0      0      0      -      0      0      0      0      0      0      0      0      0      0      0      0      0      0      0      0      0      0      0      0      0      0      0      0      0      0      0      0      0      0      0      0      0      0      0      0      0      0      0      0     
0x2b1f495aca50           UIMAD UR11, UR12, UR11, UR15                                             0      0      0      8192    262144  262144  32     32     0      0      0      -             -          -      0      0      0      0      0      0      0      0      -      0      0      0      0      0      0      0      0      0      0      0      0      0      0      0      0      0      0      0      0      0      0      0      0      0      0      0      0      0      0      0      0      0      0      0      0      0      0      0      0     
0x2b1f495aca60           USHF.L.U32 UR11, UR11, 0x6, URZ                                          1      1      1      8192    262144  262144  32     32     0      0      0      -             -          -      0      0      0      0      0      0      0      0      -      0      0      0      0      0      0      0      0      0      0      0      0      0      0      0      0      0      0      0      0      0      0      1      0      0      0      0      0      0      0      0      0      0      0      0      0      0      0      0      1     
0x2b1f495aca70     @!P0  BRA 0x2b1f495ad130                                                       0      0      0      8192    262144  2048    32     0      32     32     2048   -             -          -      0      0      0      0      0      0      0      0      -      0      0      0      0      0      0      0      0      0      0      0      0      0      0      0      0      0      0      0      0      0      0      0      0      0      0      0      0      0      0      0      0      0      0      0      0      0      0      0      0     
0x2b1f495aca80           LDC R8, c[0x0][0x3a0]                                                    0      0      0      8192    260096  260096  31     31     31     1      0      -             -          -      0      0      0      0      0      0      0      0      -      0      0      0      0      0      0      0      0      0      0      0      0      0      0      0      0      0      0      0      0      0      0      0      0      0      0      0      0      0      0      0      0      0      0      0      0      0      0      0      0     
0x2b1f495aca90           ISETP.GE.AND P0, PT, R8, 0x40, PT                                        6      6      6      8192    260096  260096  31     31     0      1      0      -             -          -      0      0      0      0      0      0      0      0      -      0      0      0      0      0      0      0      0      0      0      0      0      0      0      0      0      0      0      0      6      0      0      0      0      0      0      0      0      0      0      0      0      0      0      0      0      6      0      0      0     
0x2b1f495acaa0           ISETP.NE.OR P0, PT, R10, 0x20, !P0                                       0      0      0      8192    260096  260096  31     31     0      1      0      -             -          -      0      0      0      0      0      0      0      0      -      0      0      0      0      0      0      0      0      0      0      0      0      0      0      0      0      0      0      0      0      0      0      0      0      0      0      0      0      0      0      0      0      0      0      0      0      0      0      0      0     
0x2b1f495acab0     @P0   BRA 0x2b1f495ad540                                                       2      1      2      8192    260096  258048  31     31     0      1      2048   -             -          -      0      0      0      0      0      0      0      0      -      0      0      0      0      0      0      0      0      0      0      0      0      0      0      0      0      0      0      0      0      0      0      2      0      0      0      0      0      0      0      0      0      0      0      0      0      0      0      0      1     
0x2b1f495acac0           S2R R14, SR_CgaCtaId                                                     1      1      1      2048    2048    2048    1      1      30     31     0      -             -          -      0      0      0      0      0      0      0      0      -      0      0      0      0      0      0      0      0      0      0      0      0      0      0      0      0      0      0      0      0      0      0      1      0      0      0      0      0      0      0      0      0      0      0      0      0      0      0      0      1     
0x2b1f495acad0           MOV R15, 0x400                                                           0      0      0      2048    2048    2048    1      1      0      31     0      -             -          -      0      0      0      0      0      0      0      0      -      0      0      0      0      0      0      0      0      0      0      0      0      0      0      0      0      0      0      0      0      0      0      0      0      0      0      0      0      0      0      0      0      0      0      0      0      0      0      0      0     
0x2b1f495acae0           IMAD.MOV.U32 R8, RZ, RZ, RZ                                              0      0      0      2048    2048    2048    1      1      0      31     0      -             -          -      0      0      0      0      0      0      0      0      -      0      0      0      0      0      0      0      0      0      0      0      0      0      0      0      0      0      0      0      0      0      0      0      0      0      0      0      0      0      0      0      0      0      0      0      0      0      0      0      0     
0x2b1f495acaf0           VIADD R9, R15, 0x20                                                      1      1      1      2048    2048    2048    1      1      0      31     0      -             -          -      0      0      0      0      0      0      0      0      -      0      0      0      0      0      0      0      0      0      0      0      0      0      0      0      0      0      0      0      0      0      0      1      0      0      0      0      0      0      0      0      0      0      0      0      0      0      0      0      1     
0x2b1f495acb00           LEA R16, R14, R9, 0x18                                                   2      2      2      2048    2048    2048    1      1      0      31     0      -             -          -      0      0      0      0      0      0      0      0      -      0      0      0      0      0      0      0      0      0      0      0      0      0      0      0      0      0      0      0      2      0      0      0      0      0      0      0      0      0      0      0      0      0      0      0      0      2      0      0      0     
0x2b1f495acb10           IMAD.HI.U32 R9, R8, -0x55555555, RZ                                      10     9      10     131072  131072  131072  1      1      0      31     0      -             -          -      0      0      0      0      0      0      0      0      -      0      0      0      0      0      0      0      5      0      0      0      0      0      0      0      0      4      1      0      0      0      0      0      0      5      0      0      0      0      0      0      0      0      4      0      0      0      0      0      0     
0x2b1f495acb20           YIELD                                                                    12     7      12     131072  131072  131072  1      1      0      31     0      -             -          -      0      0      0      0      0      0      0      0      -      0      0      0      0      0      0      0      0      0      0      0      0      0      0      0      0      0      0      4      8      0      0      0      0      0      0      0      0      0      0      0      0      0      0      0      0      7      0      0      0     
0x2b1f495acb30           SHF.R.U32.HI R9, RZ, 0x1, R9                                             154    143    154    131072  131072  131072  1      1      0      31     0      -             -          -      0      0      0      0      0      0      0      0      -      0      0      0      0      0      0      0      133    0      0      0      0      0      0      0      6      5      0      4      0      0      0      6      0      128    0      0      0      0      0      0      0      6      5      0      0      0      0      0      4     
0x2b1f495acb40           IMAD R11, R9, -0x3, R8                                                   11     10     11     131072  131072  131072  1      1      0      31     0      -             -          -      0      0      0      0      0      0      0      0      -      0      0      0      0      0      0      0      0      0      0      0      0      0      0      0      0      0      0      1      0      0      0      10     0      0      0      0      0      0      0      0      0      0      0      0      0      0      0      0      10    
0x2b1f495acb50           LOP3.LUT R9, R9, 0x1, RZ, 0xc0, !PT                                      2      0      2      131072  131072  131072  1      1      0      31     0      -             -          -      0      0      0      0      0      0      0      0      -      0      0      0      0      0      0      0      0      0      0      0      0      0      0      0      0      0      0      2      0      0      0      0      0      0      0      0      0      0      0      0      0      0      0      0      0      0      0      0      0     
0x2b1f495acb60           SHF.L.U32 R12, R9, 0x1f, RZ                                              10     9      10     131072  131072  131072  1      1      0      31     0      -             -          -      0      0      0      0      0      0      0      0      -      0      0      0      0      0      0      0      0      0      0      0      0      0      0      0      0      0      0      1      0      0      0      9      0      0      0      0      0      0      0      0      0      0      0      0      0      0      0      0      9     
0x2b1f495acb70           IMAD R9, R11, 0x8, R16                                                   5      0      5      131072  131072  131072  1      1      0      31     0      -             -          -      0      0      0      0      0      0      0      0      -      0      0      0      0      0      0      0      0      0      0      0      0      0      0      0      0      0      0      5      0      0      0      0      0      0      0      0      0      0      0      0      0      0      0      0      0      0      0      0      0     
0x2b1f495acb80           SYNCS.PHASECHK.TRANS64.TRYWAIT P0, [R9+URZ], R12                         6      6      6      131072  131072  131072  1      1      0      31     0      -             -          -      0      0      0      0      0      0      0      0      -      0      0      0      0      0      0      0      0      0      0      0      0      0      0      0      0      0      0      0      0      0      0      6      0      0      0      0      0      0      0      0      0      0      0      0      0      0      0      0      6     
0x2b1f495acb90     @!P0  BRA 0x2b1f495ae790                                                       117    106    117    131072  131072  2048    1      0      1      32     0      -             -          -      0      0      0      0      0      0      0      0      -      0      0      0      0      0      0      0      0      0      0      0      114    0      0      0      0      0      0      2      0      0      0      1      0      0      0      0      0      105    0      0      0      0      0      0      0      0      0      0      1     
0x2b1f495acba0           VIADD R13, R15, 0x8                                                      19     17     19     131072  131072  131072  1      1      1      31     0      -             -          -      0      0      0      0      0      0      0      0      -      0      0      0      0      0      0      0      5      0      0      0      0      0      0      0      0      5      0      1      0      0      0      8      0      5      0      0      0      0      0      0      0      0      5      0      0      0      0      0      7     
0x2b1f495acbb0           R2UR UR10, R11                                                           3      0      3      131072  131072  131072  1      1      0      31     0      -             -          -      0      0      0      0      0      0      0      0      -      0      0      0      0      0      0      0      0      0      0      0      0      0      0      0      0      0      0      3      0      0      0      0      0      0      0      0      0      0      0      0      0      0      0      0      0      0      0      0      0     
0x2b1f495acbc0           IMAD.SHL.U32 R9, R8, 0x4, RZ                                             5      0      5      131072  131072  131072  1      1      0      31     0      -             -          -      0      0      0      0      0      0      0      0      -      0      0      0      0      0      0      0      0      0      0      0      0      0      0      0      0      0      0      5      0      0      0      0      0      0      0      0      0      0      0      0      0      0      0      0      0      0      0      0      0     
0x2b1f495acbd0           PLOP3.LUT P0, PT, PT, PT, PT, 0x80, 0x8                                  2      0      2      131072  131072  131072  1      1      0      31     0      -             -          -      0      0      0      0      0      0      0      0      -      0      0      0      0      0      0      0      0      0      0      0      0      0      0      0      0      0      0      2      0      0      0      0      0      0      0      0      0      0      0      0      0      0      0      0      0      0      0      0      0     
0x2b1f495acbe0           NOP                                                                      4      0      4      131072  131072  131072  1      1      0      31     0      -             -          -      0      0      0      0      0      0      0      0      -      0      0      0      0      0      0      0      0      0      0      0      0      0      0      0      0      0      0      4      0      0      0      0      0      0      0      0      0      0      0      0      0      0      0      0      0      0      0      0      0     
0x2b1f495acbf0           LEA R12, R14, R13, 0x18                                                  4      0      4      131072  131072  131072  1      1      0      31     0      -             -          -      0      0      0      0      0      0      0      0      -      0      0      0      0      0      0      0      0      0      0      0      0      0      0      0      0      0      0      4      0      0      0      0      0      0      0      0      0      0      0      0      0      0      0      0      0      0      0      0      0     
0x2b1f495acc00           UMOV UR22, 0x0                                                           1      0      1      131072  131072  131072  1      1      0      31     0      -             -          -      0      0      0      0      0      0      0      0      -      0      0      0      0      0      0      0      0      0      0      0      0      0      0      0      0      0      0      1      0      0      0      0      0      0      0      0      0      0      0      0      0      0      0      0      0      0      0      0      0     
0x2b1f495acc10           R2UR UR9, R9                                                             2      0      2      131072  131072  131072  1      1      0      31     0      -             -          -      0      0      0      0      0      0      0      0      -      0      0      0      0      0      0      0      0      0      0      0      0      0      0      0      0      0      0      2      0      0      0      0      0      0      0      0      0      0      0      0      0      0      0      0      0      0      0      0      0     
0x2b1f495acc20           UMOV UR23, 0x8100490                                                     3      0      3      131072  131072  131072  1      1      0      31     0      -             -          -      0      0      0      0      0      0      0      0      -      0      0      0      0      0      0      0      0      0      0      0      0      0      0      0      0      0      0      3      0      0      0      0      0      0      0      0      0      0      0      0      0      0      0      0      0      0      0      0      0     
0x2b1f495acc30           IMAD R12, R11, 0x8, R12                                                  11     4      11     131072  131072  131072  1      1      0      31     0      -             -          -      0      0      0      0      0      0      0      0      -      0      0      0      0      0      0      0      0      0      0      0      0      0      0      0      0      0      1      4      0      0      0      6      0      0      0      0      0      0      0      0      0      0      0      0      0      0      0      0      4     
0x2b1f495acc40           UIMAD UR10, UR10, 0x6000, UR17                                           7      3      7      131072  131072  131072  1      1      0      31     0      -             -          -      0      0      0      0      0      0      0      0      -      0      0      0      0      0      0      0      0      0      0      0      0      0      0      0      0      0      0      4      0      0      0      3      0      0      0      0      0      0      0      0      0      0      0      0      0      0      0      0      3     
0x2b1f495acc50           R2UR UR6, R12                                                            1      0      1      131072  131072  131072  1      1      0      31     0      -             -          -      0      0      0      0      0      0      0      0      -      0      0      0      0      0      0      0      0      0      0      0      0      0      0      0      0      0      0      1      0      0      0      0      0      0      0      0      0      0      0      0      0      0      0      0      0      0      0      0      0     
0x2b1f495acc60           UIADD3 UR4, UPT, UPT, UR10, 0x4000, URZ                                  10     7      10     131072  131072  131072  1      1      0      31     0      -             -          -      0      0      0      0      0      0      0      0      -      0      0      0      0      0      0      0      0      0      0      0      0      0      0      0      0      0      0      3      0      0      0      7      0      0      0      0      0      0      0      0      0      0      0      0      0      0      0      0      7     
0x2b1f495acc70           USHF.R.U32.HI UR5, URZ, 0x4, UR10                                        4      2      4      131072  131072  131072  1      1      0      31     0      -             -          -      0      0      0      0      0      0      0      0      -      0      0      0      0      0      0      0      0      0      0      0      0      0      0      0      0      0      0      1      0      0      0      3      0      0      0      0      0      0      0      0      0      0      0      0      0      0      0      0      2     
0x2b1f495acc80           USHF.R.U32.HI UR8, URZ, 0x4, UR4                                         6      2      6      131072  131072  131072  1      1      0      31     0      -             -          -      0      0      0      0      0      0      0      0      -      0      0      0      0      0      0      0      0      0      0      0      0      0      0      0      0      0      0      4      0      0      0      2      0      0      0      0      0      0      0      0      0      0      0      0      0      0      0      0      2     
0x2b1f495acc90           ULOP3.LUT UR4, UR5, 0x3fff, URZ, 0xc0, !UPT                              6      2      6      131072  131072  131072  1      1      0      31     0      -             -          -      0      0      0      0      0      0      0      0      -      0      0      0      0      0      0      0      0      0      0      0      0      0      0      0      0      0      0      4      0      0      0      2      0      0      0      0      0      0      0      0      0      0      0      0      0      0      0      0      2     
0x2b1f495acca0           UISETP.NE.U32.AND UP0, UPT, UR9, URZ, UPT                                0      0      0      131072  131072  131072  1      1      0      31     0      -             -          -      0      0      0      0      0      0      0      0      -      0      0      0      0      0      0      0      0      0      0      0      0      0      0      0      0      0      0      0      0      0      0      0      0      0      0      0      0      0      0      0      0      0      0      0      0      0      0      0      0     
0x2b1f495accb0           ULOP3.LUT UR8, UR8, 0x3fff, URZ, 0xc0, !UPT                              10     4      10     131072  131072  131072  1      1      0      31     0      -             -          -      0      0      0      0      0      0      0      0      -      0      0      0      0      0      0      0      0      0      0      0      0      0      0      0      0      0      0      6      0      0      0      4      0      0      0      0      0      0      0      0      0      0      0      0      0      0      0      0      4     
0x2b1f495accc0           UMOV UR5, 0x40004040                                                     4      0      4      131072  131072  131072  1      1      0      31     0      -             -          -      0      0      0      0      0      0      0      0      -      0      0      0      0      0      0      0      0      0      0      0      0      0      0      0      0      0      0      4      0      0      0      0      0      0      0      0      0      0      0      0      0      0      0      0      0      0      0      0      0     
0x2b1f495accd0           UMOV UR9, 0x40004040                                                     5      0      5      131072  131072  131072  1      1      0      31     0      -             -          -      0      0      0      0      0      0      0      0      -      0      0      0      0      0      0      0      0      0      0      0      0      0      0      0      0      0      0      5      0      0      0      0      0      0      0      0      0      0      0      0      0      0      0      0      0      0      0      0      0     
0x2b1f495acce0     @P0   ELECT P2, URZ, PT                                                        34     30     34     131072  131072  131072  1      1      0      31     0      -             -          -      0      0      0      0      0      0      0      0      -      0      0      0      0      0      0      0      0      0      0      0      0      0      0      0      0      0      0      0      0      0      0      34     0      0      0      0      0      0      0      0      0      0      0      0      0      0      0      0      30    
0x2b1f495accf0           UTCHMMA gdesc[UR4], gdesc[UR8], tmem[UR13], tmem[UR22], idesc[UR23], UP0 6      0      6      131072  131072  131072  1      1      0      31     0      TmemShared    Load,Store -      0      0      0      0      0      0      0      0      -      0      0      0      0      0      0      0      0      1      0      0      0      0      0      0      0      0      0      5      0      0      0      0      0      0      0      0      0      0      0      0      0      0      0      0      0      0      0      0      0     
0x2b1f495acd00     @P2   PLOP3.LUT P0, PT, P2, PT, PT, 0x8, 0x80                                  31     23     31     131072  131072  131072  1      1      0      31     0      -             -          -      0      0      0      0      0      0      0      0      -      0      0      0      0      0      0      0      0      0      0      0      0      0      0      0      0      0      0      8      0      0      0      23     0      0      0      0      0      0      0      0      0      0      0      0      0      0      0      0      23    
0x2b1f495acd10           PLOP3.LUT P2, PT, PT, PT, PT, 0x8, 0x80                                  4      0      4      131072  131072  131072  1      1      0      31     0      -             -          -      0      0      0      0      0      0      0      0      -      0      0      0      0      0      0      0      0      0      0      0      0      0      0      0      0      0      0      4      0      0      0      0      0      0      0      0      0      0      0      0      0      0      0      0      0      0      0      0      0     
0x2b1f495acd20     @P0   BRA.U.ANY 0x2b1f495acce0                                                 20     17     20     131072  131072  0       1      0      1      32     0      -             -          -      0      0      0      0      0      0      0      0      -      0      0      0      0      0      0      0      0      0      0      0      0      0      0      0      0      0      0      2      0      0      0      18     0      0      0      0      0      0      0      0      0      0      0      0      0      0      0      0      17    
0x2b1f495acd30           VIADD R11, R9, 0x10                                                      14     11     14     131072  131072  131072  1      1      1      31     0      -             -          -      0      0      0      0      0      0      0      0      -      0      0      0      0      0      0      0      0      0      0      0      0      0      0      0      0      0      0      3      0      0      0      11     0      0      0      0      0      0      0      0      0      0      0      0      0      0      0      0      11    
0x2b1f495acd40           UIADD3 UR5, UPT, UPT, UR10, 0x4020, URZ                                  3      0      3      131072  131072  131072  1      1      0      31     0      -             -          -      0      0      0      0      0      0      0      0      -      0      0      0      0      0      0      0      0      0      0      0      0      0      0      0      0      0      0      3      0      0      0      0      0      0      0      0      0      0      0      0      0      0      0      0      0      0      0      0      0     
0x2b1f495acd50           PLOP3.LUT P0, PT, PT, PT, PT, 0x80, 0x8                                  1      0      1      131072  131072  131072  1      1      0      31     0      -             -          -      0      0      0      0      0      0      0      0      -      0      0      0      0      0      0      0      0      0      0      0      0      0      0      0      0      0      0      1      0      0      0      0      0      0      0      0      0      0      0      0      0      0      0      0      0      0      0      0      0     
0x2b1f495acd60           UIADD3 UR4, UPT, UPT, UR10, 0x20, URZ                                    3      0      3      131072  131072  131072  1      1      0      31     0      -             -          -      0      0      0      0      0      0      0      0      -      0      0      0      0      0      0      0      0      0      0      0      0      0      0      0      0      0      0      3      0      0      0      0      0      0      0      0      0      0      0      0      0      0      0      0      0      0      0      0      0     
0x2b1f495acd70           R2UR UR9, R11                                                            6      3      6      131072  131072  131072  1      1      0      31     0      -             -          -      0      0      0      0      0      0      0      0      -      0      0      0      0      0      0      0      0      0      0      0      0      1      0      0      0      0      0      2      0      0      0      3      0      0      0      0      0      0      1      0      0      0      0      0      0      0      0      0      2     
0x2b1f495acd80           USHF.R.U32.HI UR5, URZ, 0x4, UR5                                         3      0      3      131072  131072  131072  1      1      0      31     0      -             -          -      0      0      0      0      0      0      0      0      -      0      0      0      0      0      0      0      0      0      0      0      0      0      0      0      0      0      0      3      0      0      0      0      0      0      0      0      0      0      0      0      0      0      0      0      0      0      0      0      0     
0x2b1f495acd90           USHF.R.U32.HI UR4, URZ, 0x4, UR4                                         9      4      9      131072  131072  131072  1      1      0      31     0      -             -          -      0      0      0      0      0      0      0      0      -      0      0      0      0      0      0      0      0      0      0      0      0      0      0      0      0      0      0      5      0      0      0      4      0      0      0      0      0      0      0      0      0      0      0      0      0      0      0      0      4     
0x2b1f495acda0           ULOP3.LUT UR8, UR5, 0x3fff, URZ, 0xc0, !UPT                              6      3      6      131072  131072  131072  1      1      0      31     0      -             -          -      0      0      0      0      0      0      0      0      -      0      0      0      0      0      0      0      0      0      0      0      0      0      0      0      0      0      0      3      0      0      0      3      0      0      0      0      0      0      0      0      0      0      0      0      0      0      0      0      3     
0x2b1f495acdb0           ULOP3.LUT UR4, UR4, 0x3fff, URZ, 0xc0, !UPT                              7      4      7      131072  131072  131072  1      1      0      31     0      -             -          -      0      0      0      0      0      0      0      0      -      0      0      0      0      0      0      0      0      0      0      0      0      0      0      0      0      0      0      3      0      0      0      4      0      0      0      0      0      0      0      0      0      0      0      0      0      0      0      0      4     
0x2b1f495acdc0           UMOV UR5, 0x40004040                                                     1      0      1      131072  131072  131072  1      1      0      31     0      -             -          -      0      0      0      0      0      0      0      0      -      0      0      0      0      0      0      0      0      0      0      0      0      0      0      0      0      0      0      1      0      0      0      0      0      0      0      0      0      0      0      0      0      0      0      0      0      0      0      0      0     
0x2b1f495acdd0           UISETP.NE.U32.AND UP0, UPT, UR9, URZ, UPT                                18     14     18     131072  131072  131072  1      1      0      31     0      -             -          -      0      0      0      0      0      0      0      0      -      0      0      0      0      0      0      0      0      2      0      0      0      0      0      0      0      0      0      4      0      0      0      12     0      0      2      0      0      0      0      0      0      0      0      0      0      0      0      0      12    
0x2b1f495acde0           UMOV UR9, 0x40004040                                                     8      2      8      131072  131072  131072  1      1      0      31     0      -             -          -      0      0      0      0      0      0      0      0      -      0      0      0      0      0      0      0      0      0      0      0      0      0      0      0      0      0      0      5      0      0      0      3      0      0      0      0      0      0      0      0      0      0      0      0      0      0      0      0      2     
0x2b1f495acdf0     @P0   ELECT P2, URZ, PT                                                        22     15     22     131072  131072  131072  1      1      0      31     0      -             -          -      0      0      0      0      0      0      0      0      -      0      0      0      0      0      0      0      0      0      0      0      0      0      0      0      0      0      1      4      0      0      0      17     0      0      0      0      0      0      0      0      0      0      0      0      0      0      0      0      15    
0x2b1f495ace00           UTCHMMA gdesc[UR4], gdesc[UR8], tmem[UR13], tmem[UR22], idesc[UR23], UP0 2      0      2      131072  131072  131072  1      1      0      31     0      TmemShared    Load,Store -      0      0      0      0      0      0      0      0      -      0      0      0      0      0      0      0      0      0      0      0      0      0      0      0      0      0      0      2      0      0      0      0      0      0      0      0      0      0      0      0      0      0      0      0      0      0      0      0      0     
0x2b1f495ace10     @P2   PLOP3.LUT P0, PT, P2, PT, PT, 0x8, 0x80                                  30     27     30     131072  131072  131072  1      1      0      31     0      -             -          -      0      0      0      0      0      0      0      0      -      0      0      0      0      0      0      0      0      0      0      0      0      0      0      0      0      0      0      1      0      0      0      29     0      0      0      0      0      0      0      0      0      0      0      0      0      0      0      0      27    
0x2b1f495ace20           PLOP3.LUT P2, PT, PT, PT, PT, 0x8, 0x80                                  7      5      7      131072  131072  131072  1      1      0      31     0      -             -          -      0      0      0      0      0      0      0      0      -      0      0      0      0      0      0      0      0      0      0      0      0      0      0      0      0      0      0      2      0      0      0      5      0      0      0      0      0      0      0      0      0      0      0      0      0      0      0      0      5     
0x2b1f495ace30     @P0   BRA.U.ANY 0x2b1f495acdf0                                                 25     24     25     131072  131072  0       1      0      1      32     0      -             -          -      0      0      0      0      0      0      0      0      -      0      0      0      0      0      0      0      0      0      0      0      0      0      0      0      0      0      0      1      0      0      0      24     0      0      0      0      0      0      0      0      0      0      0      0      0      0      0      0      24    
0x2b1f495ace40           VIADD R11, R9, 0x20                                                      14     13     14     131072  131072  131072  1      1      1      31     0      -             -          -      0      0      0      0      0      0      0      0      -      0      0      0      0      0      0      0      0      0      0      0      0      0      0      0      0      0      0      1      0      0      0      13     0      0      0      0      0      0      0      0      0      0      0      0      0      0      0      0      13    
0x2b1f495ace50           UIADD3 UR5, UPT, UPT, UR10, 0x4040, URZ                                  7      0      7      131072  131072  131072  1      1      0      31     0      -             -          -      0      0      0      0      0      0      0      0      -      0      0      0      0      0      0      0      0      0      0      0      0      0      0      0      0      0      0      7      0      0      0      0      0      0      0      0      0      0      0      0      0      0      0      0      0      0      0      0      0     
0x2b1f495ace60           PLOP3.LUT P0, PT, PT, PT, PT, 0x80, 0x8                                  4      0      4      131072  131072  131072  1      1      0      31     0      -             -          -      0      0      0      0      0      0      0      0      -      0      0      0      0      0      0      0      0      0      0      0      0      0      0      0      0      0      0      4      0      0      0      0      0      0      0      0      0      0      0      0      0      0      0      0      0      0      0      0      0     
0x2b1f495ace70           UIADD3 UR4, UPT, UPT, UR10, 0x40, URZ                                    4      0      4      131072  131072  131072  1      1      0      31     0      -             -          -      0      0      0      0      0      0      0      0      -      0      0      0      0      0      0      0      0      0      0      0      0      0      0      0      0      0      0      4      0      0      0      0      0      0      0      0      0      0      0      0      0      0      0      0      0      0      0      0      0     
0x2b1f495ace80           R2UR UR9, R11                                                            11     4      11     131072  131072  131072  1      1      0      31     0      -             -          -      0      0      0      0      0      0      0      0      -      0      0      0      0      0      0      0      0      0      0      0      0      1      0      0      0      0      0      4      0      0      0      6      0      0      0      0      0      0      0      0      0      0      0      0      0      0      0      0      4     
0x2b1f495ace90           USHF.R.U32.HI UR5, URZ, 0x4, UR5                                         2      0      2      131072  131072  131072  1      1      0      31     0      -             -          -      0      0      0      0      0      0      0      0      -      0      0      0      0      0      0      0      0      0      0      0      0      0      0      0      0      0      0      2      0      0      0      0      0      0      0      0      0      0      0      0      0      0      0      0      0      0      0      0      0     
0x2b1f495acea0           USHF.R.U32.HI UR4, URZ, 0x4, UR4                                         7      3      7      131072  131072  131072  1      1      0      31     0      -             -          -      0      0      0      0      0      0      0      0      -      0      0      0      0      0      0      0      0      0      0      0      0      0      0      0      0      0      0      3      0      0      0      4      0      0      0      0      0      0      0      0      0      0      0      0      0      0      0      0      3     
0x2b1f495aceb0           ULOP3.LUT UR8, UR5, 0x3fff, URZ, 0xc0, !UPT                              3      1      3      131072  131072  131072  1      1      0      31     0      -             -          -      0      0      0      0      0      0      0      0      -      0      0      0      0      0      0      0      0      0      0      0      0      0      0      0      0      0      0      2      0      0      0      1      0      0      0      0      0      0      0      0      0      0      0      0      0      0      0      0      1     
0x2b1f495acec0           ULOP3.LUT UR4, UR4, 0x3fff, URZ, 0xc0, !UPT                              9      5      9      131072  131072  131072  1      1      0      31     0      -             -          -      0      0      0      0      0      0      0      0      -      0      0      0      0      0      0      0      0      0      0      0      0      0      0      0      0      0      0      4      0      0      0      5      0      0      0      0      0      0      0      0      0      0      0      0      0      0      0      0      5     
0x2b1f495aced0           UMOV UR5, 0x40004040                                                     3      0      3      131072  131072  131072  1      1      0      31     0      -             -          -      0      0      0      0      0      0      0      0      -      0      0      0      0      0      0      0      0      0      0      0      0      0      0      0      0      0      0      3      0      0      0      0      0      0      0      0      0      0      0      0      0      0      0      0      0      0      0      0      0     
0x2b1f495acee0           UISETP.NE.U32.AND UP0, UPT, UR9, URZ, UPT                                12     11     12     131072  131072  131072  1      1      0      31     0      -             -          -      0      0      0      0      0      0      0      0      -      0      0      0      0      0      0      0      0      1      0      0      0      0      0      0      0      0      0      1      0      0      0      10     0      0      1      0      0      0      0      0      0      0      0      0      0      0      0      0      10    
0x2b1f495acef0           UMOV UR9, 0x40004040                                                     7      4      7      131072  131072  131072  1      1      0      31     0      -             -          -      0      0      0      0      0      0      0      0      -      0      0      0      0      0      0      0      0      0      0      0      0      0      0      0      0      0      0      2      0      0      0      5      0      0      0      0      0      0      0      0      0      0      0      0      0      0      0      0      4     
0x2b1f495acf00     @P0   ELECT P2, URZ, PT                                                        26     20     26     131072  131072  131072  1      1      0      31     0      -             -          -      0      0      0      0      0      0      0      0      -      0      0      0      0      0      0      0      0      0      0      0      0      0      0      0      0      0      1      2      0      0      0      23     0      0      0      0      0      0      0      0      0      0      0      0      0      0      0      0      20    
0x2b1f495acf10           UTCHMMA gdesc[UR4], gdesc[UR8], tmem[UR13], tmem[UR22], idesc[UR23], UP0 4      0      4      131072  131072  131072  1      1      0      31     0      TmemShared    Load,Store -      0      0      0      0      0      0      0      0      -      0      0      0      0      0      0      0      0      1      0      0      0      0      0      0      0      0      0      3      0      0      0      0      0      0      0      0      0      0      0      0      0      0      0      0      0      0      0      0      0     
0x2b1f495acf20     @P2   PLOP3.LUT P0, PT, P2, PT, PT, 0x8, 0x80                                  37     30     37     131072  131072  131072  1      1      0      31     0      -             -          -      0      0      0      0      0      0      0      0      -      0      0      0      0      0      0      0      0      0      0      0      0      1      0      0      0      0      0      3      0      0      0      33     0      0      0      0      0      0      1      0      0      0      0      0      0      0      0      0      29    
0x2b1f495acf30           PLOP3.LUT P2, PT, PT, PT, PT, 0x8, 0x80                                  4      3      4      131072  131072  131072  1      1      0      31     0      -             -          -      0      0      0      0      0      0      0      0      -      0      0      0      0      0      0      0      0      0      0      0      0      0      0      0      0      0      0      1      0      0      0      3      0      0      0      0      0      0      0      0      0      0      0      0      0      0      0      0      3     
0x2b1f495acf40     @P0   BRA.U.ANY 0x2b1f495acf00                                                 41     35     41     131072  131072  0       1      0      1      32     0      -             -          -      0      0      0      0      0      0      0      0      -      0      0      0      0      0      0      0      0      0      0      0      0      0      0      0      0      0      0      4      0      0      0      37     0      0      0      0      0      0      0      0      0      0      0      0      0      0      0      0      35    
0x2b1f495acf50           VIADD R9, R9, 0x30                                                       10     8      10     131072  131072  131072  1      1      1      31     0      -             -          -      0      0      0      0      0      0      0      0      -      0      0      0      0      0      0      0      0      0      0      0      0      0      0      0      0      0      0      2      0      0      0      8      0      0      0      0      0      0      0      0      0      0      0      0      0      0      0      0      8     
0x2b1f495acf60           UIADD3 UR4, UPT, UPT, UR10, 0x60, URZ                                    5      3      5      131072  131072  131072  1      1      0      31     0      -             -          -      0      0      0      0      0      0      0      0      -      0      0      0      0      0      0      0      0      0      0      0      0      0      0      0      0      0      0      2      3      0      0      0      0      0      0      0      0      0      0      0      0      0      0      0      0      3      0      0      0     
0x2b1f495acf70           PLOP3.LUT P0, PT, PT, PT, PT, 0x80, 0x8                                  3      0      3      131072  131072  131072  1      1      0      31     0      -             -          -      0      0      0      0      0      0      0      0      -      0      0      0      0      0      0      0      0      0      0      0      0      0      0      0      0      0      0      3      0      0      0      0      0      0      0      0      0      0      0      0      0      0      0      0      0      0      0      0      0     
0x2b1f495acf80           UIADD3 UR10, UPT, UPT, UR10, 0x4060, URZ                                 4      0      4      131072  131072  131072  1      1      0      31     0      -             -          -      0      0      0      0      0      0      0      0      -      0      0      0      0      0      0      0      0      0      0      0      0      0      0      0      0      0      0      4      0      0      0      0      0      0      0      0      0      0      0      0      0      0      0      0      0      0      0      0      0     
0x2b1f495acf90           R2UR UR5, R9                                                             8      4      8      131072  131072  131072  1      1      0      31     0      -             -          -      0      0      0      0      0      0      0      0      -      0      0      0      0      0      0      0      0      0      0      0      0      3      0      0      0      0      0      3      0      0      0      2      0      0      0      0      0      0      2      0      0      0      0      0      0      0      0      0      2     
0x2b1f495acfa0           USHF.R.U32.HI UR4, URZ, 0x4, UR4                                         6      0      6      131072  131072  131072  1      1      0      31     0      -             -          -      0      0      0      0      0      0      0      0      -      0      0      0      0      0      0      0      0      0      0      0      0      0      0      0      0      0      0      6      0      0      0      0      0      0      0      0      0      0      0      0      0      0      0      0      0      0      0      0      0     
0x2b1f495acfb0           USHF.R.U32.HI UR10, URZ, 0x4, UR10                                       3      2      3      131072  131072  131072  1      1      0      31     0      -             -          -      0      0      0      0      0      0      0      0      -      0      0      0      0      0      0      0      0      0      0      0      0      0      0      0      0      0      0      1      0      0      0      2      0      0      0      0      0      0      0      0      0      0      0      0      0      0      0      0      2     
0x2b1f495acfc0           ULOP3.LUT UR4, UR4, 0x3fff, URZ, 0xc0, !UPT                              6      2      6      131072  131072  131072  1      1      0      31     0      -             -          -      0      0      0      0      0      0      0      0      -      0      0      0      0      0      0      0      0      0      0      0      0      0      0      0      0      0      0      3      0      0      0      3      0      0      0      0      0      0      0      0      0      0      0      0      0      0      0      0      2     
0x2b1f495acfd0           ULOP3.LUT UR8, UR10, 0x3fff, URZ, 0xc0, !UPT                             7      4      7      131072  131072  131072  1      1      0      31     0      -             -          -      0      0      0      0      0      0      0      0      -      0      0      0      0      0      0      0      0      0      0      0      0      0      0      0      0      0      2      1      0      0      0      4      0      0      0      0      0      0      0      0      0      0      0      0      0      0      0      0      4     
0x2b1f495acfe0           UMOV UR9, 0x40004040                                                     2      0      2      131072  131072  131072  1      1      0      31     0      -             -          -      0      0      0      0      0      0      0      0      -      0      0      0      0      0      0      0      0      0      0      0      0      0      0      0      0      0      0      2      0      0      0      0      0      0      0      0      0      0      0      0      0      0      0      0      0      0      0      0      0     
0x2b1f495acff0           UISETP.NE.U32.AND UP0, UPT, UR5, URZ, UPT                                17     13     17     131072  131072  131072  1      1      0      31     0      -             -          -      0      0      0      0      0      0      0      0      -      0      0      0      0      0      0      0      0      1      0      0      0      0      0      0      0      0      0      3      0      0      0      13     0      0      1      0      0      0      0      0      0      0      0      0      0      0      0      0      12    
0x2b1f495ad000           UMOV UR5, 0x40004040                                                     14     8      14     131072  131072  131072  1      1      0      31     0      -             -          -      0      0      0      0      0      0      0      0      -      0      0      0      0      0      0      0      0      0      0      0      0      0      0      0      0      0      0      5      0      0      0      9      0      0      0      0      0      0      0      0      0      0      0      0      0      0      0      0      8     
0x2b1f495ad010     @P0   ELECT P2, URZ, PT                                                        25     19     25     131072  131072  131072  1      1      0      31     0      -             -          -      0      0      0      0      0      0      0      0      -      0      0      0      0      0      0      0      0      0      0      0      0      0      0      0      0      0      0      4      0      0      0      21     0      0      0      0      0      0      0      0      0      0      0      0      0      0      0      0      19    
0x2b1f495ad020           UTCHMMA gdesc[UR4], gdesc[UR8], tmem[UR13], tmem[UR22], idesc[UR23], UP0 7      0      7      131072  131072  131072  1      1      0      31     0      TmemShared    Load,Store -      0      0      0      0      0      0      0      0      -      0      0      0      0      0      0      0      0      0      0      0      0      0      0      0      0      0      0      7      0      0      0      0      0      0      0      0      0      0      0      0      0      0      0      0      0      0      0      0      0     
0x2b1f495ad030     @P2   PLOP3.LUT P0, PT, P2, PT, PT, 0x8, 0x80                                  40     32     40     131072  131072  131072  1      1      0      31     0      -             -          -      0      0      0      0      0      0      0      0      -      0      0      0      0      0      0      0      0      0      0      0      0      0      0      0      0      0      0      6      0      0      0      34     0      0      0      0      0      0      0      0      0      0      0      0      0      0      0      0      32    
0x2b1f495ad040           PLOP3.LUT P2, PT, PT, PT, PT, 0x8, 0x80                                  7      4      7      131072  131072  131072  1      1      0      31     0      -             -          -      0      0      0      0      0      0      0      0      -      0      0      0      0      0      0      0      0      0      0      0      0      0      0      0      0      0      0      3      0      0      0      4      0      0      0      0      0      0      0      0      0      0      0      0      0      0      0      0      4     
0x2b1f495ad050     @P0   BRA.U.ANY 0x2b1f495ad010                                                 28     24     28     131072  131072  0       1      0      1      32     0      -             -          -      0      0      0      0      0      0      0      0      -      0      0      0      0      0      0      0      0      0      0      0      0      0      0      0      0      0      0      3      0      0      0      25     0      0      0      0      0      0      0      0      0      0      0      0      0      0      0      0      24    
0x2b1f495ad060           PLOP3.LUT P0, PT, PT, PT, PT, 0x80, 0x8                                  12     9      12     131072  131072  131072  1      1      1      31     0      -             -          -      0      0      0      0      0      0      0      0      -      0      0      0      0      0      0      0      0      0      0      0      0      0      0      0      0      0      0      2      0      0      0      10     0      0      0      0      0      0      0      0      0      0      0      0      0      0      0      0      9     
0x2b1f495ad070           UMOV UR4, UR6                                                            22     16     22     131072  131072  131072  1      1      0      31     0      -             -          -      0      0      0      0      0      0      0      0      -      0      0      0      0      0      0      0      0      0      0      0      0      0      0      0      0      0      0      5      17     0      0      0      0      0      0      0      0      0      0      0      0      0      0      0      0      16     0      0      0     
0x2b1f495ad080           UMOV UR5, URZ                                                            3      0      3      131072  131072  131072  1      1      0      31     0      -             -          -      0      0      0      0      0      0      0      0      -      0      0      0      0      0      0      0      0      0      0      0      0      0      0      0      0      0      0      3      0      0      0      0      0      0      0      0      0      0      0      0      0      0      0      0      0      0      0      0      0     
0x2b1f495ad090           UMOV UR4, UR4                                                            6      2      6      131072  131072  131072  1      1      0      31     0      -             -          -      0      0      0      0      0      0      0      0      -      0      0      0      0      0      0      0      0      0      0      0      0      0      0      0      0      0      0      4      0      0      0      2      0      0      0      0      0      0      0      0      0      0      0      0      0      0      0      0      2     
0x2b1f495ad0a0     @P0   ELECT P2, URZ, PT                                                        33     27     33     131072  131072  131072  1      1      0      31     0      -             -          -      0      0      0      0      0      0      0      0      -      0      0      0      0      0      0      0      0      0      0      0      0      0      0      0      0      0      1      5      0      0      0      27     0      0      0      0      0      0      0      0      0      0      0      0      0      0      0      0      27    
0x2b1f495ad0b0           UTCBAR [UR4], URZ                                                        1      0      1      131072  131072  131072  1      1      0      31     0      -             -          -      0      0      0      0      0      0      0      0      -      0      0      0      0      0      0      0      0      0      0      0      0      0      0      0      0      0      0      1      0      0      0      0      0      0      0      0      0      0      0      0      0      0      0      0      0      0      0      0      0     
0x2b1f495ad0c0     @P2   PLOP3.LUT P0, PT, P2, PT, PT, 0x8, 0x80                                  34     29     34     131072  131072  131072  1      1      0      31     0      -             -          -      0      0      0      0      0      0      0      0      -      0      0      0      0      0      0      0      0      0      0      0      0      0      0      0      0      0      0      3      0      0      0      31     0      0      0      0      0      0      0      0      0      0      0      0      0      0      0      0      29    
0x2b1f495ad0d0           PLOP3.LUT P2, PT, PT, PT, PT, 0x8, 0x80                                  7      2      7      131072  131072  131072  1      1      0      31     0      -             -          -      0      0      0      0      0      0      0      0      -      0      0      0      0      0      0      0      0      0      0      0      0      0      0      0      0      0      0      5      0      0      0      2      0      0      0      0      0      0      0      0      0      0      0      0      0      0      0      0      2     
0x2b1f495ad0e0     @P0   BRA.U.ANY 0x2b1f495ad0a0                                                 29     25     29     131072  131072  0       1      0      1      32     0      -             -          -      0      0      0      0      0      0      0      0      -      0      0      0      0      0      0      0      0      0      0      0      0      0      0      0      0      0      0      4      0      0      0      25     0      0      0      0      0      0      0      0      0      0      0      0      0      0      0      0      25    
0x2b1f495ad0f0           VIADD R8, R8, 0x1                                                        26     21     26     131072  131072  131072  1      1      1      31     0      -             -          -      0      0      0      0      0      0      0      0      -      0      0      0      0      0      0      0      0      0      0      0      0      0      0      0      0      0      0      5      0      0      0      21     0      0      0      0      0      0      0      0      0      0      0      0      0      0      0      0      21    
0x2b1f495ad100           ISETP.NE.AND P0, PT, R8, UR16, PT                                        12     9      12     131072  131072  131072  1      1      0      31     0      -             -          -      0      0      0      0      0      0      0      0      -      0      0      0      0      0      0      0      0      0      0      0      0      0      0      0      0      0      0      3      0      0      0      9      0      0      0      0      0      0      0      0      0      0      0      0      0      0      0      0      9     
0x2b1f495ad110     @P0   BRA 0x2b1f495acb10                                                       38     31     38     131072  131072  129024  1      0      1      32     0      -             -          -      0      0      0      0      0      0      0      0      -      0      0      0      0      0      0      0      0      0      0      0      0      0      0      0      0      0      0      4      0      0      0      34     0      0      0      0      0      0      0      0      0      0      0      0      0      0      0      0      31    
0x2b1f495ad120           BRA 0x2b1f495ad540                                                       14     9      14     2048    2048    2048    1      1      1      31     0      -             -          -      0      0      0      0      0      0      0      0      -      0      0      0      0      0      0      0      0      0      0      0      0      0      0      0      0      0      0      4      0      0      0      10     0      0      0      0      0      0      0      0      0      0      0      0      0      0      0      0      9     
0x2b1f495ad130           LDCU UR4, c[0x0][0x3a0]                                                  4      3      4      2048    2048    2048    1      1      0      31     0      -             -          -      0      0      0      0      0      0      0      0      -      0      0      0      0      0      0      0      0      0      0      0      0      0      0      0      0      3      0      1      0      0      0      0      0      0      0      0      0      0      0      0      0      0      3      0      0      0      0      0      0     
0x2b1f495ad140           UISETP.GE.AND UP0, UPT, UR4, 0x40, UPT                                   1      1      1      2048    2048    2048    1      1      0      31     0      -             -          -      0      0      0      0      0      0      0      0      -      0      0      0      0      0      0      0      0      0      0      0      0      0      0      0      0      0      0      0      1      0      0      0      0      0      0      0      0      0      0      0      0      0      0      0      0      1      0      0      0     
0x2b1f495ad150           BRA.U !UP0, 0x2b1f495ad540                                               1      1      1      2048    2048    2048    1      1      0      31     0      -             -          -      0      0      0      0      0      0      0      0      -      0      0      0      0      0      0      0      0      0      0      0      0      0      0      0      0      0      0      0      0      0      0      1      0      0      0      0      0      0      0      0      0      0      0      0      0      0      0      0      1     
0x2b1f495ad160           S2R R9, SR_CgaCtaId                                                      0      0      0      2048    2048    2048    1      1      0      31     0      -             -          -      0      0      0      0      0      0      0      0      -      0      0      0      0      0      0      0      0      0      0      0      0      0      0      0      0      0      0      0      0      0      0      0      0      0      0      0      0      0      0      0      0      0      0      0      0      0      0      0      0     
0x2b1f495ad170           LDCU.64 UR4, c[0x0][0x348]                                               0      0      0      2048    2048    2048    1      1      0      31     0      -             -          -      0      0      0      0      0      0      0      0      -      0      0      0      0      0      0      0      0      0      0      0      0      0      0      0      0      0      0      0      0      0      0      0      0      0      0      0      0      0      0      0      0      0      0      0      0      0      0      0      0     
0x2b1f495ad180           MOV R8, 0x400                                                            0      0      0      2048    2048    2048    1      1      0      31     0      -             -          -      0      0      0      0      0      0      0      0      -      0      0      0      0      0      0      0      0      0      0      0      0      0      0      0      0      0      0      0      0      0      0      0      0      0      0      0      0      0      0      0      0      0      0      0      0      0      0      0      0     
0x2b1f495ad190           IMAD.MOV.U32 R18, RZ, RZ, 0x6000                                         0      0      0      2048    2048    2048    1      1      0      31     0      -             -          -      0      0      0      0      0      0      0      0      -      0      0      0      0      0      0      0      0      0      0      0      0      0      0      0      0      0      0      0      0      0      0      0      0      0      0      0      0      0      0      0      0      0      0      0      0      0      0      0      0     
0x2b1f495ad1a0           VIADD R8, R8, 0x20                                                       0      0      0      2048    2048    2048    1      1      0      31     0      -             -          -      0      0      0      0      0      0      0      0      -      0      0      0      0      0      0      0      0      0      0      0      0      0      0      0      0      0      0      0      0      0      0      0      0      0      0      0      0      0      0      0      0      0      0      0      0      0      0      0      0     
0x2b1f495ad1b0           UIADD3 UR6, UP0, UPT, UR4, 0x80, URZ                                     1      1      1      2048    2048    2048    1      1      0      31     0      -             -          -      0      0      0      0      0      0      0      0      -      0      0      0      0      0      0      0      0      0      0      0      0      0      0      0      0      0      0      0      1      0      0      0      0      0      0      0      0      0      0      0      0      0      0      0      0      1      0      0      0     
0x2b1f495ad1c0           UIADD3 UR9, UP1, UPT, UR4, 0x100, URZ                                    0      0      0      2048    2048    2048    1      1      0      31     0      -             -          -      0      0      0      0      0      0      0      0      -      0      0      0      0      0      0      0      0      0      0      0      0      0      0      0      0      0      0      0      0      0      0      0      0      0      0      0      0      0      0      0      0      0      0      0      0      0      0      0      0     
0x2b1f495ad1d0           UIADD3.X UR8, UPT, UPT, URZ, UR5, URZ, UP0, !UPT                         0      0      0      2048    2048    2048    1      1      0      31     0      -             -          -      0      0      0      0      0      0      0      0      -      0      0      0      0      0      0      0      0      0      0      0      0      0      0      0      0      0      0      0      0      0      0      0      0      0      0      0      0      0      0      0      0      0      0      0      0      0      0      0      0     
0x2b1f495ad1e0           UIADD3.X UR4, UPT, UPT, URZ, UR5, URZ, UP1, !UPT                         0      0      0      2048    2048    2048    1      1      0      31     0      -             -          -      0      0      0      0      0      0      0      0      -      0      0      0      0      0      0      0      0      0      0      0      0      0      0      0      0      0      0      0      0      0      0      0      0      0      0      0      0      0      0      0      0      0      0      0      0      0      0      0      0     
0x2b1f495ad1f0           IMAD.U32 R12, RZ, RZ, UR6                                                0      0      0      2048    2048    2048    1      1      0      31     0      -             -          -      0      0      0      0      0      0      0      0      -      0      0      0      0      0      0      0      0      0      0      0      0      0      0      0      0      0      0      0      0      0      0      0      0      0      0      0      0      0      0      0      0      0      0      0      0      0      0      0      0     
0x2b1f495ad200           IMAD.U32 R14, RZ, RZ, UR9                                                0      0      0      2048    2048    2048    1      1      0      31     0      -             -          -      0      0      0      0      0      0      0      0      -      0      0      0      0      0      0      0      0      0      0      0      0      0      0      0      0      0      0      0      0      0      0      0      0      0      0      0      0      0      0      0      0      0      0      0      0      0      0      0      0     
0x2b1f495ad210           IMAD.U32 R13, RZ, RZ, UR8                                                0      0      0      2048    2048    2048    1      1      0      31     0      -             -          -      0      0      0      0      0      0      0      0      -      0      0      0      0      0      0      0      0      0      0      0      0      0      0      0      0      0      0      0      0      0      0      0      0      0      0      0      0      0      0      0      0      0      0      0      0      0      0      0      0     
0x2b1f495ad220           LEA R17, R9, R8, 0x18                                                    0      0      0      2048    2048    2048    1      1      0      31     0      -             -          -      0      0      0      0      0      0      0      0      -      0      0      0      0      0      0      0      0      0      0      0      0      0      0      0      0      0      0      0      0      0      0      0      0      0      0      0      0      0      0      0      0      0      0      0      0      0      0      0      0     
0x2b1f495ad230           IMAD.MOV.U32 R8, RZ, RZ, RZ                                              0      0      0      2048    2048    2048    1      1      0      31     0      -             -          -      0      0      0      0      0      0      0      0      -      0      0      0      0      0      0      0      0      0      0      0      0      0      0      0      0      0      0      0      0      0      0      0      0      0      0      0      0      0      0      0      0      0      0      0      0      0      0      0      0     
0x2b1f495ad240           IMAD.U32 R15, RZ, RZ, UR4                                                0      0      0      2048    2048    2048    1      1      0      31     0      -             -          -      0      0      0      0      0      0      0      0      -      0      0      0      0      0      0      0      0      0      0      0      0      0      0      0      0      0      0      0      0      0      0      0      0      0      0      0      0      0      0      0      0      0      0      0      0      0      0      0      0     
0x2b1f495ad250           ISETP.GE.U32.AND P0, PT, R8, 0x3, PT                                     20     20     20     131072  131072  131072  1      1      0      31     0      -             -          -      0      0      0      0      0      0      0      0      -      0      0      0      0      0      0      0      18     0      0      0      0      0      0      0      0      2      0      0      0      0      0      0      0      18     0      0      0      0      0      0      0      0      2      0      0      0      0      0      0     
0x2b1f495ad260           IMAD.HI.U32 R9, R8, -0x55555555, RZ                                      3      0      3      131072  131072  131072  1      1      0      31     0      -             -          -      0      0      0      0      0      0      0      0      -      0      0      0      0      0      0      0      0      0      0      0      0      0      0      0      0      0      0      3      0      0      0      0      0      0      0      0      0      0      0      0      0      0      0      0      0      0      0      0      0     
0x2b1f495ad270           YIELD                                                                    4      2      4      131072  131072  131072  1      1      0      31     0      -             -          -      0      0      0      0      0      0      0      0      -      0      0      0      0      0      0      0      0      0      0      0      2      0      0      0      0      0      0      2      0      0      0      0      0      0      0      0      0      2      0      0      0      0      0      0      0      0      0      0      0     
0x2b1f495ad280           SHF.R.U32.HI R9, RZ, 0x1, R9                                             180    155    180    131072  131072  131072  1      1      0      31     0      -             -          -      0      0      0      0      0      0      0      0      -      0      0      0      0      0      0      0      144    0      0      0      0      0      0      0      9      6      1      6      0      0      0      14     0      128    0      0      0      0      0      0      0      9      6      0      0      0      0      0      12    
0x2b1f495ad290           IMAD R11, R9, -0x3, R8                                                   14     9      14     131072  131072  131072  1      1      0      31     0      -             -          -      0      0      0      0      0      0      0      0      -      0      0      0      0      0      0      0      0      0      0      0      0      0      0      0      0      0      0      4      0      0      0      10     0      0      0      0      0      0      0      0      0      0      0      0      0      0      0      0      9     
0x2b1f495ad2a0     @!P0  BRA 0x2b1f495ad370                                                       3      0      3      131072  131072  6144    1      0      1      32     0      -             -          -      0      0      0      0      0      0      0      0      -      0      0      0      0      0      0      0      0      0      0      0      0      0      0      0      0      0      0      3      0      0      0      0      0      0      0      0      0      0      0      0      0      0      0      0      0      0      0      0      0     
0x2b1f495ad2b0           S2UR UR5, SR_CgaCtaId                                                    14     10     14     124928  124928  124928  1      1      1      31     0      -             -          -      0      0      0      0      0      0      0      0      -      0      0      0      0      0      0      0      0      0      0      0      0      0      0      0      0      0      1      2      0      0      0      11     0      0      0      0      0      0      0      0      0      0      0      0      0      0      0      0      10    
0x2b1f495ad2c0           VIADD R9, R8, 0xfffffffd                                                 4      0      4      124928  124928  124928  1      1      0      31     0      -             -          -      0      0      0      0      0      0      0      0      -      0      0      0      0      0      0      0      0      0      0      0      0      0      0      0      0      0      0      4      0      0      0      0      0      0      0      0      0      0      0      0      0      0      0      0      0      0      0      0      0     
0x2b1f495ad2d0           UMOV UR4, 0x400                                                          1      0      1      124928  124928  124928  1      1      0      31     0      -             -          -      0      0      0      0      0      0      0      0      -      0      0      0      0      0      0      0      0      0      0      0      0      0      0      0      0      0      0      1      0      0      0      0      0      0      0      0      0      0      0      0      0      0      0      0      0      0      0      0      0     
0x2b1f495ad2e0           UIADD3 UR4, UPT, UPT, UR4, 0x8, URZ                                      9      3      9      124928  124928  124928  1      1      0      31     0      -             -          -      0      0      0      0      0      0      0      0      -      0      0      0      0      0      0      0      0      0      0      0      0      1      0      0      0      0      0      5      0      0      0      3      0      0      0      0      0      0      1      0      0      0      0      0      0      0      0      0      2     
0x2b1f495ad2f0           IMAD.HI R9, R9, 0x55555556, RZ                                           2      0      2      124928  124928  124928  1      1      0      31     0      -             -          -      0      0      0      0      0      0      0      0      -      0      0      0      0      0      0      0      0      0      0      0      0      0      0      0      0      0      0      2      0      0      0      0      0      0      0      0      0      0      0      0      0      0      0      0      0      0      0      0      0     
0x2b1f495ad300           LEA.HI R9, R9, R9, RZ, 0x1                                               21     18     21     124928  124928  124928  1      1      0      31     0      -             -          -      0      0      0      0      0      0      0      0      -      0      0      0      0      0      0      0      0      10     0      0      0      0      0      0      0      0      0      3      0      0      0      8      0      0      10     0      0      0      0      0      0      0      0      0      0      0      0      0      8     
0x2b1f495ad310           LOP3.LUT R16, R9, 0x1, RZ, 0xc0, !PT                                     11     7      11     124928  124928  124928  1      1      0      31     0      -             -          -      0      0      0      0      0      0      0      0      -      0      0      0      0      0      0      0      0      0      0      0      0      0      0      0      0      0      2      2      0      0      0      7      0      0      0      0      0      0      0      0      0      0      0      0      0      0      0      0      7     
0x2b1f495ad320           SHF.L.U32 R16, R16, 0x1f, RZ                                             9      6      9      124928  124928  124928  1      1      0      31     0      -             -          -      0      0      0      0      0      0      0      0      -      0      0      0      0      0      0      0      0      0      0      0      0      1      0      0      0      0      0      1      0      0      0      7      0      0      0      0      0      0      0      0      0      0      0      0      0      0      0      0      6     
0x2b1f495ad330           ULEA UR4, UR5, UR4, 0x18                                                 32     29     32     124928  124928  124928  1      1      0      31     0      -             -          -      0      0      0      0      0      0      0      0      -      0      0      0      0      0      0      0      0      0      0      0      0      0      0      0      0      0      0      2      30     0      0      0      0      0      0      0      0      0      0      0      0      0      0      0      0      29     0      0      0     
0x2b1f495ad340           LEA R9, R11, UR4, 0x3                                                    12     8      12     124928  124928  124928  1      1      0      31     0      -             -          -      0      0      0      0      0      0      0      0      -      0      0      0      0      0      0      0      0      0      0      0      0      0      0      0      0      0      1      3      0      0      0      8      0      0      0      0      0      0      0      0      0      0      0      0      0      0      0      0      8     
0x2b1f495ad350           SYNCS.PHASECHK.TRANS64.TRYWAIT P0, [R9+URZ], R16                         9      9      9      124928  124928  124928  1      1      0      31     0      -             -          -      0      0      0      0      0      0      0      0      -      0      0      0      0      0      0      0      0      0      0      0      0      0      0      0      0      0      0      0      0      0      0      9      0      0      0      0      0      0      0      0      0      0      0      0      0      0      0      0      9     
0x2b1f495ad360     @!P0  BRA 0x2b1f495ae7d0                                                       98     92     98     124928  124928  122977  1      0      1      32     0      -             -          -      0      0      0      0      0      0      0      0      -      0      0      0      0      0      0      0      0      0      0      0      95     0      0      0      0      0      0      2      0      0      0      1      0      0      0      0      0      91     0      0      0      0      0      0      0      0      0      0      1     
0x2b1f495ad370           R2UR UR4, R11                                                            22     20     22     131072  131072  131072  1      1      1      31     0      -             -          -      0      0      0      0      0      0      0      0      -      0      0      0      0      0      0      0      6      0      0      0      0      0      0      0      0      7      0      2      0      0      0      7      0      6      0      0      0      0      0      0      0      0      7      0      0      0      0      0      7     
0x2b1f495ad380           R2UR UR5, R17                                                            6      1      6      131072  131072  131072  1      1      0      31     0      -             -          -      0      0      0      0      0      0      0      0      -      0      0      0      0      0      0      0      0      0      0      0      0      0      0      0      0      1      0      4      0      0      0      1      0      0      0      0      0      0      0      0      0      0      1      0      0      0      0      0      0     
0x2b1f495ad390           R2UR UR6, R8                                                             7      2      7      131072  131072  131072  1      1      0      31     0      -             -          -      0      0      0      0      0      0      0      0      -      0      0      0      0      0      0      0      0      0      0      0      0      0      0      0      0      0      1      4      0      0      0      2      0      0      0      0      0      0      0      0      0      0      0      0      0      0      0      0      2     
0x2b1f495ad3a0           R2UR UR8, R12                                                            6      3      6      131072  131072  131072  1      1      0      31     0      -             -          -      0      0      0      0      0      0      0      0      -      0      0      0      0      0      0      0      0      0      0      0      0      0      0      0      0      0      1      2      0      0      0      3      0      0      0      0      0      0      0      0      0      0      0      0      0      0      0      0      3     
0x2b1f495ad3b0           R2UR UR9, R13                                                            2      1      2      131072  131072  131072  1      1      0      31     0      -             -          -      0      0      0      0      0      0      0      0      -      0      0      0      0      0      0      0      0      0      0      0      0      0      0      0      0      0      0      1      0      0      0      1      0      0      0      0      0      0      0      0      0      0      0      0      0      0      0      0      1     
0x2b1f495ad3c0           PLOP3.LUT P0, PT, PT, PT, PT, 0x80, 0x8                                  8      4      8      131072  131072  131072  1      1      0      31     0      -             -          -      0      0      0      0      0      0      0      0      -      0      0      0      0      0      0      0      0      0      0      0      0      0      0      0      0      0      0      4      0      0      0      4      0      0      0      0      0      0      0      0      0      0      0      0      0      0      0      0      4     
0x2b1f495ad3d0           ULEA UR5, UR4, UR5, 0x3                                                  11     9      11     131072  131072  131072  1      1      0      31     0      -             -          -      0      0      0      0      0      0      0      0      -      0      0      0      0      0      0      0      0      0      0      0      0      1      0      0      0      0      2      0      0      0      0      8      0      0      0      0      0      0      1      0      0      0      0      0      0      0      0      0      8     
0x2b1f495ad3e0           UIMAD UR4, UR4, 0x6000, UR17                                             5      1      5      131072  131072  131072  1      1      0      31     0      -             -          -      0      0      0      0      0      0      0      0      -      0      0      0      0      0      0      0      0      0      0      0      0      0      0      0      0      0      0      4      0      0      0      1      0      0      0      0      0      0      0      0      0      0      0      0      0      0      0      0      1     
0x2b1f495ad3f0           USHF.L.U32 UR6, UR6, 0x6, URZ                                            2      1      2      131072  131072  131072  1      1      0      31     0      -             -          -      0      0      0      0      0      0      0      0      -      0      0      0      0      0      0      0      0      0      0      0      0      0      0      0      0      0      0      1      0      0      0      1      0      0      0      0      0      0      0      0      0      0      0      0      0      0      0      0      1     
0x2b1f495ad400           SYNCS.ARRIVE.TRANS64 RZ, [UR5], R18                                      16     14     16     131072  131072  131072  1      1      0      31     0      -             -          -      0      0      0      0      0      0      0      0      -      0      0      0      0      0      0      0      0      0      0      0      0      0      0      0      0      0      0      1      0      0      0      15     0      0      0      0      0      0      0      0      0      0      0      0      0      0      0      0      14    
0x2b1f495ad410     @P0   ELECT P2, URZ, PT                                                        13     12     13     131072  131072  131072  1      1      0      31     0      -             -          -      0      0      0      0      0      0      0      0      -      0      0      0      0      0      0      0      0      0      0      0      0      0      0      0      0      0      0      1      0      0      0      12     0      0      0      0      0      0      0      0      0      0      0      0      0      0      0      0      12    
0x2b1f495ad420           UTMALDG.2D [UR4], [UR8]                                                  2      0      2      131072  131072  131072  1      1      0      31     0      Global,Shared -          -      0      0      0      0      0      0      0      0      -      0      0      0      0      0      0      0      0      0      0      0      0      0      0      0      0      0      0      2      0      0      0      0      0      0      0      0      0      0      0      0      0      0      0      0      0      0      0      0      0     
0x2b1f495ad430     @P2   PLOP3.LUT P0, PT, P2, PT, PT, 0x8, 0x80                                  37     34     37     131072  131072  131072  1      1      0      31     0      -             -          -      0      0      0      0      0      0      0      0      -      0      0      0      0      0      0      0      0      0      0      0      0      0      0      0      0      0      0      2      0      0      0      35     0      0      0      0      0      0      0      0      0      0      0      0      0      0      0      0      34    
0x2b1f495ad440           PLOP3.LUT P2, PT, PT, PT, PT, 0x8, 0x80                                  4      1      4      131072  131072  131072  1      1      0      31     0      -             -          -      0      0      0      0      0      0      0      0      -      0      0      0      0      0      0      0      0      0      0      0      0      0      0      0      0      0      0      3      0      0      0      1      0      0      0      0      0      0      0      0      0      0      0      0      0      0      0      0      1     
0x2b1f495ad450     @P0   BRA.U.ANY 0x2b1f495ad410                                                 34     26     34     131072  131072  0       1      0      1      32     0      -             -          -      0      0      0      0      0      0      0      0      -      0      0      0      0      0      0      0      0      0      0      0      6      0      0      0      0      0      0      6      0      0      0      22     0      0      0      0      0      6      0      0      0      0      0      0      0      0      0      0      20    
0x2b1f495ad460           R2UR UR22, R14                                                           16     12     16     131072  131072  131072  1      1      1      31     0      -             -          -      0      0      0      0      0      0      0      0      -      0      0      0      0      0      0      0      0      0      0      0      0      0      0      0      0      0      0      2      0      0      0      14     0      0      0      0      0      0      0      0      0      0      0      0      0      0      0      0      12    
0x2b1f495ad470           UIADD3 UR8, UPT, UPT, UR4, 0x4000, URZ                                   3      0      3      131072  131072  131072  1      1      0      31     0      -             -          -      0      0      0      0      0      0      0      0      -      0      0      0      0      0      0      0      0      0      0      0      0      0      0      0      0      0      0      3      0      0      0      0      0      0      0      0      0      0      0      0      0      0      0      0      0      0      0      0      0     
0x2b1f495ad480           R2UR UR23, R15                                                           2      0      2      131072  131072  131072  1      1      0      31     0      -             -          -      0      0      0      0      0      0      0      0      -      0      0      0      0      0      0      0      0      0      0      0      0      0      0      0      0      0      0      2      0      0      0      0      0      0      0      0      0      0      0      0      0      0      0      0      0      0      0      0      0     
0x2b1f495ad490           PLOP3.LUT P0, PT, PT, PT, PT, 0x80, 0x8                                  6      4      6      131072  131072  131072  1      1      0      31     0      -             -          -      0      0      0      0      0      0      0      0      -      0      0      0      0      0      0      0      0      0      0      0      0      0      0      0      0      0      0      2      0      0      0      4      0      0      0      0      0      0      0      0      0      0      0      0      0      0      0      0      4     
0x2b1f495ad4a0     @P0   ELECT P2, URZ, PT                                                        37     31     37     131072  131072  131072  1      1      0      31     0      -             -          -      0      0      0      0      0      0      0      0      -      0      0      0      0      0      0      0      0      0      0      0      0      0      0      0      0      0      0      5      0      0      0      32     0      0      0      0      0      0      0      0      0      0      0      0      0      0      0      0      31    
0x2b1f495ad4b0           UMOV UR9, UR5                                                            7      0      7      131072  131072  131072  1      1      0      31     0      -             -          -      0      0      0      0      0      0      0      0      -      0      0      0      0      0      0      0      0      0      0      0      0      0      0      0      0      0      0      7      0      0      0      0      0      0      0      0      0      0      0      0      0      0      0      0      0      0      0      0      0     
0x2b1f495ad4c0           UMOV UR10, UR6                                                           8      0      8      131072  131072  131072  1      1      0      31     0      -             -          -      0      0      0      0      0      0      0      0      -      0      0      0      0      0      0      0      0      0      0      0      0      0      0      0      0      0      0      8      0      0      0      0      0      0      0      0      0      0      0      0      0      0      0      0      0      0      0      0      0     
0x2b1f495ad4d0           UTMALDG.2D [UR8], [UR22]                                                 6      2      6      131072  131072  131072  1      1      0      31     0      Global,Shared -          -      0      0      0      0      0      0      0      0      -      0      0      0      0      0      0      0      0      0      0      0      0      0      0      0      0      0      0      3      0      0      0      3      0      0      0      0      0      0      0      0      0      0      0      0      0      0      0      0      2     
0x2b1f495ad4e0     @P2   PLOP3.LUT P0, PT, P2, PT, PT, 0x8, 0x80                                  24     20     24     131072  131072  131072  1      1      0      31     0      -             -          -      0      0      0      0      0      0      0      0      -      0      0      0      0      0      0      0      0      0      0      0      0      0      0      0      0      0      0      3      0      0      0      21     0      0      0      0      0      0      0      0      0      0      0      0      0      0      0      0      20    
0x2b1f495ad4f0           PLOP3.LUT P2, PT, PT, PT, PT, 0x8, 0x80                                  7      4      7      131072  131072  131072  1      1      0      31     0      -             -          -      0      0      0      0      0      0      0      0      -      0      0      0      0      0      0      0      0      0      0      0      0      0      0      0      0      0      0      3      0      0      0      4      0      0      0      0      0      0      0      0      0      0      0      0      0      0      0      0      4     
0x2b1f495ad500     @P0   BRA.U.ANY 0x2b1f495ad4a0                                                 30     25     30     131072  131072  0       1      0      1      32     0      -             -          -      0      0      0      0      0      0      0      0      -      0      0      0      0      0      0      0      0      0      0      0      0      0      0      0      0      0      1      3      0      0      0      26     0      0      0      0      0      0      0      0      0      0      0      0      0      0      0      0      25    
0x2b1f495ad510           VIADD R8, R8, 0x1                                                        14     10     14     131072  131072  131072  1      1      1      31     0      -             -          -      0      0      0      0      0      0      0      0      -      0      0      0      0      0      0      0      0      0      0      0      0      0      0      0      0      0      0      2      0      0      0      12     0      0      0      0      0      0      0      0      0      0      0      0      0      0      0      0      10    
0x2b1f495ad520           ISETP.NE.AND P0, PT, R8, UR16, PT                                        13     9      13     131072  131072  131072  1      1      0      31     0      -             -          -      0      0      0      0      0      0      0      0      -      0      0      0      0      0      0      0      0      0      0      0      0      0      0      0      0      0      1      2      0      0      0      10     0      0      0      0      0      0      0      0      0      0      0      0      0      0      0      0      9     
0x2b1f495ad530     @P0   BRA 0x2b1f495ad250                                                       27     25     27     131072  131072  129024  1      0      1      32     0      -             -          -      0      0      0      0      0      0      0      0      -      0      0      0      0      0      0      0      0      0      0      0      0      0      0      0      0      0      0      2      0      0      0      25     0      0      0      0      0      0      0      0      0      0      0      0      0      0      0      0      25    
0x2b1f495ad540           ISETP.GE.AND P3, PT, R2, RZ, PT                                          22     14     22     12288   262144  262144  21     21     21     11     0      -             -          -      0      0      0      0      0      0      0      0      -      0      0      0      0      0      0      0      1      0      0      0      0      0      0      0      0      3      0      6      0      0      0      12     0      1      0      0      0      0      0      0      0      0      1      0      0      0      0      0      12    
0x2b1f495ad550           WARPSYNC.ALL                                                             72     64     72     12288   262144  262144  21     21     0      11     0      -             -          -      0      0      0      0      0      0      0      0      -      0      0      0      0      0      0      0      38     0      0      0      0      0      0      0      0      34     0      0      0      0      0      0      0      34     0      0      0      0      0      0      0      0      30     0      0      0      0      0      0     
0x2b1f495ad560           BAR.SYNC.DEFER_BLOCKING 0x0                                              733    656    733    8192    262144  262144  32     32     11     0      0      -             -          -      0      0      0      0      0      0      0      0      -      0      0      0      0      0      0      0      602    0      0      0      0      0      0      0      34     0      2      33     0      0      0      62     0      564    0      0      0      0      0      0      0      33     0      0      0      0      0      0      59    
0x2b1f495ad570           ISETP.GE.AND P2, PT, R3, RZ, PT                                          0      0      0      8192    262144  262144  32     32     0      0      0      -             -          -      0      0      0      0      0      0      0      0      -      0      0      0      0      0      0      0      0      0      0      0      0      0      0      0      0      0      0      0      0      0      0      0      0      0      0      0      0      0      0      0      0      0      0      0      0      0      0      0      0     
0x2b1f495ad580           ISETP.GE.AND P0, PT, R0, RZ, PT                                          1      1      1      8192    262144  262144  32     32     0      0      0      -             -          -      0      0      0      0      0      0      0      0      -      0      0      0      0      0      0      0      0      0      0      0      0      0      0      0      0      0      0      0      0      0      0      1      0      0      0      0      0      0      0      0      0      0      0      0      0      0      0      0      1     
0x2b1f495ad590     @!P3  BRA 0x2b1f495ad610                                                       4339   3808   4339   8192    262144  0       32     0      32     32     0      -             -          -      0      0      0      0      0      0      0      0      -      0      0      0      0      0      0      4339   0      0      0      0      0      0      0      0      0      0      0      0      0      0      0      0      3808   0      0      0      0      0      0      0      0      0      0      0      0      0      0      0      0     
0x2b1f495ad5a0           S2UR UR5, SR_CgaCtaId                                                    1      1      1      8192    262144  262144  32     32     32     0      0      -             -          -      0      0      0      0      0      0      0      0      -      0      0      0      0      0      0      0      0      0      0      0      0      0      0      0      0      0      0      0      0      0      0      1      0      0      0      0      0      0      0      0      0      0      0      0      0      0      0      0      1     
0x2b1f495ad5b0           UMOV UR4, 0x400                                                          0      0      0      8192    262144  262144  32     32     0      0      0      -             -          -      0      0      0      0      0      0      0      0      -      0      0      0      0      0      0      0      0      0      0      0      0      0      0      0      0      0      0      0      0      0      0      0      0      0      0      0      0      0      0      0      0      0      0      0      0      0      0      0      0     
0x2b1f495ad5c0           SHF.L.U32 R8, R7, 0x1f, RZ                                               0      0      0      8192    262144  262144  32     32     0      0      0      -             -          -      0      0      0      0      0      0      0      0      -      0      0      0      0      0      0      0      0      0      0      0      0      0      0      0      0      0      0      0      0      0      0      0      0      0      0      0      0      0      0      0      0      0      0      0      0      0      0      0      0     
0x2b1f495ad5d0           UIADD3 UR4, UPT, UPT, UR4, 0x8, URZ                                      0      0      0      8192    262144  262144  32     32     0      0      0      -             -          -      0      0      0      0      0      0      0      0      -      0      0      0      0      0      0      0      0      0      0      0      0      0      0      0      0      0      0      0      0      0      0      0      0      0      0      0      0      0      0      0      0      0      0      0      0      0      0      0      0     
0x2b1f495ad5e0           ULEA UR4, UR5, UR4, 0x18                                                 2      2      2      8192    262144  262144  32     32     0      0      0      -             -          -      0      0      0      0      0      0      0      0      -      0      0      0      0      0      0      0      0      0      0      0      0      1      0      0      0      0      0      0      1      0      0      0      0      0      0      0      0      0      1      0      0      0      0      0      0      1      0      0      0     
0x2b1f495ad5f0           SYNCS.PHASECHK.TRANS64.TRYWAIT P3, [UR4], R8                             2      2      2      8192    262144  262144  32     32     0      0      0      -             -          -      0      0      0      0      0      0      0      0      -      0      0      0      0      0      0      0      0      0      0      0      0      0      0      0      0      0      0      0      0      0      0      2      0      0      0      0      0      0      0      0      0      0      0      0      0      0      0      0      2     
0x2b1f495ad600     @!P3  BRA 0x2b1f495ae810                                                       8      7      8      8192    262144  0       32     0      32     32     0      -             -          -      0      0      0      0      0      0      0      0      -      0      0      0      0      0      0      0      0      0      0      0      8      0      0      0      0      0      0      0      0      0      0      0      0      0      0      0      0      7      0      0      0      0      0      0      0      0      0      0      0     
0x2b1f495ad610     @!P2  BRA 0x2b1f495ad690                                                       5      4      5      8192    262144  0       32     0      0      32     0      -             -          -      0      0      0      0      0      0      0      0      -      0      0      0      0      0      0      0      0      0      0      0      0      0      0      0      0      0      0      1      0      0      0      4      0      0      0      0      0      0      0      0      0      0      0      0      0      0      0      0      4     
0x2b1f495ad620           S2UR UR5, SR_CgaCtaId                                                    1      1      1      8192    262144  262144  32     32     32     0      0      -             -          -      0      0      0      0      0      0      0      0      -      0      0      0      0      0      0      0      0      0      0      0      0      0      0      0      0      0      0      0      0      0      0      1      0      0      0      0      0      0      0      0      0      0      0      0      0      0      0      0      1     
0x2b1f495ad630           UMOV UR4, 0x400                                                          0      0      0      8192    262144  262144  32     32     0      0      0      -             -          -      0      0      0      0      0      0      0      0      -      0      0      0      0      0      0      0      0      0      0      0      0      0      0      0      0      0      0      0      0      0      0      0      0      0      0      0      0      0      0      0      0      0      0      0      0      0      0      0      0     
0x2b1f495ad640           SHF.L.U32 R8, R6, 0x1f, RZ                                               0      0      0      8192    262144  262144  32     32     0      0      0      -             -          -      0      0      0      0      0      0      0      0      -      0      0      0      0      0      0      0      0      0      0      0      0      0      0      0      0      0      0      0      0      0      0      0      0      0      0      0      0      0      0      0      0      0      0      0      0      0      0      0      0     
0x2b1f495ad650           UIADD3 UR4, UPT, UPT, UR4, 0x8, URZ                                      0      0      0      8192    262144  262144  32     32     0      0      0      -             -          -      0      0      0      0      0      0      0      0      -      0      0      0      0      0      0      0      0      0      0      0      0      0      0      0      0      0      0      0      0      0      0      0      0      0      0      0      0      0      0      0      0      0      0      0      0      0      0      0      0     
0x2b1f495ad660           ULEA UR4, UR5, UR4, 0x18                                                 2      2      2      8192    262144  262144  32     32     0      0      0      -             -          -      0      0      0      0      0      0      0      0      -      0      0      0      0      0      0      0      0      0      0      0      0      0      0      0      0      0      0      0      1      0      0      1      0      0      0      0      0      0      0      0      0      0      0      0      0      1      0      0      1     
0x2b1f495ad670           SYNCS.PHASECHK.TRANS64.TRYWAIT P2, [UR4+0x8], R8                         1      1      1      8192    262144  262144  32     32     0      0      0      -             -          -      0      0      0      0      0      0      0      0      -      0      0      0      0      0      0      0      0      0      0      0      0      0      0      0      0      0      0      0      0      0      0      1      0      0      0      0      0      0      0      0      0      0      0      0      0      0      0      0      1     
0x2b1f495ad680     @!P2  BRA 0x2b1f495ae840                                                       9      9      9      8192    262144  0       32     0      32     32     0      -             -          -      0      0      0      0      0      0      0      0      -      0      0      0      0      0      0      0      0      0      0      0      9      0      0      0      0      0      0      0      0      0      0      0      0      0      0      0      0      9      0      0      0      0      0      0      0      0      0      0      0     
0x2b1f495ad690     @!P0  BRA 0x2b1f495ad710                                                       0      0      0      8192    262144  0       32     0      0      32     0      -             -          -      0      0      0      0      0      0      0      0      -      0      0      0      0      0      0      0      0      0      0      0      0      0      0      0      0      0      0      0      0      0      0      0      0      0      0      0      0      0      0      0      0      0      0      0      0      0      0      0      0     
0x2b1f495ad6a0           S2UR UR5, SR_CgaCtaId                                                    2      1      2      8192    262144  262144  32     32     32     0      0      -             -          -      0      0      0      0      0      0      0      0      -      0      0      0      0      0      0      0      0      0      0      0      0      0      0      0      0      0      0      1      0      0      0      1      0      0      0      0      0      0      0      0      0      0      0      0      0      0      0      0      1     
0x2b1f495ad6b0           UMOV UR4, 0x400                                                          1      0      1      8192    262144  262144  32     32     0      0      0      -             -          -      0      0      0      0      0      0      0      0      -      0      0      0      0      0      0      0      0      0      0      0      0      0      0      0      0      0      0      1      0      0      0      0      0      0      0      0      0      0      0      0      0      0      0      0      0      0      0      0      0     
0x2b1f495ad6c0           SHF.L.U32 R8, R5, 0x1f, RZ                                               0      0      0      8192    262144  262144  32     32     0      0      0      -             -          -      0      0      0      0      0      0      0      0      -      0      0      0      0      0      0      0      0      0      0      0      0      0      0      0      0      0      0      0      0      0      0      0      0      0      0      0      0      0      0      0      0      0      0      0      0      0      0      0      0     
0x2b1f495ad6d0           UIADD3 UR4, UPT, UPT, UR4, 0x8, URZ                                      0      0      0      8192    262144  262144  32     32     0      0      0      -             -          -      0      0      0      0      0      0      0      0      -      0      0      0      0      0      0      0      0      0      0      0      0      0      0      0      0      0      0      0      0      0      0      0      0      0      0      0      0      0      0      0      0      0      0      0      0      0      0      0      0     
0x2b1f495ad6e0           ULEA UR4, UR5, UR4, 0x18                                                 5      4      5      8192    262144  262144  32     32     0      0      0      -             -          -      0      0      0      0      0      0      0      0      -      0      0      0      0      0      0      0      0      0      0      0      0      0      0      0      0      0      0      0      4      0      0      1      0      0      0      0      0      0      0      0      0      0      0      0      0      3      0      0      1     
0x2b1f495ad6f0           SYNCS.PHASECHK.TRANS64.TRYWAIT P0, [UR4+0x10], R8                        1      0      1      8192    262144  262144  32     32     0      0      0      -             -          -      0      0      0      0      0      0      0      0      -      0      0      0      0      0      0      0      0      0      0      0      0      0      0      0      0      0      1      0      0      0      0      0      0      0      0      0      0      0      0      0      0      0      0      0      0      0      0      0      0     
0x2b1f495ad700     @!P0  BRA 0x2b1f495ae870                                                       4      4      4      8192    262144  0       32     0      32     32     0      -             -          -      0      0      0      0      0      0      0      0      -      0      0      0      0      0      0      0      0      0      0      0      4      0      0      0      0      0      0      0      0      0      0      0      0      0      0      0      0      4      0      0      0      0      0      0      0      0      0      0      0     
0x2b1f495ad710           R2UR UR4, R4                                                             0      0      0      8192    262144  262144  32     32     32     0      0      -             -          -      0      0      0      0      0      0      0      0      -      0      0      0      0      0      0      0      0      0      0      0      0      0      0      0      0      0      0      0      0      0      0      0      0      0      0      0      0      0      0      0      0      0      0      0      0      0      0      0      0     
0x2b1f495ad720           LDC R12, c[0x0][0x39c]                                                   0      0      0      8192    262144  262144  32     32     0      0      0      -             -          -      0      0      0      0      0      0      0      0      -      0      0      0      0      0      0      0      0      0      0      0      0      0      0      0      0      0      0      0      0      0      0      0      0      0      0      0      0      0      0      0      0      0      0      0      0      0      0      0      0     
0x2b1f495ad730           R2UR UR5, R4                                                             0      0      0      8192    262144  262144  32     32     0      0      0      -             -          -      0      0      0      0      0      0      0      0      -      0      0      0      0      0      0      0      0      0      0      0      0      0      0      0      0      0      0      0      0      0      0      0      0      0      0      0      0      0      0      0      0      0      0      0      0      0      0      0      0     
0x2b1f495ad740           NOP                                                                      0      0      0      8192    262144  262144  32     32     0      0      0      -             -          -      0      0      0      0      0      0      0      0      -      0      0      0      0      0      0      0      0      0      0      0      0      0      0      0      0      0      0      0      0      0      0      0      0      0      0      0      0      0      0      0      0      0      0      0      0      0      0      0      0     
0x2b1f495ad750           VIADD R11, R10, UR7                                                      0      0      0      8192    262144  262144  32     32     0      0      0      -             -          -      0      0      0      0      0      0      0      0      -      0      0      0      0      0      0      0      0      0      0      0      0      0      0      0      0      0      0      0      0      0      0      0      0      0      0      0      0      0      0      0      0      0      0      0      0      0      0      0      0     
0x2b1f495ad760           BSSY.RECONVERGENT B0, 0x2b1f495ae4a0                                     1      0      1      8192    262144  262144  32     32     0      0      0      -             -          -      0      0      0      0      0      0      0      0      -      0      0      0      0      0      0      0      0      0      0      0      0      0      0      0      0      0      0      1      0      0      0      0      0      0      0      0      0      0      0      0      0      0      0      0      0      0      0      0      0     
0x2b1f495ad770           LDC.64 R8, c[0x0][0x390]                                                 1      0      1      8192    262144  262144  32     32     0      0      0      -             -          -      0      0      0      0      0      0      0      0      -      0      0      0      0      0      0      0      0      0      0      0      0      0      0      0      0      0      0      1      0      0      0      0      0      0      0      0      0      0      0      0      0      0      0      0      0      0      0      0      0     
0x2b1f495ad780           LDTM R13, tmem[UR4]                                                      2      2      2      8192    262144  262144  32     32     0      0      0      Tmem          Load       -      0      0      0      0      0      0      0      0      -      0      0      0      0      0      0      0      0      0      0      0      0      0      0      0      0      0      0      0      0      0      0      2      0      0      0      0      0      0      0      0      0      0      0      0      0      0      0      0      2     
0x2b1f495ad790           NOP                                                                      0      0      0      8192    262144  262144  32     32     0      0      0      -             -          -      0      0      0      0      0      0      0      0      -      0      0      0      0      0      0      0      0      0      0      0      0      0      0      0      0      0      0      0      0      0      0      0      0      0      0      0      0      0      0      0      0      0      0      0      0      0      0      0      0     
0x2b1f495ad7a0           LDTM R15, tmem[UR5+0x1]                                                  4      3      4      8192    262144  262144  32     32     0      0      0      Tmem          Load       -      0      0      0      0      0      0      0      0      -      0      0      0      0      0      0      0      0      0      0      0      0      0      0      0      0      0      0      1      3      0      0      0      0      0      0      0      0      0      0      0      0      0      0      0      0      3      0      0      0     
0x2b1f495ad7b0           IMAD R11, R11, R12, UR11                                                 4      3      4      8192    262144  262144  32     32     0      0      0      -             -          -      0      0      0      0      0      0      0      0      -      0      0      0      0      0      0      0      0      0      0      0      0      0      0      0      0      0      0      1      3      0      0      0      0      0      0      0      0      0      0      0      0      0      0      0      0      3      0      0      0     
0x2b1f495ad7c0           IMAD.WIDE R8, R11, 0x4, R8                                               1      0      1      8192    262144  262144  32     32     0      0      0      -             -          -      0      0      0      0      0      0      0      0      -      0      0      0      0      0      0      0      0      0      0      0      0      0      0      0      0      0      0      0      0      0      0      1      0      0      0      0      0      0      0      0      0      0      0      0      0      0      0      0      0     
0x2b1f495ad7d0           STG.E desc[UR18][R8.64], R13                                             1      0      1      8192    262144  262144  32     32     0      0      0      Global        Store      32     262144 0      0      0      0      229376 262144 32768         0      0      0      0      0      0      0      0      1      0      0      0      0      0      0      0      0      0      0      0      0      0      0      0      0      0      0      0      0      0      0      0      0      0      0      0      0      0      0      0     
0x2b1f495ad7e0           NOP                                                                      0      0      0      8192    262144  262144  32     32     0      0      0      -             -          -      0      0      0      0      0      0      0      0      -      0      0      0      0      0      0      0      0      0      0      0      0      0      0      0      0      0      0      0      0      0      0      0      0      0      0      0      0      0      0      0      0      0      0      0      0      0      0      0      0     
0x2b1f495ad7f0           STG.E desc[UR18][R8.64+0x4], R15                                         0      0      0      8192    262144  262144  32     32     0      0      0      Global        Store      32     262144 0      0      0      0      229376 262144 32768         0      0      0      0      0      0      0      0      0      0      0      0      0      0      0      0      0      0      0      0      0      0      0      0      0      0      0      0      0      0      0      0      0      0      0      0      0      0      0      0     
0x2b1f495ad800           LDTM R11, tmem[UR4+0x2]                                                  2      0      2      8192    262144  262144  32     32     0      0      0      Tmem          Load       -      0      0      0      0      0      0      0      0      -      0      0      0      0      0      0      0      0      0      0      0      0      0      0      0      0      0      0      2      0      0      0      0      0      0      0      0      0      0      0      0      0      0      0      0      0      0      0      0      0     
0x2b1f495ad810           NOP                                                                      0      0      0      8192    262144  262144  32     32     0      0      0      -             -          -      0      0      0      0      0      0      0      0      -      0      0      0      0      0      0      0      0      0      0      0      0      0      0      0      0      0      0      0      0      0      0      0      0      0      0      0      0      0      0      0      0      0      0      0      0      0      0      0      0     
0x2b1f495ad820           LDTM R17, tmem[UR5+0x3]                                                  1      1      1      8192    262144  262144  32     32     0      0      0      Tmem          Load       -      0      0      0      0      0      0      0      0      -      0      0      0      0      0      0      0      0      0      0      0      0      0      0      0      0      0      0      0      1      0      0      0      0      0      0      0      0      0      0      0      0      0      0      0      0      1      0      0      0     
0x2b1f495ad830           STG.E desc[UR18][R8.64+0x8], R11                                         1      1      1      8192    262144  262144  32     32     0      0      0      Global        Store      32     262144 0      0      0      0      229376 262144 32768         0      0      0      0      0      0      0      0      0      0      1      0      0      0      0      0      0      0      0      0      0      0      0      0      0      0      0      1      0      0      0      0      0      0      0      0      0      0      0      0     
0x2b1f495ad840           NOP                                                                      0      0      0      8192    262144  262144  32     32     0      0      0      -             -          -      0      0      0      0      0      0      0      0      -      0      0      0      0      0      0      0      0      0      0      0      0      0      0      0      0      0      0      0      0      0      0      0      0      0      0      0      0      0      0      0      0      0      0      0      0      0      0      0      0     
0x2b1f495ad850           STG.E desc[UR18][R8.64+0xc], R17                                         23     22     23     8192    262144  262144  32     32     0      0      0      Global        Store      32     262144 0      0      0      0      229376 262144 32768         0      0      0      0      0      0      0      0      0      0      20     0      0      0      0      0      0      1      0      2      0      0      0      0      0      0      0      20     0      0      0      0      0      0      0      0      2      0      0      0     
0x2b1f495ad860           LDTM R13, tmem[UR4+0x4]                                                  65     60     65     8192    262144  262144  32     32     0      0      0      Tmem          Load       -      0      0      0      0      0      0      0      0      -      0      0      0      0      0      0      0      0      0      0      0      65     0      0      0      0      0      0      0      0      0      0      0      0      0      0      0      0      60     0      0      0      0      0      0      0      0      0      0      0     
0x2b1f495ad870           NOP                                                                      0      0      0      8192    262144  262144  32     32     0      0      0      -             -          -      0      0      0      0      0      0      0      0      -      0      0      0      0      0      0      0      0      0      0      0      0      0      0      0      0      0      0      0      0      0      0      0      0      0      0      0      0      0      0      0      0      0      0      0      0      0      0      0      0     
0x2b1f495ad880           LDTM R15, tmem[UR5+0x5]                                                  21     18     21     8192    262144  262144  32     32     0      0      0      Tmem          Load       -      0      0      0      0      0      0      0      0      -      0      0      0      0      0      0      0      0      0      0      0      16     0      0      0      0      0      0      1      4      0      0      0      0      0      0      0      0      14     0      0      0      0      0      0      0      4      0      0      0     
0x2b1f495ad890           STG.E desc[UR18][R8.64+0x10], R13                                        3      3      3      8192    262144  262144  32     32     0      0      0      Global        Store      32     262144 0      0      0      0      229376 262144 32768         0      0      0      0      0      0      0      0      0      0      3      0      0      0      0      0      0      0      0      0      0      0      0      0      0      0      0      3      0      0      0      0      0      0      0      0      0      0      0      0     
0x2b1f495ad8a0           NOP                                                                      0      0      0      8192    262144  262144  32     32     0      0      0      -             -          -      0      0      0      0      0      0      0      0      -      0      0      0      0      0      0      0      0      0      0      0      0      0      0      0      0      0      0      0      0      0      0      0      0      0      0      0      0      0      0      0      0      0      0      0      0      0      0      0      0     
0x2b1f495ad8b0           STG.E desc[UR18][R8.64+0x14], R15                                        11     11     11     8192    262144  262144  32     32     0      0      0      Global        Store      32     262144 0      0      0      0      229376 262144 32768         0      0      0      0      0      0      0      0      0      0      8      0      0      0      0      0      0      0      0      2      0      0      1      0      0      0      0      8      0      0      0      0      0      0      0      0      2      0      0      1     
0x2b1f495ad8c0           LDTM R11, tmem[UR4+0x6]                                                  6      6      6      8192    262144  262144  32     32     0      0      0      Tmem          Load       -      0      0      0      0      0      0      0      0      -      0      0      0      0      0      0      0      0      0      0      0      6      0      0      0      0      0      0      0      0      0      0      0      0      0      0      0      0      6      0      0      0      0      0      0      0      0      0      0      0     
0x2b1f495ad8d0           NOP                                                                      0      0      0      8192    262144  262144  32     32     0      0      0      -             -          -      0      0      0      0      0      0      0      0      -      0      0      0      0      0      0      0      0      0      0      0      0      0      0      0      0      0      0      0      0      0      0      0      0      0      0      0      0      0      0      0      0      0      0      0      0      0      0      0      0     
0x2b1f495ad8e0           LDTM R17, tmem[UR5+0x7]                                                  45     44     45     8192    262144  262144  32     32     0      0      0      Tmem          Load       -      0      0      0      0      0      0      0      0      -      0      0      0      0      0      0      0      0      0      0      0      42     0      0      0      0      0      1      0      2      0      0      0      0      0      0      0      0      42     0      0      0      0      0      0      0      2      0      0      0     
0x2b1f495ad8f0           STG.E desc[UR18][R8.64+0x18], R11                                        0      0      0      8192    262144  262144  32     32     0      0      0      Global        Store      32     262144 0      0      0      0      229376 262144 32768         0      0      0      0      0      0      0      0      0      0      0      0      0      0      0      0      0      0      0      0      0      0      0      0      0      0      0      0      0      0      0      0      0      0      0      0      0      0      0      0     
0x2b1f495ad900           NOP                                                                      0      0      0      8192    262144  262144  32     32     0      0      0      -             -          -      0      0      0      0      0      0      0      0      -      0      0      0      0      0      0      0      0      0      0      0      0      0      0      0      0      0      0      0      0      0      0      0      0      0      0      0      0      0      0      0      0      0      0      0      0      0      0      0      0     
0x2b1f495ad910           STG.E desc[UR18][R8.64+0x1c], R17                                        21     21     21     8192    262144  262144  32     32     0      0      0      Global        Store      32     262144 0      0      0      0      229376 262144 32768         0      0      0      0      0      0      0      0      0      0      17     0      0      0      0      0      0      0      0      1      0      0      3      0      0      0      0      17     0      0      0      0      0      0      0      0      1      0      0      3     
0x2b1f495ad920           LDTM R13, tmem[UR4+0x8]                                                  72     66     72     8192    262144  262144  32     32     0      0      0      Tmem          Load       -      0      0      0      0      0      0      0      0      -      0      0      0      0      0      0      0      0      0      0      0      72     0      0      0      0      0      0      0      0      0      0      0      0      0      0      0      0      66     0      0      0      0      0      0      0      0      0      0      0     
0x2b1f495ad930           NOP                                                                      0      0      0      8192    262144  262144  32     32     0      0      0      -             -          -      0      0      0      0      0      0      0      0      -      0      0      0      0      0      0      0      0      0      0      0      0      0      0      0      0      0      0      0      0      0      0      0      0      0      0      0      0      0      0      0      0      0      0      0      0      0      0      0      0     
0x2b1f495ad940           LDTM R15, tmem[UR5+0x9]                                                  26     22     26     8192    262144  262144  32     32     0      0      0      Tmem          Load       -      0      0      0      0      0      0      0      0      -      0      0      0      0      0      0      0      0      0      0      0      23     0      0      0      0      0      0      1      2      0      0      0      0      0      0      0      0      20     0      0      0      0      0      0      0      2      0      0      0     
0x2b1f495ad950           STG.E desc[UR18][R8.64+0x20], R13                                        1      1      1      8192    262144  262144  32     32     0      0      0      Global        Store      32     262144 0      0      0      0      229376 262144 32768         0      0      0      0      0      0      0      0      0      0      1      0      0      0      0      0      0      0      0      0      0      0      0      0      0      0      0      1      0      0      0      0      0      0      0      0      0      0      0      0     
0x2b1f495ad960           NOP                                                                      0      0      0      8192    262144  262144  32     32     0      0      0      -             -          -      0      0      0      0      0      0      0      0      -      0      0      0      0      0      0      0      0      0      0      0      0      0      0      0      0      0      0      0      0      0      0      0      0      0      0      0      0      0      0      0      0      0      0      0      0      0      0      0      0     
0x2b1f495ad970           STG.E desc[UR18][R8.64+0x24], R15                                        36     35     36     8192    262144  262144  32     32     0      0      0      Global        Store      32     262144 0      0      0      0      229376 262144 32768         0      0      0      0      0      0      0      0      0      0      34     0      0      0      0      0      0      0      1      1      0      0      0      0      0      0      0      34     0      0      0      0      0      0      0      0      1      0      0      0     
0x2b1f495ad980           LDTM R11, tmem[UR4+0xa]                                                  46     39     46     8192    262144  262144  32     32     0      0      0      Tmem          Load       -      0      0      0      0      0      0      0      0      -      0      0      0      0      0      0      0      0      0      0      0      44     0      0      0      0      0      0      2      0      0      0      0      0      0      0      0      0      39     0      0      0      0      0      0      0      0      0      0      0     
0x2b1f495ad990           NOP                                                                      0      0      0      8192    262144  262144  32     32     0      0      0      -             -          -      0      0      0      0      0      0      0      0      -      0      0      0      0      0      0      0      0      0      0      0      0      0      0      0      0      0      0      0      0      0      0      0      0      0      0      0      0      0      0      0      0      0      0      0      0      0      0      0      0     
0x2b1f495ad9a0           LDTM R17, tmem[UR5+0xb]                                                  59     52     59     8192    262144  262144  32     32     0      0      0      Tmem          Load       -      0      0      0      0      0      0      0      0      -      0      0      0      0      0      0      0      0      0      0      0      59     0      0      0      0      0      0      0      0      0      0      0      0      0      0      0      0      52     0      0      0      0      0      0      0      0      0      0      0     
0x2b1f495ad9b0           STG.E desc[UR18][R8.64+0x28], R11                                        3      2      3      8192    262144  262144  32     32     0      0      0      Global        Store      32     262144 0      0      0      0      229376 262144 32768         0      0      0      0      0      0      0      0      0      0      2      0      0      0      0      0      0      0      1      0      0      0      0      0      0      0      0      2      0      0      0      0      0      0      0      0      0      0      0      0     
0x2b1f495ad9c0           NOP                                                                      0      0      0      8192    262144  262144  32     32     0      0      0      -             -          -      0      0      0      0      0      0      0      0      -      0      0      0      0      0      0      0      0      0      0      0      0      0      0      0      0      0      0      0      0      0      0      0      0      0      0      0      0      0      0      0      0      0      0      0      0      0      0      0      0     
0x2b1f495ad9d0           STG.E desc[UR18][R8.64+0x2c], R17                                        18     18     18     8192    262144  262144  32     32     0      0      0      Global        Store      32     262144 0      0      0      0      229376 262144 32768         0      0      0      0      0      0      0      0      0      0      16     0      0      0      0      0      0      0      0      1      0      0      1      0      0      0      0      16     0      0      0      0      0      0      0      0      1      0      0      1     
0x2b1f495ad9e0           LDTM R13, tmem[UR4+0xc]                                                  98     93     98     8192    262144  262144  32     32     0      0      0      Tmem          Load       -      0      0      0      0      0      0      0      0      -      0      0      0      0      0      0      0      0      0      0      0      98     0      0      0      0      0      0      0      0      0      0      0      0      0      0      0      0      93     0      0      0      0      0      0      0      0      0      0      0     
0x2b1f495ad9f0           NOP                                                                      0      0      0      8192    262144  262144  32     32     0      0      0      -             -          -      0      0      0      0      0      0      0      0      -      0      0      0      0      0      0      0      0      0      0      0      0      0      0      0      0      0      0      0      0      0      0      0      0      0      0      0      0      0      0      0      0      0      0      0      0      0      0      0      0     
0x2b1f495ada00           LDTM R15, tmem[UR5+0xd]                                                  47     44     47     8192    262144  262144  32     32     0      0      0      Tmem          Load       -      0      0      0      0      0      0      0      0      -      0      0      0      0      0      0      0      0      0      0      0      47     0      0      0      0      0      0      0      0      0      0      0      0      0      0      0      0      44     0      0      0      0      0      0      0      0      0      0      0     
0x2b1f495ada10           STG.E desc[UR18][R8.64+0x30], R13                                        0      0      0      8192    262144  262144  32     32     0      0      0      Global        Store      32     262144 0      0      0      0      229376 262144 32768         0      0      0      0      0      0      0      0      0      0      0      0      0      0      0      0      0      0      0      0      0      0      0      0      0      0      0      0      0      0      0      0      0      0      0      0      0      0      0      0     
0x2b1f495ada20           NOP                                                                      0      0      0      8192    262144  262144  32     32     0      0      0      -             -          -      0      0      0      0      0      0      0      0      -      0      0      0      0      0      0      0      0      0      0      0      0      0      0      0      0      0      0      0      0      0      0      0      0      0      0      0      0      0      0      0      0      0      0      0      0      0      0      0      0     
0x2b1f495ada30           STG.E desc[UR18][R8.64+0x34], R15                                        37     37     37     8192    262144  262144  32     32     0      0      0      Global        Store      32     262144 0      0      0      0      229376 262144 32768         0      0      0      0      0      0      0      0      0      0      36     0      0      0      0      0      0      0      0      1      0      0      0      0      0      0      0      36     0      0      0      0      0      0      0      0      1      0      0      0     
0x2b1f495ada40           LDTM R11, tmem[UR4+0xe]                                                  45     41     45     8192    262144  262144  32     32     0      0      0      Tmem          Load       -      0      0      0      0      0      0      0      0      -      0      0      0      0      0      0      0      0      0      0      0      44     0      0      0      0      0      0      1      0      0      0      0      0      0      0      0      0      41     0      0      0      0      0      0      0      0      0      0      0     
0x2b1f495ada50           NOP                                                                      0      0      0      8192    262144  262144  32     32     0      0      0      -             -          -      0      0      0      0      0      0      0      0      -      0      0      0      0      0      0      0      0      0      0      0      0      0      0      0      0      0      0      0      0      0      0      0      0      0      0      0      0      0      0      0      0      0      0      0      0      0      0      0      0     
0x2b1f495ada60           LDTM R17, tmem[UR5+0xf]                                                  49     48     49     8192    262144  262144  32     32     0      0      0      Tmem          Load       -      0      0      0      0      0      0      0      0      -      0      0      0      0      0      0      0      0      0      0      0      49     0      0      0      0      0      0      0      0      0      0      0      0      0      0      0      0      48     0      0      0      0      0      0      0      0      0      0      0     
0x2b1f495ada70           STG.E desc[UR18][R8.64+0x38], R11                                        0      0      0      8192    262144  262144  32     32     0      0      0      Global        Store      32     262144 0      0      0      0      229376 262144 32768         0      0      0      0      0      0      0      0      0      0      0      0      0      0      0      0      0      0      0      0      0      0      0      0      0      0      0      0      0      0      0      0      0      0      0      0      0      0      0      0     
0x2b1f495ada80           NOP                                                                      0      0      0      8192    262144  262144  32     32     0      0      0      -             -          -      0      0      0      0      0      0      0      0      -      0      0      0      0      0      0      0      0      0      0      0      0      0      0      0      0      0      0      0      0      0      0      0      0      0      0      0      0      0      0      0      0      0      0      0      0      0      0      0      0     
0x2b1f495ada90           STG.E desc[UR18][R8.64+0x3c], R17                                        35     34     35     8192    262144  262144  32     32     0      0      0      Global        Store      32     262144 0      0      0      0      229376 262144 32768         0      0      0      0      0      0      0      0      0      0      33     0      0      0      0      0      0      0      0      2      0      0      0      0      0      0      0      32     0      0      0      0      0      0      0      0      2      0      0      0     
0x2b1f495adaa0           LDTM R13, tmem[UR4+0x10]                                                 93     87     93     8192    262144  262144  32     32     0      0      0      Tmem          Load       -      0      0      0      0      0      0      0      0      -      0      0      0      0      0      0      0      0      0      0      0      93     0      0      0      0      0      0      0      0      0      0      0      0      0      0      0      0      87     0      0      0      0      0      0      0      0      0      0      0     
0x2b1f495adab0           NOP                                                                      0      0      0      8192    262144  262144  32     32     0      0      0      -             -          -      0      0      0      0      0      0      0      0      -      0      0      0      0      0      0      0      0      0      0      0      0      0      0      0      0      0      0      0      0      0      0      0      0      0      0      0      0      0      0      0      0      0      0      0      0      0      0      0      0     
0x2b1f495adac0           LDTM R15, tmem[UR5+0x11]                                                 52     49     52     8192    262144  262144  32     32     0      0      0      Tmem          Load       -      0      0      0      0      0      0      0      0      -      0      0      0      0      0      0      0      0      0      0      0      52     0      0      0      0      0      0      0      0      0      0      0      0      0      0      0      0      49     0      0      0      0      0      0      0      0      0      0      0     
0x2b1f495adad0           STG.E desc[UR18][R8.64+0x40], R13                                        0      0      0      8192    262144  262144  32     32     0      0      0      Global        Store      32     262144 0      0      0      0      229376 262144 32768         0      0      0      0      0      0      0      0      0      0      0      0      0      0      0      0      0      0      0      0      0      0      0      0      0      0      0      0      0      0      0      0      0      0      0      0      0      0      0      0     
0x2b1f495adae0           NOP                                                                      3      0      3      8192    262144  262144  32     32     0      0      0      -             -          -      0      0      0      0      0      0      0      0      -      0      0      0      0      0      0      0      0      0      0      0      0      0      0      0      0      0      0      3      0      0      0      0      0      0      0      0      0      0      0      0      0      0      0      0      0      0      0      0      0     
0x2b1f495adaf0           STG.E desc[UR18][R8.64+0x44], R15                                        28     26     28     8192    262144  262144  32     32     0      0      0      Global        Store      32     262144 0      0      0      0      229376 262144 32768         0      0      0      0      0      0      0      0      0      0      24     0      0      0      0      0      0      1      0      1      0      0      2      0      0      0      0      24     0      0      0      0      0      0      0      0      0      0      0      2     
0x2b1f495adb00           LDTM R11, tmem[UR4+0x12]                                                 62     58     62     8192    262144  262144  32     32     0      0      0      Tmem          Load       -      0      0      0      0      0      0      0      0      -      0      0      0      0      0      0      0      0      0      0      0      62     0      0      0      0      0      0      0      0      0      0      0      0      0      0      0      0      58     0      0      0      0      0      0      0      0      0      0      0     
0x2b1f495adb10           NOP                                                                      0      0      0      8192    262144  262144  32     32     0      0      0      -             -          -      0      0      0      0      0      0      0      0      -      0      0      0      0      0      0      0      0      0      0      0      0      0      0      0      0      0      0      0      0      0      0      0      0      0      0      0      0      0      0      0      0      0      0      0      0      0      0      0      0     
0x2b1f495adb20           LDTM R17, tmem[UR5+0x13]                                                 47     45     47     8192    262144  262144  32     32     0      0      0      Tmem          Load       -      0      0      0      0      0      0      0      0      -      0      0      0      0      0      0      0      0      0      0      0      47     0      0      0      0      0      0      0      0      0      0      0      0      0      0      0      0      45     0      0      0      0      0      0      0      0      0      0      0     
0x2b1f495adb30           STG.E desc[UR18][R8.64+0x48], R11                                        1      1      1      8192    262144  262144  32     32     0      0      0      Global        Store      32     262144 0      0      0      0      229376 262144 32768         0      0      0      0      0      0      0      0      0      0      1      0      0      0      0      0      0      0      0      0      0      0      0      0      0      0      0      1      0      0      0      0      0      0      0      0      0      0      0      0     
0x2b1f495adb40           NOP                                                                      0      0      0      8192    262144  262144  32     32     0      0      0      -             -          -      0      0      0      0      0      0      0      0      -      0      0      0      0      0      0      0      0      0      0      0      0      0      0      0      0      0      0      0      0      0      0      0      0      0      0      0      0      0      0      0      0      0      0      0      0      0      0      0      0     
0x2b1f495adb50           STG.E desc[UR18][R8.64+0x4c], R17                                        34     34     34     8192    262144  262144  32     32     0      0      0      Global        Store      32     262144 0      0      0      0      229376 262144 32768         0      0      0      0      0      0      0      0      0      0      34     0      0      0      0      0      0      0      0      0      0      0      0      0      0      0      0      34     0      0      0      0      0      0      0      0      0      0      0      0     
0x2b1f495adb60           LDTM R13, tmem[UR4+0x14]                                                 118    114    118    8192    262144  262144  32     32     0      0      0      Tmem          Load       -      0      0      0      0      0      0      0      0      -      0      0      0      0      0      0      0      0      0      0      0      118    0      0      0      0      0      0      0      0      0      0      0      0      0      0      0      0      114    0      0      0      0      0      0      0      0      0      0      0     
0x2b1f495adb70           NOP                                                                      1      0      1      8192    262144  262144  32     32     0      0      0      -             -          -      0      0      0      0      0      0      0      0      -      0      0      0      0      0      0      0      0      0      0      0      0      0      0      0      0      0      0      1      0      0      0      0      0      0      0      0      0      0      0      0      0      0      0      0      0      0      0      0      0     
0x2b1f495adb80           LDTM R15, tmem[UR5+0x15]                                                 50     48     50     8192    262144  262144  32     32     0      0      0      Tmem          Load       -      0      0      0      0      0      0      0      0      -      0      0      0      0      0      0      0      0      0      0      0      50     0      0      0      0      0      0      0      0      0      0      0      0      0      0      0      0      48     0      0      0      0      0      0      0      0      0      0      0     
0x2b1f495adb90           STG.E desc[UR18][R8.64+0x50], R13                                        0      0      0      8192    262144  262144  32     32     0      0      0      Global        Store      32     262144 0      0      0      0      229376 262144 32768         0      0      0      0      0      0      0      0      0      0      0      0      0      0      0      0      0      0      0      0      0      0      0      0      0      0      0      0      0      0      0      0      0      0      0      0      0      0      0      0     
0x2b1f495adba0           NOP                                                                      0      0      0      8192    262144  262144  32     32     0      0      0      -             -          -      0      0      0      0      0      0      0      0      -      0      0      0      0      0      0      0      0      0      0      0      0      0      0      0      0      0      0      0      0      0      0      0      0      0      0      0      0      0      0      0      0      0      0      0      0      0      0      0      0     
0x2b1f495adbb0           STG.E desc[UR18][R8.64+0x54], R15                                        30     30     30     8192    262144  262144  32     32     0      0      0      Global        Store      32     262144 0      0      0      0      229376 262144 32768         0      0      0      0      0      0      0      0      0      0      28     0      0      0      0      0      0      0      0      1      0      0      1      0      0      0      0      28     0      0      0      0      0      0      0      0      1      0      0      1     
0x2b1f495adbc0           LDTM R11, tmem[UR4+0x16]                                                 65     64     65     8192    262144  262144  32     32     0      0      0      Tmem          Load       -      0      0      0      0      0      0      0      0      -      0      0      0      0      0      0      0      0      0      0      0      65     0      0      0      0      0      0      0      0      0      0      0      0      0      0      0      0      64     0      0      0      0      0      0      0      0      0      0      0     
0x2b1f495adbd0           NOP                                                                      0      0      0      8192    262144  262144  32     32     0      0      0      -             -          -      0      0      0      0      0      0      0      0      -      0      0      0      0      0      0      0      0      0      0      0      0      0      0      0      0      0      0      0      0      0      0      0      0      0      0      0      0      0      0      0      0      0      0      0      0      0      0      0      0     
0x2b1f495adbe0           LDTM R17, tmem[UR5+0x17]                                                 47     45     47     8192    262144  262144  32     32     0      0      0      Tmem          Load       -      0      0      0      0      0      0      0      0      -      0      0      0      0      0      0      0      0      0      0      0      47     0      0      0      0      0      0      0      0      0      0      0      0      0      0      0      0      45     0      0      0      0      0      0      0      0      0      0      0     
0x2b1f495adbf0           STG.E desc[UR18][R8.64+0x58], R11                                        0      0      0      8192    262144  262144  32     32     0      0      0      Global        Store      32     262144 0      0      0      0      229376 262144 32768         0      0      0      0      0      0      0      0      0      0      0      0      0      0      0      0      0      0      0      0      0      0      0      0      0      0      0      0      0      0      0      0      0      0      0      0      0      0      0      0     
0x2b1f495adc00           NOP                                                                      1      0      1      8192    262144  262144  32     32     0      0      0      -             -          -      0      0      0      0      0      0      0      0      -      0      0      0      0      0      0      0      0      0      0      0      0      0      0      0      0      0      0      1      0      0      0      0      0      0      0      0      0      0      0      0      0      0      0      0      0      0      0      0      0     
0x2b1f495adc10           STG.E desc[UR18][R8.64+0x5c], R17                                        38     37     38     8192    262144  262144  32     32     0      0      0      Global        Store      32     262144 0      0      0      0      229376 262144 32768         0      0      0      0      0      0      0      0      0      0      37     0      0      0      0      0      0      1      0      0      0      0      0      0      0      0      0      37     0      0      0      0      0      0      0      0      0      0      0      0     
0x2b1f495adc20           LDTM R13, tmem[UR4+0x18]                                                 96     91     96     8192    262144  262144  32     32     0      0      0      Tmem          Load       -      0      0      0      0      0      0      0      0      -      0      0      0      0      0      0      0      0      0      0      0      96     0      0      0      0      0      0      0      0      0      0      0      0      0      0      0      0      91     0      0      0      0      0      0      0      0      0      0      0     
0x2b1f495adc30           NOP                                                                      0      0      0      8192    262144  262144  32     32     0      0      0      -             -          -      0      0      0      0      0      0      0      0      -      0      0      0      0      0      0      0      0      0      0      0      0      0      0      0      0      0      0      0      0      0      0      0      0      0      0      0      0      0      0      0      0      0      0      0      0      0      0      0      0     
0x2b1f495adc40           LDTM R15, tmem[UR5+0x19]                                                 67     64     67     8192    262144  262144  32     32     0      0      0      Tmem          Load       -      0      0      0      0      0      0      0      0      -      0      0      0      0      0      0      0      0      0      0      0      67     0      0      0      0      0      0      0      0      0      0      0      0      0      0      0      0      64     0      0      0      0      0      0      0      0      0      0      0     
0x2b1f495adc50           STG.E desc[UR18][R8.64+0x60], R13                                        0      0      0      8192    262144  262144  32     32     0      0      0      Global        Store      32     262144 0      0      0      0      229376 262144 32768         0      0      0      0      0      0      0      0      0      0      0      0      0      0      0      0      0      0      0      0      0      0      0      0      0      0      0      0      0      0      0      0      0      0      0      0      0      0      0      0     
0x2b1f495adc60           NOP                                                                      0      0      0      8192    262144  262144  32     32     0      0      0      -             -          -      0      0      0      0      0      0      0      0      -      0      0      0      0      0      0      0      0      0      0      0      0      0      0      0      0      0      0      0      0      0      0      0      0      0      0      0      0      0      0      0      0      0      0      0      0      0      0      0      0     
0x2b1f495adc70           STG.E desc[UR18][R8.64+0x64], R15                                        35     35     35     8192    262144  262144  32     32     0      0      0      Global        Store      32     262144 0      0      0      0      229376 262144 32768         0      0      0      0      0      0      0      0      0      0      32     0      0      0      0      0      0      0      0      3      0      0      0      0      0      0      0      32     0      0      0      0      0      0      0      0      3      0      0      0     
0x2b1f495adc80           LDTM R11, tmem[UR4+0x1a]                                                 54     48     54     8192    262144  262144  32     32     0      0      0      Tmem          Load       -      0      0      0      0      0      0      0      0      -      0      0      0      0      0      0      0      0      0      0      0      54     0      0      0      0      0      0      0      0      0      0      0      0      0      0      0      0      48     0      0      0      0      0      0      0      0      0      0      0     
0x2b1f495adc90           NOP                                                                      0      0      0      8192    262144  262144  32     32     0      0      0      -             -          -      0      0      0      0      0      0      0      0      -      0      0      0      0      0      0      0      0      0      0      0      0      0      0      0      0      0      0      0      0      0      0      0      0      0      0      0      0      0      0      0      0      0      0      0      0      0      0      0      0     
0x2b1f495adca0           LDTM R17, tmem[UR5+0x1b]                                                 52     52     52     8192    262144  262144  32     32     0      0      0      Tmem          Load       -      0      0      0      0      0      0      0      0      -      0      0      0      0      0      0      0      0      0      0      0      52     0      0      0      0      0      0      0      0      0      0      0      0      0      0      0      0      52     0      0      0      0      0      0      0      0      0      0      0     
0x2b1f495adcb0           STG.E desc[UR18][R8.64+0x68], R11                                        0      0      0      8192    262144  262144  32     32     0      0      0      Global        Store      32     262144 0      0      0      0      229376 262144 32768         0      0      0      0      0      0      0      0      0      0      0      0      0      0      0      0      0      0      0      0      0      0      0      0      0      0      0      0      0      0      0      0      0      0      0      0      0      0      0      0     
0x2b1f495adcc0           NOP                                                                      0      0      0      8192    262144  262144  32     32     0      0      0      -             -          -      0      0      0      0      0      0      0      0      -      0      0      0      0      0      0      0      0      0      0      0      0      0      0      0      0      0      0      0      0      0      0      0      0      0      0      0      0      0      0      0      0      0      0      0      0      0      0      0      0     
0x2b1f495adcd0           STG.E desc[UR18][R8.64+0x6c], R17                                        51     51     51     8192    262144  262144  32     32     0      0      0      Global        Store      32     262144 0      0      0      0      229376 262144 32768         0      0      0      0      0      0      0      0      0      0      50     0      0      0      0      0      0      0      0      0      0      0      1      0      0      0      0      50     0      0      0      0      0      0      0      0      0      0      0      1     
0x2b1f495adce0           LDTM R13, tmem[UR4+0x1c]                                                 98     96     98     8192    262144  262144  32     32     0      0      0      Tmem          Load       -      0      0      0      0      0      0      0      0      -      0      0      0      0      0      0      0      0      0      0      0      98     0      0      0      0      0      0      0      0      0      0      0      0      0      0      0      0      96     0      0      0      0      0      0      0      0      0      0      0     
0x2b1f495adcf0           NOP                                                                      0      0      0      8192    262144  262144  32     32     0      0      0      -             -          -      0      0      0      0      0      0      0      0      -      0      0      0      0      0      0      0      0      0      0      0      0      0      0      0      0      0      0      0      0      0      0      0      0      0      0      0      0      0      0      0      0      0      0      0      0      0      0      0      0     
0x2b1f495add00           LDTM R15, tmem[UR5+0x1d]                                                 46     46     46     8192    262144  262144  32     32     0      0      0      Tmem          Load       -      0      0      0      0      0      0      0      0      -      0      0      0      0      0      0      0      0      0      0      0      46     0      0      0      0      0      0      0      0      0      0      0      0      0      0      0      0      46     0      0      0      0      0      0      0      0      0      0      0     
0x2b1f495add10           STG.E desc[UR18][R8.64+0x70], R13                                        0      0      0      8192    262144  262144  32     32     0      0      0      Global        Store      32     262144 0      0      0      0      229376 262144 32768         0      0      0      0      0      0      0      0      0      0      0      0      0      0      0      0      0      0      0      0      0      0      0      0      0      0      0      0      0      0      0      0      0      0      0      0      0      0      0      0     
0x2b1f495add20           NOP                                                                      1      0      1      8192    262144  262144  32     32     0      0      0      -             -          -      0      0      0      0      0      0      0      0      -      0      0      0      0      0      0      0      0      0      0      0      0      0      0      0      0      0      0      1      0      0      0      0      0      0      0      0      0      0      0      0      0      0      0      0      0      0      0      0      0     
0x2b1f495add30           STG.E desc[UR18][R8.64+0x74], R15                                        42     41     42     8192    262144  262144  32     32     0      0      0      Global        Store      32     262144 0      0      0      0      229376 262144 32768         0      0      0      0      0      0      0      0      0      0      39     0      0      0      0      0      0      0      1      2      0      0      0      0      0      0      0      39     0      0      0      0      0      0      0      0      2      0      0      0     
0x2b1f495add40           LDTM R11, tmem[UR4+0x1e]                                                 52     45     52     8192    262144  262144  32     32     0      0      0      Tmem          Load       -      0      0      0      0      0      0      0      0      -      0      0      0      0      0      0      0      0      0      0      0      52     0      0      0      0      0      0      0      0      0      0      0      0      0      0      0      0      45     0      0      0      0      0      0      0      0      0      0      0     
0x2b1f495add50           NOP                                                                      0      0      0      8192    262144  262144  32     32     0      0      0      -             -          -      0      0      0      0      0      0      0      0      -      0      0      0      0      0      0      0      0      0      0      0      0      0      0      0      0      0      0      0      0      0      0      0      0      0      0      0      0      0      0      0      0      0      0      0      0      0      0      0      0     
0x2b1f495add60           LDTM R17, tmem[UR5+0x1f]                                                 68     66     68     8192    262144  262144  32     32     0      0      0      Tmem          Load       -      0      0      0      0      0      0      0      0      -      0      0      0      0      0      0      0      0      0      0      0      67     0      0      0      0      0      0      1      0      0      0      0      0      0      0      0      0      66     0      0      0      0      0      0      0      0      0      0      0     
0x2b1f495add70           STG.E desc[UR18][R8.64+0x78], R11                                        0      0      0      8192    262144  262144  32     32     0      0      0      Global        Store      32     262144 0      0      0      0      229376 262144 32768         0      0      0      0      0      0      0      0      0      0      0      0      0      0      0      0      0      0      0      0      0      0      0      0      0      0      0      0      0      0      0      0      0      0      0      0      0      0      0      0     
0x2b1f495add80           NOP                                                                      1      0      1      8192    262144  262144  32     32     0      0      0      -             -          -      0      0      0      0      0      0      0      0      -      0      0      0      0      0      0      0      0      0      0      0      0      0      0      0      0      0      0      1      0      0      0      0      0      0      0      0      0      0      0      0      0      0      0      0      0      0      0      0      0     
0x2b1f495add90           STG.E desc[UR18][R8.64+0x7c], R17                                        25     25     25     8192    262144  262144  32     32     0      0      0      Global        Store      32     262144 0      0      0      0      229376 262144 32768         0      0      0      0      0      0      0      0      0      0      24     0      0      0      0      0      0      0      0      1      0      0      0      0      0      0      0      24     0      0      0      0      0      0      0      0      1      0      0      0     
0x2b1f495adda0           LDTM R13, tmem[UR4+0x20]                                                 102    100    102    8192    262144  262144  32     32     0      0      0      Tmem          Load       -      0      0      0      0      0      0      0      0      -      0      0      0      0      0      0      0      0      0      0      0      102    0      0      0      0      0      0      0      0      0      0      0      0      0      0      0      0      100    0      0      0      0      0      0      0      0      0      0      0     
0x2b1f495addb0           NOP                                                                      1      0      1      8192    262144  262144  32     32     0      0      0      -             -          -      0      0      0      0      0      0      0      0      -      0      0      0      0      0      0      0      0      0      0      0      0      0      0      0      0      0      0      1      0      0      0      0      0      0      0      0      0      0      0      0      0      0      0      0      0      0      0      0      0     
0x2b1f495addc0           LDTM R15, tmem[UR5+0x21]                                                 58     56     58     8192    262144  262144  32     32     0      0      0      Tmem          Load       -      0      0      0      0      0      0      0      0      -      0      0      0      0      0      0      0      0      0      0      0      57     0      0      0      0      0      0      1      0      0      0      0      0      0      0      0      0      56     0      0      0      0      0      0      0      0      0      0      0     
0x2b1f495addd0           STG.E desc[UR18][R8.64+0x80], R13                                        2      0      2      8192    262144  262144  32     32     0      0      0      Global        Store      32     262144 0      0      0      0      229376 262144 32768         0      0      0      0      0      0      0      0      0      0      0      0      0      0      0      0      0      0      2      0      0      0      0      0      0      0      0      0      0      0      0      0      0      0      0      0      0      0      0      0     
0x2b1f495adde0           NOP                                                                      0      0      0      8192    262144  262144  32     32     0      0      0      -             -          -      0      0      0      0      0      0      0      0      -      0      0      0      0      0      0      0      0      0      0      0      0      0      0      0      0      0      0      0      0      0      0      0      0      0      0      0      0      0      0      0      0      0      0      0      0      0      0      0      0     
0x2b1f495addf0           STG.E desc[UR18][R8.64+0x84], R15                                        49     49     49     8192    262144  262144  32     32     0      0      0      Global        Store      32     262144 0      0      0      0      229376 262144 32768         0      0      0      0      0      0      0      0      0      0      48     0      0      0      0      0      0      0      0      1      0      0      0      0      0      0      0      48     0      0      0      0      0      0      0      0      1      0      0      0     
0x2b1f495ade00           LDTM R11, tmem[UR4+0x22]                                                 61     60     61     8192    262144  262144  32     32     0      0      0      Tmem          Load       -      0      0      0      0      0      0      0      0      -      0      0      0      0      0      0      0      0      0      0      0      61     0      0      0      0      0      0      0      0      0      0      0      0      0      0      0      0      60     0      0      0      0      0      0      0      0      0      0      0     
0x2b1f495ade10           NOP                                                                      0      0      0      8192    262144  262144  32     32     0      0      0      -             -          -      0      0      0      0      0      0      0      0      -      0      0      0      0      0      0      0      0      0      0      0      0      0      0      0      0      0      0      0      0      0      0      0      0      0      0      0      0      0      0      0      0      0      0      0      0      0      0      0      0     
0x2b1f495ade20           LDTM R17, tmem[UR5+0x23]                                                 52     51     52     8192    262144  262144  32     32     0      0      0      Tmem          Load       -      0      0      0      0      0      0      0      0      -      0      0      0      0      0      0      0      0      0      0      0      51     0      0      0      0      0      0      1      0      0      0      0      0      0      0      0      0      51     0      0      0      0      0      0      0      0      0      0      0     
0x2b1f495ade30           STG.E desc[UR18][R8.64+0x88], R11                                        0      0      0      8192    262144  262144  32     32     0      0      0      Global        Store      32     262144 0      0      0      0      229376 262144 32768         0      0      0      0      0      0      0      0      0      0      0      0      0      0      0      0      0      0      0      0      0      0      0      0      0      0      0      0      0      0      0      0      0      0      0      0      0      0      0      0     
0x2b1f495ade40           NOP                                                                      0      0      0      8192    262144  262144  32     32     0      0      0      -             -          -      0      0      0      0      0      0      0      0      -      0      0      0      0      0      0      0      0      0      0      0      0      0      0      0      0      0      0      0      0      0      0      0      0      0      0      0      0      0      0      0      0      0      0      0      0      0      0      0      0     
0x2b1f495ade50           STG.E desc[UR18][R8.64+0x8c], R17                                        42     42     42     8192    262144  262144  32     32     0      0      0      Global        Store      32     262144 0      0      0      0      229376 262144 32768         0      0      0      0      0      0      0      0      0      0      41     0      0      0      0      0      0      0      0      0      0      0      1      0      0      0      0      41     0      0      0      0      0      0      0      0      0      0      0      1     
0x2b1f495ade60           LDTM R13, tmem[UR4+0x24]                                                 89     87     89     8192    262144  262144  32     32     0      0      0      Tmem          Load       -      0      0      0      0      0      0      0      0      -      0      0      0      0      0      0      0      0      0      0      0      89     0      0      0      0      0      0      0      0      0      0      0      0      0      0      0      0      87     0      0      0      0      0      0      0      0      0      0      0     
0x2b1f495ade70           NOP                                                                      1      0      1      8192    262144  262144  32     32     0      0      0      -             -          -      0      0      0      0      0      0      0      0      -      0      0      0      0      0      0      0      0      0      0      0      0      0      0      0      0      0      0      1      0      0      0      0      0      0      0      0      0      0      0      0      0      0      0      0      0      0      0      0      0     
0x2b1f495ade80           LDTM R15, tmem[UR5+0x25]                                                 69     69     69     8192    262144  262144  32     32     0      0      0      Tmem          Load       -      0      0      0      0      0      0      0      0      -      0      0      0      0      0      0      0      0      0      0      0      69     0      0      0      0      0      0      0      0      0      0      0      0      0      0      0      0      69     0      0      0      0      0      0      0      0      0      0      0     
0x2b1f495ade90           STG.E desc[UR18][R8.64+0x90], R13                                        0      0      0      8192    262144  262144  32     32     0      0      0      Global        Store      32     262144 0      0      0      0      229376 262144 32768         0      0      0      0      0      0      0      0      0      0      0      0      0      0      0      0      0      0      0      0      0      0      0      0      0      0      0      0      0      0      0      0      0      0      0      0      0      0      0      0     
0x2b1f495adea0           NOP                                                                      0      0      0      8192    262144  262144  32     32     0      0      0      -             -          -      0      0      0      0      0      0      0      0      -      0      0      0      0      0      0      0      0      0      0      0      0      0      0      0      0      0      0      0      0      0      0      0      0      0      0      0      0      0      0      0      0      0      0      0      0      0      0      0      0     
0x2b1f495adeb0           STG.E desc[UR18][R8.64+0x94], R15                                        35     35     35     8192    262144  262144  32     32     0      0      0      Global        Store      32     262144 0      0      0      0      229376 262144 32768         0      0      0      0      0      0      0      0      0      0      35     0      0      0      0      0      0      0      0      0      0      0      0      0      0      0      0      35     0      0      0      0      0      0      0      0      0      0      0      0     
0x2b1f495adec0           LDTM R11, tmem[UR4+0x26]                                                 49     45     49     8192    262144  262144  32     32     0      0      0      Tmem          Load       -      0      0      0      0      0      0      0      0      -      0      0      0      0      0      0      0      0      0      0      0      48     0      0      0      0      0      0      1      0      0      0      0      0      0      0      0      0      45     0      0      0      0      0      0      0      0      0      0      0     
0x2b1f495aded0           NOP                                                                      0      0      0      8192    262144  262144  32     32     0      0      0      -             -          -      0      0      0      0      0      0      0      0      -      0      0      0      0      0      0      0      0      0      0      0      0      0      0      0      0      0      0      0      0      0      0      0      0      0      0      0      0      0      0      0      0      0      0      0      0      0      0      0      0     
0x2b1f495adee0           LDTM R17, tmem[UR5+0x27]                                                 55     55     55     8192    262144  262144  32     32     0      0      0      Tmem          Load       -      0      0      0      0      0      0      0      0      -      0      0      0      0      0      0      0      0      0      0      0      55     0      0      0      0      0      0      0      0      0      0      0      0      0      0      0      0      55     0      0      0      0      0      0      0      0      0      0      0     
0x2b1f495adef0           STG.E desc[UR18][R8.64+0x98], R11                                        0      0      0      8192    262144  262144  32     32     0      0      0      Global        Store      32     262144 0      0      0      0      229376 262144 32768         0      0      0      0      0      0      0      0      0      0      0      0      0      0      0      0      0      0      0      0      0      0      0      0      0      0      0      0      0      0      0      0      0      0      0      0      0      0      0      0     
0x2b1f495adf00           NOP                                                                      0      0      0      8192    262144  262144  32     32     0      0      0      -             -          -      0      0      0      0      0      0      0      0      -      0      0      0      0      0      0      0      0      0      0      0      0      0      0      0      0      0      0      0      0      0      0      0      0      0      0      0      0      0      0      0      0      0      0      0      0      0      0      0      0     
0x2b1f495adf10           STG.E desc[UR18][R8.64+0x9c], R17                                        43     42     43     8192    262144  262144  32     32     0      0      0      Global        Store      32     262144 0      0      0      0      229376 262144 32768         0      0      0      0      0      0      0      0      0      0      41     0      0      0      0      0      0      0      0      1      0      0      1      0      0      0      0      40     0      0      0      0      0      0      0      0      1      0      0      1     
0x2b1f495adf20           LDTM R13, tmem[UR4+0x28]                                                 124    117    124    8192    262144  262144  32     32     0      0      0      Tmem          Load       -      0      0      0      0      0      0      0      0      -      0      0      0      0      0      0      0      0      0      0      0      123    0      0      0      0      0      0      1      0      0      0      0      0      0      0      0      0      117    0      0      0      0      0      0      0      0      0      0      0     
0x2b1f495adf30           NOP                                                                      0      0      0      8192    262144  262144  32     32     0      0      0      -             -          -      0      0      0      0      0      0      0      0      -      0      0      0      0      0      0      0      0      0      0      0      0      0      0      0      0      0      0      0      0      0      0      0      0      0      0      0      0      0      0      0      0      0      0      0      0      0      0      0      0     
0x2b1f495adf40           LDTM R15, tmem[UR5+0x29]                                                 41     41     41     8192    262144  262144  32     32     0      0      0      Tmem          Load       -      0      0      0      0      0      0      0      0      -      0      0      0      0      0      0      0      0      0      0      0      41     0      0      0      0      0      0      0      0      0      0      0      0      0      0      0      0      41     0      0      0      0      0      0      0      0      0      0      0     
0x2b1f495adf50           STG.E desc[UR18][R8.64+0xa0], R13                                        0      0      0      8192    262144  262144  32     32     0      0      0      Global        Store      32     262144 0      0      0      0      229376 262144 32768         0      0      0      0      0      0      0      0      0      0      0      0      0      0      0      0      0      0      0      0      0      0      0      0      0      0      0      0      0      0      0      0      0      0      0      0      0      0      0      0     
0x2b1f495adf60           NOP                                                                      0      0      0      8192    262144  262144  32     32     0      0      0      -             -          -      0      0      0      0      0      0      0      0      -      0      0      0      0      0      0      0      0      0      0      0      0      0      0      0      0      0      0      0      0      0      0      0      0      0      0      0      0      0      0      0      0      0      0      0      0      0      0      0      0     
0x2b1f495adf70           STG.E desc[UR18][R8.64+0xa4], R15                                        33     32     33     8192    262144  262144  32     32     0      0      0      Global        Store      32     262144 0      0      0      0      229376 262144 32768         0      0      0      0      0      0      0      0      0      0      32     0      0      0      0      0      0      0      0      1      0      0      0      0      0      0      0      31     0      0      0      0      0      0      0      0      1      0      0      0     
0x2b1f495adf80           LDTM R11, tmem[UR4+0x2a]                                                 61     57     61     8192    262144  262144  32     32     0      0      0      Tmem          Load       -      0      0      0      0      0      0      0      0      -      0      0      0      0      0      0      0      0      0      0      0      60     0      0      0      0      0      0      1      0      0      0      0      0      0      0      0      0      57     0      0      0      0      0      0      0      0      0      0      0     
0x2b1f495adf90           NOP                                                                      0      0      0      8192    262144  262144  32     32     0      0      0      -             -          -      0      0      0      0      0      0      0      0      -      0      0      0      0      0      0      0      0      0      0      0      0      0      0      0      0      0      0      0      0      0      0      0      0      0      0      0      0      0      0      0      0      0      0      0      0      0      0      0      0     
0x2b1f495adfa0           LDTM R17, tmem[UR5+0x2b]                                                 66     62     66     8192    262144  262144  32     32     0      0      0      Tmem          Load       -      0      0      0      0      0      0      0      0      -      0      0      0      0      0      0      0      0      0      0      0      65     0      0      0      0      0      0      1      0      0      0      0      0      0      0      0      0      62     0      0      0      0      0      0      0      0      0      0      0     
0x2b1f495adfb0           STG.E desc[UR18][R8.64+0xa8], R11                                        1      0      1      8192    262144  262144  32     32     0      0      0      Global        Store      32     262144 0      0      0      0      229376 262144 32768         0      0      0      0      0      0      0      0      0      0      0      0      0      0      0      0      0      0      1      0      0      0      0      0      0      0      0      0      0      0      0      0      0      0      0      0      0      0      0      0     
0x2b1f495adfc0           NOP                                                                      0      0      0      8192    262144  262144  32     32     0      0      0      -             -          -      0      0      0      0      0      0      0      0      -      0      0      0      0      0      0      0      0      0      0      0      0      0      0      0      0      0      0      0      0      0      0      0      0      0      0      0      0      0      0      0      0      0      0      0      0      0      0      0      0     
0x2b1f495adfd0           STG.E desc[UR18][R8.64+0xac], R17                                        25     25     25     8192    262144  262144  32     32     0      0      0      Global        Store      32     262144 0      0      0      0      229376 262144 32768         0      0      0      0      0      0      0      0      0      0      24     0      0      0      0      0      0      0      0      1      0      0      0      0      0      0      0      24     0      0      0      0      0      0      0      0      1      0      0      0     
0x2b1f495adfe0           LDTM R13, tmem[UR4+0x2c]                                                 123    121    123    8192    262144  262144  32     32     0      0      0      Tmem          Load       -      0      0      0      0      0      0      0      0      -      0      0      0      0      0      0      0      0      0      0      0      123    0      0      0      0      0      0      0      0      0      0      0      0      0      0      0      0      121    0      0      0      0      0      0      0      0      0      0      0     
0x2b1f495adff0           NOP                                                                      0      0      0      8192    262144  262144  32     32     0      0      0      -             -          -      0      0      0      0      0      0      0      0      -      0      0      0      0      0      0      0      0      0      0      0      0      0      0      0      0      0      0      0      0      0      0      0      0      0      0      0      0      0      0      0      0      0      0      0      0      0      0      0      0     
0x2b1f495ae000           LDTM R15, tmem[UR5+0x2d]                                                 49     48     49     8192    262144  262144  32     32     0      0      0      Tmem          Load       -      0      0      0      0      0      0      0      0      -      0      0      0      0      0      0      0      0      0      0      0      49     0      0      0      0      0      0      0      0      0      0      0      0      0      0      0      0      48     0      0      0      0      0      0      0      0      0      0      0     
0x2b1f495ae010           STG.E desc[UR18][R8.64+0xb0], R13                                        0      0      0      8192    262144  262144  32     32     0      0      0      Global        Store      32     262144 0      0      0      0      229376 262144 32768         0      0      0      0      0      0      0      0      0      0      0      0      0      0      0      0      0      0      0      0      0      0      0      0      0      0      0      0      0      0      0      0      0      0      0      0      0      0      0      0     
0x2b1f495ae020           NOP                                                                      0      0      0      8192    262144  262144  32     32     0      0      0      -             -          -      0      0      0      0      0      0      0      0      -      0      0      0      0      0      0      0      0      0      0      0      0      0      0      0      0      0      0      0      0      0      0      0      0      0      0      0      0      0      0      0      0      0      0      0      0      0      0      0      0     
0x2b1f495ae030           STG.E desc[UR18][R8.64+0xb4], R15                                        30     30     30     8192    262144  262144  32     32     0      0      0      Global        Store      32     262144 0      0      0      0      229376 262144 32768         0      0      0      0      0      0      0      0      0      0      30     0      0      0      0      0      0      0      0      0      0      0      0      0      0      0      0      30     0      0      0      0      0      0      0      0      0      0      0      0     
0x2b1f495ae040           LDTM R11, tmem[UR4+0x2e]                                                 75     73     75     8192    262144  262144  32     32     0      0      0      Tmem          Load       -      0      0      0      0      0      0      0      0      -      0      0      0      0      0      0      0      0      0      0      0      75     0      0      0      0      0      0      0      0      0      0      0      0      0      0      0      0      73     0      0      0      0      0      0      0      0      0      0      0     
0x2b1f495ae050           NOP                                                                      0      0      0      8192    262144  262144  32     32     0      0      0      -             -          -      0      0      0      0      0      0      0      0      -      0      0      0      0      0      0      0      0      0      0      0      0      0      0      0      0      0      0      0      0      0      0      0      0      0      0      0      0      0      0      0      0      0      0      0      0      0      0      0      0     
0x2b1f495ae060           LDTM R17, tmem[UR5+0x2f]                                                 42     39     42     8192    262144  262144  32     32     0      0      0      Tmem          Load       -      0      0      0      0      0      0      0      0      -      0      0      0      0      0      0      0      0      0      0      0      42     0      0      0      0      0      0      0      0      0      0      0      0      0      0      0      0      39     0      0      0      0      0      0      0      0      0      0      0     
0x2b1f495ae070           STG.E desc[UR18][R8.64+0xb8], R11                                        0      0      0      8192    262144  262144  32     32     0      0      0      Global        Store      32     262144 0      0      0      0      229376 262144 32768         0      0      0      0      0      0      0      0      0      0      0      0      0      0      0      0      0      0      0      0      0      0      0      0      0      0      0      0      0      0      0      0      0      0      0      0      0      0      0      0     
0x2b1f495ae080           NOP                                                                      1      0      1      8192    262144  262144  32     32     0      0      0      -             -          -      0      0      0      0      0      0      0      0      -      0      0      0      0      0      0      0      0      0      0      0      0      0      0      0      0      0      0      1      0      0      0      0      0      0      0      0      0      0      0      0      0      0      0      0      0      0      0      0      0     
0x2b1f495ae090           STG.E desc[UR18][R8.64+0xbc], R17                                        17     17     17     8192    262144  262144  32     32     0      0      0      Global        Store      32     262144 0      0      0      0      229376 262144 32768         0      0      0      0      0      0      0      0      0      0      17     0      0      0      0      0      0      0      0      0      0      0      0      0      0      0      0      17     0      0      0      0      0      0      0      0      0      0      0      0     
0x2b1f495ae0a0           LDTM R13, tmem[UR4+0x30]                                                 100    94     100    8192    262144  262144  32     32     0      0      0      Tmem          Load       -      0      0      0      0      0      0      0      0      -      0      0      0      0      0      0      0      0      0      0      0      100    0      0      0      0      0      0      0      0      0      0      0      0      0      0      0      0      94     0      0      0      0      0      0      0      0      0      0      0     
0x2b1f495ae0b0           NOP                                                                      1      0      1      8192    262144  262144  32     32     0      0      0      -             -          -      0      0      0      0      0      0      0      0      -      0      0      0      0      0      0      0      0      0      0      0      0      0      0      0      0      0      0      1      0      0      0      0      0      0      0      0      0      0      0      0      0      0      0      0      0      0      0      0      0     
0x2b1f495ae0c0           LDTM R15, tmem[UR5+0x31]                                                 50     50     50     8192    262144  262144  32     32     0      0      0      Tmem          Load       -      0      0      0      0      0      0      0      0      -      0      0      0      0      0      0      0      0      0      0      0      50     0      0      0      0      0      0      0      0      0      0      0      0      0      0      0      0      50     0      0      0      0      0      0      0      0      0      0      0     
0x2b1f495ae0d0           STG.E desc[UR18][R8.64+0xc0], R13                                        0      0      0      8192    262144  262144  32     32     0      0      0      Global        Store      32     262144 0      0      0      0      229376 262144 32768         0      0      0      0      0      0      0      0      0      0      0      0      0      0      0      0      0      0      0      0      0      0      0      0      0      0      0      0      0      0      0      0      0      0      0      0      0      0      0      0     
0x2b1f495ae0e0           NOP                                                                      0      0      0      8192    262144  262144  32     32     0      0      0      -             -          -      0      0      0      0      0      0      0      0      -      0      0      0      0      0      0      0      0      0      0      0      0      0      0      0      0      0      0      0      0      0      0      0      0      0      0      0      0      0      0      0      0      0      0      0      0      0      0      0      0     
0x2b1f495ae0f0           STG.E desc[UR18][R8.64+0xc4], R15                                        29     28     29     8192    262144  262144  32     32     0      0      0      Global        Store      32     262144 0      0      0      0      229376 262144 32768         0      0      0      0      0      0      0      0      0      0      28     0      0      0      0      0      0      0      0      1      0      0      0      0      0      0      0      27     0      0      0      0      0      0      0      0      1      0      0      0     
0x2b1f495ae100           LDTM R11, tmem[UR4+0x32]                                                 75     75     75     8192    262144  262144  32     32     0      0      0      Tmem          Load       -      0      0      0      0      0      0      0      0      -      0      0      0      0      0      0      0      0      0      0      0      75     0      0      0      0      0      0      0      0      0      0      0      0      0      0      0      0      75     0      0      0      0      0      0      0      0      0      0      0     
0x2b1f495ae110           NOP                                                                      0      0      0      8192    262144  262144  32     32     0      0      0      -             -          -      0      0      0      0      0      0      0      0      -      0      0      0      0      0      0      0      0      0      0      0      0      0      0      0      0      0      0      0      0      0      0      0      0      0      0      0      0      0      0      0      0      0      0      0      0      0      0      0      0     
0x2b1f495ae120           LDTM R17, tmem[UR5+0x33]                                                 39     39     39     8192    262144  262144  32     32     0      0      0      Tmem          Load       -      0      0      0      0      0      0      0      0      -      0      0      0      0      0      0      0      0      0      0      0      39     0      0      0      0      0      0      0      0      0      0      0      0      0      0      0      0      39     0      0      0      0      0      0      0      0      0      0      0     
0x2b1f495ae130           STG.E desc[UR18][R8.64+0xc8], R11                                        1      0      1      8192    262144  262144  32     32     0      0      0      Global        Store      32     262144 0      0      0      0      229376 262144 32768         0      0      0      0      0      0      0      0      0      0      0      0      0      0      0      0      0      0      1      0      0      0      0      0      0      0      0      0      0      0      0      0      0      0      0      0      0      0      0      0     
0x2b1f495ae140           NOP                                                                      0      0      0      8192    262144  262144  32     32     0      0      0      -             -          -      0      0      0      0      0      0      0      0      -      0      0      0      0      0      0      0      0      0      0      0      0      0      0      0      0      0      0      0      0      0      0      0      0      0      0      0      0      0      0      0      0      0      0      0      0      0      0      0      0     
0x2b1f495ae150           STG.E desc[UR18][R8.64+0xcc], R17                                        15     15     15     8192    262144  262144  32     32     0      0      0      Global        Store      32     262144 0      0      0      0      229376 262144 32768         0      0      0      0      0      0      0      0      0      0      15     0      0      0      0      0      0      0      0      0      0      0      0      0      0      0      0      15     0      0      0      0      0      0      0      0      0      0      0      0     
0x2b1f495ae160           LDTM R13, tmem[UR4+0x34]                                                 121    113    121    8192    262144  262144  32     32     0      0      0      Tmem          Load       -      0      0      0      0      0      0      0      0      -      0      0      0      0      0      0      0      0      0      0      0      121    0      0      0      0      0      0      0      0      0      0      0      0      0      0      0      0      113    0      0      0      0      0      0      0      0      0      0      0     
0x2b1f495ae170           NOP                                                                      0      0      0      8192    262144  262144  32     32     0      0      0      -             -          -      0      0      0      0      0      0      0      0      -      0      0      0      0      0      0      0      0      0      0      0      0      0      0      0      0      0      0      0      0      0      0      0      0      0      0      0      0      0      0      0      0      0      0      0      0      0      0      0      0     
0x2b1f495ae180           LDTM R15, tmem[UR5+0x35]                                                 42     42     42     8192    262144  262144  32     32     0      0      0      Tmem          Load       -      0      0      0      0      0      0      0      0      -      0      0      0      0      0      0      0      0      0      0      0      42     0      0      0      0      0      0      0      0      0      0      0      0      0      0      0      0      42     0      0      0      0      0      0      0      0      0      0      0     
0x2b1f495ae190           STG.E desc[UR18][R8.64+0xd0], R13                                        0      0      0      8192    262144  262144  32     32     0      0      0      Global        Store      32     262144 0      0      0      0      229376 262144 32768         0      0      0      0      0      0      0      0      0      0      0      0      0      0      0      0      0      0      0      0      0      0      0      0      0      0      0      0      0      0      0      0      0      0      0      0      0      0      0      0     
0x2b1f495ae1a0           NOP                                                                      0      0      0      8192    262144  262144  32     32     0      0      0      -             -          -      0      0      0      0      0      0      0      0      -      0      0      0      0      0      0      0      0      0      0      0      0      0      0      0      0      0      0      0      0      0      0      0      0      0      0      0      0      0      0      0      0      0      0      0      0      0      0      0      0     
0x2b1f495ae1b0           STG.E desc[UR18][R8.64+0xd4], R15                                        25     25     25     8192    262144  262144  32     32     0      0      0      Global        Store      32     262144 0      0      0      0      229376 262144 32768         0      0      0      0      0      0      0      0      0      0      23     0      0      0      0      0      0      0      0      1      0      0      1      0      0      0      0      23     0      0      0      0      0      0      0      0      1      0      0      1     
0x2b1f495ae1c0           LDTM R11, tmem[UR4+0x36]                                                 91     87     91     8192    262144  262144  32     32     0      0      0      Tmem          Load       -      0      0      0      0      0      0      0      0      -      0      0      0      0      0      0      0      0      0      0      0      90     0      0      0      0      0      0      1      0      0      0      0      0      0      0      0      0      87     0      0      0      0      0      0      0      0      0      0      0     
0x2b1f495ae1d0           NOP                                                                      0      0      0      8192    262144  262144  32     32     0      0      0      -             -          -      0      0      0      0      0      0      0      0      -      0      0      0      0      0      0      0      0      0      0      0      0      0      0      0      0      0      0      0      0      0      0      0      0      0      0      0      0      0      0      0      0      0      0      0      0      0      0      0      0     
0x2b1f495ae1e0           LDTM R17, tmem[UR5+0x37]                                                 37     36     37     8192    262144  262144  32     32     0      0      0      Tmem          Load       -      0      0      0      0      0      0      0      0      -      0      0      0      0      0      0      0      0      0      0      0      37     0      0      0      0      0      0      0      0      0      0      0      0      0      0      0      0      36     0      0      0      0      0      0      0      0      0      0      0     
0x2b1f495ae1f0           STG.E desc[UR18][R8.64+0xd8], R11                                        1      0      1      8192    262144  262144  32     32     0      0      0      Global        Store      32     262144 0      0      0      0      229376 262144 32768         0      0      0      0      0      0      0      0      0      0      0      0      0      0      0      0      0      0      1      0      0      0      0      0      0      0      0      0      0      0      0      0      0      0      0      0      0      0      0      0     
0x2b1f495ae200           NOP                                                                      0      0      0      8192    262144  262144  32     32     0      0      0      -             -          -      0      0      0      0      0      0      0      0      -      0      0      0      0      0      0      0      0      0      0      0      0      0      0      0      0      0      0      0      0      0      0      0      0      0      0      0      0      0      0      0      0      0      0      0      0      0      0      0      0     
0x2b1f495ae210           STG.E desc[UR18][R8.64+0xdc], R17                                        12     12     12     8192    262144  262144  32     32     0      0      0      Global        Store      32     262144 0      0      0      0      229376 262144 32768         0      0      0      0      0      0      0      0      0      0      9      0      0      0      0      0      0      0      0      2      0      0      1      0      0      0      0      9      0      0      0      0      0      0      0      0      2      0      0      1     
0x2b1f495ae220           LDTM R13, tmem[UR4+0x38]                                                 100    94     100    8192    262144  262144  32     32     0      0      0      Tmem          Load       -      0      0      0      0      0      0      0      0      -      0      0      0      0      0      0      0      0      0      0      0      100    0      0      0      0      0      0      0      0      0      0      0      0      0      0      0      0      94     0      0      0      0      0      0      0      0      0      0      0     
0x2b1f495ae230           NOP                                                                      0      0      0      8192    262144  262144  32     32     0      0      0      -             -          -      0      0      0      0      0      0      0      0      -      0      0      0      0      0      0      0      0      0      0      0      0      0      0      0      0      0      0      0      0      0      0      0      0      0      0      0      0      0      0      0      0      0      0      0      0      0      0      0      0     
0x2b1f495ae240           LDTM R15, tmem[UR5+0x39]                                                 34     34     34     8192    262144  262144  32     32     0      0      0      Tmem          Load       -      0      0      0      0      0      0      0      0      -      0      0      0      0      0      0      0      0      0      0      0      34     0      0      0      0      0      0      0      0      0      0      0      0      0      0      0      0      34     0      0      0      0      0      0      0      0      0      0      0     
0x2b1f495ae250           STG.E desc[UR18][R8.64+0xe0], R13                                        1      1      1      8192    262144  262144  32     32     0      0      0      Global        Store      32     262144 0      0      0      0      229376 262144 32768         0      0      0      0      0      0      0      0      0      0      1      0      0      0      0      0      0      0      0      0      0      0      0      0      0      0      0      1      0      0      0      0      0      0      0      0      0      0      0      0     
0x2b1f495ae260           NOP                                                                      2      0      2      8192    262144  262144  32     32     0      0      0      -             -          -      0      0      0      0      0      0      0      0      -      0      0      0      0      0      0      0      0      0      0      0      0      0      0      0      0      0      0      2      0      0      0      0      0      0      0      0      0      0      0      0      0      0      0      0      0      0      0      0      0     
0x2b1f495ae270           STG.E desc[UR18][R8.64+0xe4], R15                                        9      9      9      8192    262144  262144  32     32     0      0      0      Global        Store      32     262144 0      0      0      0      229376 262144 32768         0      0      0      0      0      0      0      0      0      0      8      0      0      0      0      0      0      0      0      0      0      0      1      0      0      0      0      8      0      0      0      0      0      0      0      0      0      0      0      1     
0x2b1f495ae280           LDTM R11, tmem[UR4+0x3a]                                                 85     82     85     8192    262144  262144  32     32     0      0      0      Tmem          Load       -      0      0      0      0      0      0      0      0      -      0      0      0      0      0      0      0      0      0      0      0      84     0      0      0      0      0      0      1      0      0      0      0      0      0      0      0      0      82     0      0      0      0      0      0      0      0      0      0      0     
0x2b1f495ae290           NOP                                                                      0      0      0      8192    262144  262144  32     32     0      0      0      -             -          -      0      0      0      0      0      0      0      0      -      0      0      0      0      0      0      0      0      0      0      0      0      0      0      0      0      0      0      0      0      0      0      0      0      0      0      0      0      0      0      0      0      0      0      0      0      0      0      0      0     
0x2b1f495ae2a0           LDTM R17, tmem[UR5+0x3b]                                                 26     25     26     8192    262144  262144  32     32     0      0      0      Tmem          Load       -      0      0      0      0      0      0      0      0      -      0      0      0      0      0      0      0      0      0      0      0      26     0      0      0      0      0      0      0      0      0      0      0      0      0      0      0      0      25     0      0      0      0      0      0      0      0      0      0      0     
0x2b1f495ae2b0           STG.E desc[UR18][R8.64+0xe8], R11                                        0      0      0      8192    262144  262144  32     32     0      0      0      Global        Store      32     262144 0      0      0      0      229376 262144 32768         0      0      0      0      0      0      0      0      0      0      0      0      0      0      0      0      0      0      0      0      0      0      0      0      0      0      0      0      0      0      0      0      0      0      0      0      0      0      0      0     
0x2b1f495ae2c0           NOP                                                                      0      0      0      8192    262144  262144  32     32     0      0      0      -             -          -      0      0      0      0      0      0      0      0      -      0      0      0      0      0      0      0      0      0      0      0      0      0      0      0      0      0      0      0      0      0      0      0      0      0      0      0      0      0      0      0      0      0      0      0      0      0      0      0      0     
0x2b1f495ae2d0           STG.E desc[UR18][R8.64+0xec], R17                                        21     21     21     8192    262144  262144  32     32     0      0      0      Global        Store      32     262144 0      0      0      0      229376 262144 32768         0      0      0      0      0      0      0      0      0      0      20     0      0      0      0      0      0      0      0      1      0      0      0      0      0      0      0      20     0      0      0      0      0      0      0      0      1      0      0      0     
0x2b1f495ae2e0           LDTM R13, tmem[UR4+0x3c]                                                 83     82     83     8192    262144  262144  32     32     0      0      0      Tmem          Load       -      0      0      0      0      0      0      0      0      -      0      0      0      0      0      0      0      0      0      0      0      83     0      0      0      0      0      0      0      0      0      0      0      0      0      0      0      0      82     0      0      0      0      0      0      0      0      0      0      0     
0x2b1f495ae2f0           NOP                                                                      0      0      0      8192    262144  262144  32     32     0      0      0      -             -          -      0      0      0      0      0      0      0      0      -      0      0      0      0      0      0      0      0      0      0      0      0      0      0      0      0      0      0      0      0      0      0      0      0      0      0      0      0      0      0      0      0      0      0      0      0      0      0      0      0     
0x2b1f495ae300           LDTM R15, tmem[UR5+0x3d]                                                 43     42     43     8192    262144  262144  32     32     0      0      0      Tmem          Load       -      0      0      0      0      0      0      0      0      -      0      0      0      0      0      0      0      0      0      0      0      43     0      0      0      0      0      0      0      0      0      0      0      0      0      0      0      0      42     0      0      0      0      0      0      0      0      0      0      0     
0x2b1f495ae310           STG.E desc[UR18][R8.64+0xf0], R13                                        0      0      0      8192    262144  262144  32     32     0      0      0      Global        Store      32     262144 0      0      0      0      229376 262144 32768         0      0      0      0      0      0      0      0      0      0      0      0      0      0      0      0      0      0      0      0      0      0      0      0      0      0      0      0      0      0      0      0      0      0      0      0      0      0      0      0     
0x2b1f495ae320           NOP                                                                      0      0      0      8192    262144  262144  32     32     0      0      0      -             -          -      0      0      0      0      0      0      0      0      -      0      0      0      0      0      0      0      0      0      0      0      0      0      0      0      0      0      0      0      0      0      0      0      0      0      0      0      0      0      0      0      0      0      0      0      0      0      0      0      0     
0x2b1f495ae330           STG.E desc[UR18][R8.64+0xf4], R15                                        15     15     15     8192    262144  262144  32     32     0      0      0      Global        Store      32     262144 0      0      0      0      229376 262144 32768         0      0      0      0      0      0      0      0      0      0      12     0      0      0      0      0      0      0      0      2      0      0      1      0      0      0      0      12     0      0      0      0      0      0      0      0      2      0      0      1     
0x2b1f495ae340           LDTM R11, tmem[UR4+0x3e]                                                 61     61     61     8192    262144  262144  32     32     0      0      0      Tmem          Load       -      0      0      0      0      0      0      0      0      -      0      0      0      0      0      0      0      0      0      0      0      61     0      0      0      0      0      0      0      0      0      0      0      0      0      0      0      0      61     0      0      0      0      0      0      0      0      0      0      0     
0x2b1f495ae350           NOP                                                                      0      0      0      8192    262144  262144  32     32     0      0      0      -             -          -      0      0      0      0      0      0      0      0      -      0      0      0      0      0      0      0      0      0      0      0      0      0      0      0      0      0      0      0      0      0      0      0      0      0      0      0      0      0      0      0      0      0      0      0      0      0      0      0      0     
0x2b1f495ae360           LDTM R17, tmem[UR5+0x3f]                                                 39     38     39     8192    262144  262144  32     32     0      0      0      Tmem          Load       -      0      0      0      0      0      0      0      0      -      0      0      0      0      0      0      0      0      0      0      0      39     0      0      0      0      0      0      0      0      0      0      0      0      0      0      0      0      38     0      0      0      0      0      0      0      0      0      0      0     
0x2b1f495ae370           STG.E desc[UR18][R8.64+0xf8], R11                                        0      0      0      8192    262144  262144  32     32     0      0      0      Global        Store      32     262144 0      0      0      0      229376 262144 32768         0      0      0      0      0      0      0      0      0      0      0      0      0      0      0      0      0      0      0      0      0      0      0      0      0      0      0      0      0      0      0      0      0      0      0      0      0      0      0      0     
0x2b1f495ae380           NOP                                                                      0      0      0      8192    262144  262144  32     32     0      0      0      -             -          -      0      0      0      0      0      0      0      0      -      0      0      0      0      0      0      0      0      0      0      0      0      0      0      0      0      0      0      0      0      0      0      0      0      0      0      0      0      0      0      0      0      0      0      0      0      0      0      0      0     
0x2b1f495ae390           STG.E desc[UR18][R8.64+0xfc], R17                                        19     18     19     8192    262144  262144  32     32     0      0      0      Global        Store      32     262144 0      0      0      0      229376 262144 32768         0      0      0      0      0      0      0      0      0      0      15     0      0      0      0      0      0      0      1      1      0      0      2      0      0      0      0      15     0      0      0      0      0      0      0      0      1      0      0      2     
0x2b1f495ae3a0           NOP                                                                      0      0      0      8192    262144  262144  32     32     0      0      0      -             -          -      0      0      0      0      0      0      0      0      -      0      0      0      0      0      0      0      0      0      0      0      0      0      0      0      0      0      0      0      0      0      0      0      0      0      0      0      0      0      0      0      0      0      0      0      0      0      0      0      0     
0x2b1f495ae3b0           BAR.SYNC.DEFER_BLOCKING 0x0                                              0      0      0      8192    262144  262144  32     32     0      0      0      -             -          -      0      0      0      0      0      0      0      0      -      0      0      0      0      0      0      0      0      0      0      0      0      0      0      0      0      0      0      0      0      0      0      0      0      0      0      0      0      0      0      0      0      0      0      0      0      0      0      0      0     
0x2b1f495ae3c0     @P1   BRA 0x2b1f495ae490                                                       59     56     59     8192    262144  260096  32     31     1      1      2048   -             -          -      0      0      0      0      0      0      0      0      -      0      0      0      0      0      0      59     0      0      0      0      0      0      0      0      0      0      0      0      0      0      0      0      56     0      0      0      0      0      0      0      0      0      0      0      0      0      0      0      0     
0x2b1f495ae3d0           S2UR UR6, SR_CgaCtaId                                                    0      0      0      2048    2048    2048    1      1      30     31     0      -             -          -      0      0      0      0      0      0      0      0      -      0      0      0      0      0      0      0      0      0      0      0      0      0      0      0      0      0      0      0      0      0      0      0      0      0      0      0      0      0      0      0      0      0      0      0      0      0      0      0      0     
0x2b1f495ae3e0           UMOV UR4, 0x400                                                          0      0      0      2048    2048    2048    1      1      0      31     0      -             -          -      0      0      0      0      0      0      0      0      -      0      0      0      0      0      0      0      0      0      0      0      0      0      0      0      0      0      0      0      0      0      0      0      0      0      0      0      0      0      0      0      0      0      0      0      0      0      0      0      0     
0x2b1f495ae3f0           UIADD3 UR5, UPT, UPT, UR4, 0x8, URZ                                      1      1      1      2048    2048    2048    1      1      0      31     0      -             -          -      0      0      0      0      0      0      0      0      -      0      0      0      0      0      0      0      0      0      0      0      0      0      0      0      0      0      0      0      0      0      0      1      0      0      0      0      0      0      0      0      0      0      0      0      0      0      0      0      1     
0x2b1f495ae400           UIADD3 UR4, UPT, UPT, UR4, 0x20, URZ                                     0      0      0      2048    2048    2048    1      1      0      31     0      -             -          -      0      0      0      0      0      0      0      0      -      0      0      0      0      0      0      0      0      0      0      0      0      0      0      0      0      0      0      0      0      0      0      0      0      0      0      0      0      0      0      0      0      0      0      0      0      0      0      0      0     
0x2b1f495ae410           ULEA UR5, UR6, UR5, 0x18                                                 3      1      3      2048    2048    2048    1      1      0      31     0      -             -          -      0      0      0      0      0      0      0      0      -      0      0      0      0      0      0      0      0      0      0      0      0      0      0      0      0      0      0      1      2      0      0      0      0      0      0      0      0      0      0      0      0      0      0      0      0      1      0      0      0     
0x2b1f495ae420           ULEA UR4, UR6, UR4, 0x18                                                 0      0      0      2048    2048    2048    1      1      0      31     0      -             -          -      0      0      0      0      0      0      0      0      -      0      0      0      0      0      0      0      0      0      0      0      0      0      0      0      0      0      0      0      0      0      0      0      0      0      0      0      0      0      0      0      0      0      0      0      0      0      0      0      0     
0x2b1f495ae430           SYNCS.CCTL.IV [UR5]                                                      0      0      0      2048    2048    2048    1      1      0      31     0      -             -          -      0      0      0      0      0      0      0      0      -      0      0      0      0      0      0      0      0      0      0      0      0      0      0      0      0      0      0      0      0      0      0      0      0      0      0      0      0      0      0      0      0      0      0      0      0      0      0      0      0     
0x2b1f495ae440           SYNCS.CCTL.IV [UR4]                                                      1      1      1      2048    2048    2048    1      1      0      31     0      -             -          -      0      0      0      0      0      0      0      0      -      0      0      0      0      0      0      0      0      0      0      0      1      0      0      0      0      0      0      0      0      0      0      0      0      0      0      0      0      1      0      0      0      0      0      0      0      0      0      0      0     
0x2b1f495ae450           SYNCS.CCTL.IV [UR5+0x8]                                                  0      0      0      2048    2048    2048    1      1      0      31     0      -             -          -      0      0      0      0      0      0      0      0      -      0      0      0      0      0      0      0      0      0      0      0      0      0      0      0      0      0      0      0      0      0      0      0      0      0      0      0      0      0      0      0      0      0      0      0      0      0      0      0      0     
0x2b1f495ae460           SYNCS.CCTL.IV [UR4+0x8]                                                  1      1      1      2048    2048    2048    1      1      0      31     0      -             -          -      0      0      0      0      0      0      0      0      -      0      0      0      0      0      0      0      0      0      0      0      1      0      0      0      0      0      0      0      0      0      0      0      0      0      0      0      0      1      0      0      0      0      0      0      0      0      0      0      0     
0x2b1f495ae470           SYNCS.CCTL.IV [UR5+0x10]                                                 3      2      3      2048    2048    2048    1      1      0      31     0      -             -          -      0      0      0      0      0      0      0      0      -      0      0      0      0      0      0      0      0      0      0      0      2      0      0      0      0      0      0      1      0      0      0      0      0      0      0      0      0      2      0      0      0      0      0      0      0      0      0      0      0     
0x2b1f495ae480           SYNCS.CCTL.IV [UR4+0x10]                                                 0      0      0      2048    2048    2048    1      1      0      31     0      -             -          -      0      0      0      0      0      0      0      0      -      0      0      0      0      0      0      0      0      0      0      0      0      0      0      0      0      0      0      0      0      0      0      0      0      0      0      0      0      0      0      0      0      0      0      0      0      0      0      0      0     
0x2b1f495ae490           BSYNC.RECONVERGENT B0                                                    3      2      3      10240   262144  262144  25     25     24     7      0      -             -          -      0      0      0      0      0      0      0      0      -      0      0      0      0      0      0      0      2      0      0      0      0      0      0      0      0      0      0      1      0      0      0      0      0      2      0      0      0      0      0      0      0      0      0      0      0      0      0      0      0     
0x2b1f495ae4a0           BAR.SYNC.DEFER_BLOCKING 0x0                                              3      3      3      8192    262144  262144  32     32     7      0      0      -             -          -      0      0      0      0      0      0      0      0      -      0      0      0      0      0      0      0      3      0      0      0      0      0      0      0      0      0      0      0      0      0      0      0      0      3      0      0      0      0      0      0      0      0      0      0      0      0      0      0      0     
0x2b1f495ae4b0           UIADD3 UR15, UPT, UPT, UR20, UR15, URZ                                   0      0      0      8192    262144  262144  32     32     0      0      0      -             -          -      0      0      0      0      0      0      0      0      -      0      0      0      0      0      0      0      0      0      0      0      0      0      0      0      0      0      0      0      0      0      0      0      0      0      0      0      0      0      0      0      0      0      0      0      0      0      0      0      0     
0x2b1f495ae4c0           UISETP.GE.AND UP0, UPT, UR15, UR14, UPT                                  1      1      1      8192    262144  262144  32     32     0      0      0      -             -          -      0      0      0      0      0      0      0      0      -      0      0      0      0      0      0      0      0      0      0      0      0      0      0      0      0      0      0      0      0      0      0      1      0      0      0      0      0      0      0      0      0      0      0      0      0      0      0      0      1     
0x2b1f495ae4d0           BRA.U !UP0, 0x2b1f495ac6d0                                               31     31     31     8192    262144  262144  32     32     0      0      0      -             -          -      0      0      0      0      0      0      0      0      -      0      0      0      0      0      0      31     0      0      0      0      0      0      0      0      0      0      0      0      0      0      0      0      31     0      0      0      0      0      0      0      0      0      0      0      0      0      0      0      0     
0x2b1f495ae4e0           S2R R0, SR_TID.X                                                         0      0      0      1776    56832   56832   32     32     0      0      0      -             -          -      0      0      0      0      0      0      0      0      -      0      0      0      0      0      0      0      0      0      0      0      0      0      0      0      0      0      0      0      0      0      0      0      0      0      0      0      0      0      0      0      0      0      0      0      0      0      0      0      0     
0x2b1f495ae4f0           ISETP.GT.U32.AND P0, PT, R0, 0x1f, PT                                    63     56     63     1776    56832   56832   32     32     0      0      0      -             -          -      0      0      0      0      0      0      0      0      -      0      0      0      0      0      0      0      0      0      0      0      0      0      0      0      0      0      0      0      63     0      0      0      0      0      0      0      0      0      0      0      0      0      0      0      0      56     0      0      0     
0x2b1f495ae500     @P0   EXIT                                                                     0      0      0      1776    56832   42624   32     24     8      8      0      -             -          -      0      0      0      0      0      0      0      0      -      0      0      0      0      0      0      0      0      0      0      0      0      0      0      0      0      0      0      0      0      0      0      0      0      0      0      0      0      0      0      0      0      0      0      0      0      0      0      0      0     
0x2b1f495ae510           S2UR UR5, SR_CgaCtaId                                                    0      0      0      444     14208   14208   32     32     8      0      0      -             -          -      0      0      0      0      0      0      0      0      -      0      0      0      0      0      0      0      0      0      0      0      0      0      0      0      0      0      0      0      0      0      0      0      0      0      0      0      0      0      0      0      0      0      0      0      0      0      0      0      0     
0x2b1f495ae520           UMOV UR4, 0x40                                                           1      0      1      444     14208   14208   32     32     0      0      0      -             -          -      0      0      0      0      0      0      0      0      -      0      0      0      0      0      0      0      0      0      0      0      0      0      0      0      0      0      0      1      0      0      0      0      0      0      0      0      0      0      0      0      0      0      0      0      0      0      0      0      0     
0x2b1f495ae530           NOP                                                                      0      0      0      444     14208   14208   32     32     0      0      0      -             -          -      0      0      0      0      0      0      0      0      -      0      0      0      0      0      0      0      0      0      0      0      0      0      0      0      0      0      0      0      0      0      0      0      0      0      0      0      0      0      0      0      0      0      0      0      0      0      0      0      0     
0x2b1f495ae540           ULOP3.LUT UR13, UR13, 0xffff, URZ, 0xc0, !UPT                            0      0      0      444     14208   14208   32     32     0      0      0      -             -          -      0      0      0      0      0      0      0      0      -      0      0      0      0      0      0      0      0      0      0      0      0      0      0      0      0      0      0      0      0      0      0      0      0      0      0      0      0      0      0      0      0      0      0      0      0      0      0      0      0     
0x2b1f495ae550           USHF.R.U32.HI UR13, URZ, 0x5, UR13                                       0      0      0      444     14208   14208   32     32     0      0      0      -             -          -      0      0      0      0      0      0      0      0      -      0      0      0      0      0      0      0      0      0      0      0      0      0      0      0      0      0      0      0      0      0      0      0      0      0      0      0      0      0      0      0      0      0      0      0      0      0      0      0      0     
0x2b1f495ae560           ULEA UR6, UR5, UR4, 0x18                                                 0      0      0      444     14208   14208   32     32     0      0      0      -             -          -      0      0      0      0      0      0      0      0      -      0      0      0      0      0      0      0      0      0      0      0      0      0      0      0      0      0      0      0      0      0      0      0      0      0      0      0      0      0      0      0      0      0      0      0      0      0      0      0      0     
0x2b1f495ae570           UMOV UR4, 0x3                                                            0      0      0      444     14208   14208   32     32     0      0      0      -             -          -      0      0      0      0      0      0      0      0      -      0      0      0      0      0      0      0      0      0      0      0      0      0      0      0      0      0      0      0      0      0      0      0      0      0      0      0      0      0      0      0      0      0      0      0      0      0      0      0      0     
0x2b1f495ae580           UMOV UR5, 0x1                                                            0      0      0      444     14208   14208   32     32     0      0      0      -             -          -      0      0      0      0      0      0      0      0      -      0      0      0      0      0      0      0      0      0      0      0      0      0      0      0      0      0      0      0      0      0      0      0      0      0      0      0      0      0      0      0      0      0      0      0      0      0      0      0      0     
0x2b1f495ae590           USHF.L.U32 UR4, UR4, UR13, URZ                                           0      0      0      444     14208   14208   32     32     0      0      0      -             -          -      0      0      0      0      0      0      0      0      -      0      0      0      0      0      0      0      0      0      0      0      0      0      0      0      0      0      0      0      0      0      0      0      0      0      0      0      0      0      0      0      0      0      0      0      0      0      0      0      0     
0x2b1f495ae5a0           USHF.L.U32 UR13, UR5, UR13, URZ                                          0      0      0      444     14208   14208   32     32     0      0      0      -             -          -      0      0      0      0      0      0      0      0      -      0      0      0      0      0      0      0      0      0      0      0      0      0      0      0      0      0      0      0      0      0      0      0      0      0      0      0      0      0      0      0      0      0      0      0      0      0      0      0      0     
0x2b1f495ae5b0           LDS R0, [UR6+0x14]                                                       0      0      0      444     14208   14208   32     32     0      0      0      Shared        Load       32     0      1      0      444    444    0      0      0      -      0      0      0      0      0      0      0      0      0      0      0      0      0      0      0      0      0      0      0      0      0      0      0      0      0      0      0      0      0      0      0      0      0      0      0      0      0      0      0      0     
0x2b1f495ae5c0           LOP3.LUT R0, R0, UR4, RZ, 0xc0, !PT                                      3      3      3      444     14208   14208   32     32     0      0      0      -             -          -      0      0      0      0      0      0      0      0      -      0      0      0      0      0      0      0      0      0      0      0      0      0      0      0      0      0      0      0      3      0      0      0      0      0      0      0      0      0      0      0      0      0      0      0      0      3      0      0      0     
0x2b1f495ae5d0           ISETP.NE.AND P0, PT, R0, UR4, PT                                         0      0      0      444     14208   14208   32     32     0      0      0      -             -          -      0      0      0      0      0      0      0      0      -      0      0      0      0      0      0      0      0      0      0      0      0      0      0      0      0      0      0      0      0      0      0      0      0      0      0      0      0      0      0      0      0      0      0      0      0      0      0      0      0     
0x2b1f495ae5e0     @P0   BRA 0x2b1f495ae750                                                       1      1      1      444     14208   0       32     0      32     32     0      -             -          -      0      0      0      0      0      0      0      0      -      0      0      0      0      0      0      0      0      0      0      0      0      0      0      0      0      0      0      0      0      0      0      1      0      0      0      0      0      0      0      0      0      0      0      0      0      0      0      0      1     
0x2b1f495ae5f0           LDS R0, [UR6+0x18]                                                       0      0      0      444     14208   14208   32     32     32     0      0      Shared        Load       32     0      1      0      444    444    0      0      0      -      0      0      0      0      0      0      0      0      0      0      0      0      0      0      0      0      0      0      0      0      0      0      0      0      0      0      0      0      0      0      0      0      0      0      0      0      0      0      0      0     
0x2b1f495ae600           LOP3.LUT R0, R0, UR13, RZ, 0xc0, !PT                                     3      3      3      444     14208   14208   32     32     0      0      0      -             -          -      0      0      0      0      0      0      0      0      -      0      0      0      0      0      0      0      0      0      0      0      0      0      0      0      0      0      0      0      3      0      0      0      0      0      0      0      0      0      0      0      0      0      0      0      0      3      0      0      0     
0x2b1f495ae610           ISETP.NE.AND P0, PT, R0, UR13, PT                                        0      0      0      444     14208   14208   32     32     0      0      0      -             -          -      0      0      0      0      0      0      0      0      -      0      0      0      0      0      0      0      0      0      0      0      0      0      0      0      0      0      0      0      0      0      0      0      0      0      0      0      0      0      0      0      0      0      0      0      0      0      0      0      0     
0x2b1f495ae620     @P0   BRA 0x2b1f495ae720                                                       0      0      0      444     14208   0       32     0      32     32     0      -             -          -      0      0      0      0      0      0      0      0      -      0      0      0      0      0      0      0      0      0      0      0      0      0      0      0      0      0      0      0      0      0      0      0      0      0      0      0      0      0      0      0      0      0      0      0      0      0      0      0      0     
0x2b1f495ae630           S2R R2, SR_LANEID                                                        1      0      1      444     14208   14208   32     32     32     0      0      -             -          -      0      0      0      0      0      0      0      0      -      0      0      0      0      0      0      0      0      0      0      0      0      0      0      0      0      0      0      1      0      0      0      0      0      0      0      0      0      0      0      0      0      0      0      0      0      0      0      0      0     
0x2b1f495ae640           ULOP3.LUT UR4, URZ, UR4, URZ, 0x33, !UPT                                 0      0      0      444     14208   14208   32     32     0      0      0      -             -          -      0      0      0      0      0      0      0      0      -      0      0      0      0      0      0      0      0      0      0      0      0      0      0      0      0      0      0      0      0      0      0      0      0      0      0      0      0      0      0      0      0      0      0      0      0      0      0      0      0     
0x2b1f495ae650           LOP3.LUT R0, RZ, UR13, RZ, 0x33, !PT                                     0      0      0      444     14208   14208   32     32     0      0      0      -             -          -      0      0      0      0      0      0      0      0      -      0      0      0      0      0      0      0      0      0      0      0      0      0      0      0      0      0      0      0      0      0      0      0      0      0      0      0      0      0      0      0      0      0      0      0      0      0      0      0      0     
0x2b1f495ae660           VOTEU.ANY UR5, UPT, PT                                                   0      0      0      444     14208   14208   32     32     0      0      0      -             -          -      0      0      0      0      0      0      0      0      -      0      0      0      0      0      0      0      0      0      0      0      0      0      0      0      0      0      0      0      0      0      0      0      0      0      0      0      0      0      0      0      0      0      0      0      0      0      0      0      0     
0x2b1f495ae670           UFLO.U32 UR5, UR5                                                        0      0      0      444     14208   14208   32     32     0      0      0      -             -          -      0      0      0      0      0      0      0      0      -      0      0      0      0      0      0      0      0      0      0      0      0      0      0      0      0      0      0      0      0      0      0      0      0      0      0      0      0      0      0      0      0      0      0      0      0      0      0      0      0     
0x2b1f495ae680           REDUX UR8, R0                                                            0      0      0      444     14208   14208   32     32     0      0      0      -             -          -      0      0      0      0      0      0      0      0      -      0      0      0      0      0      0      0      0      0      0      0      0      0      0      0      0      0      0      0      0      0      0      0      0      0      0      0      0      0      0      0      0      0      0      0      0      0      0      0      0     
0x2b1f495ae690           IMAD.U32 R4, RZ, RZ, UR4                                                 0      0      0      444     14208   14208   32     32     0      0      0      -             -          -      0      0      0      0      0      0      0      0      -      0      0      0      0      0      0      0      0      0      0      0      0      0      0      0      0      0      0      0      0      0      0      0      0      0      0      0      0      0      0      0      0      0      0      0      0      0      0      0      0     
0x2b1f495ae6a0           UTCATOMSWS.AND URZ, UR4                                                  0      0      0      444     14208   14208   32     32     0      0      0      -             -          -      0      0      0      0      0      0      0      0      -      0      0      0      0      0      0      0      0      0      0      0      0      0      0      0      0      0      0      0      0      0      0      0      0      0      0      0      0      0      0      0      0      0      0      0      0      0      0      0      0     
0x2b1f495ae6b0           REDUX UR7, R4                                                            0      0      0      444     14208   14208   32     32     0      0      0      -             -          -      0      0      0      0      0      0      0      0      -      0      0      0      0      0      0      0      0      0      0      0      0      0      0      0      0      0      0      0      0      0      0      0      0      0      0      0      0      0      0      0      0      0      0      0      0      0      0      0      0     
0x2b1f495ae6c0           IMAD.U32 R3, RZ, RZ, UR8                                                 2      2      2      444     14208   14208   32     32     0      0      0      -             -          -      0      0      0      0      0      0      0      0      -      0      0      0      0      0      0      0      0      0      0      0      0      0      0      0      0      0      0      0      2      0      0      0      0      0      0      0      0      0      0      0      0      0      0      0      0      2      0      0      0     
0x2b1f495ae6d0           ISETP.EQ.U32.AND P0, PT, R2, UR5, PT                                     1      1      1      444     14208   14208   32     32     0      0      0      -             -          -      0      0      0      0      0      0      0      0      -      0      0      0      0      0      0      0      0      0      0      0      0      0      0      0      0      0      0      0      1      0      0      0      0      0      0      0      0      0      0      0      0      0      0      0      0      1      0      0      0     
0x2b1f495ae6e0           IMAD.U32 R2, RZ, RZ, UR7                                                 0      0      0      444     14208   14208   32     32     0      0      0      -             -          -      0      0      0      0      0      0      0      0      -      0      0      0      0      0      0      0      0      0      0      0      0      0      0      0      0      0      0      0      0      0      0      0      0      0      0      0      0      0      0      0      0      0      0      0      0      0      0      0      0     
0x2b1f495ae6f0     @P0   ATOMS.AND RZ, [UR6+0x14], R2                                             0      0      0      444     14208   444     32     1      31     31     0      Shared        Atomic     32     0      1      0      444    444    0      0      0      -      0      0      0      0      0      0      0      0      0      0      0      0      0      0      0      0      0      0      0      0      0      0      0      0      0      0      0      0      0      0      0      0      0      0      0      0      0      0      0      0     
0x2b1f495ae700     @P0   ATOMS.AND RZ, [UR6+0x18], R3                                             0      0      0      444     14208   444     32     1      0      31     0      Shared        Atomic     32     0      1      0      444    444    0      0      0      -      0      0      0      0      0      0      0      0      0      0      0      0      0      0      0      0      0      0      0      0      0      0      0      0      0      0      0      0      0      0      0      0      0      0      0      0      0      0      0      0     
0x2b1f495ae710           BRA 0x2b1f495ae770                                                       0      0      0      444     14208   14208   32     32     31     0      0      -             -          -      0      0      0      0      0      0      0      0      -      0      0      0      0      0      0      0      0      0      0      0      0      0      0      0      0      0      0      0      0      0      0      0      0      0      0      0      0      0      0      0      0      0      0      0      0      0      0      0      0     
0x2b1f495ae720           MOV R2, 0x2740                                                           0      0      0      0       0       0       0      0      32     32     0      -             -          -      0      0      0      0      0      0      0      0      -      0      0      0      0      0      0      0      0      0      0      0      0      0      0      0      0      0      0      0      0      0      0      0      0      0      0      0      0      0      0      0      0      0      0      0      0      0      0      0      0     
0x2b1f495ae730           CALL.REL.NOINC 0x2b1f495ae8a0                                            0      0      0      0       0       0       0      0      0      32     0      -             -          -      0      0      0      0      0      0      0      0      -      0      0      0      0      0      0      0      0      0      0      0      0      0      0      0      0      0      0      0      0      0      0      0      0      0      0      0      0      0      0      0      0      0      0      0      0      0      0      0      0     
0x2b1f495ae740           BRA 0x2b1f495ae770                                                       0      0      0      0       0       0       0      0      0      32     0      -             -          -      0      0      0      0      0      0      0      0      -      0      0      0      0      0      0      0      0      0      0      0      0      0      0      0      0      0      0      0      0      0      0      0      0      0      0      0      0      0      0      0      0      0      0      0      0      0      0      0      0     
0x2b1f495ae750           MOV R2, 0x2770                                                           0      0      0      0       0       0       0      0      0      32     0      -             -          -      0      0      0      0      0      0      0      0      -      0      0      0      0      0      0      0      0      0      0      0      0      0      0      0      0      0      0      0      0      0      0      0      0      0      0      0      0      0      0      0      0      0      0      0      0      0      0      0      0     
0x2b1f495ae760           CALL.REL.NOINC 0x2b1f495ae900                                            0      0      0      0       0       0       0      0      0      32     0      -             -          -      0      0      0      0      0      0      0      0      -      0      0      0      0      0      0      0      0      0      0      0      0      0      0      0      0      0      0      0      0      0      0      0      0      0      0      0      0      0      0      0      0      0      0      0      0      0      0      0      0     
0x2b1f495ae770           NOP                                                                      0      0      0      444     14208   14208   32     32     32     0      0      -             -          -      0      0      0      0      0      0      0      0      -      0      0      0      0      0      0      0      0      0      0      0      0      0      0      0      0      0      0      0      0      0      0      0      0      0      0      0      0      0      0      0      0      0      0      0      0      0      0      0      0     
0x2b1f495ae780           EXIT                                                                     0      0      0      444     14208   14208   32     32     0      0      0      -             -          -      0      0      0      0      0      0      0      0      -      0      0      0      0      0      0      0      0      0      0      0      0      0      0      0      0      0      0      0      0      0      0      0      0      0      0      0      0      0      0      0      0      0      0      0      0      0      0      0      0     
0x2b1f495ae790           YIELD                                                                    20     20     20     23287   23287   23287   1      1      31     31     0      -             -          -      0      0      0      0      0      0      0      0      -      0      0      0      0      0      0      0      9      0      0      0      0      0      0      0      0      11     0      0      0      0      0      0      0      9      0      0      0      0      0      0      0      0      11     0      0      0      0      0      0     
0x2b1f495ae7a0           SYNCS.PHASECHK.TRANS64.TRYWAIT P0, [R9+URZ], R12                         203    190    203    23287   23287   23287   1      1      0      31     0      -             -          -      0      0      0      0      0      0      0      0      -      0      0      0      0      0      0      0      169    0      0      0      0      0      0      0      9      8      0      4      0      0      0      13     0      161    0      0      0      0      0      0      0      9      8      0      0      0      0      0      12    
0x2b1f495ae7b0     @!P0  BRA 0x2b1f495ae790                                                       145    130    145    23287   23287   21239   1      0      1      32     0      -             -          -      0      0      0      0      0      0      0      0      -      0      0      0      0      0      0      0      0      0      0      0      138    0      0      0      0      0      0      7      0      0      0      0      0      0      0      0      0      130    0      0      0      0      0      0      0      0      0      0      0     
0x2b1f495ae7c0           BRA 0x2b1f495acba0                                                       11     5      11     2048    2048    2048    1      1      1      31     0      -             -          -      0      0      0      0      0      0      0      0      -      0      0      0      0      0      0      0      0      0      0      0      0      0      0      0      0      0      0      4      0      0      0      7      0      0      0      0      0      0      0      0      0      0      0      0      0      0      0      0      5     
0x2b1f495ae7d0           YIELD                                                                    32     24     32     1826648 1826648 1826648 1      1      0      31     0      -             -          -      0      0      0      0      0      0      0      0      -      0      0      0      0      0      0      0      16     0      0      0      0      0      0      0      0      10     2      1      0      0      0      3      0      14     0      0      0      0      0      0      0      0      8      0      0      0      0      0      2     
0x2b1f495ae7e0           SYNCS.PHASECHK.TRANS64.TRYWAIT P0, [R9+URZ], R16                         282    247    282    1826648 1826648 1826648 1      1      0      31     0      -             -          -      0      0      0      0      0      0      0      0      -      0      0      0      0      0      0      0      232    0      0      0      0      0      0      0      8      6      0      11     0      0      0      25     0      212    0      0      0      0      0      0      0      8      6      0      0      0      0      0      21    
0x2b1f495ae7f0     @!P0  BRA 0x2b1f495ae7d0                                                       209    183    209    1826648 1826648 1703671 1      0      1      32     0      -             -          -      0      0      0      0      0      0      0      0      -      0      0      0      0      0      0      0      0      0      0      0      198    0      0      0      0      0      0      8      0      0      0      3      0      0      0      0      0      180    0      0      0      0      0      0      0      0      0      0      3     
0x2b1f495ae800           BRA 0x2b1f495ad370                                                       24     21     24     122977  122977  122977  1      1      1      31     0      -             -          -      0      0      0      0      0      0      0      0      -      0      0      0      0      0      0      0      0      0      0      0      0      0      0      0      0      0      0      2      0      0      0      22     0      0      0      0      0      0      0      0      0      0      0      0      0      0      0      0      21    
0x2b1f495ae810           SYNCS.PHASECHK.TRANS64.TRYWAIT P3, [UR4], R8                             14     10     14     0       0       0       0      0      1      32     0      -             -          -      0      0      0      0      0      0      0      0      -      0      0      0      0      0      0      0      0      0      0      0      0      0      0      0      0      0      0      4      0      0      0      10     0      0      0      0      0      0      0      0      0      0      0      0      0      0      0      0      10    
0x2b1f495ae820     @!P3  BRA 0x2b1f495ae810                                                       0      0      0      0       0       0       0      0      0      32     0      -             -          -      0      0      0      0      0      0      0      0      -      0      0      0      0      0      0      0      0      0      0      0      0      0      0      0      0      0      0      0      0      0      0      0      0      0      0      0      0      0      0      0      0      0      0      0      0      0      0      0      0     
0x2b1f495ae830           BRA 0x2b1f495ad610                                                       0      0      0      0       0       0       0      0      0      32     0      -             -          -      0      0      0      0      0      0      0      0      -      0      0      0      0      0      0      0      0      0      0      0      0      0      0      0      0      0      0      0      0      0      0      0      0      0      0      0      0      0      0      0      0      0      0      0      0      0      0      0      0     
0x2b1f495ae840           SYNCS.PHASECHK.TRANS64.TRYWAIT P2, [UR4+0x8], R8                         0      0      0      0       0       0       0      0      0      32     0      -             -          -      0      0      0      0      0      0      0      0      -      0      0      0      0      0      0      0      0      0      0      0      0      0      0      0      0      0      0      0      0      0      0      0      0      0      0      0      0      0      0      0      0      0      0      0      0      0      0      0      0     
0x2b1f495ae850     @!P2  BRA 0x2b1f495ae840                                                       0      0      0      0       0       0       0      0      0      32     0      -             -          -      0      0      0      0      0      0      0      0      -      0      0      0      0      0      0      0      0      0      0      0      0      0      0      0      0      0      0      0      0      0      0      0      0      0      0      0      0      0      0      0      0      0      0      0      0      0      0      0      0     
0x2b1f495ae860           BRA 0x2b1f495ad690                                                       0      0      0      0       0       0       0      0      0      32     0      -             -          -      0      0      0      0      0      0      0      0      -      0      0      0      0      0      0      0      0      0      0      0      0      0      0      0      0      0      0      0      0      0      0      0      0      0      0      0      0      0      0      0      0      0      0      0      0      0      0      0      0     
0x2b1f495ae870           SYNCS.PHASECHK.TRANS64.TRYWAIT P0, [UR4+0x10], R8                        0      0      0      0       0       0       0      0      0      32     0      -             -          -      0      0      0      0      0      0      0      0      -      0      0      0      0      0      0      0      0      0      0      0      0      0      0      0      0      0      0      0      0      0      0      0      0      0      0      0      0      0      0      0      0      0      0      0      0      0      0      0      0     
0x2b1f495ae880     @!P0  BRA 0x2b1f495ae870                                                       0      0      0      0       0       0       0      0      0      32     0      -             -          -      0      0      0      0      0      0      0      0      -      0      0      0      0      0      0      0      0      0      0      0      0      0      0      0      0      0      0      0      0      0      0      0      0      0      0      0      0      0      0      0      0      0      0      0      0      0      0      0      0     
0x2b1f495ae890           BRA 0x2b1f495ad710                                                       0      0      0      0       0       0       0      0      0      32     0      -             -          -      0      0      0      0      0      0      0      0      -      0      0      0      0      0      0      0      0      0      0      0      0      0      0      0      0      0      0      0      0      0      0      0      0      0      0      0      0      0      0      0      0      0      0      0      0      0      0      0      0     
0x2b1f495ae8a0           BPT.TRAP 0x1                                                             0      0      0      0       0       0       0      0      0      32     0      -             -          -      0      0      0      0      0      0      0      0      -      0      0      0      0      0      0      0      0      0      0      0      0      0      0      0      0      0      0      0      0      0      0      0      0      0      0      0      0      0      0      0      0      0      0      0      0      0      0      0      0     
0x2b1f495ae8b0           IMAD.MOV.U32 R3, RZ, RZ, 0x0                                             0      0      0      0       0       0       0      0      0      32     0      -             -          -      0      0      0      0      0      0      0      0      -      0      0      0      0      0      0      0      0      0      0      0      0      0      0      0      0      0      0      0      0      0      0      0      0      0      0      0      0      0      0      0      0      0      0      0      0      0      0      0      0     
0x2b1f495ae8c0           RET.REL.NODEC R2, 0x2b1f495ac000                                         0      0      0      0       0       0       0      0      0      32     0      -             -          -      0      0      0      0      0      0      0      0      -      0      0      0      0      0      0      0      0      0      0      0      0      0      0      0      0      0      0      0      0      0      0      0      0      0      0      0      0      0      0      0      0      0      0      0      0      0      0      0      0     
0x2b1f495ae8d0           BPT.TRAP 0x1                                                             0      0      0      0       0       0       0      0      0      32     0      -             -          -      0      0      0      0      0      0      0      0      -      0      0      0      0      0      0      0      0      0      0      0      0      0      0      0      0      0      0      0      0      0      0      0      0      0      0      0      0      0      0      0      0      0      0      0      0      0      0      0      0     
0x2b1f495ae8e0           IMAD.MOV.U32 R3, RZ, RZ, 0x0                                             0      0      0      0       0       0       0      0      0      32     0      -             -          -      0      0      0      0      0      0      0      0      -      0      0      0      0      0      0      0      0      0      0      0      0      0      0      0      0      0      0      0      0      0      0      0      0      0      0      0      0      0      0      0      0      0      0      0      0      0      0      0      0     
0x2b1f495ae8f0           RET.REL.NODEC R2, 0x2b1f495ac000                                         0      0      0      0       0       0       0      0      0      32     0      -             -          -      0      0      0      0      0      0      0      0      -      0      0      0      0      0      0      0      0      0      0      0      0      0      0      0      0      0      0      0      0      0      0      0      0      0      0      0      0      0      0      0      0      0      0      0      0      0      0      0      0     
0x2b1f495ae900           BPT.TRAP 0x1                                                             0      0      0      0       0       0       0      0      0      32     0      -             -          -      0      0      0      0      0      0      0      0      -      0      0      0      0      0      0      0      0      0      0      0      0      0      0      0      0      0      0      0      0      0      0      0      0      0      0      0      0      0      0      0      0      0      0      0      0      0      0      0      0     
0x2b1f495ae910           IMAD.MOV.U32 R3, RZ, RZ, 0x0                                             0      0      0      0       0       0       0      0      0      32     0      -             -          -      0      0      0      0      0      0      0      0      -      0      0      0      0      0      0      0      0      0      0      0      0      0      0      0      0      0      0      0      0      0      0      0      0      0      0      0      0      0      0      0      0      0      0      0      0      0      0      0      0     
0x2b1f495ae920           RET.REL.NODEC R2, 0x2b1f495ac000                                         0      0      0      0       0       0       0      0      0      32     0      -             -          -      0      0      0      0      0      0      0      0      -      0      0      0      0      0      0      0      0      0      0      0      0      0      0      0      0      0      0      0      0      0      0      0      0      0      0      0      0      0      0      0      0      0      0      0      0      0      0      0      0     
0x2b1f495ae930           BRA `(.L_x_0) 0x2b1f495ae930                                             0      0      0      0       0       0       0      0      0      0      0      -             -          -      0      0      0      0      0      0      0      0      -      0      0      0      0      0      0      0      0      0      0      0      0      0      0      0      0      0      0      0      0      0      0      0      0      0      0      0      0      0      0      0      0      0      0      0      0      0      0      0      0     
0x2b1f495ae940           NOP                                                                      0      0      0      0       0       0       0      0      0      32     0      -             -          -      0      0      0      0      0      0      0      0      -      0      0      0      0      0      0      0      0      0      0      0      0      0      0      0      0      0      0      0      0      0      0      0      0      0      0      0      0      0      0      0      0      0      0      0      0      0      0      0      0     
0x2b1f495ae950           NOP                                                                      0      0      0      0       0       0       0      0      0      32     0      -             -          -      0      0      0      0      0      0      0      0      -      0      0      0      0      0      0      0      0      0      0      0      0      0      0      0      0      0      0      0      0      0      0      0      0      0      0      0      0      0      0      0      0      0      0      0      0      0      0      0      0     
0x2b1f495ae960           NOP                                                                      0      0      0      0       0       0       0      0      0      32     0      -             -          -      0      0      0      0      0      0      0      0      -      0      0      0      0      0      0      0      0      0      0      0      0      0      0      0      0      0      0      0      0      0      0      0      0      0      0      0      0      0      0      0      0      0      0      0      0      0      0      0      0     
0x2b1f495ae970           NOP                                                                      0      0      0      0       0       0       0      0      0      32     0      -             -          -      0      0      0      0      0      0      0      0      -      0      0      0      0      0      0      0      0      0      0      0      0      0      0      0      0      0      0      0      0      0      0      0      0      0      0      0      0      0      0      0      0      0      0      0      0      0      0      0      0     
0x2b1f495ae980           NOP                                                                      0      0      0      0       0       0       0      0      0      32     0      -             -          -      0      0      0      0      0      0      0      0      -      0      0      0      0      0      0      0      0      0      0      0      0      0      0      0      0      0      0      0      0      0      0      0      0      0      0      0      0      0      0      0      0      0      0      0      0      0      0      0      0     
0x2b1f495ae990           NOP                                                                      0      0      0      0       0       0       0      0      0      32     0      -             -          -      0      0      0      0      0      0      0      0      -      0      0      0      0      0      0      0      0      0      0      0      0      0      0      0      0      0      0      0      0      0      0      0      0      0      0      0      0      0      0      0      0      0      0      0      0      0      0      0      0     
0x2b1f495ae9a0           NOP                                                                      0      0      0      0       0       0       0      0      0      32     0      -             -          -      0      0      0      0      0      0      0      0      -      0      0      0      0      0      0      0      0      0      0      0      0      0      0      0      0      0      0      0      0      0      0      0      0      0      0      0      0      0      0      0      0      0      0      0      0      0      0      0      0     
0x2b1f495ae9b0           NOP                                                                      0      0      0      0       0       0       0      0      0      32     0      -             -          -      0      0      0      0      0      0      0      0      -      0      0      0      0      0      0      0      0      0      0      0      0      0      0      0      0      0      0      0      0      0      0      0      0      0      0      0      0      0      0      0      0      0      0      0      0      0      0      0      0     
0x2b1f495ae9c0           NOP                                                                      0      0      0      0       0       0       0      0      0      32     0      -             -          -      0      0      0      0      0      0      0      0      -      0      0      0      0      0      0      0      0      0      0      0      0      0      0      0      0      0      0      0      0      0      0      0      0      0      0      0      0      0      0      0      0      0      0      0      0      0      0      0      0     
0x2b1f495ae9d0           NOP                                                                      0      0      0      0       0       0       0      0      0      32     0      -             -          -      0      0      0      0      0      0      0      0      -      0      0      0      0      0      0      0      0      0      0      0      0      0      0      0      0      0      0      0      0      0      0      0      0      0      0      0      0      0      0      0      0      0      0      0      0      0      0      0      0     
0x2b1f495ae9e0           NOP                                                                      0      0      0      0       0       0       0      0      0      32     0      -             -          -      0      0      0      0      0      0      0      0      -      0      0      0      0      0      0      0      0      0      0      0      0      0      0      0      0      0      0      0      0      0      0      0      0      0      0      0      0      0      0      0      0      0      0      0      0      0      0      0      0     
0x2b1f495ae9f0           NOP                                                                      0      0      0      0       0       0       0      0      0      32     0      -             -          -      0      0      0      0      0      0      0      0      -      0      0      0      0      0      0      0      0      0      0      0      0      0      0      0      0      0      0      0      0      0      0      0      0      0      0      0      0      0      0      0      0      0      0      0      0      0      0      0      0     
