------------------ ------------------------------------------------------------------------------ ------ ------ ------ ------- ------- ------- ------ ------ ------ ------ ------ ---------------------- ---------- ------ ------ ------ ------ ------ ------ ------ ------ ------ ------ ------ ------ ------ ------ ------ ------ ------ ------ ------ ------ ------ ------ ------ ------ ------ ------ ------ ------ ------ ------ ------ ------ ------ ------ ------ ------ ------ ------ ------ ------ ------ ------ ------ ------ ------ ------ ------ ------ ------ ------ ------
Kernel Name        gemm_pipeline(const __nv_bfloat16 *, const __nv_bfloat16 *,                                                                                                                                                                                                                                                                                                                                                                                                                                                                                                          
                   float *, int, int, int, CUtensorMap_st, CUtensorMap_st)                                                                                                                                                                                                                                                                                                                                                                                                                                                                                                              
------------------ ------------------------------------------------------------------------------ ------ ------ ------ ------- ------- ------- ------ ------ ------ ------ ------ ---------------------- ---------- ------ ------ ------ ------ ------ ------ ------ ------ ------ ------ ------ ------ ------ ------ ------ ------ ------ ------ ------ ------ ------ ------ ------ ------ ------ ------ ------ ------ ------ ------ ------ ------ ------ ------ ------ ------ ------ ------ ------ ------ ------ ------ ------ ------ ------ ------ ------ ------ ------ ------ ------
Address            Source                                                                         Warp S Warp S # Samp Instru  Thread  Predic  Avg. T Avg. P Deriva Avg. P Diverg Addres                 Access     Access L1 Tag L1 Con L1 Wav L1 Wav L1 Wav L2 The L2 The L2 The L2 The L2 Exp L2 Exp L2 Exp L2 Exp L2 Exp L2 Exp L2 Exp stall_ stall_ stall_ stall_ stall_ stall_ stall_ stall_ stall_ stall_ stall_ stall_ stall_ stall_ stall_ stall_ stall_ stall_ stall_ stall_ stall_ stall_ stall_ stall_ stall_ stall_ stall_ stall_ stall_ stall_ stall_ stall_ stall_ stall_
                                                                                                  tall S tall S les    ctions   Instr  ated-O  hreads redica tive A redica ent Br s Spac                  Opera      Size   Reque flicts efront efront efront oretic oretic oretic oretic licit  licit  licit  licit  licit  licit  licit  barrie branch dispat drain  lg     long_s math   membar mio    misc   no_ins not_se select short_ sleep  tex    wait   barrie branch dispat drain  lg (No long_s math ( membar mio (N misc ( no_ins not_se select short_ sleepi tex (N wait (
                                                                                                  amplin amplin         Execu  uction  n Thre   Execu ted-On vg. Pr ted-On anches e                      tion              sts Gl  Share s Shar s Shar s Shar al Sec al Sec al Sec al Sec Evict  Hit Po Hit Po Hit Po Hit Po Miss P Miss P r      _resol ch                   b                                  t      lected ed     sb                          r (Not _resol ch (No (Not I t Issu b (Not Not Is  (Not  ot Iss Not Is t (Not lected ed (No sb (No ng (No ot Iss Not Is
                                                                                                  g (All g (Not        ted     s Exec  ad Ins  ted     Threa edicat  Threa                                                 obal   d N-Wa ed Exc ed     ed Ide tors G tors G tors G tors L Polici licy E licy E licy E licy E olicy  olicy         ving                                                                                                             Issue ving ( t Issu ssued) ed)     Issue sued)  Issued ued)   sued)   Issue  (Not  t Issu t Issu t Issu ued)   sued) 
                                                                                                   Sampl -issue                uted    tructi         ds Exe ed-On  ds Une                                                        y      essive        al     lobal  lobal  lobal  ocal   es     vict F vict L vict N vict N Evict  Evict                                                                                                                         d)     Not Is ed)                  d)            )                    d)     Issued ed)    ed)    ed)                 
                                                                                                  es)    d Samp                        ons Ex         cuted  Thread xecute                                                                                    Excess        Ideal                irst   ast    ormal  ormal  First  Normal                                                                                                                               sued)                                                                 )                                        
                                                                                                         les)                          ecuted                s Exec d                                                                                         ive                                                     Demote                                                                                                                                                                                                                                                            
                                                                                                                                                             uted                                                                                                                                                                                                                                                                                                                                                                                                                       
0x2b06155ac000           LDC R1, c[0x0][0x37c]                                                    1      1      1      1776    56832   56832   32     32     0      0      0      -                      -          -      0      0      0      0      0      0      0      0      0      -      0      0      0      0      0      0      0      0      0      0      0      0      0      0      0      0      0      0      0      0      0      0      1      0      0      0      0      0      0      0      0      0      0      0      0      0      0      0      0      1     
0x2b06155ac010           S2R R13, SR_TID.X                                                        0      0      0      1776    56832   56832   32     32     0      0      0      -                      -          -      0      0      0      0      0      0      0      0      0      -      0      0      0      0      0      0      0      0      0      0      0      0      0      0      0      0      0      0      0      0      0      0      0      0      0      0      0      0      0      0      0      0      0      0      0      0      0      0      0      0     
0x2b06155ac020           ISETP.GT.U32.AND P0, PT, R13, 0x1f, PT                                   0      0      0      1776    56832   56832   32     32     0      0      0      -                      -          -      0      0      0      0      0      0      0      0      0      -      0      0      0      0      0      0      0      0      0      0      0      0      0      0      0      0      0      0      0      0      0      0      0      0      0      0      0      0      0      0      0      0      0      0      0      0      0      0      0      0     
0x2b06155ac030     @P0   BRA 0x2b06155ac2f0                                                       0      0      0      1776    56832   42624   32     24     8      8      0      -                      -          -      0      0      0      0      0      0      0      0      0      -      0      0      0      0      0      0      0      0      0      0      0      0      0      0      0      0      0      0      0      0      0      0      0      0      0      0      0      0      0      0      0      0      0      0      0      0      0      0      0      0     
0x2b06155ac040           S2R R3, SR_CgaCtaId                                                      0      0      0      444     14208   14208   32     32     8      0      0      -                      -          -      0      0      0      0      0      0      0      0      0      -      0      0      0      0      0      0      0      0      0      0      0      0      0      0      0      0      0      0      0      0      0      0      0      0      0      0      0      0      0      0      0      0      0      0      0      0      0      0      0      0     
0x2b06155ac050           MOV R0, 0x40                                                             0      0      0      444     14208   14208   32     32     0      0      0      -                      -          -      0      0      0      0      0      0      0      0      0      -      0      0      0      0      0      0      0      0      0      0      0      0      0      0      0      0      0      0      0      0      0      0      0      0      0      0      0      0      0      0      0      0      0      0      0      0      0      0      0      0     
0x2b06155ac060           WARPSYNC.ALL                                                             0      0      0      444     14208   14208   32     32     0      0      0      -                      -          -      0      0      0      0      0      0      0      0      0      -      0      0      0      0      0      0      0      0      0      0      0      0      0      0      0      0      0      0      0      0      0      0      0      0      0      0      0      0      0      0      0      0      0      0      0      0      0      0      0      0     
0x2b06155ac070           LEA R2, R3, R0, 0x18                                                     1      1      1      444     14208   14208   32     32     0      0      0      -                      -          -      0      0      0      0      0      0      0      0      0      -      0      0      0      0      0      0      0      0      0      0      0      0      0      0      0      0      0      0      0      1      0      0      0      0      0      0      0      0      0      0      0      0      0      0      0      0      1      0      0      0     
0x2b06155ac080           LDS.U8 R0, [R2+0x1c]                                                     1      0      1      444     14208   14208   32     32     0      0      0      Shared                 Load       8      0      1      0      444    444    0      0      0      0      -      0      0      0      0      0      0      0      0      0      0      0      0      0      0      0      0      0      0      1      0      0      0      0      0      0      0      0      0      0      0      0      0      0      0      0      0      0      0      0      0     
0x2b06155ac090           ISETP.NE.AND P0, PT, R0, RZ, PT                                          2      2      2      444     14208   14208   32     32     0      0      0      -                      -          -      0      0      0      0      0      0      0      0      0      -      0      0      0      0      0      0      0      0      0      0      0      0      0      0      0      0      0      0      0      2      0      0      0      0      0      0      0      0      0      0      0      0      0      0      0      0      2      0      0      0     
0x2b06155ac0a0           MOV R0, 0x400                                                            0      0      0      444     14208   14208   32     32     0      0      0      -                      -          -      0      0      0      0      0      0      0      0      0      -      0      0      0      0      0      0      0      0      0      0      0      0      0      0      0      0      0      0      0      0      0      0      0      0      0      0      0      0      0      0      0      0      0      0      0      0      0      0      0      0     
0x2b06155ac0b0           LEA R0, R3, R0, 0x18                                                     1      1      1      444     14208   14208   32     32     0      0      0      -                      -          -      0      0      0      0      0      0      0      0      0      -      0      0      0      0      0      0      0      0      0      0      0      0      0      0      0      0      0      0      0      0      0      0      1      0      0      0      0      0      0      0      0      0      0      0      0      0      0      0      0      1     
0x2b06155ac0c0     @P0   BRA 0x2b06155ac230                                                       0      0      0      444     14208   0       32     0      32     32     0      -                      -          -      0      0      0      0      0      0      0      0      0      -      0      0      0      0      0      0      0      0      0      0      0      0      0      0      0      0      0      0      0      0      0      0      0      0      0      0      0      0      0      0      0      0      0      0      0      0      0      0      0      0     
0x2b06155ac0d0           ELECT P0, URZ, PT                                                        0      0      0      444     14208   14208   32     32     32     0      0      -                      -          -      0      0      0      0      0      0      0      0      0      -      0      0      0      0      0      0      0      0      0      0      0      0      0      0      0      0      0      0      0      0      0      0      0      0      0      0      0      0      0      0      0      0      0      0      0      0      0      0      0      0     
0x2b06155ac0e0     @!P0  BRA 0x2b06155ac270                                                       0      0      0      444     14208   13764   32     31     1      1      444    -                      -          -      0      0      0      0      0      0      0      0      0      -      0      0      0      0      0      0      0      0      0      0      0      0      0      0      0      0      0      0      0      0      0      0      0      0      0      0      0      0      0      0      0      0      0      0      0      0      0      0      0      0     
0x2b06155ac0f0           UMOV UR4, 0x2                                                            0      0      0      444     444     444     1      1      30     31     0      -                      -          -      0      0      0      0      0      0      0      0      0      -      0      0      0      0      0      0      0      0      0      0      0      0      0      0      0      0      0      0      0      0      0      0      0      0      0      0      0      0      0      0      0      0      0      0      0      0      0      0      0      0     
0x2b06155ac100           IMAD.MOV.U32 R4, RZ, RZ, 0x3                                             0      0      0      444     444     444     1      1      0      31     0      -                      -          -      0      0      0      0      0      0      0      0      0      -      0      0      0      0      0      0      0      0      0      0      0      0      0      0      0      0      0      0      0      0      0      0      0      0      0      0      0      0      0      0      0      0      0      0      0      0      0      0      0      0     
0x2b06155ac110           IMAD.MOV.U32 R6, RZ, RZ, 0x1                                             1      0      1      444     444     444     1      1      0      31     0      -                      -          -      0      0      0      0      0      0      0      0      0      -      0      0      0      0      0      0      0      0      0      0      0      0      0      0      0      0      0      0      0      0      0      0      1      0      0      0      0      0      0      0      0      0      0      0      0      0      0      0      0      0     
0x2b06155ac120           DEPBAR.LE SB0, 0x36                                                      0      0      0      444     444     444     1      1      0      31     0      -                      -          -      0      0      0      0      0      0      0      0      0      -      0      0      0      0      0      0      0      0      0      0      0      0      0      0      0      0      0      0      0      0      0      0      0      0      0      0      0      0      0      0      0      0      0      0      0      0      0      0      0      0     
0x2b06155ac130           UTCATOMSWS.FIND_AND_SET.ALIGN UP0, UR4, UR4                              0      0      0      444     444     444     1      1      0      31     0      -                      -          -      0      0      0      0      0      0      0      0      0      -      0      0      0      0      0      0      0      0      0      0      0      0      0      0      0      0      0      0      0      0      0      0      0      0      0      0      0      0      0      0      0      0      0      0      0      0      0      0      0      0     
0x2b06155ac140           IMAD.U32 R3, RZ, RZ, UR4                                                 1      1      1      444     444     444     1      1      0      31     0      -                      -          -      0      0      0      0      0      0      0      0      0      -      0      0      0      0      0      0      0      0      0      0      0      0      0      0      0      0      0      0      0      1      0      0      0      0      0      0      0      0      0      0      0      0      0      0      0      0      1      0      0      0     
0x2b06155ac150           BRA.U UP0, 0x2b06155ac1c0                                                0      0      0      444     444     444     1      1      0      31     0      -                      -          -      0      0      0      0      0      0      0      0      0      -      0      0      0      0      0      0      0      0      0      0      0      0      0      0      0      0      0      0      0      0      0      0      0      0      0      0      0      0      0      0      0      0      0      0      0      0      0      0      0      0     
0x2b06155ac160           NANOSLEEP 0x64                                                           0      0      0      0       0       0       0      0      1      32     0      -                      -          -      0      0      0      0      0      0      0      0      0      -      0      0      0      0      0      0      0      0      0      0      0      0      0      0      0      0      0      0      0      0      0      0      0      0      0      0      0      0      0      0      0      0      0      0      0      0      0      0      0      0     
0x2b06155ac170           UMOV UR4, 0x2                                                            0      0      0      0       0       0       0      0      0      32     0      -                      -          -      0      0      0      0      0      0      0      0      0      -      0      0      0      0      0      0      0      0      0      0      0      0      0      0      0      0      0      0      0      0      0      0      0      0      0      0      0      0      0      0      0      0      0      0      0      0      0      0      0      0     
0x2b06155ac180           DEPBAR.LE SB0, 0x36                                                      0      0      0      0       0       0       0      0      0      32     0      -                      -          -      0      0      0      0      0      0      0      0      0      -      0      0      0      0      0      0      0      0      0      0      0      0      0      0      0      0      0      0      0      0      0      0      0      0      0      0      0      0      0      0      0      0      0      0      0      0      0      0      0      0     
0x2b06155ac190           UTCATOMSWS.FIND_AND_SET.ALIGN UP0, UR4, UR4                              0      0      0      0       0       0       0      0      0      32     0      -                      -          -      0      0      0      0      0      0      0      0      0      -      0      0      0      0      0      0      0      0      0      0      0      0      0      0      0      0      0      0      0      0      0      0      0      0      0      0      0      0      0      0      0      0      0      0      0      0      0      0      0      0     
0x2b06155ac1a0           IMAD.U32 R3, RZ, RZ, UR4                                                 0      0      0      0       0       0       0      0      0      32     0      -                      -          -      0      0      0      0      0      0      0      0      0      -      0      0      0      0      0      0      0      0      0      0      0      0      0      0      0      0      0      0      0      0      0      0      0      0      0      0      0      0      0      0      0      0      0      0      0      0      0      0      0      0     
0x2b06155ac1b0           BRA.U !UP0, 0x2b06155ac160                                               0      0      0      0       0       0       0      0      0      32     0      -                      -          -      0      0      0      0      0      0      0      0      0      -      0      0      0      0      0      0      0      0      0      0      0      0      0      0      0      0      0      0      0      0      0      0      0      0      0      0      0      0      0      0      0      0      0      0      0      0      0      0      0      0     
0x2b06155ac1c0           SHF.L.U32 R5, R4, R3, RZ                                                 0      0      0      444     444     444     1      1      1      31     0      -                      -          -      0      0      0      0      0      0      0      0      0      -      0      0      0      0      0      0      0      0      0      0      0      0      0      0      0      0      0      0      0      0      0      0      0      0      0      0      0      0      0      0      0      0      0      0      0      0      0      0      0      0     
0x2b06155ac1d0           SHF.L.U32 R7, R6, R3, RZ                                                 0      0      0      444     444     444     1      1      0      31     0      -                      -          -      0      0      0      0      0      0      0      0      0      -      0      0      0      0      0      0      0      0      0      0      0      0      0      0      0      0      0      0      0      0      0      0      0      0      0      0      0      0      0      0      0      0      0      0      0      0      0      0      0      0     
0x2b06155ac1e0           IMAD.SHL.U32 R3, R3, 0x20, RZ                                            0      0      0      444     444     444     1      1      0      31     0      -                      -          -      0      0      0      0      0      0      0      0      0      -      0      0      0      0      0      0      0      0      0      0      0      0      0      0      0      0      0      0      0      0      0      0      0      0      0      0      0      0      0      0      0      0      0      0      0      0      0      0      0      0     
0x2b06155ac1f0           ATOMS.OR RZ, [R2+0x14], R5                                               0      0      0      444     444     444     1      1      0      31     0      Shared                 Atomic     32     0      1      0      444    444    0      0      0      0      -      0      0      0      0      0      0      0      0      0      0      0      0      0      0      0      0      0      0      0      0      0      0      0      0      0      0      0      0      0      0      0      0      0      0      0      0      0      0      0      0     
0x2b06155ac200           ATOMS.OR RZ, [R2+0x18], R7                                               0      0      0      444     444     444     1      1      0      31     0      Shared                 Atomic     32     0      1      0      444    444    0      0      0      0      -      0      0      0      0      0      0      0      0      0      0      0      0      0      0      0      0      0      0      0      0      0      0      0      0      0      0      0      0      0      0      0      0      0      0      0      0      0      0      0      0     
0x2b06155ac210           STS [R0], R3                                                             0      0      0      444     444     444     1      1      0      31     0      Shared                 Store      32     0      1      0      444    444    0      0      0      0      -      0      0      0      0      0      0      0      0      0      0      0      0      0      0      0      0      0      0      0      0      0      0      0      0      0      0      0      0      0      0      0      0      0      0      0      0      0      0      0      0     
0x2b06155ac220           BRA 0x2b06155ac270                                                       0      0      0      444     444     444     1      1      0      31     0      -                      -          -      0      0      0      0      0      0      0      0      0      -      0      0      0      0      0      0      0      0      0      0      0      0      0      0      0      0      0      0      0      0      0      0      0      0      0      0      0      0      0      0      0      0      0      0      0      0      0      0      0      0     
0x2b06155ac230           IMAD.MOV.U32 R3, RZ, RZ, -0x1                                            0      0      0      0       0       0       0      0      1      32     0      -                      -          -      0      0      0      0      0      0      0      0      0      -      0      0      0      0      0      0      0      0      0      0      0      0      0      0      0      0      0      0      0      0      0      0      0      0      0      0      0      0      0      0      0      0      0      0      0      0      0      0      0      0     
0x2b06155ac240           MOV R2, 0x270                                                            0      0      0      0       0       0       0      0      0      32     0      -                      -          -      0      0      0      0      0      0      0      0      0      -      0      0      0      0      0      0      0      0      0      0      0      0      0      0      0      0      0      0      0      0      0      0      0      0      0      0      0      0      0      0      0      0      0      0      0      0      0      0      0      0     
0x2b06155ac250           STS [R0], R3                                                             0      0      0      0       0       0       0      0      0      32     0                                               0      0      0      0      0      0      0      0      0      -      0      0      0      0      0      0      0      0      0      0      0      0      0      0      0      0      0      0      0      0      0      0      0      0      0      0      0      0      0      0      0      0      0      0      0      0      0      0      0      0     
0x2b06155ac260           CALL.REL.NOINC 0x2b06155ae900                                            0      0      0      0       0       0       0      0      0      32     0      -                      -          -      0      0      0      0      0      0      0      0      0      -      0      0      0      0      0      0      0      0      0      0      0      0      0      0      0      0      0      0      0      0      0      0      0      0      0      0      0      0      0      0      0      0      0      0      0      0      0      0      0      0     
0x2b06155ac270           WARPSYNC.ALL                                                             2      2      2      888     14208   14208   16     16     16     16     0      -                      -          -      0      0      0      0      0      0      0      0      0      -      0      0      0      0      0      0      0      2      0      0      0      0      0      0      0      0      0      0      0      0      0      0      0      0      2      0      0      0      0      0      0      0      0      0      0      0      0      0      0      0     
0x2b06155ac280           S2UR UR5, SR_CgaCtaId                                                    3      2      3      444     14208   14208   32     32     16     0      0      -                      -          -      0      0      0      0      0      0      0      0      0      -      0      0      0      0      0      0      0      1      0      0      0      0      0      0      0      0      0      0      1      0      0      0      1      0      1      0      0      0      0      0      0      0      0      0      0      0      0      0      0      1     
0x2b06155ac290           ELECT P0, URZ, PT                                                        0      0      0      444     14208   14208   32     32     0      0      0      -                      -          -      0      0      0      0      0      0      0      0      0      -      0      0      0      0      0      0      0      0      0      0      0      0      0      0      0      0      0      0      0      0      0      0      0      0      0      0      0      0      0      0      0      0      0      0      0      0      0      0      0      0     
0x2b06155ac2a0           IMAD.MOV.U32 R0, RZ, RZ, 0x1                                             0      0      0      444     14208   14208   32     32     0      0      0      -                      -          -      0      0      0      0      0      0      0      0      0      -      0      0      0      0      0      0      0      0      0      0      0      0      0      0      0      0      0      0      0      0      0      0      0      0      0      0      0      0      0      0      0      0      0      0      0      0      0      0      0      0     
0x2b06155ac2b0           UMOV UR4, 0x40                                                           0      0      0      444     14208   14208   32     32     0      0      0      -                      -          -      0      0      0      0      0      0      0      0      0      -      0      0      0      0      0      0      0      0      0      0      0      0      0      0      0      0      0      0      0      0      0      0      0      0      0      0      0      0      0      0      0      0      0      0      0      0      0      0      0      0     
0x2b06155ac2c0           UVIRTCOUNT.DEALLOC.SMPOOL 0x80                                           0      0      0      444     14208   14208   32     32     0      0      0      -                      -          -      0      0      0      0      0      0      0      0      0      -      0      0      0      0      0      0      0      0      0      0      0      0      0      0      0      0      0      0      0      0      0      0      0      0      0      0      0      0      0      0      0      0      0      0      0      0      0      0      0      0     
0x2b06155ac2d0           ULEA UR4, UR5, UR4, 0x18                                                 2      1      2      444     14208   14208   32     32     0      0      0      -                      -          -      0      0      0      0      0      0      0      0      0      -      0      0      0      0      0      0      0      0      0      0      0      0      0      0      0      0      0      0      1      1      0      0      0      0      0      0      0      0      0      0      0      0      0      0      0      0      1      0      0      0     
0x2b06155ac2e0     @P0   STS.U8 [UR4+0x1c], R0                                                    1      1      1      444     14208   444     32     1      31     31     0      Shared                 Store      8      0      1      0      444    444    0      0      0      0      -      0      0      0      0      0      0      0      0      0      0      0      0      0      0      0      0      0      0      0      0      0      0      1      0      0      0      0      0      0      0      0      0      0      0      0      0      0      0      0      1     
0x2b06155ac2f0           WARPSYNC.ALL                                                             0      0      0      1776    56832   56832   32     32     31     0      0      -                      -          -      0      0      0      0      0      0      0      0      0      -      0      0      0      0      0      0      0      0      0      0      0      0      0      0      0      0      0      0      0      0      0      0      0      0      0      0      0      0      0      0      0      0      0      0      0      0      0      0      0      0     
0x2b06155ac300           S2UR UR4, SR_CgaCtaId                                                    1      1      1      1776    56832   56832   32     32     0      0      0      -                      -          -      0      0      0      0      0      0      0      0      0      -      0      0      0      0      0      0      0      0      0      0      0      0      0      0      0      0      0      0      0      0      0      0      1      0      0      0      0      0      0      0      0      0      0      0      0      0      0      0      0      1     
0x2b06155ac310           BAR.SYNC.DEFER_BLOCKING 0x0                                              0      0      0      1776    56832   56832   32     32     0      0      0      -                      -          -      0      0      0      0      0      0      0      0      0      -      0      0      0      0      0      0      0      0      0      0      0      0      0      0      0      0      0      0      0      0      0      0      0      0      0      0      0      0      0      0      0      0      0      0      0      0      0      0      0      0     
0x2b06155ac320           MOV R0, 0x400                                                            0      0      0      1776    56832   56832   32     32     0      0      0      -                      -          -      0      0      0      0      0      0      0      0      0      -      0      0      0      0      0      0      0      0      0      0      0      0      0      0      0      0      0      0      0      0      0      0      0      0      0      0      0      0      0      0      0      0      0      0      0      0      0      0      0      0     
0x2b06155ac330           LDCU.64 UR6, c[0x0][0x398]                                               0      0      0      1776    56832   56832   32     32     0      0      0      -                      -          -      0      0      0      0      0      0      0      0      0      -      0      0      0      0      0      0      0      0      0      0      0      0      0      0      0      0      0      0      0      0      0      0      0      0      0      0      0      0      0      0      0      0      0      0      0      0      0      0      0      0     
0x2b06155ac340           S2UR UR16, SR_CTAID.X                                                    0      0      0      1776    56832   56832   32     32     0      0      0      -                      -          -      0      0      0      0      0      0      0      0      0      -      0      0      0      0      0      0      0      0      0      0      0      0      0      0      0      0      0      0      0      0      0      0      0      0      0      0      0      0      0      0      0      0      0      0      0      0      0      0      0      0     
0x2b06155ac350           IMAD.U32 R3, RZ, RZ, UR4                                                 0      0      0      1776    56832   56832   32     32     0      0      0      -                      -          -      0      0      0      0      0      0      0      0      0      -      0      0      0      0      0      0      0      0      0      0      0      0      0      0      0      0      0      0      0      0      0      0      0      0      0      0      0      0      0      0      0      0      0      0      0      0      0      0      0      0     
0x2b06155ac360           USHF.R.S32.HI UR4, URZ, 0x1f, UR6                                        0      0      0      1776    56832   56832   32     32     0      0      0      -                      -          -      0      0      0      0      0      0      0      0      0      -      0      0      0      0      0      0      0      0      0      0      0      0      0      0      0      0      0      0      0      0      0      0      0      0      0      0      0      0      0      0      0      0      0      0      0      0      0      0      0      0     
0x2b06155ac370           USHF.R.S32.HI UR5, URZ, 0x1f, UR7                                        0      0      0      1776    56832   56832   32     32     0      0      0      -                      -          -      0      0      0      0      0      0      0      0      0      -      0      0      0      0      0      0      0      0      0      0      0      0      0      0      0      0      0      0      0      0      0      0      0      0      0      0      0      0      0      0      0      0      0      0      0      0      0      0      0      0     
0x2b06155ac380           LEA R0, R3, R0, 0x18                                                     0      0      0      1776    56832   56832   32     32     0      0      0      -                      -          -      0      0      0      0      0      0      0      0      0      -      0      0      0      0      0      0      0      0      0      0      0      0      0      0      0      0      0      0      0      0      0      0      0      0      0      0      0      0      0      0      0      0      0      0      0      0      0      0      0      0     
0x2b06155ac390           ULEA.HI UR4, UR4, UR6, URZ, 0x7                                          0      0      0      1776    56832   56832   32     32     0      0      0      -                      -          -      0      0      0      0      0      0      0      0      0      -      0      0      0      0      0      0      0      0      0      0      0      0      0      0      0      0      0      0      0      0      0      0      0      0      0      0      0      0      0      0      0      0      0      0      0      0      0      0      0      0     
0x2b06155ac3a0           ULEA.HI UR5, UR5, UR7, URZ, 0x6                                          0      0      0      1776    56832   56832   32     32     0      0      0      -                      -          -      0      0      0      0      0      0      0      0      0      -      0      0      0      0      0      0      0      0      0      0      0      0      0      0      0      0      0      0      0      0      0      0      0      0      0      0      0      0      0      0      0      0      0      0      0      0      0      0      0      0     
0x2b06155ac3b0           USHF.R.S32.HI UR4, URZ, 0x7, UR4                                         0      0      0      1776    56832   56832   32     32     0      0      0      -                      -          -      0      0      0      0      0      0      0      0      0      -      0      0      0      0      0      0      0      0      0      0      0      0      0      0      0      0      0      0      0      0      0      0      0      0      0      0      0      0      0      0      0      0      0      0      0      0      0      0      0      0     
0x2b06155ac3c0           LDS R0, [R0]                                                             0      0      0      1776    56832   56832   32     32     0      0      0      Shared                 Load       32     0      1      0      1776   1776   0      0      0      0      -      0      0      0      0      0      0      0      0      0      0      0      0      0      0      0      0      0      0      0      0      0      0      0      0      0      0      0      0      0      0      0      0      0      0      0      0      0      0      0      0     
0x2b06155ac3d0           USHF.R.S32.HI UR13, URZ, 0x6, UR5                                        0      0      0      1776    56832   56832   32     32     0      0      0      -                      -          -      0      0      0      0      0      0      0      0      0      -      0      0      0      0      0      0      0      0      0      0      0      0      0      0      0      0      0      0      0      0      0      0      0      0      0      0      0      0      0      0      0      0      0      0      0      0      0      0      0      0     
0x2b06155ac3e0           UIMAD UR14, UR4, UR13, URZ                                               0      0      0      1776    56832   56832   32     32     0      0      0      -                      -          -      0      0      0      0      0      0      0      0      0      -      0      0      0      0      0      0      0      0      0      0      0      0      0      0      0      0      0      0      0      0      0      0      0      0      0      0      0      0      0      0      0      0      0      0      0      0      0      0      0      0     
0x2b06155ac3f0           UISETP.GE.AND UP0, UPT, UR16, UR14, UPT                                  2      0      2      1776    56832   56832   32     32     0      0      0      -                      -          -      0      0      0      0      0      0      0      0      0      -      0      0      0      0      0      0      0      0      0      0      0      0      2      0      0      0      0      0      0      0      0      0      0      0      0      0      0      0      0      0      0      0      0      0      0      0      0      0      0      0     
0x2b06155ac400           R2UR UR12, R0                                                            0      0      0      1776    56832   56832   32     32     0      0      0      -                      -          -      0      0      0      0      0      0      0      0      0      -      0      0      0      0      0      0      0      0      0      0      0      0      0      0      0      0      0      0      0      0      0      0      0      0      0      0      0      0      0      0      0      0      0      0      0      0      0      0      0      0     
0x2b06155ac410           BRA.U UP0, 0x2b06155ae4a0                                                1      1      1      1776    56832   56832   32     32     0      0      0      -                      -          -      0      0      0      0      0      0      0      0      0      -      0      0      0      0      0      0      0      0      0      0      0      0      0      0      0      0      0      0      0      0      0      0      1      0      0      0      0      0      0      0      0      0      0      0      0      0      0      0      0      1     
0x2b06155ac420           LDCU UR17, c[0x0][0x360]                                                 1      1      1      1776    56832   56832   32     32     0      0      0      -                      -          -      0      0      0      0      0      0      0      0      0      -      0      0      0      0      0      0      0      0      0      0      0      0      0      0      0      0      0      0      0      0      0      0      1      0      0      0      0      0      0      0      0      0      0      0      0      0      0      0      0      1     
0x2b06155ac430           IMAD.U32 R0, R13, 0x10000, RZ                                            0      0      0      1776    56832   56832   32     32     0      0      0      -                      -          -      0      0      0      0      0      0      0      0      0      -      0      0      0      0      0      0      0      0      0      0      0      0      0      0      0      0      0      0      0      0      0      0      0      0      0      0      0      0      0      0      0      0      0      0      0      0      0      0      0      0     
0x2b06155ac440           MOV R6, 0x500                                                            0      0      0      1776    56832   56832   32     32     0      0      0      -                      -          -      0      0      0      0      0      0      0      0      0      -      0      0      0      0      0      0      0      0      0      0      0      0      0      0      0      0      0      0      0      0      0      0      0      0      0      0      0      0      0      0      0      0      0      0      0      0      0      0      0      0     
0x2b06155ac450           LDCU UR5, c[0x0][0x3a0]                                                  0      0      0      1776    56832   56832   32     32     0      0      0      -                      -          -      0      0      0      0      0      0      0      0      0      -      0      0      0      0      0      0      0      0      0      0      0      0      0      0      0      0      0      0      0      0      0      0      0      0      0      0      0      0      0      0      0      0      0      0      0      0      0      0      0      0     
0x2b06155ac460           LOP3.LUT R0, R0, 0x3e00000, RZ, 0xc0, !PT                                0      0      0      1776    56832   56832   32     32     0      0      0      -                      -          -      0      0      0      0      0      0      0      0      0      -      0      0      0      0      0      0      0      0      0      0      0      0      0      0      0      0      0      0      0      0      0      0      0      0      0      0      0      0      0      0      0      0      0      0      0      0      0      0      0      0     
0x2b06155ac470           VIADD R0, R0, UR12                                                       0      0      0      1776    56832   56832   32     32     0      0      0      -                      -          -      0      0      0      0      0      0      0      0      0      -      0      0      0      0      0      0      0      0      0      0      0      0      0      0      0      0      0      0      0      0      0      0      0      0      0      0      0      0      0      0      0      0      0      0      0      0      0      0      0      0     
0x2b06155ac480           VIADD R23, R13, UR17                                                     0      0      0      1776    56832   56832   32     32     0      0      0      -                      -          -      0      0      0      0      0      0      0      0      0      -      0      0      0      0      0      0      0      0      0      0      0      0      0      0      0      0      0      0      0      0      0      0      0      0      0      0      0      0      0      0      0      0      0      0      0      0      0      0      0      0     
0x2b06155ac490           USHF.R.S32.HI UR4, URZ, 0x1f, UR5                                        0      0      0      1776    56832   56832   32     32     0      0      0      -                      -          -      0      0      0      0      0      0      0      0      0      -      0      0      0      0      0      0      0      0      0      0      0      0      0      0      0      0      0      0      0      0      0      0      0      0      0      0      0      0      0      0      0      0      0      0      0      0      0      0      0      0     
0x2b06155ac4a0           LOP3.LUT R2, R23, 0x1fff, RZ, 0x3c, !PT                                  0      0      0      1776    56832   56832   32     32     0      0      0      -                      -          -      0      0      0      0      0      0      0      0      0      -      0      0      0      0      0      0      0      0      0      0      0      0      0      0      0      0      0      0      0      0      0      0      0      0      0      0      0      0      0      0      0      0      0      0      0      0      0      0      0      0     
0x2b06155ac4b0           ULEA.HI UR4, UR4, UR5, URZ, 0x6                                          0      0      0      1776    56832   56832   32     32     0      0      0      -                      -          -      0      0      0      0      0      0      0      0      0      -      0      0      0      0      0      0      0      0      0      0      0      0      0      0      0      0      0      0      0      0      0      0      0      0      0      0      0      0      0      0      0      0      0      0      0      0      0      0      0      0     
0x2b06155ac4c0           LOP3.LUT R2, R2, 0xffff, RZ, 0xc0, !PT                                   0      0      0      1776    56832   56832   32     32     0      0      0      -                      -          -      0      0      0      0      0      0      0      0      0      -      0      0      0      0      0      0      0      0      0      0      0      0      0      0      0      0      0      0      0      0      0      0      0      0      0      0      0      0      0      0      0      0      0      0      0      0      0      0      0      0     
0x2b06155ac4d0           ULOP3.LUT UR5, UR17, 0xffff, URZ, 0xc0, !UPT                             0      0      0      1776    56832   56832   32     32     0      0      0      -                      -          -      0      0      0      0      0      0      0      0      0      -      0      0      0      0      0      0      0      0      0      0      0      0      0      0      0      0      0      0      0      0      0      0      0      0      0      0      0      0      0      0      0      0      0      0      0      0      0      0      0      0     
0x2b06155ac4e0           USHF.R.S32.HI UR15, URZ, 0x6, UR4                                        0      0      0      1776    56832   56832   32     32     0      0      0      -                      -          -      0      0      0      0      0      0      0      0      0      -      0      0      0      0      0      0      0      0      0      0      0      0      0      0      0      0      0      0      0      0      0      0      0      0      0      0      0      0      0      0      0      0      0      0      0      0      0      0      0      0     
0x2b06155ac4f0           CALL.REL.NOINC 0x2b06155ae960                                            1      1      1      1776    56832   56832   32     32     0      0      0      -                      -          -      0      0      0      0      0      0      0      0      0      -      0      0      0      0      0      0      0      0      0      0      0      0      0      0      0      0      0      0      0      0      0      0      1      0      0      0      0      0      0      0      0      0      0      0      0      0      0      0      0      1     
0x2b06155ac500           UIADD3 UR10, UPT, UPT, UR15, 0x2, URZ                                    2      1      2      1776    56832   56832   32     32     0      0      0      -                      -          -      0      0      0      0      0      0      0      0      0      -      0      0      0      0      0      0      0      1      0      0      0      0      0      0      0      0      0      1      0      0      0      0      0      0      1      0      0      0      0      0      0      0      0      0      0      0      0      0      0      0     
0x2b06155ac510           VIADD R14, R23, UR17                                                     0      0      0      1776    56832   56832   32     32     0      0      0      -                      -          -      0      0      0      0      0      0      0      0      0      -      0      0      0      0      0      0      0      0      0      0      0      0      0      0      0      0      0      0      0      0      0      0      0      0      0      0      0      0      0      0      0      0      0      0      0      0      0      0      0      0     
0x2b06155ac520           UIADD3 UR11, UPT, UPT, UR15, 0x1, URZ                                    0      0      0      1776    56832   56832   32     32     0      0      0      -                      -          -      0      0      0      0      0      0      0      0      0      -      0      0      0      0      0      0      0      0      0      0      0      0      0      0      0      0      0      0      0      0      0      0      0      0      0      0      0      0      0      0      0      0      0      0      0      0      0      0      0      0     
0x2b06155ac530           LOP3.LUT R12, R12, 0x3, RZ, 0xc0, !PT                                    0      0      0      1776    56832   56832   32     32     0      0      0      -                      -          -      0      0      0      0      0      0      0      0      0      -      0      0      0      0      0      0      0      0      0      0      0      0      0      0      0      0      0      0      0      0      0      0      0      0      0      0      0      0      0      0      0      0      0      0      0      0      0      0      0      0     
0x2b06155ac540           UIMAD.WIDE UR8, UR15, 0x55555556, URZ                                    0      0      0      1776    56832   56832   32     32     0      0      0      -                      -          -      0      0      0      0      0      0      0      0      0      -      0      0      0      0      0      0      0      0      0      0      0      0      0      0      0      0      0      0      0      0      0      0      0      0      0      0      0      0      0      0      0      0      0      0      0      0      0      0      0      0     
0x2b06155ac550           LOP3.LUT R16, R13, 0x3f, RZ, 0xc0, !PT                                   0      0      0      1776    56832   56832   32     32     0      0      0      -                      -          -      0      0      0      0      0      0      0      0      0      -      0      0      0      0      0      0      0      0      0      0      0      0      0      0      0      0      0      0      0      0      0      0      0      0      0      0      0      0      0      0      0      0      0      0      0      0      0      0      0      0     
0x2b06155ac560           UIMAD.WIDE UR4, UR10, 0x55555556, URZ                                    0      0      0      1776    56832   56832   32     32     0      0      0      -                      -          -      0      0      0      0      0      0      0      0      0      -      0      0      0      0      0      0      0      0      0      0      0      0      0      0      0      0      0      0      0      0      0      0      0      0      0      0      0      0      0      0      0      0      0      0      0      0      0      0      0      0     
0x2b06155ac570           SHF.R.U32.HI R15, RZ, 0x6, R14                                           0      0      0      1776    56832   56832   32     32     0      0      0      -                      -          -      0      0      0      0      0      0      0      0      0      -      0      0      0      0      0      0      0      0      0      0      0      0      0      0      0      0      0      0      0      0      0      0      0      0      0      0      0      0      0      0      0      0      0      0      0      0      0      0      0      0     
0x2b06155ac580           UIMAD.WIDE UR6, UR11, 0x55555556, URZ                                    0      0      0      1776    56832   56832   32     32     0      0      0      -                      -          -      0      0      0      0      0      0      0      0      0      -      0      0      0      0      0      0      0      0      0      0      0      0      0      0      0      0      0      0      0      0      0      0      0      0      0      0      0      0      0      0      0      0      0      0      0      0      0      0      0      0     
0x2b06155ac590           LOP3.LUT R14, R14, 0x3f, RZ, 0xc0, !PT                                   0      0      0      1776    56832   56832   32     32     0      0      0      -                      -          -      0      0      0      0      0      0      0      0      0      -      0      0      0      0      0      0      0      0      0      0      0      0      0      0      0      0      0      0      0      0      0      0      0      0      0      0      0      0      0      0      0      0      0      0      0      0      0      0      0      0     
0x2b06155ac5a0           ULEA.HI UR9, UR9, UR9, URZ, 0x1                                          0      0      0      1776    56832   56832   32     32     0      0      0      -                      -          -      0      0      0      0      0      0      0      0      0      -      0      0      0      0      0      0      0      0      0      0      0      0      0      0      0      0      0      0      0      0      0      0      0      0      0      0      0      0      0      0      0      0      0      0      0      0      0      0      0      0     
0x2b06155ac5b0           ULEA.HI UR5, UR5, UR5, URZ, 0x1                                          0      0      0      1776    56832   56832   32     32     0      0      0      -                      -          -      0      0      0      0      0      0      0      0      0      -      0      0      0      0      0      0      0      0      0      0      0      0      0      0      0      0      0      0      0      0      0      0      0      0      0      0      0      0      0      0      0      0      0      0      0      0      0      0      0      0     
0x2b06155ac5c0           ULEA.HI UR7, UR7, UR7, URZ, 0x1                                          0      0      0      1776    56832   56832   32     32     0      0      0      -                      -          -      0      0      0      0      0      0      0      0      0      -      0      0      0      0      0      0      0      0      0      0      0      0      0      0      0      0      0      0      0      0      0      0      0      0      0      0      0      0      0      0      0      0      0      0      0      0      0      0      0      0     
0x2b06155ac5d0           UIMAD UR9, UR9, -0x3, UR15                                               0      0      0      1776    56832   56832   32     32     0      0      0      -                      -          -      0      0      0      0      0      0      0      0      0      -      0      0      0      0      0      0      0      0      0      0      0      0      0      0      0      0      0      0      0      0      0      0      0      0      0      0      0      0      0      0      0      0      0      0      0      0      0      0      0      0     
0x2b06155ac5e0           UIMAD UR5, UR5, -0x3, UR10                                               0      0      0      1776    56832   56832   32     32     0      0      0      -                      -          -      0      0      0      0      0      0      0      0      0      -      0      0      0      0      0      0      0      0      0      0      0      0      0      0      0      0      0      0      0      0      0      0      0      0      0      0      0      0      0      0      0      0      0      0      0      0      0      0      0      0     
0x2b06155ac5f0           UIMAD UR7, UR7, -0x3, UR11                                               0      0      0      1776    56832   56832   32     32     0      0      0      -                      -          -      0      0      0      0      0      0      0      0      0      -      0      0      0      0      0      0      0      0      0      0      0      0      0      0      0      0      0      0      0      0      0      0      0      0      0      0      0      0      0      0      0      0      0      0      0      0      0      0      0      0     
0x2b06155ac600           LOP3.LUT R18, RZ, UR9, RZ, 0x33, !PT                                     0      0      0      1776    56832   56832   32     32     0      0      0      -                      -          -      0      0      0      0      0      0      0      0      0      -      0      0      0      0      0      0      0      0      0      0      0      0      0      0      0      0      0      0      0      0      0      0      0      0      0      0      0      0      0      0      0      0      0      0      0      0      0      0      0      0     
0x2b06155ac610           LDCU.64 UR18, c[0x0][0x358]                                              0      0      0      1776    56832   56832   32     32     0      0      0      -                      -          -      0      0      0      0      0      0      0      0      0      -      0      0      0      0      0      0      0      0      0      0      0      0      0      0      0      0      0      0      0      0      0      0      0      0      0      0      0      0      0      0      0      0      0      0      0      0      0      0      0      0     
0x2b06155ac620           LOP3.LUT R22, RZ, UR5, RZ, 0x33, !PT                                     0      0      0      1776    56832   56832   32     32     0      0      0      -                      -          -      0      0      0      0      0      0      0      0      0      -      0      0      0      0      0      0      0      0      0      0      0      0      0      0      0      0      0      0      0      0      0      0      0      0      0      0      0      0      0      0      0      0      0      0      0      0      0      0      0      0     
0x2b06155ac630           LOP3.LUT R20, RZ, UR7, RZ, 0x33, !PT                                     0      0      0      1776    56832   56832   32     32     0      0      0      -                      -          -      0      0      0      0      0      0      0      0      0      -      0      0      0      0      0      0      0      0      0      0      0      0      0      0      0      0      0      0      0      0      0      0      0      0      0      0      0      0      0      0      0      0      0      0      0      0      0      0      0      0     
0x2b06155ac640           VIADD R18, R18, UR15                                                     0      0      0      1776    56832   56832   32     32     0      0      0      -                      -          -      0      0      0      0      0      0      0      0      0      -      0      0      0      0      0      0      0      0      0      0      0      0      0      0      0      0      0      0      0      0      0      0      0      0      0      0      0      0      0      0      0      0      0      0      0      0      0      0      0      0     
0x2b06155ac650           VIADD R22, R22, UR15                                                     1      0      1      1776    56832   56832   32     32     0      0      0      -                      -          -      0      0      0      0      0      0      0      0      0      -      0      0      0      0      0      0      0      0      0      0      0      0      0      0      0      0      0      1      0      0      0      0      0      0      0      0      0      0      0      0      0      0      0      0      0      0      0      0      0      0     
0x2b06155ac660           VIADD R20, R20, UR15                                                     1      0      1      1776    56832   56832   32     32     0      0      0      -                      -          -      0      0      0      0      0      0      0      0      0      -      0      0      0      0      0      0      0      0      0      0      0      0      0      0      0      0      0      1      0      0      0      0      0      0      0      0      0      0      0      0      0      0      0      0      0      0      0      0      0      0     
0x2b06155ac670           IMAD.HI.U32 R4, R18, -0x55555555, RZ                                     0      0      0      1776    56832   56832   32     32     0      0      0      -                      -          -      0      0      0      0      0      0      0      0      0      -      0      0      0      0      0      0      0      0      0      0      0      0      0      0      0      0      0      0      0      0      0      0      0      0      0      0      0      0      0      0      0      0      0      0      0      0      0      0      0      0     
0x2b06155ac680           IMAD.HI.U32 R2, R22, -0x55555555, RZ                                     0      0      0      1776    56832   56832   32     32     0      0      0      -                      -          -      0      0      0      0      0      0      0      0      0      -      0      0      0      0      0      0      0      0      0      0      0      0      0      0      0      0      0      0      0      0      0      0      0      0      0      0      0      0      0      0      0      0      0      0      0      0      0      0      0      0     
0x2b06155ac690           SHF.R.U32.HI R4, RZ, 0x1, R4                                             0      0      0      1776    56832   56832   32     32     0      0      0      -                      -          -      0      0      0      0      0      0      0      0      0      -      0      0      0      0      0      0      0      0      0      0      0      0      0      0      0      0      0      0      0      0      0      0      0      0      0      0      0      0      0      0      0      0      0      0      0      0      0      0      0      0     
0x2b06155ac6a0           IMAD.HI.U32 R3, R20, -0x55555555, RZ                                     0      0      0      1776    56832   56832   32     32     0      0      0      -                      -          -      0      0      0      0      0      0      0      0      0      -      0      0      0      0      0      0      0      0      0      0      0      0      0      0      0      0      0      0      0      0      0      0      0      0      0      0      0      0      0      0      0      0      0      0      0      0      0      0      0      0     
0x2b06155ac6b0           SHF.R.U32.HI R2, RZ, 0x1, R2                                             0      0      0      1776    56832   56832   32     32     0      0      0      -                      -          -      0      0      0      0      0      0      0      0      0      -      0      0      0      0      0      0      0      0      0      0      0      0      0      0      0      0      0      0      0      0      0      0      0      0      0      0      0      0      0      0      0      0      0      0      0      0      0      0      0      0     
0x2b06155ac6c0           LOP3.LUT R17, R4, 0x1, RZ, 0xc0, !PT                                     1      0      1      1776    56832   56832   32     32     0      0      0      -                      -          -      0      0      0      0      0      0      0      0      0      -      0      0      0      0      0      0      0      0      0      0      0      0      0      0      0      0      0      1      0      0      0      0      0      0      0      0      0      0      0      0      0      0      0      0      0      0      0      0      0      0     
0x2b06155ac6d0           SHF.R.U32.HI R3, RZ, 0x1, R3                                             0      0      0      1776    56832   56832   32     32     0      0      0      -                      -          -      0      0      0      0      0      0      0      0      0      -      0      0      0      0      0      0      0      0      0      0      0      0      0      0      0      0      0      0      0      0      0      0      0      0      0      0      0      0      0      0      0      0      0      0      0      0      0      0      0      0     
0x2b06155ac6e0           LOP3.LUT R21, R2, 0x1, RZ, 0xc0, !PT                                     0      0      0      1776    56832   56832   32     32     0      0      0      -                      -          -      0      0      0      0      0      0      0      0      0      -      0      0      0      0      0      0      0      0      0      0      0      0      0      0      0      0      0      0      0      0      0      0      0      0      0      0      0      0      0      0      0      0      0      0      0      0      0      0      0      0     
0x2b06155ac6f0           LOP3.LUT R19, R3, 0x1, RZ, 0xc0, !PT                                     0      0      0      1776    56832   56832   32     32     0      0      0      -                      -          -      0      0      0      0      0      0      0      0      0      -      0      0      0      0      0      0      0      0      0      0      0      0      0      0      0      0      0      0      0      0      0      0      0      0      0      0      0      0      0      0      0      0      0      0      0      0      0      0      0      0     
0x2b06155ac700           IMAD.U32 R8, RZ, RZ, UR13                                                4      3      4      8192    262144  262144  32     32     0      0      0      -                      -          -      0      0      0      0      0      0      0      0      0      -      0      0      0      0      0      0      0      0      0      0      0      0      0      0      0      0      3      0      0      0      0      0      1      0      0      0      0      0      0      0      0      0      0      3      0      0      0      0      0      0     
0x2b06155ac710           ISETP.NE.AND P0, PT, R13, RZ, PT                                         0      0      0      8192    262144  262144  32     32     0      0      0      -                      -          -      0      0      0      0      0      0      0      0      0      -      0      0      0      0      0      0      0      0      0      0      0      0      0      0      0      0      0      0      0      0      0      0      0      0      0      0      0      0      0      0      0      0      0      0      0      0      0      0      0      0     
0x2b06155ac720           IMAD.U32 R6, RZ, RZ, UR16                                                0      0      0      8192    262144  262144  32     32     0      0      0      -                      -          -      0      0      0      0      0      0      0      0      0      -      0      0      0      0      0      0      0      0      0      0      0      0      0      0      0      0      0      0      0      0      0      0      0      0      0      0      0      0      0      0      0      0      0      0      0      0      0      0      0      0     
0x2b06155ac730           BSSY.RECONVERGENT B0, 0x2b06155ac940                                     0      0      0      8192    262144  262144  32     32     0      0      0      -                      -          -      0      0      0      0      0      0      0      0      0      -      0      0      0      0      0      0      0      0      0      0      0      0      0      0      0      0      0      0      0      0      0      0      0      0      0      0      0      0      0      0      0      0      0      0      0      0      0      0      0      0     
0x2b06155ac740           IABS R4, R8                                                              1      0      1      8192    262144  262144  32     32     0      0      0      -                      -          -      0      0      0      0      0      0      0      0      0      -      0      0      0      0      0      0      0      0      0      0      0      0      0      0      0      0      0      0      0      0      0      0      1      0      0      0      0      0      0      0      0      0      0      0      0      0      0      0      0      0     
0x2b06155ac750           IABS R6, R6                                                              0      0      0      8192    262144  262144  32     32     0      0      0      -                      -          -      0      0      0      0      0      0      0      0      0      -      0      0      0      0      0      0      0      0      0      0      0      0      0      0      0      0      0      0      0      0      0      0      0      0      0      0      0      0      0      0      0      0      0      0      0      0      0      0      0      0     
0x2b06155ac760           I2F.RP R5, R4                                                            0      0      0      8192    262144  262144  32     32     0      0      0      -                      -          -      0      0      0      0      0      0      0      0      0      -      0      0      0      0      0      0      0      0      0      0      0      0      0      0      0      0      0      0      0      0      0      0      0      0      0      0      0      0      0      0      0      0      0      0      0      0      0      0      0      0     
0x2b06155ac770           IABS R8, R8                                                              0      0      0      8192    262144  262144  32     32     0      0      0      -                      -          -      0      0      0      0      0      0      0      0      0      -      0      0      0      0      0      0      0      0      0      0      0      0      0      0      0      0      0      0      0      0      0      0      0      0      0      0      0      0      0      0      0      0      0      0      0      0      0      0      0      0     
0x2b06155ac780           MUFU.RCP R5, R5                                                          4      2      4      8192    262144  262144  32     32     0      0      0      -                      -          -      0      0      0      0      0      0      0      0      0      -      0      0      0      0      0      0      0      0      0      0      0      0      0      0      0      0      0      0      0      2      0      0      2      0      0      0      0      0      0      0      0      0      0      0      0      0      1      0      0      1     
0x2b06155ac790           VIADD R2, R5, 0xffffffe                                                  5      4      5      8192    262144  262144  32     32     0      0      0      -                      -          -      0      0      0      0      0      0      0      0      0      -      0      0      0      0      0      0      0      0      0      0      0      0      0      0      0      0      0      0      0      5      0      0      0      0      0      0      0      0      0      0      0      0      0      0      0      0      4      0      0      0     
0x2b06155ac7a0           F2I.FTZ.U32.TRUNC.NTZ R3, R2                                             1      0      1      8192    262144  262144  32     32     0      0      0      -                      -          -      0      0      0      0      0      0      0      0      0      -      0      0      0      0      0      0      0      0      0      0      0      0      0      0      0      0      0      0      0      0      0      0      1      0      0      0      0      0      0      0      0      0      0      0      0      0      0      0      0      0     
0x2b06155ac7b0           IMAD.MOV.U32 R2, RZ, RZ, RZ                                              4      2      4      8192    262144  262144  32     32     0      0      0      -                      -          -      0      0      0      0      0      0      0      0      0      -      0      0      0      0      0      0      0      0      0      0      0      0      0      0      0      0      0      0      1      3      0      0      0      0      0      0      0      0      0      0      0      0      0      0      0      0      2      0      0      0     
0x2b06155ac7c0           IMAD.MOV R7, RZ, RZ, -R3                                                 2      2      2      8192    262144  262144  32     32     0      0      0      -                      -          -      0      0      0      0      0      0      0      0      0      -      0      0      0      0      0      0      0      0      0      0      0      0      0      0      0      0      0      0      0      1      0      0      1      0      0      0      0      0      0      0      0      0      0      0      0      0      1      0      0      1     
0x2b06155ac7d0           IMAD R7, R7, R4, RZ                                                      0      0      0      8192    262144  262144  32     32     0      0      0      -                      -          -      0      0      0      0      0      0      0      0      0      -      0      0      0      0      0      0      0      0      0      0      0      0      0      0      0      0      0      0      0      0      0      0      0      0      0      0      0      0      0      0      0      0      0      0      0      0      0      0      0      0     
0x2b06155ac7e0           IMAD.HI.U32 R3, R3, R7, R2                                               1      1      1      8192    262144  262144  32     32     0      0      0      -                      -          -      0      0      0      0      0      0      0      0      0      -      0      0      0      0      0      0      0      0      0      0      0      0      0      0      0      0      0      0      0      0      0      0      1      0      0      0      0      0      0      0      0      0      0      0      0      0      0      0      0      1     
0x2b06155ac7f0           IMAD.HI.U32 R3, R3, R6, RZ                                               3      2      3      8192    262144  262144  32     32     0      0      0      -                      -          -      0      0      0      0      0      0      0      0      0      -      0      0      0      0      0      0      0      0      0      0      0      0      0      0      0      0      0      0      0      0      0      0      3      0      0      0      0      0      0      0      0      0      0      0      0      0      0      0      0      2     
0x2b06155ac800     @P0   BRA 0x2b06155ac930                                                       0      0      0      8192    262144  260096  32     31     1      1      2048   -                      -          -      0      0      0      0      0      0      0      0      0      -      0      0      0      0      0      0      0      0      0      0      0      0      0      0      0      0      0      0      0      0      0      0      0      0      0      0      0      0      0      0      0      0      0      0      0      0      0      0      0      0     
0x2b06155ac810           S2UR UR8, SR_CgaCtaId                                                    1      1      1      2048    2048    2048    1      1      30     31     0      -                      -          -      0      0      0      0      0      0      0      0      0      -      0      0      0      0      0      0      0      0      0      0      0      0      0      0      0      0      0      0      0      0      0      0      1      0      0      0      0      0      0      0      0      0      0      0      0      0      0      0      0      1     
0x2b06155ac820           UMOV UR7, 0x400                                                          0      0      0      2048    2048    2048    1      1      0      31     0      -                      -          -      0      0      0      0      0      0      0      0      0      -      0      0      0      0      0      0      0      0      0      0      0      0      0      0      0      0      0      0      0      0      0      0      0      0      0      0      0      0      0      0      0      0      0      0      0      0      0      0      0      0     
0x2b06155ac830           UMOV UR4, 0x1                                                            0      0      0      2048    2048    2048    1      1      0      31     0      -                      -          -      0      0      0      0      0      0      0      0      0      -      0      0      0      0      0      0      0      0      0      0      0      0      0      0      0      0      0      0      0      0      0      0      0      0      0      0      0      0      0      0      0      0      0      0      0      0      0      0      0      0     
0x2b06155ac840           UIADD3 UR6, UPT, UPT, UR7, 0x8, URZ                                      0      0      0      2048    2048    2048    1      1      0      31     0      -                      -          -      0      0      0      0      0      0      0      0      0      -      0      0      0      0      0      0      0      0      0      0      0      0      0      0      0      0      0      0      0      0      0      0      0      0      0      0      0      0      0      0      0      0      0      0      0      0      0      0      0      0     
0x2b06155ac850           UIADD3 UR7, UPT, UPT, UR7, 0x20, URZ                                     0      0      0      2048    2048    2048    1      1      0      31     0      -                      -          -      0      0      0      0      0      0      0      0      0      -      0      0      0      0      0      0      0      0      0      0      0      0      0      0      0      0      0      0      0      0      0      0      0      0      0      0      0      0      0      0      0      0      0      0      0      0      0      0      0      0     
0x2b06155ac860           UIADD3 UR4, UPT, UPT, -UR4, 0x100000, URZ                                0      0      0      2048    2048    2048    1      1      0      31     0      -                      -          -      0      0      0      0      0      0      0      0      0      -      0      0      0      0      0      0      0      0      0      0      0      0      0      0      0      0      0      0      0      0      0      0      0      0      0      0      0      0      0      0      0      0      0      0      0      0      0      0      0      0     
0x2b06155ac870           USHF.L.U32 UR5, UR4, 0xb, URZ                                            0      0      0      2048    2048    2048    1      1      0      31     0      -                      -          -      0      0      0      0      0      0      0      0      0      -      0      0      0      0      0      0      0      0      0      0      0      0      0      0      0      0      0      0      0      0      0      0      0      0      0      0      0      0      0      0      0      0      0      0      0      0      0      0      0      0     
0x2b06155ac880           USHF.L.U32 UR4, UR4, 0x1, URZ                                            0      0      0      2048    2048    2048    1      1      0      31     0      -                      -          -      0      0      0      0      0      0      0      0      0      -      0      0      0      0      0      0      0      0      0      0      0      0      0      0      0      0      0      0      0      0      0      0      0      0      0      0      0      0      0      0      0      0      0      0      0      0      0      0      0      0     
0x2b06155ac890           ULEA UR6, UR8, UR6, 0x18                                                 0      0      0      2048    2048    2048    1      1      0      31     0      -                      -          -      0      0      0      0      0      0      0      0      0      -      0      0      0      0      0      0      0      0      0      0      0      0      0      0      0      0      0      0      0      0      0      0      0      0      0      0      0      0      0      0      0      0      0      0      0      0      0      0      0      0     
0x2b06155ac8a0           ULEA UR7, UR8, UR7, 0x18                                                 0      0      0      2048    2048    2048    1      1      0      31     0      -                      -          -      0      0      0      0      0      0      0      0      0      -      0      0      0      0      0      0      0      0      0      0      0      0      0      0      0      0      0      0      0      0      0      0      0      0      0      0      0      0      0      0      0      0      0      0      0      0      0      0      0      0     
0x2b06155ac8b0           FENCE.VIEW.ASYNC.S                                                       0      0      0      2048    2048    2048    1      1      0      31     0      -                      -          -      0      0      0      0      0      0      0      0      0      -      0      0      0      0      0      0      0      0      0      0      0      0      0      0      0      0      0      0      0      0      0      0      0      0      0      0      0      0      0      0      0      0      0      0      0      0      0      0      0      0     
0x2b06155ac8c0           SYNCS.EXCH.64 URZ, [UR6], UR4                                            0      0      0      2048    2048    2048    1      1      0      31     0      -                      -          -      0      0      0      0      0      0      0      0      0      -      0      0      0      0      0      0      0      0      0      0      0      0      0      0      0      0      0      0      0      0      0      0      0      0      0      0      0      0      0      0      0      0      0      0      0      0      0      0      0      0     
0x2b06155ac8d0           SYNCS.EXCH.64 URZ, [UR7], UR4                                            0      0      0      2048    2048    2048    1      1      0      31     0      -                      -          -      0      0      0      0      0      0      0      0      0      -      0      0      0      0      0      0      0      0      0      0      0      0      0      0      0      0      0      0      0      0      0      0      0      0      0      0      0      0      0      0      0      0      0      0      0      0      0      0      0      0     
0x2b06155ac8e0           SYNCS.EXCH.64 URZ, [UR6+0x8], UR4                                        0      0      0      2048    2048    2048    1      1      0      31     0      -                      -          -      0      0      0      0      0      0      0      0      0      -      0      0      0      0      0      0      0      0      0      0      0      0      0      0      0      0      0      0      0      0      0      0      0      0      0      0      0      0      0      0      0      0      0      0      0      0      0      0      0      0     
0x2b06155ac8f0           SYNCS.EXCH.64 URZ, [UR7+0x8], UR4                                        0      0      0      2048    2048    2048    1      1      0      31     0      -                      -          -      0      0      0      0      0      0      0      0      0      -      0      0      0      0      0      0      0      0      0      0      0      0      0      0      0      0      0      0      0      0      0      0      0      0      0      0      0      0      0      0      0      0      0      0      0      0      0      0      0      0     
0x2b06155ac900           SYNCS.EXCH.64 URZ, [UR6+0x10], UR4                                       0      0      0      2048    2048    2048    1      1      0      31     0      -                      -          -      0      0      0      0      0      0      0      0      0      -      0      0      0      0      0      0      0      0      0      0      0      0      0      0      0      0      0      0      0      0      0      0      0      0      0      0      0      0      0      0      0      0      0      0      0      0      0      0      0      0     
0x2b06155ac910           SYNCS.EXCH.64 URZ, [UR7+0x10], UR4                                       0      0      0      2048    2048    2048    1      1      0      31     0      -                      -          -      0      0      0      0      0      0      0      0      0      -      0      0      0      0      0      0      0      0      0      0      0      0      0      0      0      0      0      0      0      0      0      0      0      0      0      0      0      0      0      0      0      0      0      0      0      0      0      0      0      0     
0x2b06155ac920           NOP                                                                      0      0      0      2048    2048    2048    1      1      0      31     0      -                      -          -      0      0      0      0      0      0      0      0      0      -      0      0      0      0      0      0      0      0      0      0      0      0      0      0      0      0      0      0      0      0      0      0      0      0      0      0      0      0      0      0      0      0      0      0      0      0      0      0      0      0     
0x2b06155ac930           BSYNC.RECONVERGENT B0                                                    0      0      0      10240   262144  262144  25     25     24     7      0      -                      -          -      0      0      0      0      0      0      0      0      0      -      0      0      0      0      0      0      0      0      0      0      0      0      0      0      0      0      0      0      0      0      0      0      0      0      0      0      0      0      0      0      0      0      0      0      0      0      0      0      0      0     
0x2b06155ac940           R2UR UR4, R3                                                             1      0      1      8192    262144  262144  32     32     7      0      0      -                      -          -      0      0      0      0      0      0      0      0      0      -      0      0      0      0      0      0      0      1      0      0      0      0      0      0      0      0      0      0      0      0      0      0      0      0      0      0      0      0      0      0      0      0      0      0      0      0      0      0      0      0     
0x2b06155ac950           IMAD.MOV R3, RZ, RZ, -R8                                                 2      0      2      8192    262144  262144  32     32     0      0      0      -                      -          -      0      0      0      0      0      0      0      0      0      -      0      0      0      0      0      0      0      0      0      0      0      0      0      0      0      0      0      0      2      0      0      0      0      0      0      0      0      0      0      0      0      0      0      0      0      0      0      0      0      0     
0x2b06155ac960           S2UR UR6, SR_CgaCtaId                                                    0      0      0      8192    262144  262144  32     32     0      0      0      -                      -          -      0      0      0      0      0      0      0      0      0      -      0      0      0      0      0      0      0      0      0      0      0      0      0      0      0      0      0      0      0      0      0      0      0      0      0      0      0      0      0      0      0      0      0      0      0      0      0      0      0      0     
0x2b06155ac970           S2R R5, SR_SWINHI                                                        0      0      0      8192    262144  262144  32     32     0      0      0      -                      -          -      0      0      0      0      0      0      0      0      0      -      0      0      0      0      0      0      0      0      0      0      0      0      0      0      0      0      0      0      0      0      0      0      0      0      0      0      0      0      0      0      0      0      0      0      0      0      0      0      0      0     
0x2b06155ac980           ULOP3.LUT UR5, UR16, UR13, URZ, 0x3c, !UPT                               2      0      2      8192    262144  262144  32     32     0      0      0      -                      -          -      0      0      0      0      0      0      0      0      0      -      0      0      0      0      0      0      0      0      0      0      0      0      0      0      0      0      0      0      2      0      0      0      0      0      0      0      0      0      0      0      0      0      0      0      0      0      0      0      0      0     
0x2b06155ac990           BAR.SYNC.DEFER_BLOCKING 0x0                                              1      0      1      8192    262144  262144  32     32     0      0      0      -                      -          -      0      0      0      0      0      0      0      0      0      -      0      0      0      0      0      0      0      0      0      0      0      0      0      0      0      0      0      1      0      0      0      0      0      0      0      0      0      0      0      0      0      0      0      0      0      0      0      0      0      0     
0x2b06155ac9a0           IMAD R3, R3, UR4, R6                                                     1      1      1      8192    262144  262144  32     32     0      0      0      -                      -          -      0      0      0      0      0      0      0      0      0      -      0      0      0      0      0      0      0      0      0      0      0      0      0      0      0      0      0      0      0      0      0      0      1      0      0      0      0      0      0      0      0      0      0      0      0      0      0      0      0      1     
0x2b06155ac9b0           ISETP.GT.U32.AND P0, PT, R4, R3, PT                                      1      0      1      8192    262144  262144  32     32     0      0      0      -                      -          -      0      0      0      0      0      0      0      0      0      -      0      0      0      0      0      0      0      0      0      0      0      0      0      0      0      0      0      0      0      0      0      0      1      0      0      0      0      0      0      0      0      0      0      0      0      0      0      0      0      0     
0x2b06155ac9c0           VOTEU.ANY UP0, P0                                                        22     14     22     8192    262144  262144  32     32     0      0      0      -                      -          -      0      0      0      0      0      0      0      0      0      -      0      0      0      0      0      0      21     0      0      0      0      0      0      0      0      0      0      0      1      0      0      0      0      14     0      0      0      0      0      0      0      0      0      0      0      0      0      0      0      0     
0x2b06155ac9d0           PLOP3.LUT P0, PT, PT, PT, UP0, 0x80, 0x8                                 0      0      0      8192    262144  262144  32     32     0      0      0      -                      -          -      0      0      0      0      0      0      0      0      0      -      0      0      0      0      0      0      0      0      0      0      0      0      0      0      0      0      0      0      0      0      0      0      0      0      0      0      0      0      0      0      0      0      0      0      0      0      0      0      0      0     
0x2b06155ac9e0     @!UP0 UIADD3 UR4, UPT, UPT, UR4, 0x1, URZ                                      0      0      0      8192    262144  3968    32     0      32     32     0      -                      -          -      0      0      0      0      0      0      0      0      0      -      0      0      0      0      0      0      0      0      0      0      0      0      0      0      0      0      0      0      0      0      0      0      0      0      0      0      0      0      0      0      0      0      0      0      0      0      0      0      0      0     
0x2b06155ac9f0           UISETP.GE.AND UP0, UPT, UR5, URZ, UPT                                    1      0      1      8192    262144  262144  32     32     32     0      0      -                      -          -      0      0      0      0      0      0      0      0      0      -      0      0      0      0      0      0      0      0      0      0      0      0      0      0      0      0      0      0      1      0      0      0      0      0      0      0      0      0      0      0      0      0      0      0      0      0      0      0      0      0     
0x2b06155aca00           UMOV UR5, 0x400                                                          0      0      0      8192    262144  262144  32     32     0      0      0      -                      -          -      0      0      0      0      0      0      0      0      0      -      0      0      0      0      0      0      0      0      0      0      0      0      0      0      0      0      0      0      0      0      0      0      0      0      0      0      0      0      0      0      0      0      0      0      0      0      0      0      0      0     
0x2b06155aca10           IMAD.U32 R2, RZ, RZ, UR5                                                 1      1      1      8192    262144  262144  32     32     0      0      0      -                      -          -      0      0      0      0      0      0      0      0      0      -      0      0      0      0      0      0      0      0      0      0      0      0      0      0      0      0      0      0      0      0      0      0      1      0      0      0      0      0      0      0      0      0      0      0      0      0      0      0      0      1     
0x2b06155aca20     @!P0  IMAD.IADD R3, R3, 0x1, -R4                                               0      0      0      8192    262144  3968    32     0      32     32     0      -                      -          -      0      0      0      0      0      0      0      0      0      -      0      0      0      0      0      0      0      0      0      0      0      0      0      0      0      0      0      0      0      0      0      0      0      0      0      0      0      0      0      0      0      0      0      0      0      0      0      0      0      0     
0x2b06155aca30           ISETP.GE.U32.AND P0, PT, R3, R4, PT                                      1      1      1      8192    262144  262144  32     32     32     0      0      -                      -          -      0      0      0      0      0      0      0      0      0      -      0      0      0      0      0      0      0      0      0      0      0      0      0      0      0      0      0      0      0      0      0      0      1      0      0      0      0      0      0      0      0      0      0      0      0      0      0      0      0      1     
0x2b06155aca40           IMAD.U32 R3, RZ, RZ, UR6                                                 0      0      0      8192    262144  262144  32     32     0      0      0      -                      -          -      0      0      0      0      0      0      0      0      0      -      0      0      0      0      0      0      0      0      0      0      0      0      0      0      0      0      0      0      0      0      0      0      0      0      0      0      0      0      0      0      0      0      0      0      0      0      0      0      0      0     
0x2b06155aca50           VIADD R4, R2, 0x40                                                       0      0      0      8192    262144  262144  32     32     0      0      0      -                      -          -      0      0      0      0      0      0      0      0      0      -      0      0      0      0      0      0      0      0      0      0      0      0      0      0      0      0      0      0      0      0      0      0      0      0      0      0      0      0      0      0      0      0      0      0      0      0      0      0      0      0     
0x2b06155aca60           LEA R4, R3, R4, 0x18                                                     1      0      1      8192    262144  262144  32     32     0      0      0      -                      -          -      0      0      0      0      0      0      0      0      0      -      0      0      0      0      0      0      0      0      0      0      0      0      0      0      0      0      0      0      0      0      0      0      1      0      0      0      0      0      0      0      0      0      0      0      0      0      0      0      0      0     
0x2b06155aca70           MOV R24, R4                                                              1      1      1      8192    262144  262144  32     32     0      0      0      -                      -          -      0      0      0      0      0      0      0      0      0      -      0      0      0      0      0      0      0      0      0      0      0      0      0      0      0      0      0      0      0      0      0      0      1      0      0      0      0      0      0      0      0      0      0      0      0      0      0      0      0      1     
0x2b06155aca80           MOV R25, R5                                                              1      0      1      8192    262144  262144  32     32     0      0      0      -                      -          -      0      0      0      0      0      0      0      0      0      -      0      0      0      0      0      0      0      0      0      0      0      0      0      0      0      0      0      0      1      0      0      0      0      0      0      0      0      0      0      0      0      0      0      0      0      0      0      0      0      0     
0x2b06155aca90           VOTEU.ANY UP1, P0                                                        0      0      0      8192    262144  262144  32     32     0      0      0      -                      -          -      0      0      0      0      0      0      0      0      0      -      0      0      0      0      0      0      0      0      0      0      0      0      0      0      0      0      0      0      0      0      0      0      0      0      0      0      0      0      0      0      0      0      0      0      0      0      0      0      0      0     
0x2b06155acaa0           ISETP.NE.AND P0, PT, R13, RZ, PT                                         0      0      0      8192    262144  262144  32     32     0      0      0      -                      -          -      0      0      0      0      0      0      0      0      0      -      0      0      0      0      0      0      0      0      0      0      0      0      0      0      0      0      0      0      0      0      0      0      0      0      0      0      0      0      0      0      0      0      0      0      0      0      0      0      0      0     
0x2b06155acab0           IADD3 R4, P1, PT, R24, 0x3ff, RZ                                         0      0      0      8192    262144  262144  32     32     0      0      0      -                      -          -      0      0      0      0      0      0      0      0      0      -      0      0      0      0      0      0      0      0      0      0      0      0      0      0      0      0      0      0      0      0      0      0      0      0      0      0      0      0      0      0      0      0      0      0      0      0      0      0      0      0     
0x2b06155acac0     @UP1  UIADD3 UR4, UPT, UPT, UR4, 0x1, URZ                                      1      0      1      8192    262144  0       32     0      32     32     0      -                      -          -      0      0      0      0      0      0      0      0      0      -      0      0      0      0      0      0      0      0      0      0      0      0      0      0      0      0      0      0      1      0      0      0      0      0      0      0      0      0      0      0      0      0      0      0      0      0      0      0      0      0     
0x2b06155acad0           UISETP.NE.AND UP1, UPT, UR13, URZ, UPT                                   0      0      0      8192    262144  262144  32     32     32     0      0      -                      -          -      0      0      0      0      0      0      0      0      0      -      0      0      0      0      0      0      0      0      0      0      0      0      0      0      0      0      0      0      0      0      0      0      0      0      0      0      0      0      0      0      0      0      0      0      0      0      0      0      0      0     
0x2b06155acae0           IMAD.X R25, RZ, RZ, R25, P1                                              0      0      0      8192    262144  262144  32     32     0      0      0      -                      -          -      0      0      0      0      0      0      0      0      0      -      0      0      0      0      0      0      0      0      0      0      0      0      0      0      0      0      0      0      0      0      0      0      0      0      0      0      0      0      0      0      0      0      0      0      0      0      0      0      0      0     
0x2b06155acaf0     @!UP0 UIADD3 UR4, UPT, UPT, URZ, -UR4, URZ                                     0      0      0      8192    262144  0       32     0      32     32     0      -                      -          -      0      0      0      0      0      0      0      0      0      -      0      0      0      0      0      0      0      0      0      0      0      0      0      0      0      0      0      0      0      0      0      0      0      0      0      0      0      0      0      0      0      0      0      0      0      0      0      0      0      0     
0x2b06155acb00           LOP3.LUT R24, R4, 0xfffffc00, RZ, 0xc0, !PT                              1      0      1      8192    262144  262144  32     32     32     0      0      -                      -          -      0      0      0      0      0      0      0      0      0      -      0      0      0      0      0      0      0      0      0      0      0      0      0      0      0      0      0      0      1      0      0      0      0      0      0      0      0      0      0      0      0      0      0      0      0      0      0      0      0      0     
0x2b06155acb10     @!UP1 ULOP3.LUT UR4, URZ, UR13, URZ, 0x33, !UPT                                1      0      1      8192    262144  0       32     0      32     32     0      -                      -          -      0      0      0      0      0      0      0      0      0      -      0      0      0      0      0      0      0      0      0      0      0      0      0      0      0      0      0      0      0      0      0      0      1      0      0      0      0      0      0      0      0      0      0      0      0      0      0      0      0      0     
0x2b06155acb20           UIADD3 UR11, UPT, UPT, URZ, -UR4, URZ                                    1      0      1      8192    262144  262144  32     32     32     0      0      -                      -          -      0      0      0      0      0      0      0      0      0      -      0      0      0      0      0      0      0      0      0      0      0      0      0      0      0      0      0      0      0      0      0      0      1      0      0      0      0      0      0      0      0      0      0      0      0      0      0      0      0      0     
0x2b06155acb30           USHF.L.U32 UR7, UR4, 0x7, URZ                                            1      0      1      8192    262144  262144  32     32     0      0      0      -                      -          -      0      0      0      0      0      0      0      0      0      -      0      0      0      0      0      0      0      0      0      0      0      0      0      0      0      0      0      0      1      0      0      0      0      0      0      0      0      0      0      0      0      0      0      0      0      0      0      0      0      0     
0x2b06155acb40           UIMAD UR11, UR13, UR11, UR16                                             0      0      0      8192    262144  262144  32     32     0      0      0      -                      -          -      0      0      0      0      0      0      0      0      0      -      0      0      0      0      0      0      0      0      0      0      0      0      0      0      0      0      0      0      0      0      0      0      0      0      0      0      0      0      0      0      0      0      0      0      0      0      0      0      0      0     
0x2b06155acb50           USHF.L.U32 UR11, UR11, 0x6, URZ                                          0      0      0      8192    262144  262144  32     32     0      0      0      -                      -          -      0      0      0      0      0      0      0      0      0      -      0      0      0      0      0      0      0      0      0      0      0      0      0      0      0      0      0      0      0      0      0      0      0      0      0      0      0      0      0      0      0      0      0      0      0      0      0      0      0      0     
0x2b06155acb60     @!P0  BRA 0x2b06155ad230                                                       1      0      1      8192    262144  2048    32     0      32     32     2048   -                      -          -      0      0      0      0      0      0      0      0      0      -      0      0      0      0      0      0      0      0      1      0      0      0      0      0      0      0      0      0      0      0      0      0      0      0      0      0      0      0      0      0      0      0      0      0      0      0      0      0      0      0     
0x2b06155acb70           LDC R4, c[0x0][0x3a0]                                                    2      2      2      8192    260096  260096  31     31     31     1      0      -                      -          -      0      0      0      0      0      0      0      0      0      -      0      0      0      0      0      0      0      0      0      0      0      0      0      0      0      0      0      0      0      0      0      0      2      0      0      0      0      0      0      0      0      0      0      0      0      0      0      0      0      2     
0x2b06155acb80           ISETP.GE.AND P0, PT, R4, 0x40, PT                                        4      2      4      8192    260096  260096  31     31     0      1      0      -                      -          -      0      0      0      0      0      0      0      0      0      -      0      0      0      0      0      0      0      0      0      0      0      0      0      0      0      0      0      0      0      4      0      0      0      0      0      0      0      0      0      0      0      0      0      0      0      0      2      0      0      0     
0x2b06155acb90           ISETP.NE.OR P0, PT, R13, 0x20, !P0                                       0      0      0      8192    260096  260096  31     31     0      1      0      -                      -          -      0      0      0      0      0      0      0      0      0      -      0      0      0      0      0      0      0      0      0      0      0      0      0      0      0      0      0      0      0      0      0      0      0      0      0      0      0      0      0      0      0      0      0      0      0      0      0      0      0      0     
0x2b06155acba0     @P0   BRA 0x2b06155ad670                                                       4      4      4      8192    260096  258048  31     31     0      1      2048   -                      -          -      0      0      0      0      0      0      0      0      0      -      0      0      0      0      0      0      0      0      0      0      0      0      0      0      0      0      0      0      0      0      0      0      4      0      0      0      0      0      0      0      0      0      0      0      0      0      0      0      0      4     
0x2b06155acbb0           S2R R3, SR_CgaCtaId                                                      0      0      0      2048    2048    2048    1      1      30     31     0      -                      -          -      0      0      0      0      0      0      0      0      0      -      0      0      0      0      0      0      0      0      0      0      0      0      0      0      0      0      0      0      0      0      0      0      0      0      0      0      0      0      0      0      0      0      0      0      0      0      0      0      0      0     
0x2b06155acbc0           IMAD.MOV.U32 R4, RZ, RZ, RZ                                              0      0      0      2048    2048    2048    1      1      0      31     0      -                      -          -      0      0      0      0      0      0      0      0      0      -      0      0      0      0      0      0      0      0      0      0      0      0      0      0      0      0      0      0      0      0      0      0      0      0      0      0      0      0      0      0      0      0      0      0      0      0      0      0      0      0     
0x2b06155acbd0           MOV R2, 0x400                                                            0      0      0      2048    2048    2048    1      1      0      31     0      -                      -          -      0      0      0      0      0      0      0      0      0      -      0      0      0      0      0      0      0      0      0      0      0      0      0      0      0      0      0      0      0      0      0      0      0      0      0      0      0      0      0      0      0      0      0      0      0      0      0      0      0      0     
0x2b06155acbe0           IMAD.HI.U32 R5, R4, -0x55555555, RZ                                      12     11     12     131072  131072  131072  1      1      0      31     0      -                      -          -      0      0      0      0      0      0      0      0      0      -      0      0      0      0      0      0      0      8      0      0      0      0      0      0      0      0      3      0      0      0      0      0      1      0      7      0      0      0      0      0      0      0      0      3      0      0      0      0      0      1     
0x2b06155acbf0           YIELD                                                                    23     21     23     131072  131072  131072  1      1      0      31     0      -                      -          -      0      0      0      0      0      0      0      0      0      -      0      0      0      0      0      0      0      0      0      0      0      0      0      0      0      0      0      0      1      22     0      0      0      0      0      0      0      0      0      0      0      0      0      0      0      0      21     0      0      0     
0x2b06155acc00           VIADD R6, R2, 0x20                                                       166    150    166    131072  131072  131072  1      1      0      31     0      -                      -          -      0      0      0      0      0      0      0      0      0      -      0      0      0      0      0      0      0      134    0      0      0      0      1      0      0      4      6      0      6      0      0      0      15     0      125    0      0      0      0      1      0      0      4      6      0      0      0      0      0      14    
0x2b06155acc10           SHF.R.U32.HI R7, RZ, 0x1, R5                                             3      0      3      131072  131072  131072  1      1      0      31     0      -                      -          -      0      0      0      0      0      0      0      0      0      -      0      0      0      0      0      0      0      0      0      0      0      0      0      0      0      0      0      0      3      0      0      0      0      0      0      0      0      0      0      0      0      0      0      0      0      0      0      0      0      0     
0x2b06155acc20           LEA R8, R3, R6, 0x18                                                     10     8      10     131072  131072  131072  1      1      0      31     0      -                      -          -      0      0      0      0      0      0      0      0      0      -      0      0      0      0      0      0      0      0      0      0      0      0      0      0      0      0      0      0      2      0      0      0      8      0      0      0      0      0      0      0      0      0      0      0      0      0      0      0      0      8     
0x2b06155acc30           IMAD R5, R7, -0x3, R4                                                    3      0      3      131072  131072  131072  1      1      0      31     0      -                      -          -      0      0      0      0      0      0      0      0      0      -      0      0      0      0      0      0      0      0      0      0      0      0      0      0      0      0      0      0      3      0      0      0      0      0      0      0      0      0      0      0      0      0      0      0      0      0      0      0      0      0     
0x2b06155acc40           LOP3.LUT R6, R7, 0x1, RZ, 0xc0, !PT                                      4      0      4      131072  131072  131072  1      1      0      31     0      -                      -          -      0      0      0      0      0      0      0      0      0      -      0      0      0      0      0      0      0      0      0      0      0      0      0      0      0      0      0      0      4      0      0      0      0      0      0      0      0      0      0      0      0      0      0      0      0      0      0      0      0      0     
0x2b06155acc50           IMAD R7, R5, 0x8, R8                                                     7      6      7      131072  131072  131072  1      1      0      31     0      -                      -          -      0      0      0      0      0      0      0      0      0      -      0      0      0      0      0      0      0      0      0      0      0      0      0      0      0      0      0      0      1      0      0      0      6      0      0      0      0      0      0      0      0      0      0      0      0      0      0      0      0      6     
0x2b06155acc60           SHF.L.U32 R8, R6, 0x1f, RZ                                               2      0      2      131072  131072  131072  1      1      0      31     0      -                      -          -      0      0      0      0      0      0      0      0      0      -      0      0      0      0      0      0      0      0      0      0      0      0      0      0      0      0      0      0      2      0      0      0      0      0      0      0      0      0      0      0      0      0      0      0      0      0      0      0      0      0     
0x2b06155acc70           MOV R6, R24                                                              4      0      4      131072  131072  131072  1      1      0      31     0      -                      -          -      0      0      0      0      0      0      0      0      0      -      0      0      0      0      0      0      0      0      0      0      0      0      0      0      0      0      0      0      4      0      0      0      0      0      0      0      0      0      0      0      0      0      0      0      0      0      0      0      0      0     
0x2b06155acc80           SYNCS.PHASECHK.TRANS64.TRYWAIT P0, [R7+URZ], R8                          5      2      5      131072  131072  131072  1      1      0      31     0      -                      -          -      0      0      0      0      0      0      0      0      0      -      0      0      0      0      0      0      0      0      0      0      0      0      0      0      0      0      0      0      2      0      0      0      3      0      0      0      0      0      0      0      0      0      0      0      0      0      0      0      0      2     
0x2b06155acc90           IMAD R6, R5, 0x6000, R6                                                  7      3      7      131072  131072  131072  1      1      0      31     0      -                      -          -      0      0      0      0      0      0      0      0      0      -      0      0      0      0      0      0      0      0      0      0      0      0      0      0      0      0      0      0      4      0      0      0      3      0      0      0      0      0      0      0      0      0      0      0      0      0      0      0      0      3     
0x2b06155acca0     @!P0  BRA 0x2b06155ae7c0                                                       104    91     104    131072  131072  2048    1      0      1      32     0      -                      -          -      0      0      0      0      0      0      0      0      0      -      0      0      0      0      0      0      0      0      0      0      0      95     0      0      0      0      0      2      7      0      0      0      0      0      0      0      0      0      91     0      0      0      0      0      0      0      0      0      0      0     
0x2b06155accb0           VIADD R8, R2, 0x8                                                        21     20     21     131072  131072  131072  1      1      1      31     0      -                      -          -      0      0      0      0      0      0      0      0      0      -      0      0      0      0      0      0      0      3      0      0      0      0      0      0      0      0      5      0      1      0      0      0      12     0      3      0      0      0      0      0      0      0      0      5      0      0      0      0      0      12    
0x2b06155accc0           R2UR UR10, R6                                                            1      0      1      131072  131072  131072  1      1      0      31     0      -                      -          -      0      0      0      0      0      0      0      0      0      -      0      0      0      0      0      0      0      0      0      0      0      0      0      0      0      0      0      0      1      0      0      0      0      0      0      0      0      0      0      0      0      0      0      0      0      0      0      0      0      0     
0x2b06155accd0           IMAD.SHL.U32 R6, R4, 0x4, RZ                                             2      0      2      131072  131072  131072  1      1      0      31     0      -                      -          -      0      0      0      0      0      0      0      0      0      -      0      0      0      0      0      0      0      0      0      0      0      0      0      0      0      0      0      0      2      0      0      0      0      0      0      0      0      0      0      0      0      0      0      0      0      0      0      0      0      0     
0x2b06155acce0           PLOP3.LUT P0, PT, PT, PT, PT, 0x80, 0x8                                  6      0      6      131072  131072  131072  1      1      0      31     0      -                      -          -      0      0      0      0      0      0      0      0      0      -      0      0      0      0      0      0      0      0      0      0      0      0      0      0      0      0      0      0      6      0      0      0      0      0      0      0      0      0      0      0      0      0      0      0      0      0      0      0      0      0     
0x2b06155accf0           NOP                                                                      6      0      6      131072  131072  131072  1      1      0      31     0      -                      -          -      0      0      0      0      0      0      0      0      0      -      0      0      0      0      0      0      0      0      0      0      0      0      0      0      0      0      0      0      6      0      0      0      0      0      0      0      0      0      0      0      0      0      0      0      0      0      0      0      0      0     
0x2b06155acd00           LEA R8, R3, R8, 0x18                                                     3      0      3      131072  131072  131072  1      1      0      31     0      -                      -          -      0      0      0      0      0      0      0      0      0      -      0      0      0      0      0      0      0      0      0      0      0      0      0      0      0      0      0      0      3      0      0      0      0      0      0      0      0      0      0      0      0      0      0      0      0      0      0      0      0      0     
0x2b06155acd10           UMOV UR20, 0x0                                                           4      0      4      131072  131072  131072  1      1      0      31     0      -                      -          -      0      0      0      0      0      0      0      0      0      -      0      0      0      0      0      0      0      0      0      0      0      0      0      0      0      0      0      0      4      0      0      0      0      0      0      0      0      0      0      0      0      0      0      0      0      0      0      0      0      0     
0x2b06155acd20           R2UR UR9, R6                                                             3      0      3      131072  131072  131072  1      1      0      31     0      -                      -          -      0      0      0      0      0      0      0      0      0      -      0      0      0      0      0      0      0      0      0      0      0      0      0      0      0      0      0      0      3      0      0      0      0      0      0      0      0      0      0      0      0      0      0      0      0      0      0      0      0      0     
0x2b06155acd30           UMOV UR21, 0x8100490                                                     4      0      4      131072  131072  131072  1      1      0      31     0      -                      -          -      0      0      0      0      0      0      0      0      0      -      0      0      0      0      0      0      0      0      0      0      0      0      0      0      0      0      0      0      4      0      0      0      0      0      0      0      0      0      0      0      0      0      0      0      0      0      0      0      0      0     
0x2b06155acd40           IMAD R8, R5, 0x8, R8                                                     5      3      5      131072  131072  131072  1      1      0      31     0      -                      -          -      0      0      0      0      0      0      0      0      0      -      0      0      0      0      0      0      0      0      0      0      0      0      0      0      0      0      0      0      1      0      0      0      4      0      0      0      0      0      0      0      0      0      0      0      0      0      0      0      0      3     
0x2b06155acd50           UIADD3 UR4, UPT, UPT, UR10, 0x4000, URZ                                  14     9      14     131072  131072  131072  1      1      0      31     0      -                      -          -      0      0      0      0      0      0      0      0      0      -      0      0      0      0      0      0      0      0      0      0      0      0      0      0      0      0      0      0      3      0      0      0      11     0      0      0      0      0      0      0      0      0      0      0      0      0      0      0      0      9     
0x2b06155acd60           R2UR UR6, R8                                                             1      0      1      131072  131072  131072  1      1      0      31     0      -                      -          -      0      0      0      0      0      0      0      0      0      -      0      0      0      0      0      0      0      0      0      0      0      0      0      0      0      0      0      0      1      0      0      0      0      0      0      0      0      0      0      0      0      0      0      0      0      0      0      0      0      0     
0x2b06155acd70           USHF.R.U32.HI UR5, URZ, 0x4, UR10                                        4      0      4      131072  131072  131072  1      1      0      31     0      -                      -          -      0      0      0      0      0      0      0      0      0      -      0      0      0      0      0      0      0      0      0      0      0      0      0      0      0      0      0      0      4      0      0      0      0      0      0      0      0      0      0      0      0      0      0      0      0      0      0      0      0      0     
0x2b06155acd80           USHF.R.U32.HI UR8, URZ, 0x4, UR4                                         5      1      5      131072  131072  131072  1      1      0      31     0      -                      -          -      0      0      0      0      0      0      0      0      0      -      0      0      0      0      0      0      0      0      0      0      0      0      0      0      0      0      0      0      3      0      0      0      2      0      0      0      0      0      0      0      0      0      0      0      0      0      0      0      0      1     
0x2b06155acd90           ULOP3.LUT UR4, UR5, 0x3fff, URZ, 0xc0, !UPT                              4      4      4      131072  131072  131072  1      1      0      31     0      -                      -          -      0      0      0      0      0      0      0      0      0      -      0      0      0      0      0      0      0      0      0      0      0      0      0      0      0      0      0      0      0      0      0      0      4      0      0      0      0      0      0      0      0      0      0      0      0      0      0      0      0      4     
0x2b06155acda0           UISETP.NE.U32.AND UP0, UPT, UR9, URZ, UPT                                6      1      6      131072  131072  131072  1      1      0      31     0      -                      -          -      0      0      0      0      0      0      0      0      0      -      0      0      0      0      0      0      0      0      0      0      0      0      0      0      0      0      0      0      4      0      0      0      2      0      0      0      0      0      0      0      0      0      0      0      0      0      0      0      0      1     
0x2b06155acdb0           ULOP3.LUT UR8, UR8, 0x3fff, URZ, 0xc0, !UPT                              10     5      10     131072  131072  131072  1      1      0      31     0      -                      -          -      0      0      0      0      0      0      0      0      0      -      0      0      0      0      0      0      0      0      0      0      0      0      0      0      0      0      0      0      5      0      0      0      5      0      0      0      0      0      0      0      0      0      0      0      0      0      0      0      0      5     
0x2b06155acdc0           UMOV UR5, 0x40004040                                                     3      0      3      131072  131072  131072  1      1      0      31     0      -                      -          -      0      0      0      0      0      0      0      0      0      -      0      0      0      0      0      0      0      0      0      0      0      0      0      0      0      0      0      0      3      0      0      0      0      0      0      0      0      0      0      0      0      0      0      0      0      0      0      0      0      0     
0x2b06155acdd0           UMOV UR9, 0x40004040                                                     5      0      5      131072  131072  131072  1      1      0      31     0      -                      -          -      0      0      0      0      0      0      0      0      0      -      0      0      0      0      0      0      0      0      0      0      0      0      0      0      0      0      0      0      5      0      0      0      0      0      0      0      0      0      0      0      0      0      0      0      0      0      0      0      0      0     
0x2b06155acde0     @P0   ELECT P1, URZ, PT                                                        39     32     39     131072  131072  131072  1      1      0      31     0      -                      -          -      0      0      0      0      0      0      0      0      0      -      0      0      0      0      0      0      0      0      0      0      0      0      0      0      0      0      0      0      2      0      0      0      37     0      0      0      0      0      0      0      0      0      0      0      0      0      0      0      0      32    
0x2b06155acdf0           UTCHMMA gdesc[UR4], gdesc[UR8], tmem[UR12], tmem[UR20], idesc[UR21], UP0 3      0      3      131072  131072  131072  1      1      0      31     0      TmemShared             Load,Store -      0      0      0      0      0      0      0      0      0      -      0      0      0      0      0      0      0      0      0      0      0      0      0      0      0      0      0      0      3      0      0      0      0      0      0      0      0      0      0      0      0      0      0      0      0      0      0      0      0      0     
0x2b06155ace00     @P1   PLOP3.LUT P0, PT, P1, PT, PT, 0x8, 0x80                                  24     22     24     131072  131072  131072  1      1      0      31     0      -                      -          -      0      0      0      0      0      0      0      0      0      -      0      0      0      0      0      0      0      0      0      0      0      0      0      0      0      0      0      0      2      0      0      0      22     0      0      0      0      0      0      0      0      0      0      0      0      0      0      0      0      22    
0x2b06155ace10           PLOP3.LUT P1, PT, PT, PT, PT, 0x8, 0x80                                  5      1      5      131072  131072  131072  1      1      0      31     0      -                      -          -      0      0      0      0      0      0      0      0      0      -      0      0      0      0      0      0      0      0      1      0      0      0      0      0      0      0      0      0      3      0      0      0      1      0      0      1      0      0      0      0      0      0      0      0      0      0      0      0      0      0     
0x2b06155ace20     @P0   BRA.U.ANY 0x2b06155acde0                                                 28     25     28     131072  131072  0       1      0      1      32     0      -                      -          -      0      0      0      0      0      0      0      0      0      -      0      0      0      0      0      0      0      0      0      0      0      0      0      0      0      0      0      0      1      0      0      0      27     0      0      0      0      0      0      0      0      0      0      0      0      0      0      0      0      25    
0x2b06155ace30           VIADD R5, R6, 0x10                                                       12     8      12     131072  131072  131072  1      1      1      31     0      -                      -          -      0      0      0      0      0      0      0      0      0      -      0      0      0      0      0      0      0      0      0      0      0      0      0      0      0      0      0      1      3      0      0      0      8      0      0      0      0      0      0      0      0      0      0      0      0      0      0      0      0      8     
0x2b06155ace40           UIADD3 UR5, UPT, UPT, UR10, 0x4020, URZ                                  4      0      4      131072  131072  131072  1      1      0      31     0      -                      -          -      0      0      0      0      0      0      0      0      0      -      0      0      0      0      0      0      0      0      0      0      0      0      0      0      0      0      0      0      4      0      0      0      0      0      0      0      0      0      0      0      0      0      0      0      0      0      0      0      0      0     
0x2b06155ace50           PLOP3.LUT P0, PT, PT, PT, PT, 0x80, 0x8                                  2      0      2      131072  131072  131072  1      1      0      31     0      -                      -          -      0      0      0      0      0      0      0      0      0      -      0      0      0      0      0      0      0      0      0      0      0      0      0      0      0      0      0      0      2      0      0      0      0      0      0      0      0      0      0      0      0      0      0      0      0      0      0      0      0      0     
0x2b06155ace60           UIADD3 UR4, UPT, UPT, UR10, 0x20, URZ                                    2      0      2      131072  131072  131072  1      1      0      31     0      -                      -          -      0      0      0      0      0      0      0      0      0      -      0      0      0      0      0      0      0      0      0      0      0      0      0      0      0      0      0      0      2      0      0      0      0      0      0      0      0      0      0      0      0      0      0      0      0      0      0      0      0      0     
0x2b06155ace70           R2UR UR9, R5                                                             5      2      5      131072  131072  131072  1      1      0      31     0      -                      -          -      0      0      0      0      0      0      0      0      0      -      0      0      0      0      0      0      0      0      0      0      0      0      0      0      0      0      0      0      2      0      0      0      3      0      0      0      0      0      0      0      0      0      0      0      0      0      0      0      0      2     
0x2b06155ace80           USHF.R.U32.HI UR5, URZ, 0x4, UR5                                         0      0      0      131072  131072  131072  1      1      0      31     0      -                      -          -      0      0      0      0      0      0      0      0      0      -      0      0      0      0      0      0      0      0      0      0      0      0      0      0      0      0      0      0      0      0      0      0      0      0      0      0      0      0      0      0      0      0      0      0      0      0      0      0      0      0     
0x2b06155ace90           USHF.R.U32.HI UR4, URZ, 0x4, UR4                                         7      3      7      131072  131072  131072  1      1      0      31     0      -                      -          -      0      0      0      0      0      0      0      0      0      -      0      0      0      0      0      0      0      0      0      0      0      0      0      0      0      0      0      0      4      0      0      0      3      0      0      0      0      0      0      0      0      0      0      0      0      0      0      0      0      3     
0x2b06155acea0           ULOP3.LUT UR8, UR5, 0x3fff, URZ, 0xc0, !UPT                              5      2      5      131072  131072  131072  1      1      0      31     0      -                      -          -      0      0      0      0      0      0      0      0      0      -      0      0      0      0      0      0      0      0      0      0      0      0      0      0      0      0      0      0      3      0      0      0      2      0      0      0      0      0      0      0      0      0      0      0      0      0      0      0      0      2     
0x2b06155aceb0           ULOP3.LUT UR4, UR4, 0x3fff, URZ, 0xc0, !UPT                              7      3      7      131072  131072  131072  1      1      0      31     0      -                      -          -      0      0      0      0      0      0      0      0      0      -      0      0      0      0      0      0      0      0      0      0      0      0      0      0      0      0      0      0      4      0      0      0      3      0      0      0      0      0      0      0      0      0      0      0      0      0      0      0      0      3     
0x2b06155acec0           UMOV UR5, 0x40004040                                                     4      0      4      131072  131072  131072  1      1      0      31     0      -                      -          -      0      0      0      0      0      0      0      0      0      -      0      0      0      0      0      0      0      0      0      0      0      0      0      0      0      0      0      0      4      0      0      0      0      0      0      0      0      0      0      0      0      0      0      0      0      0      0      0      0      0     
0x2b06155aced0           UISETP.NE.U32.AND UP0, UPT, UR9, URZ, UPT                                15     10     15     131072  131072  131072  1      1      0      31     0      -                      -          -      0      0      0      0      0      0      0      0      0      -      0      0      0      0      0      0      0      0      3      0      0      0      0      0      0      0      0      0      4      0      0      0      8      0      0      3      0      0      0      0      0      0      0      0      0      0      0      0      0      7     
0x2b06155acee0           UMOV UR9, 0x40004040                                                     14     8      14     131072  131072  131072  1      1      0      31     0      -                      -          -      0      0      0      0      0      0      0      0      0      -      0      0      0      0      0      0      0      0      0      0      0      0      0      0      0      0      0      0      6      0      0      0      8      0      0      0      0      0      0      0      0      0      0      0      0      0      0      0      0      8     
0x2b06155acef0     @P0   ELECT P1, URZ, PT                                                        26     21     26     131072  131072  131072  1      1      0      31     0      -                      -          -      0      0      0      0      0      0      0      0      0      -      0      0      0      0      0      0      0      0      0      0      0      0      0      0      0      0      0      0      3      0      0      0      23     0      0      0      0      0      0      0      0      0      0      0      0      0      0      0      0      21    
0x2b06155acf00           UTCHMMA gdesc[UR4], gdesc[UR8], tmem[UR12], tmem[UR20], idesc[UR21], UP0 1      0      1      131072  131072  131072  1      1      0      31     0      TmemShared             Load,Store -      0      0      0      0      0      0      0      0      0      -      0      0      0      0      0      0      0      0      0      0      0      0      0      0      0      0      0      0      1      0      0      0      0      0      0      0      0      0      0      0      0      0      0      0      0      0      0      0      0      0     
0x2b06155acf10     @P1   PLOP3.LUT P0, PT, P1, PT, PT, 0x8, 0x80                                  31     31     31     131072  131072  131072  1      1      0      31     0      -                      -          -      0      0      0      0      0      0      0      0      0      -      0      0      0      0      0      0      0      0      0      0      0      0      0      0      0      0      0      0      0      0      0      0      31     0      0      0      0      0      0      0      0      0      0      0      0      0      0      0      0      31    
0x2b06155acf20           PLOP3.LUT P1, PT, PT, PT, PT, 0x8, 0x80                                  6      2      6      131072  131072  131072  1      1      0      31     0      -                      -          -      0      0      0      0      0      0      0      0      0      -      0      0      0      0      0      0      0      0      0      0      0      0      0      0      0      0      0      0      4      0      0      0      2      0      0      0      0      0      0      0      0      0      0      0      0      0      0      0      0      2     
0x2b06155acf30     @P0   BRA.U.ANY 0x2b06155acef0                                                 29     24     29     131072  131072  0       1      0      1      32     0      -                      -          -      0      0      0      0      0      0      0      0      0      -      0      0      0      0      0      0      0      0      0      0      0      0      0      0      0      0      0      0      4      0      0      0      25     0      0      0      0      0      0      0      0      0      0      0      0      0      0      0      0      24    
0x2b06155acf40           VIADD R5, R6, 0x20                                                       10     8      10     131072  131072  131072  1      1      1      31     0      -                      -          -      0      0      0      0      0      0      0      0      0      -      0      0      0      0      0      0      0      0      0      0      0      0      0      0      0      0      0      0      2      0      0      0      8      0      0      0      0      0      0      0      0      0      0      0      0      0      0      0      0      8     
0x2b06155acf50           UIADD3 UR5, UPT, UPT, UR10, 0x4040, URZ                                  3      0      3      131072  131072  131072  1      1      0      31     0      -                      -          -      0      0      0      0      0      0      0      0      0      -      0      0      0      0      0      0      0      0      0      0      0      0      0      0      0      0      0      0      3      0      0      0      0      0      0      0      0      0      0      0      0      0      0      0      0      0      0      0      0      0     
0x2b06155acf60           PLOP3.LUT P0, PT, PT, PT, PT, 0x80, 0x8                                  3      0      3      131072  131072  131072  1      1      0      31     0      -                      -          -      0      0      0      0      0      0      0      0      0      -      0      0      0      0      0      0      0      0      0      0      0      0      0      0      0      0      0      0      3      0      0      0      0      0      0      0      0      0      0      0      0      0      0      0      0      0      0      0      0      0     
0x2b06155acf70           UIADD3 UR4, UPT, UPT, UR10, 0x40, URZ                                    2      0      2      131072  131072  131072  1      1      0      31     0      -                      -          -      0      0      0      0      0      0      0      0      0      -      0      0      0      0      0      0      0      0      0      0      0      0      0      0      0      0      0      0      2      0      0      0      0      0      0      0      0      0      0      0      0      0      0      0      0      0      0      0      0      0     
0x2b06155acf80           R2UR UR9, R5                                                             5      2      5      131072  131072  131072  1      1      0      31     0      -                      -          -      0      0      0      0      0      0      0      0      0      -      0      0      0      0      0      0      0      0      0      0      0      0      1      0      0      0      0      0      3      0      0      0      1      0      0      0      0      0      0      1      0      0      0      0      0      0      0      0      0      1     
0x2b06155acf90           USHF.R.U32.HI UR5, URZ, 0x4, UR5                                         5      0      5      131072  131072  131072  1      1      0      31     0      -                      -          -      0      0      0      0      0      0      0      0      0      -      0      0      0      0      0      0      0      0      0      0      0      0      0      0      0      0      0      0      5      0      0      0      0      0      0      0      0      0      0      0      0      0      0      0      0      0      0      0      0      0     
0x2b06155acfa0           USHF.R.U32.HI UR4, URZ, 0x4, UR4                                         1      1      1      131072  131072  131072  1      1      0      31     0      -                      -          -      0      0      0      0      0      0      0      0      0      -      0      0      0      0      0      0      0      0      0      0      0      0      0      0      0      0      0      0      0      0      0      0      1      0      0      0      0      0      0      0      0      0      0      0      0      0      0      0      0      1     
0x2b06155acfb0           ULOP3.LUT UR8, UR5, 0x3fff, URZ, 0xc0, !UPT                              4      2      4      131072  131072  131072  1      1      0      31     0      -                      -          -      0      0      0      0      0      0      0      0      0      -      0      0      0      0      0      0      0      0      0      0      0      0      0      0      0      0      0      0      2      0      0      0      2      0      0      0      0      0      0      0      0      0      0      0      0      0      0      0      0      2     
0x2b06155acfc0           ULOP3.LUT UR4, UR4, 0x3fff, URZ, 0xc0, !UPT                              7      3      7      131072  131072  131072  1      1      0      31     0      -                      -          -      0      0      0      0      0      0      0      0      0      -      0      0      0      0      0      0      0      0      0      0      0      0      0      0      0      0      0      0      4      0      0      0      3      0      0      0      0      0      0      0      0      0      0      0      0      0      0      0      0      3     
0x2b06155acfd0           UMOV UR5, 0x40004040                                                     5      0      5      131072  131072  131072  1      1      0      31     0      -                      -          -      0      0      0      0      0      0      0      0      0      -      0      0      0      0      0      0      0      0      0      0      0      0      0      0      0      0      0      0      5      0      0      0      0      0      0      0      0      0      0      0      0      0      0      0      0      0      0      0      0      0     
0x2b06155acfe0           UISETP.NE.U32.AND UP0, UPT, UR9, URZ, UPT                                16     10     16     131072  131072  131072  1      1      0      31     0      -                      -          -      0      0      0      0      0      0      0      0      0      -      0      0      0      0      0      0      0      0      2      0      0      0      0      0      0      0      0      1      4      0      0      0      9      0      0      2      0      0      0      0      0      0      0      0      0      0      0      0      0      8     
0x2b06155acff0           UMOV UR9, 0x40004040                                                     10     3      10     131072  131072  131072  1      1      0      31     0      -                      -          -      0      0      0      0      0      0      0      0      0      -      0      0      0      0      0      0      0      0      0      0      0      0      0      0      0      0      0      0      6      0      0      0      4      0      0      0      0      0      0      0      0      0      0      0      0      0      0      0      0      3     
0x2b06155ad000     @P0   ELECT P1, URZ, PT                                                        18     17     18     131072  131072  131072  1      1      0      31     0      -                      -          -      0      0      0      0      0      0      0      0      0      -      0      0      0      0      0      0      0      0      0      0      0      0      0      0      0      0      0      0      0      0      0      0      18     0      0      0      0      0      0      0      0      0      0      0      0      0      0      0      0      17    
0x2b06155ad010           UTCHMMA gdesc[UR4], gdesc[UR8], tmem[UR12], tmem[UR20], idesc[UR21], UP0 6      0      6      131072  131072  131072  1      1      0      31     0      TmemShared             Load,Store -      0      0      0      0      0      0      0      0      0      -      0      0      0      0      0      0      0      0      0      0      0      0      0      0      0      0      0      0      6      0      0      0      0      0      0      0      0      0      0      0      0      0      0      0      0      0      0      0      0      0     
0x2b06155ad020     @P1   PLOP3.LUT P0, PT, P1, PT, PT, 0x8, 0x80                                  32     29     32     131072  131072  131072  1      1      0      31     0      -                      -          -      0      0      0      0      0      0      0      0      0      -      0      0      0      0      0      0      0      0      0      0      0      0      0      0      0      0      0      0      0      0      0      0      32     0      0      0      0      0      0      0      0      0      0      0      0      0      0      0      0      29    
0x2b06155ad030           PLOP3.LUT P1, PT, PT, PT, PT, 0x8, 0x80                                  6      3      6      131072  131072  131072  1      1      0      31     0      -                      -          -      0      0      0      0      0      0      0      0      0      -      0      0      0      0      0      0      0      0      0      0      0      0      0      0      0      0      0      0      3      0      0      0      3      0      0      0      0      0      0      0      0      0      0      0      0      0      0      0      0      3     
0x2b06155ad040     @P0   BRA.U.ANY 0x2b06155ad000                                                 31     21     31     131072  131072  0       1      0      1      32     0      -                      -          -      0      0      0      0      0      0      0      0      0      -      0      0      0      0      0      0      0      0      0      0      0      0      0      0      0      0      0      0      6      0      0      0      25     0      0      0      0      0      0      0      0      0      0      0      0      0      0      0      0      21    
0x2b06155ad050           VIADD R6, R6, 0x30                                                       16     12     16     131072  131072  131072  1      1      1      31     0      -                      -          -      0      0      0      0      0      0      0      0      0      -      0      0      0      0      0      0      0      0      0      0      0      0      0      0      0      0      0      0      4      0      0      0      12     0      0      0      0      0      0      0      0      0      0      0      0      0      0      0      0      12    
0x2b06155ad060           UIADD3 UR4, UPT, UPT, UR10, 0x60, URZ                                    12     10     12     131072  131072  131072  1      1      0      31     0      -                      -          -      0      0      0      0      0      0      0      0      0      -      0      0      0      0      0      0      0      0      0      0      0      0      0      0      0      0      0      0      2      10     0      0      0      0      0      0      0      0      0      0      0      0      0      0      0      0      10     0      0      0     
0x2b06155ad070           PLOP3.LUT P0, PT, PT, PT, PT, 0x80, 0x8                                  5      0      5      131072  131072  131072  1      1      0      31     0      -                      -          -      0      0      0      0      0      0      0      0      0      -      0      0      0      0      0      0      0      0      0      0      0      0      0      0      0      0      0      0      5      0      0      0      0      0      0      0      0      0      0      0      0      0      0      0      0      0      0      0      0      0     
0x2b06155ad080           UIADD3 UR10, UPT, UPT, UR10, 0x4060, URZ                                 3      0      3      131072  131072  131072  1      1      0      31     0      -                      -          -      0      0      0      0      0      0      0      0      0      -      0      0      0      0      0      0      0      0      0      0      0      0      0      0      0      0      0      0      3      0      0      0      0      0      0      0      0      0      0      0      0      0      0      0      0      0      0      0      0      0     
0x2b06155ad090           R2UR UR5, R6                                                             8      4      8      131072  131072  131072  1      1      0      31     0      -                      -          -      0      0      0      0      0      0      0      0      0      -      0      0      0      0      0      0      0      0      0      0      0      0      0      0      0      0      0      0      4      0      0      0      4      0      0      0      0      0      0      0      0      0      0      0      0      0      0      0      0      4     
0x2b06155ad0a0           USHF.R.U32.HI UR4, URZ, 0x4, UR4                                         3      0      3      131072  131072  131072  1      1      0      31     0      -                      -          -      0      0      0      0      0      0      0      0      0      -      0      0      0      0      0      0      0      0      0      0      0      0      0      0      0      0      0      0      3      0      0      0      0      0      0      0      0      0      0      0      0      0      0      0      0      0      0      0      0      0     
0x2b06155ad0b0           USHF.R.U32.HI UR10, URZ, 0x4, UR10                                       3      2      3      131072  131072  131072  1      1      0      31     0      -                      -          -      0      0      0      0      0      0      0      0      0      -      0      0      0      0      0      0      0      0      0      0      0      0      1      0      0      0      0      0      1      0      0      0      1      0      0      0      0      0      0      1      0      0      0      0      0      0      0      0      0      1     
0x2b06155ad0c0           ULOP3.LUT UR4, UR4, 0x3fff, URZ, 0xc0, !UPT                              3      2      3      131072  131072  131072  1      1      0      31     0      -                      -          -      0      0      0      0      0      0      0      0      0      -      0      0      0      0      0      0      0      0      0      0      0      0      0      0      0      0      0      0      1      0      0      0      2      0      0      0      0      0      0      0      0      0      0      0      0      0      0      0      0      2     
0x2b06155ad0d0           ULOP3.LUT UR8, UR10, 0x3fff, URZ, 0xc0, !UPT                             9      4      9      131072  131072  131072  1      1      0      31     0      -                      -          -      0      0      0      0      0      0      0      0      0      -      0      0      0      0      0      0      0      0      0      0      0      0      0      0      0      0      0      0      4      0      0      0      5      0      0      0      0      0      0      0      0      0      0      0      0      0      0      0      0      4     
0x2b06155ad0e0           UMOV UR9, 0x40004040                                                     4      0      4      131072  131072  131072  1      1      0      31     0      -                      -          -      0      0      0      0      0      0      0      0      0      -      0      0      0      0      0      0      0      0      0      0      0      0      0      0      0      0      0      0      4      0      0      0      0      0      0      0      0      0      0      0      0      0      0      0      0      0      0      0      0      0     
0x2b06155ad0f0           UISETP.NE.U32.AND UP0, UPT, UR5, URZ, UPT                                12     8      12     131072  131072  131072  1      1      0      31     0      -                      -          -      0      0      0      0      0      0      0      0      0      -      0      0      0      0      0      0      0      0      0      0      0      0      0      0      0      0      0      0      3      0      0      0      9      0      0      0      0      0      0      0      0      0      0      0      0      0      0      0      0      8     
0x2b06155ad100           UMOV UR5, 0x40004040                                                     8      1      8      131072  131072  131072  1      1      0      31     0      -                      -          -      0      0      0      0      0      0      0      0      0      -      0      0      0      0      0      0      0      0      0      0      0      0      0      0      0      0      0      0      4      0      0      0      4      0      0      0      0      0      0      0      0      0      0      0      0      0      0      0      0      1     
0x2b06155ad110     @P0   ELECT P1, URZ, PT                                                        32     28     32     131072  131072  131072  1      1      0      31     0      -                      -          -      0      0      0      0      0      0      0      0      0      -      0      0      0      0      0      0      0      0      0      0      0      0      0      0      0      0      0      0      4      0      0      0      28     0      0      0      0      0      0      0      0      0      0      0      0      0      0      0      0      28    
0x2b06155ad120           UTCHMMA gdesc[UR4], gdesc[UR8], tmem[UR12], tmem[UR20], idesc[UR21], UP0 3      0      3      131072  131072  131072  1      1      0      31     0      TmemShared             Load,Store -      0      0      0      0      0      0      0      0      0      -      0      0      0      0      0      0      0      0      0      0      0      0      0      0      0      0      0      0      3      0      0      0      0      0      0      0      0      0      0      0      0      0      0      0      0      0      0      0      0      0     
0x2b06155ad130     @P1   PLOP3.LUT P0, PT, P1, PT, PT, 0x8, 0x80                                  32     26     32     131072  131072  131072  1      1      0      31     0      -                      -          -      0      0      0      0      0      0      0      0      0      -      0      0      0      0      0      0      0      0      0      0      0      0      1      0      0      0      0      0      2      0      0      0      29     0      0      0      0      0      0      1      0      0      0      0      0      0      0      0      0      25    
0x2b06155ad140           PLOP3.LUT P1, PT, PT, PT, PT, 0x8, 0x80                                  9      3      9      131072  131072  131072  1      1      0      31     0      -                      -          -      0      0      0      0      0      0      0      0      0      -      0      0      0      0      0      0      0      0      0      0      0      0      0      0      0      0      0      0      6      0      0      0      3      0      0      0      0      0      0      0      0      0      0      0      0      0      0      0      0      3     
0x2b06155ad150     @P0   BRA.U.ANY 0x2b06155ad110                                                 26     19     26     131072  131072  0       1      0      1      32     0      -                      -          -      0      0      0      0      0      0      0      0      0      -      0      0      0      0      0      0      0      0      0      0      0      0      0      0      0      0      0      1      3      0      0      0      22     0      0      0      0      0      0      0      0      0      0      0      0      0      0      0      0      19    
0x2b06155ad160           PLOP3.LUT P0, PT, PT, PT, PT, 0x80, 0x8                                  10     6      10     131072  131072  131072  1      1      1      31     0      -                      -          -      0      0      0      0      0      0      0      0      0      -      0      0      0      0      0      0      0      0      0      0      0      0      0      0      0      0      0      1      3      0      0      0      6      0      0      0      0      0      0      0      0      0      0      0      0      0      0      0      0      6     
0x2b06155ad170           UMOV UR4, UR6                                                            26     24     26     131072  131072  131072  1      1      0      31     0      -                      -          -      0      0      0      0      0      0      0      0      0      -      0      0      0      0      0      0      0      0      0      0      0      0      0      0      0      0      0      0      2      24     0      0      0      0      0      0      0      0      0      0      0      0      0      0      0      0      24     0      0      0     
0x2b06155ad180           UMOV UR5, URZ                                                            4      0      4      131072  131072  131072  1      1      0      31     0      -                      -          -      0      0      0      0      0      0      0      0      0      -      0      0      0      0      0      0      0      0      0      0      0      0      0      0      0      0      0      0      4      0      0      0      0      0      0      0      0      0      0      0      0      0      0      0      0      0      0      0      0      0     
0x2b06155ad190           UMOV UR4, UR4                                                            7      5      7      131072  131072  131072  1      1      0      31     0      -                      -          -      0      0      0      0      0      0      0      0      0      -      0      0      0      0      0      0      0      0      0      0      0      0      0      0      0      0      0      0      1      0      0      0      6      0      0      0      0      0      0      0      0      0      0      0      0      0      0      0      0      5     
0x2b06155ad1a0     @P0   ELECT P1, URZ, PT                                                        29     20     29     131072  131072  131072  1      1      0      31     0      -                      -          -      0      0      0      0      0      0      0      0      0      -      0      0      0      0      0      0      0      0      0      0      0      0      0      0      0      0      0      1      3      0      0      0      25     0      0      0      0      0      0      0      0      0      0      0      0      0      0      0      0      20    
0x2b06155ad1b0           UTCBAR [UR4], URZ                                                        3      0      3      131072  131072  131072  1      1      0      31     0      -                      -          -      0      0      0      0      0      0      0      0      0      -      0      0      0      0      0      0      0      0      0      0      0      0      0      0      0      0      0      0      3      0      0      0      0      0      0      0      0      0      0      0      0      0      0      0      0      0      0      0      0      0     
0x2b06155ad1c0     @P1   PLOP3.LUT P0, PT, P1, PT, PT, 0x8, 0x80                                  36     34     36     131072  131072  131072  1      1      0      31     0      -                      -          -      0      0      0      0      0      0      0      0      0      -      0      0      0      0      0      0      0      0      0      0      0      0      0      0      0      0      0      0      2      0      0      0      34     0      0      0      0      0      0      0      0      0      0      0      0      0      0      0      0      34    
0x2b06155ad1d0           PLOP3.LUT P1, PT, PT, PT, PT, 0x8, 0x80                                  1      1      1      131072  131072  131072  1      1      0      31     0      -                      -          -      0      0      0      0      0      0      0      0      0      -      0      0      0      0      0      0      0      0      0      0      0      0      0      0      0      0      0      0      0      0      0      0      1      0      0      0      0      0      0      0      0      0      0      0      0      0      0      0      0      1     
0x2b06155ad1e0     @P0   BRA.U.ANY 0x2b06155ad1a0                                                 29     28     29     131072  131072  0       1      0      1      32     0      -                      -          -      0      0      0      0      0      0      0      0      0      -      0      0      0      0      0      0      0      0      0      0      0      0      0      0      0      0      0      0      1      0      0      0      28     0      0      0      0      0      0      0      0      0      0      0      0      0      0      0      0      28    
0x2b06155ad1f0           VIADD R4, R4, 0x1                                                        12     10     12     131072  131072  131072  1      1      1      31     0      -                      -          -      0      0      0      0      0      0      0      0      0      -      0      0      0      0      0      0      0      0      0      0      0      0      0      0      0      0      0      0      2      0      0      0      10     0      0      0      0      0      0      0      0      0      0      0      0      0      0      0      0      10    
0x2b06155ad200           ISETP.NE.AND P0, PT, R4, UR15, PT                                        19     14     19     131072  131072  131072  1      1      0      31     0      -                      -          -      0      0      0      0      0      0      0      0      0      -      0      0      0      0      0      0      0      0      0      0      0      0      0      0      0      0      0      0      1      0      0      0      18     0      0      0      0      0      0      0      0      0      0      0      0      0      0      0      0      14    
0x2b06155ad210     @P0   BRA 0x2b06155acbe0                                                       29     25     29     131072  131072  129024  1      0      1      32     0      -                      -          -      0      0      0      0      0      0      0      0      0      -      0      0      0      0      0      0      0      0      0      0      0      0      0      0      0      0      0      0      1      0      0      0      28     0      0      0      0      0      0      0      0      0      0      0      0      0      0      0      0      25    
0x2b06155ad220           BRA 0x2b06155ad670                                                       14     9      14     2048    2048    2048    1      1      1      31     0      -                      -          -      0      0      0      0      0      0      0      0      0      -      0      0      0      0      0      0      0      0      0      0      0      0      0      0      0      0      0      0      4      0      0      0      10     0      0      0      0      0      0      0      0      0      0      0      0      0      0      0      0      9     
0x2b06155ad230           LDCU UR4, c[0x0][0x3a0]                                                  3      3      3      2048    2048    2048    1      1      0      31     0      -                      -          -      0      0      0      0      0      0      0      0      0      -      0      0      0      0      0      0      0      0      0      0      0      0      0      0      0      0      3      0      0      0      0      0      0      0      0      0      0      0      0      0      0      0      0      3      0      0      0      0      0      0     
0x2b06155ad240           UISETP.GE.AND UP0, UPT, UR4, 0x40, UPT                                   0      0      0      2048    2048    2048    1      1      0      31     0      -                      -          -      0      0      0      0      0      0      0      0      0      -      0      0      0      0      0      0      0      0      0      0      0      0      0      0      0      0      0      0      0      0      0      0      0      0      0      0      0      0      0      0      0      0      0      0      0      0      0      0      0      0     
0x2b06155ad250           BRA.U !UP0, 0x2b06155ad670                                               0      0      0      2048    2048    2048    1      1      0      31     0      -                      -          -      0      0      0      0      0      0      0      0      0      -      0      0      0      0      0      0      0      0      0      0      0      0      0      0      0      0      0      0      0      0      0      0      0      0      0      0      0      0      0      0      0      0      0      0      0      0      0      0      0      0     
0x2b06155ad260           LDCU.64 UR4, c[0x0][0x348]                                               0      0      0      2048    2048    2048    1      1      0      31     0      -                      -          -      0      0      0      0      0      0      0      0      0      -      0      0      0      0      0      0      0      0      0      0      0      0      0      0      0      0      0      0      0      0      0      0      0      0      0      0      0      0      0      0      0      0      0      0      0      0      0      0      0      0     
0x2b06155ad270           S2R R3, SR_CgaCtaId                                                      0      0      0      2048    2048    2048    1      1      0      31     0      -                      -          -      0      0      0      0      0      0      0      0      0      -      0      0      0      0      0      0      0      0      0      0      0      0      0      0      0      0      0      0      0      0      0      0      0      0      0      0      0      0      0      0      0      0      0      0      0      0      0      0      0      0     
0x2b06155ad280           IMAD.MOV.U32 R8, RZ, RZ, RZ                                              0      0      0      2048    2048    2048    1      1      0      31     0      -                      -          -      0      0      0      0      0      0      0      0      0      -      0      0      0      0      0      0      0      0      0      0      0      0      0      0      0      0      0      0      0      0      0      0      0      0      0      0      0      0      0      0      0      0      0      0      0      0      0      0      0      0     
0x2b06155ad290           MOV R2, 0x400                                                            0      0      0      2048    2048    2048    1      1      0      31     0      -                      -          -      0      0      0      0      0      0      0      0      0      -      0      0      0      0      0      0      0      0      0      0      0      0      0      0      0      0      0      0      0      0      0      0      0      0      0      0      0      0      0      0      0      0      0      0      0      0      0      0      0      0     
0x2b06155ad2a0           IMAD.MOV.U32 R11, RZ, RZ, 0x6000                                         0      0      0      2048    2048    2048    1      1      0      31     0      -                      -          -      0      0      0      0      0      0      0      0      0      -      0      0      0      0      0      0      0      0      0      0      0      0      0      0      0      0      0      0      0      0      0      0      0      0      0      0      0      0      0      0      0      0      0      0      0      0      0      0      0      0     
0x2b06155ad2b0           MOV R10, R24                                                             0      0      0      2048    2048    2048    1      1      0      31     0      -                      -          -      0      0      0      0      0      0      0      0      0      -      0      0      0      0      0      0      0      0      0      0      0      0      0      0      0      0      0      0      0      0      0      0      0      0      0      0      0      0      0      0      0      0      0      0      0      0      0      0      0      0     
0x2b06155ad2c0           UIADD3 UR6, UP0, UPT, UR4, 0x80, URZ                                     0      0      0      2048    2048    2048    1      1      0      31     0      -                      -          -      0      0      0      0      0      0      0      0      0      -      0      0      0      0      0      0      0      0      0      0      0      0      0      0      0      0      0      0      0      0      0      0      0      0      0      0      0      0      0      0      0      0      0      0      0      0      0      0      0      0     
0x2b06155ad2d0           UIADD3 UR9, UP1, UPT, UR4, 0x100, URZ                                    0      0      0      2048    2048    2048    1      1      0      31     0      -                      -          -      0      0      0      0      0      0      0      0      0      -      0      0      0      0      0      0      0      0      0      0      0      0      0      0      0      0      0      0      0      0      0      0      0      0      0      0      0      0      0      0      0      0      0      0      0      0      0      0      0      0     
0x2b06155ad2e0           UIADD3.X UR8, UPT, UPT, URZ, UR5, URZ, UP0, !UPT                         0      0      0      2048    2048    2048    1      1      0      31     0      -                      -          -      0      0      0      0      0      0      0      0      0      -      0      0      0      0      0      0      0      0      0      0      0      0      0      0      0      0      0      0      0      0      0      0      0      0      0      0      0      0      0      0      0      0      0      0      0      0      0      0      0      0     
0x2b06155ad2f0           UIADD3.X UR4, UPT, UPT, URZ, UR5, URZ, UP1, !UPT                         0      0      0      2048    2048    2048    1      1      0      31     0      -                      -          -      0      0      0      0      0      0      0      0      0      -      0      0      0      0      0      0      0      0      0      0      0      0      0      0      0      0      0      0      0      0      0      0      0      0      0      0      0      0      0      0      0      0      0      0      0      0      0      0      0      0     
0x2b06155ad300           IMAD.U32 R6, RZ, RZ, UR6                                                 0      0      0      2048    2048    2048    1      1      0      31     0      -                      -          -      0      0      0      0      0      0      0      0      0      -      0      0      0      0      0      0      0      0      0      0      0      0      0      0      0      0      0      0      0      0      0      0      0      0      0      0      0      0      0      0      0      0      0      0      0      0      0      0      0      0     
0x2b06155ad310           IMAD.U32 R4, RZ, RZ, UR9                                                 0      0      0      2048    2048    2048    1      1      0      31     0      -                      -          -      0      0      0      0      0      0      0      0      0      -      0      0      0      0      0      0      0      0      0      0      0      0      0      0      0      0      0      0      0      0      0      0      0      0      0      0      0      0      0      0      0      0      0      0      0      0      0      0      0      0     
0x2b06155ad320           IMAD.U32 R7, RZ, RZ, UR8                                                 0      0      0      2048    2048    2048    1      1      0      31     0      -                      -          -      0      0      0      0      0      0      0      0      0      -      0      0      0      0      0      0      0      0      0      0      0      0      0      0      0      0      0      0      0      0      0      0      0      0      0      0      0      0      0      0      0      0      0      0      0      0      0      0      0      0     
0x2b06155ad330           IMAD.U32 R5, RZ, RZ, UR4                                                 0      0      0      2048    2048    2048    1      1      0      31     0      -                      -          -      0      0      0      0      0      0      0      0      0      -      0      0      0      0      0      0      0      0      0      0      0      0      0      0      0      0      0      0      0      0      0      0      0      0      0      0      0      0      0      0      0      0      0      0      0      0      0      0      0      0     
0x2b06155ad340           ISETP.GE.U32.AND P0, PT, R8, 0x3, PT                                     16     15     16     131072  131072  131072  1      1      0      31     0      -                      -          -      0      0      0      0      0      0      0      0      0      -      0      0      0      0      0      0      0      4      0      0      0      0      0      0      0      0      10     1      0      0      0      0      1      0      4      0      0      0      0      0      0      0      0      10     0      0      0      0      0      1     
0x2b06155ad350           IMAD.HI.U32 R9, R8, -0x55555555, RZ                                      0      0      0      131072  131072  131072  1      1      0      31     0      -                      -          -      0      0      0      0      0      0      0      0      0      -      0      0      0      0      0      0      0      0      0      0      0      0      0      0      0      0      0      0      0      0      0      0      0      0      0      0      0      0      0      0      0      0      0      0      0      0      0      0      0      0     
0x2b06155ad360           YIELD                                                                    5      2      5      131072  131072  131072  1      1      0      31     0      -                      -          -      0      0      0      0      0      0      0      0      0      -      0      0      0      0      0      0      0      0      0      0      0      2      0      0      0      0      0      0      3      0      0      0      0      0      0      0      0      0      2      0      0      0      0      0      0      0      0      0      0      0     
0x2b06155ad370           SHF.R.U32.HI R9, RZ, 0x1, R9                                             141    119    141    131072  131072  131072  1      1      0      31     0      -                      -          -      0      0      0      0      0      0      0      0      0      -      0      0      0      0      0      0      0      113    0      0      0      0      0      0      0      7      6      0      3      0      0      0      12     0      101    0      0      0      0      0      0      0      5      4      0      0      0      0      0      9     
0x2b06155ad380           IMAD R9, R9, -0x3, R8                                                    8      6      8      131072  131072  131072  1      1      0      31     0      -                      -          -      0      0      0      0      0      0      0      0      0      -      0      0      0      0      0      0      0      0      0      0      0      0      0      0      0      0      0      0      2      0      0      0      6      0      0      0      0      0      0      0      0      0      0      0      0      0      0      0      0      6     
0x2b06155ad390     @!P0  BRA 0x2b06155ad460                                                       0      0      0      131072  131072  6144    1      0      1      32     0      -                      -          -      0      0      0      0      0      0      0      0      0      -      0      0      0      0      0      0      0      0      0      0      0      0      0      0      0      0      0      0      0      0      0      0      0      0      0      0      0      0      0      0      0      0      0      0      0      0      0      0      0      0     
0x2b06155ad3a0           S2UR UR5, SR_CgaCtaId                                                    17     10     17     124928  124928  124928  1      1      1      31     0      -                      -          -      0      0      0      0      0      0      0      0      0      -      0      0      0      0      0      0      0      0      0      0      0      0      0      0      0      0      0      1      4      0      0      0      12     0      0      0      0      0      0      0      0      0      0      0      0      0      0      0      0      10    
0x2b06155ad3b0           VIADD R26, R8, 0xfffffffd                                                0      0      0      124928  124928  124928  1      1      0      31     0      -                      -          -      0      0      0      0      0      0      0      0      0      -      0      0      0      0      0      0      0      0      0      0      0      0      0      0      0      0      0      0      0      0      0      0      0      0      0      0      0      0      0      0      0      0      0      0      0      0      0      0      0      0     
0x2b06155ad3c0           UMOV UR4, 0x400                                                          4      0      4      124928  124928  124928  1      1      0      31     0      -                      -          -      0      0      0      0      0      0      0      0      0      -      0      0      0      0      0      0      0      0      0      0      0      0      0      0      0      0      0      0      4      0      0      0      0      0      0      0      0      0      0      0      0      0      0      0      0      0      0      0      0      0     
0x2b06155ad3d0           UIADD3 UR4, UPT, UPT, UR4, 0x8, URZ                                      5      0      5      124928  124928  124928  1      1      0      31     0      -                      -          -      0      0      0      0      0      0      0      0      0      -      0      0      0      0      0      0      0      0      0      0      0      0      0      0      0      0      0      0      3      0      0      0      2      0      0      0      0      0      0      0      0      0      0      0      0      0      0      0      0      0     
0x2b06155ad3e0           IMAD.HI R26, R26, 0x55555556, RZ                                         1      0      1      124928  124928  124928  1      1      0      31     0      -                      -          -      0      0      0      0      0      0      0      0      0      -      0      0      0      0      0      0      0      0      0      0      0      0      0      0      0      0      0      0      1      0      0      0      0      0      0      0      0      0      0      0      0      0      0      0      0      0      0      0      0      0     
0x2b06155ad3f0           LEA.HI R26, R26, R26, RZ, 0x1                                            28     22     28     124928  124928  124928  1      1      0      31     0      -                      -          -      0      0      0      0      0      0      0      0      0      -      0      0      0      0      0      0      0      0      17     0      0      0      0      0      0      0      0      0      3      0      0      0      8      0      0      15     0      0      0      0      0      0      0      0      0      0      0      0      0      7     
0x2b06155ad400           LOP3.LUT R26, R26, 0x1, RZ, 0xc0, !PT                                    12     10     12     124928  124928  124928  1      1      0      31     0      -                      -          -      0      0      0      0      0      0      0      0      0      -      0      0      0      0      0      0      0      0      0      0      0      0      0      0      0      0      0      1      1      0      0      0      10     0      0      0      0      0      0      0      0      0      0      0      0      0      0      0      0      10    
0x2b06155ad410           SHF.L.U32 R27, R26, 0x1f, RZ                                             15     12     15     124928  124928  124928  1      1      0      31     0      -                      -          -      0      0      0      0      0      0      0      0      0      -      0      0      0      0      0      0      0      0      0      0      0      0      1      0      0      0      0      0      2      0      0      0      12     0      0      0      0      0      0      1      0      0      0      0      0      0      0      0      0      11    
0x2b06155ad420           ULEA UR4, UR5, UR4, 0x18                                                 31     23     31     124928  124928  124928  1      1      0      31     0      -                      -          -      0      0      0      0      0      0      0      0      0      -      0      0      0      0      0      0      0      0      0      0      0      0      0      0      0      0      0      0      4      27     0      0      0      0      0      0      0      0      0      0      0      0      0      0      0      0      23     0      0      0     
0x2b06155ad430           LEA R26, R9, UR4, 0x3                                                    18     16     18     124928  124928  124928  1      1      0      31     0      -                      -          -      0      0      0      0      0      0      0      0      0      -      0      0      0      0      0      0      0      0      0      0      0      0      0      0      0      0      0      1      1      0      0      0      16     0      0      0      0      0      0      0      0      0      0      0      0      0      0      0      0      16    
0x2b06155ad440           SYNCS.PHASECHK.TRANS64.TRYWAIT P0, [R26+URZ], R27                        5      2      5      124928  124928  124928  1      1      0      31     0      -                      -          -      0      0      0      0      0      0      0      0      0      -      0      0      0      0      0      0      0      0      0      0      0      0      0      0      0      0      0      0      3      0      0      0      2      0      0      0      0      0      0      0      0      0      0      0      0      0      0      0      0      2     
0x2b06155ad450     @!P0  BRA 0x2b06155ae800                                                       85     77     85     124928  124928  122886  1      0      1      32     0      -                      -          -      0      0      0      0      0      0      0      0      0      -      0      0      0      0      0      0      0      0      0      0      0      81     0      0      0      0      0      1      2      0      0      0      1      0      0      0      0      0      76     0      0      0      0      0      0      0      0      0      0      1     
0x2b06155ad460           R2UR UR4, R9                                                             20     18     20     131072  131072  131072  1      1      1      31     0      -                      -          -      0      0      0      0      0      0      0      0      0      -      0      0      0      0      0      0      0      11     0      0      0      0      0      0      0      0      2      0      0      0      0      0      7      0      10     0      0      0      0      0      0      0      0      2      0      0      0      0      0      6     
0x2b06155ad470           VIADD R9, R2, 0x20                                                       2      0      2      131072  131072  131072  1      1      0      31     0      -                      -          -      0      0      0      0      0      0      0      0      0      -      0      0      0      0      0      0      0      0      0      0      0      0      0      0      0      0      0      0      2      0      0      0      0      0      0      0      0      0      0      0      0      0      0      0      0      0      0      0      0      0     
0x2b06155ad480           R2UR UR6, R3                                                             10     3      10     131072  131072  131072  1      1      0      31     0      -                      -          -      0      0      0      0      0      0      0      0      0      -      0      0      0      0      0      0      0      0      0      0      0      0      0      0      0      0      3      0      7      0      0      0      0      0      0      0      0      0      0      0      0      0      0      3      0      0      0      0      0      0     
0x2b06155ad490           R2UR UR8, R10                                                            6      1      6      131072  131072  131072  1      1      0      31     0      -                      -          -      0      0      0      0      0      0      0      0      0      -      0      0      0      0      0      0      0      0      0      0      0      0      0      0      0      0      0      0      4      0      0      0      2      0      0      0      0      0      0      0      0      0      0      0      0      0      0      0      0      1     
0x2b06155ad4a0           R2UR UR5, R9                                                             4      1      4      131072  131072  131072  1      1      0      31     0      -                      -          -      0      0      0      0      0      0      0      0      0      -      0      0      0      0      0      0      0      0      0      0      0      0      0      0      0      0      0      0      3      0      0      0      1      0      0      0      0      0      0      0      0      0      0      0      0      0      0      0      0      1     
0x2b06155ad4b0           R2UR UR20, R6                                                            2      2      2      131072  131072  131072  1      1      0      31     0      -                      -          -      0      0      0      0      0      0      0      0      0      -      0      0      0      0      0      0      0      0      0      0      0      0      0      0      0      0      0      0      0      0      0      0      2      0      0      0      0      0      0      0      0      0      0      0      0      0      0      0      0      2     
0x2b06155ad4c0           R2UR UR21, R7                                                            6      2      6      131072  131072  131072  1      1      0      31     0      -                      -          -      0      0      0      0      0      0      0      0      0      -      0      0      0      0      0      0      0      0      0      0      0      0      0      0      0      0      0      0      3      0      0      0      3      0      0      0      0      0      0      0      0      0      0      0      0      0      0      0      0      2     
0x2b06155ad4d0           PLOP3.LUT P0, PT, PT, PT, PT, 0x80, 0x8                                  3      1      3      131072  131072  131072  1      1      0      31     0      -                      -          -      0      0      0      0      0      0      0      0      0      -      0      0      0      0      0      0      0      0      0      0      0      0      0      0      0      0      0      0      2      0      0      0      1      0      0      0      0      0      0      0      0      0      0      0      0      0      0      0      0      1     
0x2b06155ad4e0           ULEA UR5, UR6, UR5, 0x18                                                 17     16     17     131072  131072  131072  1      1      0      31     0      -                      -          -      0      0      0      0      0      0      0      0      0      -      0      0      0      0      0      0      0      0      0      0      0      0      0      0      0      0      0      0      1      0      0      0      16     0      0      0      0      0      0      0      0      0      0      0      0      0      0      0      0      16    
0x2b06155ad4f0           R2UR UR6, R8                                                             1      0      1      131072  131072  131072  1      1      0      31     0      -                      -          -      0      0      0      0      0      0      0      0      0      -      0      0      0      0      0      0      0      0      0      0      0      0      0      0      0      0      0      0      1      0      0      0      0      0      0      0      0      0      0      0      0      0      0      0      0      0      0      0      0      0     
0x2b06155ad500           ULEA UR5, UR4, UR5, 0x3                                                  12     10     12     131072  131072  131072  1      1      0      31     0      -                      -          -      0      0      0      0      0      0      0      0      0      -      0      0      0      0      0      0      0      0      1      0      0      0      1      0      0      0      0      0      2      0      0      0      8      0      0      1      0      0      0      1      0      0      0      0      0      0      0      0      0      8     
0x2b06155ad510           UIMAD UR4, UR4, 0x6000, UR8                                              6      1      6      131072  131072  131072  1      1      0      31     0      -                      -          -      0      0      0      0      0      0      0      0      0      -      0      0      0      0      0      0      0      0      0      0      0      0      0      0      0      0      0      0      5      0      0      0      1      0      0      0      0      0      0      0      0      0      0      0      0      0      0      0      0      1     
0x2b06155ad520           SYNCS.ARRIVE.TRANS64 RZ, [UR5], R11                                      20     14     20     131072  131072  131072  1      1      0      31     0      -                      -          -      0      0      0      0      0      0      0      0      0      -      0      0      0      0      0      0      0      0      0      0      0      0      0      0      0      0      0      0      4      0      0      0      16     0      0      0      0      0      0      0      0      0      0      0      0      0      0      0      0      14    
0x2b06155ad530           USHF.L.U32 UR6, UR6, 0x6, URZ                                            2      0      2      131072  131072  131072  1      1      0      31     0      -                      -          -      0      0      0      0      0      0      0      0      0      -      0      0      0      0      0      0      0      0      0      0      0      0      0      0      0      0      0      0      2      0      0      0      0      0      0      0      0      0      0      0      0      0      0      0      0      0      0      0      0      0     
0x2b06155ad540     @P0   ELECT P1, URZ, PT                                                        38     33     38     131072  131072  131072  1      1      0      31     0      -                      -          -      0      0      0      0      0      0      0      0      0      -      0      0      0      0      0      0      0      0      0      0      0      0      1      0      0      0      0      0      2      0      0      0      35     0      0      0      0      0      0      1      0      0      0      0      0      0      0      0      0      32    
0x2b06155ad550           UTMALDG.2D [UR4], [UR20]                                                 1      0      1      131072  131072  131072  1      1      0      31     0      Global,Shared          -          -      0      0      0      0      0      0      0      0      0      -      0      0      0      0      0      0      0      0      0      0      0      0      0      0      0      0      0      0      1      0      0      0      0      0      0      0      0      0      0      0      0      0      0      0      0      0      0      0      0      0     
0x2b06155ad560     @P1   PLOP3.LUT P0, PT, P1, PT, PT, 0x8, 0x80                                  36     29     36     131072  131072  131072  1      1      0      31     0      -                      -          -      0      0      0      0      0      0      0      0      0      -      0      0      0      0      0      0      0      0      0      0      0      0      1      0      0      0      0      0      4      0      0      0      31     0      0      0      0      0      0      1      0      0      0      0      0      0      0      0      0      28    
0x2b06155ad570           PLOP3.LUT P1, PT, PT, PT, PT, 0x8, 0x80                                  2      2      2      131072  131072  131072  1      1      0      31     0      -                      -          -      0      0      0      0      0      0      0      0      0      -      0      0      0      0      0      0      0      0      0      0      0      0      0      0      0      0      0      0      0      0      0      0      2      0      0      0      0      0      0      0      0      0      0      0      0      0      0      0      0      2     
0x2b06155ad580     @P0   BRA.U.ANY 0x2b06155ad540                                                 39     28     39     131072  131072  0       1      0      1      32     0      -                      -          -      0      0      0      0      0      0      0      0      0      -      0      0      0      0      0      0      0      0      0      0      0      0      0      0      0      0      0      0      6      0      0      0      33     0      0      0      0      0      0      0      0      0      0      0      0      0      0      0      0      28    
0x2b06155ad590           R2UR UR20, R4                                                            11     9      11     131072  131072  131072  1      1      1      31     0      -                      -          -      0      0      0      0      0      0      0      0      0      -      0      0      0      0      0      0      0      0      0      0      0      0      0      0      0      0      0      0      2      0      0      0      9      0      0      0      0      0      0      0      0      0      0      0      0      0      0      0      0      9     
0x2b06155ad5a0           UIADD3 UR8, UPT, UPT, UR4, 0x4000, URZ                                   2      0      2      131072  131072  131072  1      1      0      31     0      -                      -          -      0      0      0      0      0      0      0      0      0      -      0      0      0      0      0      0      0      0      0      0      0      0      0      0      0      0      0      0      2      0      0      0      0      0      0      0      0      0      0      0      0      0      0      0      0      0      0      0      0      0     
0x2b06155ad5b0           R2UR UR21, R5                                                            1      0      1      131072  131072  131072  1      1      0      31     0      -                      -          -      0      0      0      0      0      0      0      0      0      -      0      0      0      0      0      0      0      0      0      0      0      0      0      0      0      0      0      0      1      0      0      0      0      0      0      0      0      0      0      0      0      0      0      0      0      0      0      0      0      0     
0x2b06155ad5c0           PLOP3.LUT P0, PT, PT, PT, PT, 0x80, 0x8                                  7      4      7      131072  131072  131072  1      1      0      31     0      -                      -          -      0      0      0      0      0      0      0      0      0      -      0      0      0      0      0      0      0      0      0      0      0      0      0      0      0      0      0      0      3      0      0      0      4      0      0      0      0      0      0      0      0      0      0      0      0      0      0      0      0      4     
0x2b06155ad5d0     @P0   ELECT P1, URZ, PT                                                        33     28     33     131072  131072  131072  1      1      0      31     0      -                      -          -      0      0      0      0      0      0      0      0      0      -      0      0      0      0      0      0      0      0      0      0      0      0      0      0      0      0      0      0      4      0      0      0      29     0      0      0      0      0      0      0      0      0      0      0      0      0      0      0      0      28    
0x2b06155ad5e0           UMOV UR9, UR5                                                            0      0      0      131072  131072  131072  1      1      0      31     0      -                      -          -      0      0      0      0      0      0      0      0      0      -      0      0      0      0      0      0      0      0      0      0      0      0      0      0      0      0      0      0      0      0      0      0      0      0      0      0      0      0      0      0      0      0      0      0      0      0      0      0      0      0     
0x2b06155ad5f0           UMOV UR10, UR6                                                           3      0      3      131072  131072  131072  1      1      0      31     0      -                      -          -      0      0      0      0      0      0      0      0      0      -      0      0      0      0      0      0      0      0      0      0      0      0      0      0      0      0      0      0      3      0      0      0      0      0      0      0      0      0      0      0      0      0      0      0      0      0      0      0      0      0     
0x2b06155ad600           UTMALDG.2D [UR8], [UR20]                                                 8      2      8      131072  131072  131072  1      1      0      31     0      Global,Shared          -          -      0      0      0      0      0      0      0      0      0      -      0      0      0      0      0      0      0      0      0      0      0      0      0      0      0      0      0      0      5      0      0      0      3      0      0      0      0      0      0      0      0      0      0      0      0      0      0      0      0      2     
0x2b06155ad610     @P1   PLOP3.LUT P0, PT, P1, PT, PT, 0x8, 0x80                                  17     12     17     131072  131072  131072  1      1      0      31     0      -                      -          -      0      0      0      0      0      0      0      0      0      -      0      0      0      0      0      0      0      0      0      0      0      0      0      0      0      0      0      0      4      0      0      0      13     0      0      0      0      0      0      0      0      0      0      0      0      0      0      0      0      12    
0x2b06155ad620           PLOP3.LUT P1, PT, PT, PT, PT, 0x8, 0x80                                  4      2      4      131072  131072  131072  1      1      0      31     0      -                      -          -      0      0      0      0      0      0      0      0      0      -      0      0      0      0      0      0      0      0      0      0      0      0      0      0      0      0      0      0      1      0      0      0      3      0      0      0      0      0      0      0      0      0      0      0      0      0      0      0      0      2     
0x2b06155ad630     @P0   BRA.U.ANY 0x2b06155ad5d0                                                 22     18     22     131072  131072  0       1      0      1      32     0      -                      -          -      0      0      0      0      0      0      0      0      0      -      0      0      0      0      0      0      0      0      0      0      0      0      0      0      0      0      0      1      1      0      0      0      20     0      0      0      0      0      0      0      0      0      0      0      0      0      0      0      0      18    
0x2b06155ad640           VIADD R8, R8, 0x1                                                        12     8      12     131072  131072  131072  1      1      1      31     0      -                      -          -      0      0      0      0      0      0      0      0      0      -      0      0      0      0      0      0      0      0      0      0      0      0      0      0      0      0      0      0      3      0      0      0      9      0      0      0      0      0      0      0      0      0      0      0      0      0      0      0      0      8     
0x2b06155ad650           ISETP.NE.AND P0, PT, R8, UR15, PT                                        16     10     16     131072  131072  131072  1      1      0      31     0      -                      -          -      0      0      0      0      0      0      0      0      0      -      0      0      0      0      0      0      0      0      0      0      0      0      1      0      0      0      0      0      4      0      0      0      11     0      0      0      0      0      0      0      0      0      0      0      0      0      0      0      0      10    
0x2b06155ad660     @P0   BRA 0x2b06155ad340                                                       35     31     35     131072  131072  129024  1      0      1      32     0      -                      -          -      0      0      0      0      0      0      0      0      0      -      0      0      0      0      0      0      0      0      0      0      0      0      0      0      0      0      0      0      0      0      0      0      35     0      0      0      0      0      0      0      0      0      0      0      0      0      0      0      0      31    
0x2b06155ad670           ISETP.GE.AND P2, PT, R22, RZ, PT                                         19     14     19     12288   262144  262144  21     21     21     11     0      -                      -          -      0      0      0      0      0      0      0      0      0      -      0      0      0      0      0      0      0      1      0      0      0      0      0      0      0      0      3      0      3      0      0      0      12     0      1      0      0      0      0      0      0      0      0      2      0      0      0      0      0      11    
0x2b06155ad680           WARPSYNC.ALL                                                             80     72     80     12288   262144  262144  21     21     0      11     0      -                      -          -      0      0      0      0      0      0      0      0      0      -      0      0      0      0      0      0      0      42     0      0      0      0      0      0      0      0      37     1      0      0      0      0      0      0      37     0      0      0      0      0      0      0      0      35     0      0      0      0      0      0     
0x2b06155ad690           BAR.SYNC.DEFER_BLOCKING 0x0                                              594    533    594    8192    262144  262144  32     32     11     0      0      -                      -          -      0      0      0      0      0      0      0      0      0      -      0      0      0      0      0      0      0      473    0      0      0      0      0      0      0      29     0      1      21     0      0      0      70     0      445    0      0      0      0      0      0      0      28     0      0      0      0      0      0      60    
0x2b06155ad6a0           ISETP.GE.AND P1, PT, R20, RZ, PT                                         1      0      1      8192    262144  262144  32     32     0      0      0      -                      -          -      0      0      0      0      0      0      0      0      0      -      0      0      0      0      0      0      0      0      0      0      0      0      0      0      0      0      0      0      1      0      0      0      0      0      0      0      0      0      0      0      0      0      0      0      0      0      0      0      0      0     
0x2b06155ad6b0           ISETP.GE.AND P0, PT, R18, RZ, PT                                         1      1      1      8192    262144  262144  32     32     0      0      0      -                      -          -      0      0      0      0      0      0      0      0      0      -      0      0      0      0      0      0      0      0      0      0      0      0      0      0      0      0      0      0      0      0      0      0      1      0      0      0      0      0      0      0      0      0      0      0      0      0      0      0      0      1     
0x2b06155ad6c0     @!P2  BRA 0x2b06155ad740                                                       4376   3712   4376   8192    262144  0       32     0      32     32     0      -                      -          -      0      0      0      0      0      0      0      0      0      -      0      0      0      0      0      0      4374   0      0      0      0      0      0      0      0      0      0      0      0      0      0      0      2      3710   0      0      0      0      0      0      0      0      0      0      0      0      0      0      0      2     
0x2b06155ad6d0           VIADD R6, R2, 0x8                                                        1      1      1      8192    262144  262144  32     32     32     0      0      -                      -          -      0      0      0      0      0      0      0      0      0      -      0      0      0      0      0      0      0      0      0      0      0      0      0      0      0      0      0      0      0      0      0      0      1      0      0      0      0      0      0      0      0      0      0      0      0      0      0      0      0      1     
0x2b06155ad6e0           SHF.L.U32 R4, R21, 0x1f, RZ                                              0      0      0      8192    262144  262144  32     32     0      0      0      -                      -          -      0      0      0      0      0      0      0      0      0      -      0      0      0      0      0      0      0      0      0      0      0      0      0      0      0      0      0      0      0      0      0      0      0      0      0      0      0      0      0      0      0      0      0      0      0      0      0      0      0      0     
0x2b06155ad6f0           BSSY.RECONVERGENT B0, 0x2b06155ad740                                     1      0      1      8192    262144  262144  32     32     0      0      0      -                      -          -      0      0      0      0      0      0      0      0      0      -      0      0      0      0      0      0      0      0      0      0      0      0      0      0      0      0      0      0      1      0      0      0      0      0      0      0      0      0      0      0      0      0      0      0      0      0      0      0      0      0     
0x2b06155ad700           LEA R5, R3, R6, 0x18                                                     1      1      1      8192    262144  262144  32     32     0      0      0      -                      -          -      0      0      0      0      0      0      0      0      0      -      0      0      0      0      0      0      0      0      0      0      0      0      0      0      0      0      0      0      0      0      0      0      1      0      0      0      0      0      0      0      0      0      0      0      0      0      0      0      0      1     
0x2b06155ad710           SYNCS.PHASECHK.TRANS64.TRYWAIT P2, [R5+URZ], R4                          1      0      1      8192    262144  262144  32     32     0      0      0      -                      -          -      0      0      0      0      0      0      0      0      0      -      0      0      0      0      0      0      0      0      0      0      0      0      0      0      0      0      0      0      1      0      0      0      0      0      0      0      0      0      0      0      0      0      0      0      0      0      0      0      0      0     
0x2b06155ad720     @!P2  BRA 0x2b06155ae840                                                       11     10     11     8192    262144  0       32     0      32     32     0      -                      -          -      0      0      0      0      0      0      0      0      0      -      0      0      0      0      0      0      0      0      0      0      0      11     0      0      0      0      0      0      0      0      0      0      0      0      0      0      0      0      10     0      0      0      0      0      0      0      0      0      0      0     
0x2b06155ad730           BSYNC.RECONVERGENT B0                                                    0      0      0      8192    262144  262144  32     32     32     0      0      -                      -          -      0      0      0      0      0      0      0      0      0      -      0      0      0      0      0      0      0      0      0      0      0      0      0      0      0      0      0      0      0      0      0      0      0      0      0      0      0      0      0      0      0      0      0      0      0      0      0      0      0      0     
0x2b06155ad740     @!P1  BRA 0x2b06155ad7c0                                                       1      1      1      8192    262144  0       32     0      32     32     0      -                      -          -      0      0      0      0      0      0      0      0      0      -      0      0      0      0      0      0      0      0      0      0      0      0      0      0      0      0      0      0      0      0      0      0      1      0      0      0      0      0      0      0      0      0      0      0      0      0      0      0      0      1     
0x2b06155ad750           VIADD R6, R2, 0x8                                                        0      0      0      8192    262144  262144  32     32     32     0      0      -                      -          -      0      0      0      0      0      0      0      0      0      -      0      0      0      0      0      0      0      0      0      0      0      0      0      0      0      0      0      0      0      0      0      0      0      0      0      0      0      0      0      0      0      0      0      0      0      0      0      0      0      0     
0x2b06155ad760           SHF.L.U32 R4, R19, 0x1f, RZ                                              0      0      0      8192    262144  262144  32     32     0      0      0      -                      -          -      0      0      0      0      0      0      0      0      0      -      0      0      0      0      0      0      0      0      0      0      0      0      0      0      0      0      0      0      0      0      0      0      0      0      0      0      0      0      0      0      0      0      0      0      0      0      0      0      0      0     
0x2b06155ad770           BSSY.RECONVERGENT B0, 0x2b06155ad7c0                                     0      0      0      8192    262144  262144  32     32     0      0      0      -                      -          -      0      0      0      0      0      0      0      0      0      -      0      0      0      0      0      0      0      0      0      0      0      0      0      0      0      0      0      0      0      0      0      0      0      0      0      0      0      0      0      0      0      0      0      0      0      0      0      0      0      0     
0x2b06155ad780           LEA R5, R3, R6, 0x18                                                     0      0      0      8192    262144  262144  32     32     0      0      0      -                      -          -      0      0      0      0      0      0      0      0      0      -      0      0      0      0      0      0      0      0      0      0      0      0      0      0      0      0      0      0      0      0      0      0      0      0      0      0      0      0      0      0      0      0      0      0      0      0      0      0      0      0     
0x2b06155ad790           SYNCS.PHASECHK.TRANS64.TRYWAIT P1, [R5+URZ+0x8], R4                      0      0      0      8192    262144  262144  32     32     0      0      0      -                      -          -      0      0      0      0      0      0      0      0      0      -      0      0      0      0      0      0      0      0      0      0      0      0      0      0      0      0      0      0      0      0      0      0      0      0      0      0      0      0      0      0      0      0      0      0      0      0      0      0      0      0     
0x2b06155ad7a0     @!P1  BRA 0x2b06155ae870                                                       12     9      12     8192    262144  0       32     0      32     32     0      -                      -          -      0      0      0      0      0      0      0      0      0      -      0      0      0      0      0      0      0      0      1      0      0      11     0      0      0      0      0      0      0      0      0      0      0      0      0      1      0      0      8      0      0      0      0      0      0      0      0      0      0      0     
0x2b06155ad7b0           BSYNC.RECONVERGENT B0                                                    0      0      0      8192    262144  262144  32     32     32     0      0      -                      -          -      0      0      0      0      0      0      0      0      0      -      0      0      0      0      0      0      0      0      0      0      0      0      0      0      0      0      0      0      0      0      0      0      0      0      0      0      0      0      0      0      0      0      0      0      0      0      0      0      0      0     
0x2b06155ad7c0     @!P0  BRA 0x2b06155ad840                                                       1      1      1      8192    262144  0       32     0      32     32     0      -                      -          -      0      0      0      0      0      0      0      0      0      -      0      0      0      0      0      0      0      0      0      0      0      0      0      0      0      0      0      0      0      0      0      0      1      0      0      0      0      0      0      0      0      0      0      0      0      0      0      0      0      1     
0x2b06155ad7d0           VIADD R6, R2, 0x8                                                        1      1      1      8192    262144  262144  32     32     32     0      0      -                      -          -      0      0      0      0      0      0      0      0      0      -      0      0      0      0      0      0      0      0      0      0      0      0      0      0      0      0      0      0      0      0      0      0      1      0      0      0      0      0      0      0      0      0      0      0      0      0      0      0      0      1     
0x2b06155ad7e0           SHF.L.U32 R4, R17, 0x1f, RZ                                              0      0      0      8192    262144  262144  32     32     0      0      0      -                      -          -      0      0      0      0      0      0      0      0      0      -      0      0      0      0      0      0      0      0      0      0      0      0      0      0      0      0      0      0      0      0      0      0      0      0      0      0      0      0      0      0      0      0      0      0      0      0      0      0      0      0     
0x2b06155ad7f0           BSSY.RECONVERGENT B0, 0x2b06155ad840                                     2      0      2      8192    262144  262144  32     32     0      0      0      -                      -          -      0      0      0      0      0      0      0      0      0      -      0      0      0      0      0      0      0      0      0      0      0      0      0      0      0      0      0      0      2      0      0      0      0      0      0      0      0      0      0      0      0      0      0      0      0      0      0      0      0      0     
0x2b06155ad800           LEA R5, R3, R6, 0x18                                                     0      0      0      8192    262144  262144  32     32     0      0      0      -                      -          -      0      0      0      0      0      0      0      0      0      -      0      0      0      0      0      0      0      0      0      0      0      0      0      0      0      0      0      0      0      0      0      0      0      0      0      0      0      0      0      0      0      0      0      0      0      0      0      0      0      0     
0x2b06155ad810           SYNCS.PHASECHK.TRANS64.TRYWAIT P0, [R5+URZ+0x10], R4                     1      1      1      8192    262144  262144  32     32     0      0      0      -                      -          -      0      0      0      0      0      0      0      0      0      -      0      0      0      0      0      0      0      0      0      0      0      0      0      0      0      0      0      0      0      0      0      0      1      0      0      0      0      0      0      0      0      0      0      0      0      0      0      0      0      1     
0x2b06155ad820     @!P0  BRA 0x2b06155ae8a0                                                       14     10     14     8192    262144  0       32     0      32     32     0      -                      -          -      0      0      0      0      0      0      0      0      0      -      0      0      0      0      0      0      0      0      0      0      0      13     0      0      0      0      0      0      1      0      0      0      0      0      0      0      0      0      10     0      0      0      0      0      0      0      0      0      0      0     
0x2b06155ad830           BSYNC.RECONVERGENT B0                                                    0      0      0      8192    262144  262144  32     32     32     0      0      -                      -          -      0      0      0      0      0      0      0      0      0      -      0      0      0      0      0      0      0      0      0      0      0      0      0      0      0      0      0      0      0      0      0      0      0      0      0      0      0      0      0      0      0      0      0      0      0      0      0      0      0      0     
0x2b06155ad840           R2UR UR4, R0                                                             2      1      2      8192    262144  262144  32     32     0      0      0      -                      -          -      0      0      0      0      0      0      0      0      0      -      0      0      0      0      0      0      0      1      0      0      0      0      0      0      0      0      0      0      1      0      0      0      0      0      1      0      0      0      0      0      0      0      0      0      0      0      0      0      0      0     
0x2b06155ad850           NOP                                                                      0      0      0      8192    262144  262144  32     32     0      0      0      -                      -          -      0      0      0      0      0      0      0      0      0      -      0      0      0      0      0      0      0      0      0      0      0      0      0      0      0      0      0      0      0      0      0      0      0      0      0      0      0      0      0      0      0      0      0      0      0      0      0      0      0      0     
0x2b06155ad860           IMAD R27, R13, 0x41, RZ                                                  1      0      1      8192    262144  262144  32     32     0      0      0      -                      -          -      0      0      0      0      0      0      0      0      0      -      0      0      0      0      0      0      0      0      0      0      0      0      0      0      0      0      0      0      1      0      0      0      0      0      0      0      0      0      0      0      0      0      0      0      0      0      0      0      0      0     
0x2b06155ad870           ISETP.NE.AND P0, PT, R12, 0x2, PT                                        0      0      0      8192    262144  262144  32     32     0      0      0      -                      -          -      0      0      0      0      0      0      0      0      0      -      0      0      0      0      0      0      0      0      0      0      0      0      0      0      0      0      0      0      0      0      0      0      0      0      0      0      0      0      0      0      0      0      0      0      0      0      0      0      0      0     
0x2b06155ad880           BSSY.RECONVERGENT B0, 0x2b06155ae020                                     1      0      1      8192    262144  262144  32     32     0      0      0      -                      -          -      0      0      0      0      0      0      0      0      0      -      0      0      0      0      0      0      0      0      0      0      0      0      0      0      0      0      0      0      1      0      0      0      0      0      0      0      0      0      0      0      0      0      0      0      0      0      0      0      0      0     
0x2b06155ad890           IMAD.MOV.U32 R28, RZ, RZ, R13                                            0      0      0      8192    262144  262144  32     32     0      0      0      -                      -          -      0      0      0      0      0      0      0      0      0      -      0      0      0      0      0      0      0      0      0      0      0      0      0      0      0      0      0      0      0      0      0      0      0      0      0      0      0      0      0      0      0      0      0      0      0      0      0      0      0      0     
0x2b06155ad8a0           IMAD.WIDE.U32 R26, R27, 0x4, R24                                         0      0      0      8192    262144  262144  32     32     0      0      0      -                      -          -      0      0      0      0      0      0      0      0      0      -      0      0      0      0      0      0      0      0      0      0      0      0      0      0      0      0      0      0      0      0      0      0      0      0      0      0      0      0      0      0      0      0      0      0      0      0      0      0      0      0     
0x2b06155ad8b0           LDTM.x8 R4, tmem[UR4]                                                    1      1      1      8192    262144  262144  32     32     0      0      0      Tmem                   Load       -      0      0      0      0      0      0      0      0      0      -      0      0      0      0      0      0      0      0      0      0      0      0      0      0      0      0      0      0      0      0      0      0      1      0      0      0      0      0      0      0      0      0      0      0      0      0      0      0      0      1     
0x2b06155ad8c0           NOP                                                                      0      0      0      8192    262144  262144  32     32     0      0      0      -                      -          -      0      0      0      0      0      0      0      0      0      -      0      0      0      0      0      0      0      0      0      0      0      0      0      0      0      0      0      0      0      0      0      0      0      0      0      0      0      0      0      0      0      0      0      0      0      0      0      0      0      0     
0x2b06155ad8d0           ST.E desc[UR18][R26.64], R4                                              4      2      4      8192    262144  262144  32     32     0      0      0      Shared,Tmem,TmemShared            32     0      1      0      8192   8192   0      0      0      0             0      0      0      0      0      0      0      0      0      0      0      0      0      0      0      0      0      0      1      3      0      0      0      0      0      0      0      0      0      0      0      0      0      0      0      0      2      0      0      0     
0x2b06155ad8e0           ST.E desc[UR18][R26.64+0x4], R5                                          0      0      0      8192    262144  262144  32     32     0      0      0      Shared,Tmem,TmemShared            32     0      1      0      8192   8192   0      0      0      0             0      0      0      0      0      0      0      0      0      0      0      0      0      0      0      0      0      0      0      0      0      0      0      0      0      0      0      0      0      0      0      0      0      0      0      0      0      0      0      0     
0x2b06155ad8f0           ST.E desc[UR18][R26.64+0x8], R6                                          0      0      0      8192    262144  262144  32     32     0      0      0      Shared,Tmem,TmemShared            32     0      1      0      8192   8192   0      0      0      0             0      0      0      0      0      0      0      0      0      0      0      0      0      0      0      0      0      0      0      0      0      0      0      0      0      0      0      0      0      0      0      0      0      0      0      0      0      0      0      0     
0x2b06155ad900           ST.E desc[UR18][R26.64+0xc], R7                                          1      0      1      8192    262144  262144  32     32     0      0      0      Shared,Tmem,TmemShared            32     0      1      0      8192   8192   0      0      0      0             0      0      0      0      0      0      0      0      0      0      0      0      0      0      0      0      0      0      0      0      0      0      1      0      0      0      0      0      0      0      0      0      0      0      0      0      0      0      0      0     
0x2b06155ad910           ST.E desc[UR18][R26.64+0x10], R8                                         1      1      1      8192    262144  262144  32     32     0      0      0      Shared,Tmem,TmemShared            32     0      1      0      8192   8192   0      0      0      0             0      0      0      0      0      0      0      0      0      0      0      0      0      0      0      0      0      0      0      0      0      0      1      0      0      0      0      0      0      0      0      0      0      0      0      0      0      0      0      1     
0x2b06155ad920           ST.E desc[UR18][R26.64+0x14], R9                                         0      0      0      8192    262144  262144  32     32     0      0      0      Shared,Tmem,TmemShared            32     0      1      0      8192   8192   0      0      0      0             0      0      0      0      0      0      0      0      0      0      0      0      0      0      0      0      0      0      0      0      0      0      0      0      0      0      0      0      0      0      0      0      0      0      0      0      0      0      0      0     
0x2b06155ad930           ST.E desc[UR18][R26.64+0x18], R10                                        0      0      0      8192    262144  262144  32     32     0      0      0      Shared,Tmem,TmemShared            32     0      1      0      8192   8192   0      0      0      0             0      0      0      0      0      0      0      0      0      0      0      0      0      0      0      0      0      0      0      0      0      0      0      0      0      0      0      0      0      0      0      0      0      0      0      0      0      0      0      0     
0x2b06155ad940           ST.E desc[UR18][R26.64+0x1c], R11                                        1      0      1      8192    262144  262144  32     32     0      0      0      Shared,Tmem,TmemShared            32     0      1      0      8192   8192   0      0      0      0             0      0      0      0      0      0      0      0      0      0      0      0      0      0      0      0      0      0      1      0      0      0      0      0      0      0      0      0      0      0      0      0      0      0      0      0      0      0      0      0     
0x2b06155ad950           LDTM.x8 R4, tmem[UR4+0x8]                                                6      6      6      8192    262144  262144  32     32     0      0      0      Tmem                   Load       -      0      0      0      0      0      0      0      0      0      -      0      0      0      0      0      0      0      0      0      0      0      6      0      0      0      0      0      0      0      0      0      0      0      0      0      0      0      0      6      0      0      0      0      0      0      0      0      0      0      0     
0x2b06155ad960           NOP                                                                      0      0      0      8192    262144  262144  32     32     0      0      0      -                      -          -      0      0      0      0      0      0      0      0      0      -      0      0      0      0      0      0      0      0      0      0      0      0      0      0      0      0      0      0      0      0      0      0      0      0      0      0      0      0      0      0      0      0      0      0      0      0      0      0      0      0     
0x2b06155ad970           ST.E desc[UR18][R26.64+0x20], R4                                         7      5      7      8192    262144  262144  32     32     0      0      0      Shared,Tmem,TmemShared            32     0      1      0      8192   8192   0      0      0      0             0      0      0      0      0      0      0      0      0      0      1      0      0      0      0      0      0      0      0      6      0      0      0      0      0      0      0      1      0      0      0      0      0      0      0      0      4      0      0      0     
0x2b06155ad980           ST.E desc[UR18][R26.64+0x24], R5                                         0      0      0      8192    262144  262144  32     32     0      0      0      Shared,Tmem,TmemShared            32     0      1      0      8192   8192   0      0      0      0             0      0      0      0      0      0      0      0      0      0      0      0      0      0      0      0      0      0      0      0      0      0      0      0      0      0      0      0      0      0      0      0      0      0      0      0      0      0      0      0     
0x2b06155ad990           ST.E desc[UR18][R26.64+0x28], R6                                         0      0      0      8192    262144  262144  32     32     0      0      0      Shared,Tmem,TmemShared            32     0      1      0      8192   8192   0      0      0      0             0      0      0      0      0      0      0      0      0      0      0      0      0      0      0      0      0      0      0      0      0      0      0      0      0      0      0      0      0      0      0      0      0      0      0      0      0      0      0      0     
0x2b06155ad9a0           ST.E desc[UR18][R26.64+0x2c], R7                                         3      3      3      8192    262144  262144  32     32     0      0      0      Shared,Tmem,TmemShared            32     0      1      0      8192   8192   0      0      0      0             0      0      0      0      0      0      0      0      0      0      0      0      0      0      0      0      0      0      0      0      0      0      3      0      0      0      0      0      0      0      0      0      0      0      0      0      0      0      0      3     
0x2b06155ad9b0           ST.E desc[UR18][R26.64+0x30], R8                                         3      3      3      8192    262144  262144  32     32     0      0      0      Shared,Tmem,TmemShared            32     0      1      0      8192   8192   0      0      0      0             0      0      0      0      0      0      0      0      0      0      0      0      0      0      0      0      0      0      0      0      0      0      3      0      0      0      0      0      0      0      0      0      0      0      0      0      0      0      0      3     
0x2b06155ad9c0           ST.E desc[UR18][R26.64+0x34], R9                                         2      1      2      8192    262144  262144  32     32     0      0      0      Shared,Tmem,TmemShared            32     0      1      0      8192   8192   0      0      0      0             0      0      0      0      0      0      0      0      0      0      0      0      0      0      0      0      0      0      1      0      0      0      1      0      0      0      0      0      0      0      0      0      0      0      0      0      0      0      0      1     
0x2b06155ad9d0           ST.E desc[UR18][R26.64+0x38], R10                                        1      1      1      8192    262144  262144  32     32     0      0      0      Shared,Tmem,TmemShared            32     0      1      0      8192   8192   0      0      0      0             0      0      0      0      0      0      0      0      0      0      0      0      0      0      0      0      0      0      0      0      0      0      1      0      0      0      0      0      0      0      0      0      0      0      0      0      0      0      0      1     
0x2b06155ad9e0           ST.E desc[UR18][R26.64+0x3c], R11                                        0      0      0      8192    262144  262144  32     32     0      0      0      Shared,Tmem,TmemShared            32     0      1      0      8192   8192   0      0      0      0             0      0      0      0      0      0      0      0      0      0      0      0      0      0      0      0      0      0      0      0      0      0      0      0      0      0      0      0      0      0      0      0      0      0      0      0      0      0      0      0     
0x2b06155ad9f0           LDTM.x8 R4, tmem[UR4+0x10]                                               9      8      9      8192    262144  262144  32     32     0      0      0      Tmem                   Load       -      0      0      0      0      0      0      0      0      0      -      0      0      0      0      0      0      0      0      0      0      0      8      0      0      0      0      0      0      0      0      0      0      1      0      0      0      0      0      7      0      0      0      0      0      0      0      0      0      0      1     
0x2b06155ada00           NOP                                                                      0      0      0      8192    262144  262144  32     32     0      0      0      -                      -          -      0      0      0      0      0      0      0      0      0      -      0      0      0      0      0      0      0      0      0      0      0      0      0      0      0      0      0      0      0      0      0      0      0      0      0      0      0      0      0      0      0      0      0      0      0      0      0      0      0      0     
0x2b06155ada10           ST.E desc[UR18][R26.64+0x40], R4                                         5      4      5      8192    262144  262144  32     32     0      0      0      Shared,Tmem,TmemShared            32     0      1      0      8192   8192   0      0      0      0             0      0      0      0      0      0      0      0      0      0      0      0      0      0      0      0      0      0      1      4      0      0      0      0      0      0      0      0      0      0      0      0      0      0      0      0      4      0      0      0     
0x2b06155ada20           ST.E desc[UR18][R26.64+0x44], R5                                         0      0      0      8192    262144  262144  32     32     0      0      0      Shared,Tmem,TmemShared            32     0      1      0      8192   8192   0      0      0      0             0      0      0      0      0      0      0      0      0      0      0      0      0      0      0      0      0      0      0      0      0      0      0      0      0      0      0      0      0      0      0      0      0      0      0      0      0      0      0      0     
0x2b06155ada30           ST.E desc[UR18][R26.64+0x48], R6                                         2      2      2      8192    262144  262144  32     32     0      0      0      Shared,Tmem,TmemShared            32     0      1      0      8192   8192   0      0      0      0             0      0      0      0      0      0      0      0      0      0      0      0      0      0      0      0      0      0      0      0      0      0      2      0      0      0      0      0      0      0      0      0      0      0      0      0      0      0      0      2     
0x2b06155ada40           ST.E desc[UR18][R26.64+0x4c], R7                                         0      0      0      8192    262144  262144  32     32     0      0      0      Shared,Tmem,TmemShared            32     0      1      0      8192   8192   0      0      0      0             0      0      0      0      0      0      0      0      0      0      0      0      0      0      0      0      0      0      0      0      0      0      0      0      0      0      0      0      0      0      0      0      0      0      0      0      0      0      0      0     
0x2b06155ada50           ST.E desc[UR18][R26.64+0x50], R8                                         1      1      1      8192    262144  262144  32     32     0      0      0      Shared,Tmem,TmemShared            32     0      1      0      8192   8192   0      0      0      0             0      0      0      0      0      0      0      0      0      0      1      0      0      0      0      0      0      0      0      0      0      0      0      0      0      0      0      1      0      0      0      0      0      0      0      0      0      0      0      0     
0x2b06155ada60           ST.E desc[UR18][R26.64+0x54], R9                                         0      0      0      8192    262144  262144  32     32     0      0      0      Shared,Tmem,TmemShared            32     0      1      0      8192   8192   0      0      0      0             0      0      0      0      0      0      0      0      0      0      0      0      0      0      0      0      0      0      0      0      0      0      0      0      0      0      0      0      0      0      0      0      0      0      0      0      0      0      0      0     
0x2b06155ada70           ST.E desc[UR18][R26.64+0x58], R10                                        2      2      2      8192    262144  262144  32     32     0      0      0      Shared,Tmem,TmemShared            32     0      1      0      8192   8192   0      0      0      0             0      0      0      0      0      0      0      0      0      0      0      0      0      0      0      0      0      0      0      0      0      0      2      0      0      0      0      0      0      0      0      0      0      0      0      0      0      0      0      2     
0x2b06155ada80           ST.E desc[UR18][R26.64+0x5c], R11                                        2      2      2      8192    262144  262144  32     32     0      0      0      Shared,Tmem,TmemShared            32     0      1      0      8192   8192   0      0      0      0             0      0      0      0      0      0      0      0      0      0      0      0      0      0      0      0      0      0      0      0      0      0      2      0      0      0      0      0      0      0      0      0      0      0      0      0      0      0      0      2     
0x2b06155ada90           LDTM.x8 R4, tmem[UR4+0x18]                                               12     11     12     8192    262144  262144  32     32     0      0      0      Tmem                   Load       -      0      0      0      0      0      0      0      0      0      -      0      0      0      0      0      0      0      0      0      0      0      10     0      0      0      0      0      0      1      0      0      0      1      0      0      0      0      0      10     0      0      0      0      0      0      0      0      0      0      1     
0x2b06155adaa0           NOP                                                                      0      0      0      8192    262144  262144  32     32     0      0      0      -                      -          -      0      0      0      0      0      0      0      0      0      -      0      0      0      0      0      0      0      0      0      0      0      0      0      0      0      0      0      0      0      0      0      0      0      0      0      0      0      0      0      0      0      0      0      0      0      0      0      0      0      0     
0x2b06155adab0           ST.E desc[UR18][R26.64+0x60], R4                                         2      2      2      8192    262144  262144  32     32     0      0      0      Shared,Tmem,TmemShared            32     0      1      0      8192   8192   0      0      0      0             0      0      0      0      0      0      0      0      0      0      0      0      0      0      0      0      0      0      0      2      0      0      0      0      0      0      0      0      0      0      0      0      0      0      0      0      2      0      0      0     
0x2b06155adac0           ST.E desc[UR18][R26.64+0x64], R5                                         0      0      0      8192    262144  262144  32     32     0      0      0      Shared,Tmem,TmemShared            32     0      1      0      8192   8192   0      0      0      0             0      0      0      0      0      0      0      0      0      0      0      0      0      0      0      0      0      0      0      0      0      0      0      0      0      0      0      0      0      0      0      0      0      0      0      0      0      0      0      0     
0x2b06155adad0           ST.E desc[UR18][R26.64+0x68], R6                                         1      0      1      8192    262144  262144  32     32     0      0      0      Shared,Tmem,TmemShared            32     0      1      0      8192   8192   0      0      0      0             0      0      0      0      0      0      0      0      0      0      0      0      0      0      0      0      0      0      0      0      0      0      1      0      0      0      0      0      0      0      0      0      0      0      0      0      0      0      0      0     
0x2b06155adae0           ST.E desc[UR18][R26.64+0x6c], R7                                         0      0      0      8192    262144  262144  32     32     0      0      0      Shared,Tmem,TmemShared            32     0      1      0      8192   8192   0      0      0      0             0      0      0      0      0      0      0      0      0      0      0      0      0      0      0      0      0      0      0      0      0      0      0      0      0      0      0      0      0      0      0      0      0      0      0      0      0      0      0      0     
0x2b06155adaf0           ST.E desc[UR18][R26.64+0x70], R8                                         2      1      2      8192    262144  262144  32     32     0      0      0      Shared,Tmem,TmemShared            32     0      1      0      8192   8192   0      0      0      0             0      0      0      0      0      0      0      0      0      0      0      0      0      0      0      0      0      0      1      0      0      0      1      0      0      0      0      0      0      0      0      0      0      0      0      0      0      0      0      1     
0x2b06155adb00           ST.E desc[UR18][R26.64+0x74], R9                                         2      2      2      8192    262144  262144  32     32     0      0      0      Shared,Tmem,TmemShared            32     0      1      0      8192   8192   0      0      0      0             0      0      0      0      0      0      0      0      0      0      0      0      0      0      0      0      0      0      0      0      0      0      2      0      0      0      0      0      0      0      0      0      0      0      0      0      0      0      0      2     
0x2b06155adb10           ST.E desc[UR18][R26.64+0x78], R10                                        3      3      3      8192    262144  262144  32     32     0      0      0      Shared,Tmem,TmemShared            32     0      1      0      8192   8192   0      0      0      0             0      0      0      0      0      0      0      0      0      0      0      0      0      0      0      0      0      0      0      0      0      0      3      0      0      0      0      0      0      0      0      0      0      0      0      0      0      0      0      3     
0x2b06155adb20           ST.E desc[UR18][R26.64+0x7c], R11                                        2      2      2      8192    262144  262144  32     32     0      0      0      Shared,Tmem,TmemShared            32     0      1      0      8192   8192   0      0      0      0             0      0      0      0      0      0      0      0      1      0      0      0      0      0      0      0      0      0      0      0      0      0      1      0      0      1      0      0      0      0      0      0      0      0      0      0      0      0      0      1     
0x2b06155adb30           LDTM.x8 R4, tmem[UR4+0x20]                                               10     8      10     8192    262144  262144  32     32     0      0      0      Tmem                   Load       -      0      0      0      0      0      0      0      0      0      -      0      0      0      0      0      0      0      0      0      0      0      10     0      0      0      0      0      0      0      0      0      0      0      0      0      0      0      0      8      0      0      0      0      0      0      0      0      0      0      0     
0x2b06155adb40           NOP                                                                      0      0      0      8192    262144  262144  32     32     0      0      0      -                      -          -      0      0      0      0      0      0      0      0      0      -      0      0      0      0      0      0      0      0      0      0      0      0      0      0      0      0      0      0      0      0      0      0      0      0      0      0      0      0      0      0      0      0      0      0      0      0      0      0      0      0     
0x2b06155adb50           ST.E desc[UR18][R26.64+0x80], R4                                         2      2      2      8192    262144  262144  32     32     0      0      0      Shared,Tmem,TmemShared            32     0      1      0      8192   8192   0      0      0      0             0      0      0      0      0      0      0      0      0      0      0      0      0      0      0      0      0      0      0      2      0      0      0      0      0      0      0      0      0      0      0      0      0      0      0      0      2      0      0      0     
0x2b06155adb60           ST.E desc[UR18][R26.64+0x84], R5                                         0      0      0      8192    262144  262144  32     32     0      0      0      Shared,Tmem,TmemShared            32     0      1      0      8192   8192   0      0      0      0             0      0      0      0      0      0      0      0      0      0      0      0      0      0      0      0      0      0      0      0      0      0      0      0      0      0      0      0      0      0      0      0      0      0      0      0      0      0      0      0     
0x2b06155adb70           ST.E desc[UR18][R26.64+0x88], R6                                         2      1      2      8192    262144  262144  32     32     0      0      0      Shared,Tmem,TmemShared            32     0      1      0      8192   8192   0      0      0      0             0      0      0      0      0      0      0      0      0      0      1      0      0      0      0      0      0      0      1      0      0      0      0      0      0      0      0      1      0      0      0      0      0      0      0      0      0      0      0      0     
0x2b06155adb80           ST.E desc[UR18][R26.64+0x8c], R7                                         1      0      1      8192    262144  262144  32     32     0      0      0      Shared,Tmem,TmemShared            32     0      1      0      8192   8192   0      0      0      0             0      0      0      0      0      0      0      0      0      0      0      0      0      0      0      0      0      0      1      0      0      0      0      0      0      0      0      0      0      0      0      0      0      0      0      0      0      0      0      0     
0x2b06155adb90           ST.E desc[UR18][R26.64+0x90], R8                                         0      0      0      8192    262144  262144  32     32     0      0      0      Shared,Tmem,TmemShared            32     0      1      0      8192   8192   0      0      0      0             0      0      0      0      0      0      0      0      0      0      0      0      0      0      0      0      0      0      0      0      0      0      0      0      0      0      0      0      0      0      0      0      0      0      0      0      0      0      0      0     
0x2b06155adba0           ST.E desc[UR18][R26.64+0x94], R9                                         1      1      1      8192    262144  262144  32     32     0      0      0      Shared,Tmem,TmemShared            32     0      1      0      8192   8192   0      0      0      0             0      0      0      0      0      0      0      0      0      0      0      0      0      0      0      0      0      0      0      0      0      0      1      0      0      0      0      0      0      0      0      0      0      0      0      0      0      0      0      1     
0x2b06155adbb0           ST.E desc[UR18][R26.64+0x98], R10                                        1      1      1      8192    262144  262144  32     32     0      0      0      Shared,Tmem,TmemShared            32     0      1      0      8192   8192   0      0      0      0             0      0      0      0      0      0      0      0      0      0      1      0      0      0      0      0      0      0      0      0      0      0      0      0      0      0      0      1      0      0      0      0      0      0      0      0      0      0      0      0     
0x2b06155adbc0           ST.E desc[UR18][R26.64+0x9c], R11                                        1      1      1      8192    262144  262144  32     32     0      0      0      Shared,Tmem,TmemShared            32     0      1      0      8192   8192   0      0      0      0             0      0      0      0      0      0      0      0      0      0      0      0      0      0      0      0      0      0      0      0      0      0      1      0      0      0      0      0      0      0      0      0      0      0      0      0      0      0      0      1     
0x2b06155adbd0           LDTM.x8 R4, tmem[UR4+0x28]                                               12     10     12     8192    262144  262144  32     32     0      0      0      Tmem                   Load       -      0      0      0      0      0      0      0      0      0      -      0      0      0      0      0      0      0      0      0      0      0      12     0      0      0      0      0      0      0      0      0      0      0      0      0      0      0      0      10     0      0      0      0      0      0      0      0      0      0      0     
0x2b06155adbe0           NOP                                                                      0      0      0      8192    262144  262144  32     32     0      0      0      -                      -          -      0      0      0      0      0      0      0      0      0      -      0      0      0      0      0      0      0      0      0      0      0      0      0      0      0      0      0      0      0      0      0      0      0      0      0      0      0      0      0      0      0      0      0      0      0      0      0      0      0      0     
0x2b06155adbf0           ST.E desc[UR18][R26.64+0xa0], R4                                         0      0      0      8192    262144  262144  32     32     0      0      0      Shared,Tmem,TmemShared            32     0      1      0      8192   8192   0      0      0      0             0      0      0      0      0      0      0      0      0      0      0      0      0      0      0      0      0      0      0      0      0      0      0      0      0      0      0      0      0      0      0      0      0      0      0      0      0      0      0      0     
0x2b06155adc00           ST.E desc[UR18][R26.64+0xa4], R5                                         1      1      1      8192    262144  262144  32     32     0      0      0      Shared,Tmem,TmemShared            32     0      1      0      8192   8192   0      0      0      0             0      0      0      0      0      0      0      0      0      0      0      0      0      0      0      0      0      0      0      0      0      0      1      0      0      0      0      0      0      0      0      0      0      0      0      0      0      0      0      1     
0x2b06155adc10           ST.E desc[UR18][R26.64+0xa8], R6                                         0      0      0      8192    262144  262144  32     32     0      0      0      Shared,Tmem,TmemShared            32     0      1      0      8192   8192   0      0      0      0             0      0      0      0      0      0      0      0      0      0      0      0      0      0      0      0      0      0      0      0      0      0      0      0      0      0      0      0      0      0      0      0      0      0      0      0      0      0      0      0     
0x2b06155adc20           ST.E desc[UR18][R26.64+0xac], R7                                         2      2      2      8192    262144  262144  32     32     0      0      0      Shared,Tmem,TmemShared            32     0      1      0      8192   8192   0      0      0      0             0      0      0      0      0      0      0      0      0      0      0      0      0      0      0      0      0      0      0      0      0      0      2      0      0      0      0      0      0      0      0      0      0      0      0      0      0      0      0      2     
0x2b06155adc30           ST.E desc[UR18][R26.64+0xb0], R8                                         2      2      2      8192    262144  262144  32     32     0      0      0      Shared,Tmem,TmemShared            32     0      1      0      8192   8192   0      0      0      0             0      0      0      0      0      0      0      0      0      0      0      0      0      0      0      0      0      0      0      0      0      0      2      0      0      0      0      0      0      0      0      0      0      0      0      0      0      0      0      2     
0x2b06155adc40           ST.E desc[UR18][R26.64+0xb4], R9                                         1      1      1      8192    262144  262144  32     32     0      0      0      Shared,Tmem,TmemShared            32     0      1      0      8192   8192   0      0      0      0             0      0      0      0      0      0      0      0      0      0      0      0      0      0      0      0      0      0      0      0      0      0      1      0      0      0      0      0      0      0      0      0      0      0      0      0      0      0      0      1     
0x2b06155adc50           ST.E desc[UR18][R26.64+0xb8], R10                                        0      0      0      8192    262144  262144  32     32     0      0      0      Shared,Tmem,TmemShared            32     0      1      0      8192   8192   0      0      0      0             0      0      0      0      0      0      0      0      0      0      0      0      0      0      0      0      0      0      0      0      0      0      0      0      0      0      0      0      0      0      0      0      0      0      0      0      0      0      0      0     
0x2b06155adc60           ST.E desc[UR18][R26.64+0xbc], R11                                        3      2      3      8192    262144  262144  32     32     0      0      0      Shared,Tmem,TmemShared            32     0      1      0      8192   8192   0      0      0      0             0      0      0      0      0      0      0      0      0      0      1      0      0      0      0      0      0      0      1      0      0      0      1      0      0      0      0      1      0      0      0      0      0      0      0      0      0      0      0      1     
0x2b06155adc70           LDTM.x8 R4, tmem[UR4+0x30]                                               11     8      11     8192    262144  262144  32     32     0      0      0      Tmem                   Load       -      0      0      0      0      0      0      0      0      0      -      0      0      0      0      0      0      0      0      0      0      0      11     0      0      0      0      0      0      0      0      0      0      0      0      0      0      0      0      8      0      0      0      0      0      0      0      0      0      0      0     
0x2b06155adc80           NOP                                                                      0      0      0      8192    262144  262144  32     32     0      0      0      -                      -          -      0      0      0      0      0      0      0      0      0      -      0      0      0      0      0      0      0      0      0      0      0      0      0      0      0      0      0      0      0      0      0      0      0      0      0      0      0      0      0      0      0      0      0      0      0      0      0      0      0      0     
0x2b06155adc90           ST.E desc[UR18][R26.64+0xc0], R4                                         0      0      0      8192    262144  262144  32     32     0      0      0      Shared,Tmem,TmemShared            32     0      1      0      8192   8192   0      0      0      0             0      0      0      0      0      0      0      0      0      0      0      0      0      0      0      0      0      0      0      0      0      0      0      0      0      0      0      0      0      0      0      0      0      0      0      0      0      0      0      0     
0x2b06155adca0           ST.E desc[UR18][R26.64+0xc4], R5                                         1      1      1      8192    262144  262144  32     32     0      0      0      Shared,Tmem,TmemShared            32     0      1      0      8192   8192   0      0      0      0             0      0      0      0      0      0      0      0      0      0      0      0      0      0      0      0      0      0      0      0      0      0      1      0      0      0      0      0      0      0      0      0      0      0      0      0      0      0      0      1     
0x2b06155adcb0           ST.E desc[UR18][R26.64+0xc8], R6                                         1      1      1      8192    262144  262144  32     32     0      0      0      Shared,Tmem,TmemShared            32     0      1      0      8192   8192   0      0      0      0             0      0      0      0      0      0      0      0      0      0      1      0      0      0      0      0      0      0      0      0      0      0      0      0      0      0      0      1      0      0      0      0      0      0      0      0      0      0      0      0     
0x2b06155adcc0           ST.E desc[UR18][R26.64+0xcc], R7                                         1      1      1      8192    262144  262144  32     32     0      0      0      Shared,Tmem,TmemShared            32     0      1      0      8192   8192   0      0      0      0             0      0      0      0      0      0      0      0      0      0      0      0      0      0      0      0      0      0      0      0      0      0      1      0      0      0      0      0      0      0      0      0      0      0      0      0      0      0      0      1     
0x2b06155adcd0           ST.E desc[UR18][R26.64+0xd0], R8                                         1      0      1      8192    262144  262144  32     32     0      0      0      Shared,Tmem,TmemShared            32     0      1      0      8192   8192   0      0      0      0             0      0      0      0      0      0      0      0      0      0      0      0      0      0      0      0      0      0      0      0      0      0      1      0      0      0      0      0      0      0      0      0      0      0      0      0      0      0      0      0     
0x2b06155adce0           ST.E desc[UR18][R26.64+0xd4], R9                                         1      1      1      8192    262144  262144  32     32     0      0      0      Shared,Tmem,TmemShared            32     0      1      0      8192   8192   0      0      0      0             0      0      0      0      0      0      0      0      0      0      1      0      0      0      0      0      0      0      0      0      0      0      0      0      0      0      0      1      0      0      0      0      0      0      0      0      0      0      0      0     
0x2b06155adcf0           ST.E desc[UR18][R26.64+0xd8], R10                                        1      1      1      8192    262144  262144  32     32     0      0      0      Shared,Tmem,TmemShared            32     0      1      0      8192   8192   0      0      0      0             0      0      0      0      0      0      0      0      0      0      0      0      0      0      0      0      0      0      0      0      0      0      1      0      0      0      0      0      0      0      0      0      0      0      0      0      0      0      0      1     
0x2b06155add00           ST.E desc[UR18][R26.64+0xdc], R11                                        1      1      1      8192    262144  262144  32     32     0      0      0      Shared,Tmem,TmemShared            32     0      1      0      8192   8192   0      0      0      0             0      0      0      0      0      0      0      0      0      0      1      0      0      0      0      0      0      0      0      0      0      0      0      0      0      0      0      1      0      0      0      0      0      0      0      0      0      0      0      0     
0x2b06155add10           LDTM.x8 R4, tmem[UR4+0x38]                                               14     10     14     8192    262144  262144  32     32     0      0      0      Tmem                   Load       -      0      0      0      0      0      0      0      0      0      -      0      0      0      0      0      0      0      0      0      0      0      13     0      0      0      0      0      0      0      0      0      0      1      0      0      0      0      0      9      0      0      0      0      0      0      0      0      0      0      1     
0x2b06155add20           NOP                                                                      0      0      0      8192    262144  262144  32     32     0      0      0      -                      -          -      0      0      0      0      0      0      0      0      0      -      0      0      0      0      0      0      0      0      0      0      0      0      0      0      0      0      0      0      0      0      0      0      0      0      0      0      0      0      0      0      0      0      0      0      0      0      0      0      0      0     
0x2b06155add30           LDCU UR4, c[0x0][0x39c]                                                  0      0      0      8192    262144  262144  32     32     0      0      0      -                      -          -      0      0      0      0      0      0      0      0      0      -      0      0      0      0      0      0      0      0      0      0      0      0      0      0      0      0      0      0      0      0      0      0      0      0      0      0      0      0      0      0      0      0      0      0      0      0      0      0      0      0     
0x2b06155add40           ST.E desc[UR18][R26.64+0xe0], R4                                         1      1      1      8192    262144  262144  32     32     0      0      0      Shared,Tmem,TmemShared            32     0      1      0      8192   8192   0      0      0      0             0      0      0      0      0      0      0      0      0      0      0      0      0      0      0      0      0      0      0      1      0      0      0      0      0      0      0      0      0      0      0      0      0      0      0      0      1      0      0      0     
0x2b06155add50           ST.E desc[UR18][R26.64+0xe4], R5                                         0      0      0      8192    262144  262144  32     32     0      0      0      Shared,Tmem,TmemShared            32     0      1      0      8192   8192   0      0      0      0             0      0      0      0      0      0      0      0      0      0      0      0      0      0      0      0      0      0      0      0      0      0      0      0      0      0      0      0      0      0      0      0      0      0      0      0      0      0      0      0     
0x2b06155add60           ST.E desc[UR18][R26.64+0xe8], R6                                         1      1      1      8192    262144  262144  32     32     0      0      0      Shared,Tmem,TmemShared            32     0      1      0      8192   8192   0      0      0      0             0      0      0      0      0      0      0      0      0      0      0      0      0      0      0      0      0      0      0      0      0      0      1      0      0      0      0      0      0      0      0      0      0      0      0      0      0      0      0      1     
0x2b06155add70           ST.E desc[UR18][R26.64+0xec], R7                                         0      0      0      8192    262144  262144  32     32     0      0      0      Shared,Tmem,TmemShared            32     0      1      0      8192   8192   0      0      0      0             0      0      0      0      0      0      0      0      0      0      0      0      0      0      0      0      0      0      0      0      0      0      0      0      0      0      0      0      0      0      0      0      0      0      0      0      0      0      0      0     
0x2b06155add80           ST.E desc[UR18][R26.64+0xf0], R8                                         3      3      3      8192    262144  262144  32     32     0      0      0      Shared,Tmem,TmemShared            32     0      1      0      8192   8192   0      0      0      0             0      0      0      0      0      0      0      0      0      0      0      0      0      0      0      0      0      0      0      0      0      0      3      0      0      0      0      0      0      0      0      0      0      0      0      0      0      0      0      3     
0x2b06155add90           ST.E desc[UR18][R26.64+0xf4], R9                                         0      0      0      8192    262144  262144  32     32     0      0      0      Shared,Tmem,TmemShared            32     0      1      0      8192   8192   0      0      0      0             0      0      0      0      0      0      0      0      0      0      0      0      0      0      0      0      0      0      0      0      0      0      0      0      0      0      0      0      0      0      0      0      0      0      0      0      0      0      0      0     
0x2b06155adda0           ST.E desc[UR18][R26.64+0xf8], R10                                        1      1      1      8192    262144  262144  32     32     0      0      0      Shared,Tmem,TmemShared            32     0      1      0      8192   8192   0      0      0      0             0      0      0      0      0      0      0      0      0      0      0      0      0      0      0      0      0      0      0      0      0      0      1      0      0      0      0      0      0      0      0      0      0      0      0      0      0      0      0      1     
0x2b06155addb0           ST.E desc[UR18][R26.64+0xfc], R11                                        2      2      2      8192    262144  262144  32     32     0      0      0      Shared,Tmem,TmemShared            32     0      1      0      8192   8192   0      0      0      0             0      0      0      0      0      0      0      0      0      0      1      0      0      0      0      0      0      0      0      0      0      0      1      0      0      0      0      1      0      0      0      0      0      0      0      0      0      0      0      1     
0x2b06155addc0           BAR.SYNC.DEFER_BLOCKING 0x0                                              0      0      0      8192    262144  262144  32     32     0      0      0      -                      -          -      0      0      0      0      0      0      0      0      0      -      0      0      0      0      0      0      0      0      0      0      0      0      0      0      0      0      0      0      0      0      0      0      0      0      0      0      0      0      0      0      0      0      0      0      0      0      0      0      0      0     
0x2b06155addd0     @!P0  BRA 0x2b06155ae010                                                       16     11     16     8192    262144  262144  32     32     0      0      0      -                      -          -      0      0      0      0      0      0      0      0      0      -      0      0      0      0      0      0      14     0      0      0      0      0      0      0      0      0      0      0      0      0      0      0      2      9      0      0      0      0      0      0      0      0      0      0      0      0      0      0      0      2     
0x2b06155adde0           SHF.R.U32.HI R7, RZ, 0x6, R13                                            5      4      5      0       0       0       0      0      32     32     0      -                      -          -      0      0      0      0      0      0      0      0      0      -      0      0      0      0      0      0      0      0      0      0      0      0      0      0      0      0      0      0      0      0      0      0      5      0      0      0      0      0      0      0      0      0      0      0      0      0      0      0      0      4     
0x2b06155addf0           LDC R10, c[0x0][0x39c]                                                   0      0      0      0       0       0       0      0      0      32     0      -                      -          -      0      0      0      0      0      0      0      0      0      -      0      0      0      0      0      0      0      0      0      0      0      0      0      0      0      0      0      0      0      0      0      0      0      0      0      0      0      0      0      0      0      0      0      0      0      0      0      0      0      0     
0x2b06155ade00           IMAD R5, R7, 0x41, R16                                                   0      0      0      0       0       0       0      0      0      32     0      -                      -          -      0      0      0      0      0      0      0      0      0      -      0      0      0      0      0      0      0      0      0      0      0      0      0      0      0      0      0      0      0      0      0      0      0      0      0      0      0      0      0      0      0      0      0      0      0      0      0      0      0      0     
0x2b06155ade10           IMAD.WIDE.U32 R4, R5, 0x4, R24                                           0      0      0      0       0       0       0      0      0      32     0      -                      -          -      0      0      0      0      0      0      0      0      0      -      0      0      0      0      0      0      0      0      0      0      0      0      0      0      0      0      0      0      0      0      0      0      0      0      0      0      0      0      0      0      0      0      0      0      0      0      0      0      0      0     
0x2b06155ade20           LD.E R9, desc[UR18][R4.64]                                               0      0      0      0       0       0       0      0      0      32     0                                               0      0      0      0      0      0      0      0      0             0      0      0      0      0      0      0      0      0      0      0      0      0      0      0      0      0      0      0      0      0      0      0      0      0      0      0      0      0      0      0      0      0      0      0      0      0      0      0      0     
0x2b06155ade30           VIADD R6, R16, UR11                                                      0      0      0      0       0       0       0      0      0      32     0      -                      -          -      0      0      0      0      0      0      0      0      0      -      0      0      0      0      0      0      0      0      0      0      0      0      0      0      0      0      0      0      0      0      0      0      0      0      0      0      0      0      0      0      0      0      0      0      0      0      0      0      0      0     
0x2b06155ade40           ISETP.NE.AND P0, PT, R12, 0x3, PT                                        0      0      0      0       0       0       0      0      0      32     0      -                      -          -      0      0      0      0      0      0      0      0      0      -      0      0      0      0      0      0      0      0      0      0      0      0      0      0      0      0      0      0      0      0      0      0      0      0      0      0      0      0      0      0      0      0      0      0      0      0      0      0      0      0     
0x2b06155ade50           VIADD R7, R7, UR7                                                        0      0      0      0       0       0       0      0      0      32     0      -                      -          -      0      0      0      0      0      0      0      0      0      -      0      0      0      0      0      0      0      0      0      0      0      0      0      0      0      0      0      0      0      0      0      0      0      0      0      0      0      0      0      0      0      0      0      0      0      0      0      0      0      0     
0x2b06155ade60           IMAD.MOV.U32 R28, RZ, RZ, R23                                            0      0      0      0       0       0       0      0      0      32     0      -                      -          -      0      0      0      0      0      0      0      0      0      -      0      0      0      0      0      0      0      0      0      0      0      0      0      0      0      0      0      0      0      0      0      0      0      0      0      0      0      0      0      0      0      0      0      0      0      0      0      0      0      0     
0x2b06155ade70           LDC.64 R4, c[0x0][0x390]                                                 0      0      0      0       0       0       0      0      0      32     0      -                      -          -      0      0      0      0      0      0      0      0      0      -      0      0      0      0      0      0      0      0      0      0      0      0      0      0      0      0      0      0      0      0      0      0      0      0      0      0      0      0      0      0      0      0      0      0      0      0      0      0      0      0     
0x2b06155ade80           IMAD R7, R7, R10, R6                                                     0      0      0      0       0       0       0      0      0      32     0      -                      -          -      0      0      0      0      0      0      0      0      0      -      0      0      0      0      0      0      0      0      0      0      0      0      0      0      0      0      0      0      0      0      0      0      0      0      0      0      0      0      0      0      0      0      0      0      0      0      0      0      0      0     
0x2b06155ade90           IMAD.WIDE R6, R7, 0x4, R4                                                0      0      0      0       0       0       0      0      0      32     0      -                      -          -      0      0      0      0      0      0      0      0      0      -      0      0      0      0      0      0      0      0      0      0      0      0      0      0      0      0      0      0      0      0      0      0      0      0      0      0      0      0      0      0      0      0      0      0      0      0      0      0      0      0     
0x2b06155adea0           STG.E desc[UR18][R6.64], R9                                              0      0      0      0       0       0       0      0      0      32     0                                               0      0      0      0      0      0      0      0      0             0      0      0      0      0      0      0      0      0      0      0      0      0      0      0      0      0      0      0      0      0      0      0      0      0      0      0      0      0      0      0      0      0      0      0      0      0      0      0      0     
0x2b06155adeb0     @!P0  BRA 0x2b06155ae010                                                       0      0      0      0       0       0       0      0      0      32     0      -                      -          -      0      0      0      0      0      0      0      0      0      -      0      0      0      0      0      0      0      0      0      0      0      0      0      0      0      0      0      0      0      0      0      0      0      0      0      0      0      0      0      0      0      0      0      0      0      0      0      0      0      0     
0x2b06155adec0           SHF.R.U32.HI R8, RZ, 0x6, R23                                            0      0      0      0       0       0       0      0      0      32     0      -                      -          -      0      0      0      0      0      0      0      0      0      -      0      0      0      0      0      0      0      0      0      0      0      0      0      0      0      0      0      0      0      0      0      0      0      0      0      0      0      0      0      0      0      0      0      0      0      0      0      0      0      0     
0x2b06155aded0           LOP3.LUT R9, R23, 0x3f, RZ, 0xc0, !PT                                    0      0      0      0       0       0       0      0      0      32     0      -                      -          -      0      0      0      0      0      0      0      0      0      -      0      0      0      0      0      0      0      0      0      0      0      0      0      0      0      0      0      0      0      0      0      0      0      0      0      0      0      0      0      0      0      0      0      0      0      0      0      0      0      0     
0x2b06155adee0           IMAD R7, R8, 0x41, R9                                                    0      0      0      0       0       0       0      0      0      32     0      -                      -          -      0      0      0      0      0      0      0      0      0      -      0      0      0      0      0      0      0      0      0      0      0      0      0      0      0      0      0      0      0      0      0      0      0      0      0      0      0      0      0      0      0      0      0      0      0      0      0      0      0      0     
0x2b06155adef0           IMAD.WIDE.U32 R6, R7, 0x4, R24                                           0      0      0      0       0       0       0      0      0      32     0      -                      -          -      0      0      0      0      0      0      0      0      0      -      0      0      0      0      0      0      0      0      0      0      0      0      0      0      0      0      0      0      0      0      0      0      0      0      0      0      0      0      0      0      0      0      0      0      0      0      0      0      0      0     
0x2b06155adf00           LD.E R11, desc[UR18][R6.64]                                              0      0      0      0       0       0       0      0      0      32     0                                               0      0      0      0      0      0      0      0      0             0      0      0      0      0      0      0      0      0      0      0      0      0      0      0      0      0      0      0      0      0      0      0      0      0      0      0      0      0      0      0      0      0      0      0      0      0      0      0      0     
0x2b06155adf10           ISETP.NE.AND P0, PT, R12, RZ, PT                                         0      0      0      0       0       0       0      0      0      32     0      -                      -          -      0      0      0      0      0      0      0      0      0      -      0      0      0      0      0      0      0      0      0      0      0      0      0      0      0      0      0      0      0      0      0      0      0      0      0      0      0      0      0      0      0      0      0      0      0      0      0      0      0      0     
0x2b06155adf20           VIADD R27, R8, UR7                                                       0      0      0      0       0       0       0      0      0      32     0      -                      -          -      0      0      0      0      0      0      0      0      0      -      0      0      0      0      0      0      0      0      0      0      0      0      0      0      0      0      0      0      0      0      0      0      0      0      0      0      0      0      0      0      0      0      0      0      0      0      0      0      0      0     
0x2b06155adf30           VIADD R9, R9, UR11                                                       0      0      0      0       0       0       0      0      0      32     0      -                      -          -      0      0      0      0      0      0      0      0      0      -      0      0      0      0      0      0      0      0      0      0      0      0      0      0      0      0      0      0      0      0      0      0      0      0      0      0      0      0      0      0      0      0      0      0      0      0      0      0      0      0     
0x2b06155adf40           IMAD R9, R27, R10, R9                                                    0      0      0      0       0       0       0      0      0      32     0      -                      -          -      0      0      0      0      0      0      0      0      0      -      0      0      0      0      0      0      0      0      0      0      0      0      0      0      0      0      0      0      0      0      0      0      0      0      0      0      0      0      0      0      0      0      0      0      0      0      0      0      0      0     
0x2b06155adf50           IMAD.WIDE R8, R9, 0x4, R4                                                0      0      0      0       0       0       0      0      0      32     0      -                      -          -      0      0      0      0      0      0      0      0      0      -      0      0      0      0      0      0      0      0      0      0      0      0      0      0      0      0      0      0      0      0      0      0      0      0      0      0      0      0      0      0      0      0      0      0      0      0      0      0      0      0     
0x2b06155adf60     @P0   IMAD R27, R15, 0x41, R14                                                 0      0      0      0       0       0       0      0      0      32     0      -                      -          -      0      0      0      0      0      0      0      0      0      -      0      0      0      0      0      0      0      0      0      0      0      0      0      0      0      0      0      0      0      0      0      0      0      0      0      0      0      0      0      0      0      0      0      0      0      0      0      0      0      0     
0x2b06155adf70     @P0   IMAD.WIDE.U32 R6, R27, 0x4, R24                                          0      0      0      0       0       0       0      0      0      32     0      -                      -          -      0      0      0      0      0      0      0      0      0      -      0      0      0      0      0      0      0      0      0      0      0      0      0      0      0      0      0      0      0      0      0      0      0      0      0      0      0      0      0      0      0      0      0      0      0      0      0      0      0      0     
0x2b06155adf80           STG.E desc[UR18][R8.64], R11                                             0      0      0      0       0       0       0      0      0      32     0                                               0      0      0      0      0      0      0      0      0             0      0      0      0      0      0      0      0      0      0      0      0      0      0      0      0      0      0      0      0      0      0      0      0      0      0      0      0      0      0      0      0      0      0      0      0      0      0      0      0     
0x2b06155adf90     @P0   LD.E R27, desc[UR18][R6.64]                                              0      0      0      0       0       0       0      0      0      32     0                                               0      0      0      0      0      0      0      0      0             0      0      0      0      0      0      0      0      0      0      0      0      0      0      0      0      0      0      0      0      0      0      0      0      0      0      0      0      0      0      0      0      0      0      0      0      0      0      0      0     
0x2b06155adfa0     @P0   VIADD R29, R15, UR7                                                      0      0      0      0       0       0       0      0      0      32     0      -                      -          -      0      0      0      0      0      0      0      0      0      -      0      0      0      0      0      0      0      0      0      0      0      0      0      0      0      0      0      0      0      0      0      0      0      0      0      0      0      0      0      0      0      0      0      0      0      0      0      0      0      0     
0x2b06155adfb0     @P0   VIADD R26, R14, UR11                                                     0      0      0      0       0       0       0      0      0      32     0      -                      -          -      0      0      0      0      0      0      0      0      0      -      0      0      0      0      0      0      0      0      0      0      0      0      0      0      0      0      0      0      0      0      0      0      0      0      0      0      0      0      0      0      0      0      0      0      0      0      0      0      0      0     
0x2b06155adfc0           VIADD R28, R23, UR17                                                     0      0      0      0       0       0       0      0      0      32     0      -                      -          -      0      0      0      0      0      0      0      0      0      -      0      0      0      0      0      0      0      0      0      0      0      0      0      0      0      0      0      0      0      0      0      0      0      0      0      0      0      0      0      0      0      0      0      0      0      0      0      0      0      0     
0x2b06155adfd0     @P0   IMAD R29, R29, R10, R26                                                  0      0      0      0       0       0       0      0      0      32     0      -                      -          -      0      0      0      0      0      0      0      0      0      -      0      0      0      0      0      0      0      0      0      0      0      0      0      0      0      0      0      0      0      0      0      0      0      0      0      0      0      0      0      0      0      0      0      0      0      0      0      0      0      0     
0x2b06155adfe0     @P0   VIADD R28, R28, UR17                                                     0      0      0      0       0       0       0      0      0      32     0      -                      -          -      0      0      0      0      0      0      0      0      0      -      0      0      0      0      0      0      0      0      0      0      0      0      0      0      0      0      0      0      0      0      0      0      0      0      0      0      0      0      0      0      0      0      0      0      0      0      0      0      0      0     
0x2b06155adff0     @P0   IMAD.WIDE R4, R29, 0x4, R4                                               0      0      0      0       0       0       0      0      0      32     0      -                      -          -      0      0      0      0      0      0      0      0      0      -      0      0      0      0      0      0      0      0      0      0      0      0      0      0      0      0      0      0      0      0      0      0      0      0      0      0      0      0      0      0      0      0      0      0      0      0      0      0      0      0     
0x2b06155ae000     @P0   STG.E desc[UR18][R4.64], R27                                             0      0      0      0       0       0       0      0      0      32     0                                               0      0      0      0      0      0      0      0      0             0      0      0      0      0      0      0      0      0      0      0      0      0      0      0      0      0      0      0      0      0      0      0      0      0      0      0      0      0      0      0      0      0      0      0      0      0      0      0      0     
0x2b06155ae010           BSYNC.RECONVERGENT B0                                                    2      1      2      8192    262144  262144  32     32     32     0      0      -                      -          -      0      0      0      0      0      0      0      0      0      -      0      0      0      0      0      0      0      0      0      0      0      0      0      0      0      0      2      0      0      0      0      0      0      0      0      0      0      0      0      0      0      0      0      1      0      0      0      0      0      0     
0x2b06155ae020           BSSY.RECONVERGENT B0, 0x2b06155ae330                                     5      2      5      8192    262144  262144  32     32     0      0      0      -                      -          -      0      0      0      0      0      0      0      0      0      -      0      0      0      0      0      0      0      2      0      0      0      0      0      0      0      0      0      0      1      0      0      0      2      0      0      0      0      0      0      0      0      0      0      0      0      0      0      0      0      2     
0x2b06155ae030           SHF.R.U32.HI R6, RZ, 0x6, R28                                            23     22     23     131072  4194304 4194304 32     32     0      0      0      -                      -          -      0      0      0      0      0      0      0      0      0      -      0      0      0      0      0      0      0      10     1      0      0      0      0      0      0      0      12     0      0      0      0      0      0      0      10     1      0      0      0      0      0      0      0      11     0      0      0      0      0      0     
0x2b06155ae040           LOP3.LUT R7, R28, 0x3f, RZ, 0xc0, !PT                                    10     3      10     131072  4194304 4194304 32     32     0      0      0      -                      -          -      0      0      0      0      0      0      0      0      0      -      0      0      0      0      0      0      0      0      1      0      0      0      0      0      0      0      0      1      5      0      0      0      3      0      0      1      0      0      0      0      0      0      0      0      0      0      0      0      0      2     
0x2b06155ae050           IMAD R5, R6, 0x41, R7                                                    19     7      19     131072  4194304 4194304 32     32     0      0      0      -                      -          -      0      0      0      0      0      0      0      0      0      -      0      0      0      0      0      0      0      0      0      0      0      1      0      0      0      0      0      3      2      0      0      0      13     0      0      0      0      0      1      0      0      0      0      0      0      0      0      0      0      6     
0x2b06155ae060           IMAD.WIDE.U32 R4, R5, 0x4, R24                                           14     5      14     131072  4194304 4194304 32     32     0      0      0      -                      -          -      0      0      0      0      0      0      0      0      0      -      0      0      0      0      0      0      0      0      0      0      0      0      1      0      0      0      0      3      4      0      0      0      6      0      0      0      0      0      0      1      0      0      0      0      0      0      0      0      0      4     
0x2b06155ae070           LD.E R9, desc[UR18][R4.64]                                               23     12     23     131072  4194304 4194304 32     32     0      0      0      Shared,Tmem,TmemShared            32     0      1      0      131072 131072 0      0      0      0             0      0      0      0      0      0      0      0      4      0      0      0      0      0      0      0      0      0      4      0      0      0      15     0      0      3      0      0      0      0      0      0      0      0      0      0      0      0      0      9     
0x2b06155ae080           VIADD R6, R6, UR7                                                        4      0      4      131072  4194304 4194304 32     32     0      0      0      -                      -          -      0      0      0      0      0      0      0      0      0      -      0      0      0      0      0      0      0      0      0      0      0      0      0      0      0      0      0      0      4      0      0      0      0      0      0      0      0      0      0      0      0      0      0      0      0      0      0      0      0      0     
0x2b06155ae090           VIADD R7, R7, UR11                                                       11     3      11     131072  4194304 4194304 32     32     0      0      0      -                      -          -      0      0      0      0      0      0      0      0      0      -      0      0      0      0      0      0      0      0      0      0      0      0      2      0      0      0      0      1      5      0      0      0      3      0      0      0      0      0      0      2      0      0      0      0      0      0      0      0      0      1     
0x2b06155ae0a0           VIADD R8, R28, UR17                                                      13     5      13     131072  4194304 4194304 32     32     0      0      0      -                      -          -      0      0      0      0      0      0      0      0      0      -      0      0      0      0      0      0      0      0      0      0      0      0      3      0      0      0      0      1      4      0      0      0      5      0      0      0      0      0      0      2      0      0      0      0      0      0      0      0      0      3     
0x2b06155ae0b0           IMAD R7, R6, UR4, R7                                                     10     5      10     131072  4194304 4194304 32     32     0      0      0      -                      -          -      0      0      0      0      0      0      0      0      0      -      0      0      0      0      0      0      0      0      0      0      0      0      0      0      0      0      0      1      3      0      0      0      6      0      0      0      0      0      0      0      0      0      0      0      0      0      0      0      0      5     
0x2b06155ae0c0           LDC.64 R4, c[0x0][0x390]                                                 14     8      14     131072  4194304 4194304 32     32     0      0      0      -                      -          -      0      0      0      0      0      0      0      0      0      -      0      0      0      0      0      0      0      0      1      0      0      8      0      0      0      0      0      1      4      0      0      0      0      0      0      0      0      0      8      0      0      0      0      0      0      0      0      0      0      0     
0x2b06155ae0d0           SHF.R.U32.HI R10, RZ, 0x6, R8                                            6      2      6      131072  4194304 4194304 32     32     0      0      0      -                      -          -      0      0      0      0      0      0      0      0      0      -      0      0      0      0      0      0      0      0      1      0      0      0      0      0      0      0      0      0      3      0      0      0      2      0      0      0      0      0      0      0      0      0      0      0      0      0      0      0      0      2     
0x2b06155ae0e0           LOP3.LUT R11, R8, 0x3f, RZ, 0xc0, !PT                                    8      2      8      131072  4194304 4194304 32     32     0      0      0      -                      -          -      0      0      0      0      0      0      0      0      0      -      0      0      0      0      0      0      0      0      1      0      0      0      0      0      0      0      0      0      4      0      0      0      3      0      0      0      0      0      0      0      0      0      0      0      0      0      0      0      0      2     
0x2b06155ae0f0           IMAD R27, R10, 0x41, R11                                                 23     10     23     131072  4194304 4194304 32     32     0      0      0      -                      -          -      0      0      0      0      0      0      0      0      0      -      0      0      0      0      0      0      0      0      0      0      0      0      4      0      0      0      0      3      1      0      0      0      15     0      0      0      0      0      0      2      0      0      0      0      0      0      0      0      0      8     
0x2b06155ae100           IMAD.WIDE R6, R7, 0x4, R4                                                53     33     53     131072  4194304 4194304 32     32     0      0      0      -                      -          -      0      0      0      0      0      0      0      0      0      -      0      0      0      0      0      0      0      0      0      0      0      0      3      0      0      0      0      5      3      40     0      0      2      0      0      0      0      0      0      2      0      0      0      0      0      0      30     0      0      1     
0x2b06155ae110           STG.E desc[UR18][R6.64], R9                                              27     15     27     131072  4194304 4194304 32     32     0      0      0      Global                 Store      32     131072 0      0      0      0      0      524288 524288 0             0      0      0      0      0      0      0      0      14     0      0      0      0      0      0      0      0      1      0      0      0      0      12     0      0      10     0      0      0      0      0      0      0      0      0      0      0      0      0      5     
0x2b06155ae120           IMAD.WIDE.U32 R6, R27, 0x4, R24                                          48     37     48     131072  4194304 4194304 32     32     0      0      0      -                      -          -      0      0      0      0      0      0      0      0      0      -      0      0      0      0      0      0      0      0      1      0      0      43     0      0      0      0      0      0      1      0      0      0      3      0      0      1      0      0      33     0      0      0      0      0      0      0      0      0      0      3     
0x2b06155ae130           LD.E R27, desc[UR18][R6.64]                                              20     11     20     131072  4194304 4194304 32     32     0      0      0      Shared,Tmem,TmemShared            32     0      1      0      131072 131072 0      0      0      0             0      0      0      0      0      0      0      0      3      0      0      0      0      0      0      0      0      1      3      0      0      0      13     0      0      1      0      0      0      0      0      0      0      0      0      0      0      0      0      10    
0x2b06155ae140           VIADD R10, R10, UR7                                                      1      0      1      131072  4194304 4194304 32     32     0      0      0      -                      -          -      0      0      0      0      0      0      0      0      0      -      0      0      0      0      0      0      0      0      0      0      0      0      0      0      0      0      0      0      1      0      0      0      0      0      0      0      0      0      0      0      0      0      0      0      0      0      0      0      0      0     
0x2b06155ae150           VIADD R11, R11, UR11                                                     6      0      6      131072  4194304 4194304 32     32     0      0      0      -                      -          -      0      0      0      0      0      0      0      0      0      -      0      0      0      0      0      0      0      0      0      0      0      0      0      0      0      0      0      0      3      0      0      0      3      0      0      0      0      0      0      0      0      0      0      0      0      0      0      0      0      0     
0x2b06155ae160           VIADD R8, R8, UR17                                                       9      5      9      131072  4194304 4194304 32     32     0      0      0      -                      -          -      0      0      0      0      0      0      0      0      0      -      0      0      0      0      0      0      0      0      0      0      0      0      1      0      0      0      0      1      2      0      0      0      5      0      0      0      0      0      0      1      0      0      0      0      0      0      0      0      0      4     
0x2b06155ae170           IMAD R11, R10, UR4, R11                                                  6      2      6      131072  4194304 4194304 32     32     0      0      0      -                      -          -      0      0      0      0      0      0      0      0      0      -      0      0      0      0      0      0      0      0      0      0      0      0      0      0      0      0      0      0      4      0      0      0      2      0      0      0      0      0      0      0      0      0      0      0      0      0      0      0      0      2     
0x2b06155ae180           SHF.R.U32.HI R10, RZ, 0x6, R8                                            22     8      22     131072  4194304 4194304 32     32     0      0      0      -                      -          -      0      0      0      0      0      0      0      0      0      -      0      0      0      0      0      0      0      0      2      0      0      0      1      0      0      0      0      1      6      0      0      0      12     0      0      1      0      0      0      0      0      0      0      0      0      0      0      0      0      7     
0x2b06155ae190           IMAD.WIDE R6, R11, 0x4, R4                                               4      3      4      131072  4194304 4194304 32     32     0      0      0      -                      -          -      0      0      0      0      0      0      0      0      0      -      0      0      0      0      0      0      0      0      0      0      0      3      0      0      0      0      0      0      1      0      0      0      0      0      0      0      0      0      3      0      0      0      0      0      0      0      0      0      0      0     
0x2b06155ae1a0           LOP3.LUT R11, R8, 0x3f, RZ, 0xc0, !PT                                    3      0      3      131072  4194304 4194304 32     32     0      0      0      -                      -          -      0      0      0      0      0      0      0      0      0      -      0      0      0      0      0      0      0      0      1      0      0      0      0      0      0      0      0      0      2      0      0      0      0      0      0      0      0      0      0      0      0      0      0      0      0      0      0      0      0      0     
0x2b06155ae1b0           IMAD R9, R10, 0x41, R11                                                  47     31     47     131072  4194304 4194304 32     32     0      0      0      -                      -          -      0      0      0      0      0      0      0      0      0      -      0      0      0      0      0      0      0      0      0      0      0      0      6      0      0      0      0      5      4      0      0      0      32     0      0      0      0      0      0      6      0      0      0      0      0      0      0      0      0      25    
0x2b06155ae1c0           STG.E desc[UR18][R6.64], R27                                             13     7      13     131072  4194304 4194304 32     32     0      0      0      Global                 Store      32     131072 0      0      0      0      0      524288 524288 0             0      0      0      0      0      0      0      0      0      0      0      8      0      0      0      0      0      1      4      0      0      0      0      0      0      0      0      0      7      0      0      0      0      0      0      0      0      0      0      0     
0x2b06155ae1d0           IMAD.WIDE.U32 R6, R9, 0x4, R24                                           52     31     52     131072  4194304 4194304 32     32     0      0      0      -                      -          -      0      0      0      0      0      0      0      0      0      -      0      0      0      0      0      0      0      0      1      0      0      37     5      0      0      0      0      1      1      0      0      0      7      0      0      1      0      0      25     4      0      0      0      0      0      0      0      0      0      1     
0x2b06155ae1e0           LD.E R9, desc[UR18][R6.64]                                               25     11     25     131072  4194304 4194304 32     32     0      0      0      Shared,Tmem,TmemShared            32     0      1      0      131072 131072 0      0      0      0             0      0      0      0      0      0      0      0      8      0      0      0      0      0      0      0      0      0      1      0      0      0      16     0      0      3      0      0      0      0      0      0      0      0      0      0      0      0      0      8     
0x2b06155ae1f0           VIADD R10, R10, UR7                                                      3      0      3      131072  4194304 4194304 32     32     0      0      0      -                      -          -      0      0      0      0      0      0      0      0      0      -      0      0      0      0      0      0      0      0      0      0      0      0      0      0      0      0      0      0      3      0      0      0      0      0      0      0      0      0      0      0      0      0      0      0      0      0      0      0      0      0     
0x2b06155ae200           VIADD R11, R11, UR11                                                     8      4      8      131072  4194304 4194304 32     32     0      0      0      -                      -          -      0      0      0      0      0      0      0      0      0      -      0      0      0      0      0      0      0      0      1      0      0      0      1      0      0      0      0      0      2      0      0      0      4      0      0      1      0      0      0      1      0      0      0      0      0      0      0      0      0      2     
0x2b06155ae210           VIADD R8, R8, UR17                                                       5      1      5      131072  4194304 4194304 32     32     0      0      0      -                      -          -      0      0      0      0      0      0      0      0      0      -      0      0      0      0      0      0      0      0      0      0      0      0      1      0      0      0      0      0      3      0      0      0      1      0      0      0      0      0      0      1      0      0      0      0      0      0      0      0      0      0     
0x2b06155ae220           IMAD R11, R10, UR4, R11                                                  6      0      6      131072  4194304 4194304 32     32     0      0      0      -                      -          -      0      0      0      0      0      0      0      0      0      -      0      0      0      0      0      0      0      0      0      0      0      0      0      0      0      0      0      0      5      0      0      0      1      0      0      0      0      0      0      0      0      0      0      0      0      0      0      0      0      0     
0x2b06155ae230           SHF.R.U32.HI R10, RZ, 0x6, R8                                            9      2      9      131072  4194304 4194304 32     32     0      0      0      -                      -          -      0      0      0      0      0      0      0      0      0      -      0      0      0      0      0      0      0      0      1      0      0      0      1      0      0      0      0      2      2      0      0      0      3      0      0      0      0      0      0      0      0      0      0      0      0      0      0      0      0      2     
0x2b06155ae240           IMAD.WIDE R6, R11, 0x4, R4                                               17     9      17     131072  4194304 4194304 32     32     0      0      0      -                      -          -      0      0      0      0      0      0      0      0      0      -      0      0      0      0      0      0      0      0      1      0      0      11     1      0      0      0      0      2      2      0      0      0      0      0      0      0      0      0      9      0      0      0      0      0      0      0      0      0      0      0     
0x2b06155ae250           LOP3.LUT R11, R8, 0x3f, RZ, 0xc0, !PT                                    7      0      7      131072  4194304 4194304 32     32     0      0      0      -                      -          -      0      0      0      0      0      0      0      0      0      -      0      0      0      0      0      0      0      0      5      0      0      0      0      0      0      0      0      0      2      0      0      0      0      0      0      0      0      0      0      0      0      0      0      0      0      0      0      0      0      0     
0x2b06155ae260           IMAD R27, R10, 0x41, R11                                                 40     24     40     131072  4194304 4194304 32     32     0      0      0      -                      -          -      0      0      0      0      0      0      0      0      0      -      0      0      0      0      0      0      0      0      0      0      0      0      4      0      0      0      0      3      3      0      0      0      30     0      0      0      0      0      0      3      0      0      0      0      0      0      0      0      0      21    
0x2b06155ae270           STG.E desc[UR18][R6.64], R9                                              9      5      9      131072  4194304 4194304 32     32     0      0      0      Global                 Store      32     131072 0      0      0      0      0      524288 524288 0             0      0      0      0      0      0      0      0      2      0      0      4      0      0      0      0      0      0      3      0      0      0      0      0      0      1      0      0      4      0      0      0      0      0      0      0      0      0      0      0     
0x2b06155ae280           IMAD.WIDE.U32 R6, R27, 0x4, R24                                          64     38     64     131072  4194304 4194304 32     32     0      0      0      -                      -          -      0      0      0      0      0      0      0      0      0      -      0      0      0      0      0      0      0      0      0      0      0      46     4      0      0      0      0      3      4      0      0      0      7      0      0      0      0      0      31     4      0      0      0      0      0      0      0      0      0      3     
0x2b06155ae290           LD.E R27, desc[UR18][R6.64]                                              21     11     21     131072  4194304 4194304 32     32     0      0      0      Shared,Tmem,TmemShared            32     0      1      0      131072 131072 0      0      0      0             0      0      0      0      0      0      0      0      6      0      0      0      0      0      0      0      0      0      4      0      0      0      11     0      0      4      0      0      0      0      0      0      0      0      0      0      0      0      0      7     
0x2b06155ae2a0           VIADD R10, R10, UR7                                                      1      0      1      131072  4194304 4194304 32     32     0      0      0      -                      -          -      0      0      0      0      0      0      0      0      0      -      0      0      0      0      0      0      0      0      0      0      0      0      0      0      0      0      0      0      1      0      0      0      0      0      0      0      0      0      0      0      0      0      0      0      0      0      0      0      0      0     
0x2b06155ae2b0           VIADD R11, R11, UR11                                                     12     5      12     131072  4194304 4194304 32     32     0      0      0      -                      -          -      0      0      0      0      0      0      0      0      0      -      0      0      0      0      0      0      0      0      1      0      0      0      1      0      0      0      0      0      4      0      0      0      6      0      0      0      0      0      0      1      0      0      0      0      0      0      0      0      0      4     
0x2b06155ae2c0           VIADD R28, R8, UR17                                                      7      3      7      131072  4194304 4194304 32     32     0      0      0      -                      -          -      0      0      0      0      0      0      0      0      0      -      0      0      0      0      0      0      0      0      0      0      0      0      2      0      0      0      0      0      4      0      0      0      1      0      0      0      0      0      0      2      0      0      0      0      0      0      0      0      0      1     
0x2b06155ae2d0           IMAD R11, R10, UR4, R11                                                  5      2      5      131072  4194304 4194304 32     32     0      0      0      -                      -          -      0      0      0      0      0      0      0      0      0      -      0      0      0      0      0      0      0      0      0      0      0      0      1      0      0      0      0      0      3      0      0      0      1      0      0      0      0      0      0      1      0      0      0      0      0      0      0      0      0      1     
0x2b06155ae2e0           ISETP.GE.U32.AND P0, PT, R28, 0x2000, PT                                 13     5      13     131072  4194304 4194304 32     32     0      0      0      -                      -          -      0      0      0      0      0      0      0      0      0      -      0      0      0      0      0      0      0      0      1      0      0      0      1      0      0      0      0      1      2      0      0      0      8      0      0      0      0      0      0      0      0      0      0      0      0      0      0      0      0      5     
0x2b06155ae2f0           IMAD.WIDE R4, R11, 0x4, R4                                               1      0      1      131072  4194304 4194304 32     32     0      0      0      -                      -          -      0      0      0      0      0      0      0      0      0      -      0      0      0      0      0      0      0      0      0      0      0      0      0      0      0      0      0      0      1      0      0      0      0      0      0      0      0      0      0      0      0      0      0      0      0      0      0      0      0      0     
0x2b06155ae300           STG.E desc[UR18][R4.64], R27                                             53     31     53     131072  4194304 4194304 32     32     0      0      0      Global                 Store      32     131072 0      0      0      0      0      524288 524288 0             0      0      0      0      0      0      0      0      3      0      0      33     0      0      0      0      0      2      3      0      0      0      12     0      0      3      0      0      21     0      0      0      0      0      0      0      0      0      0      7     
0x2b06155ae310     @!P0  BRA 0x2b06155ae030                                                       31     14     31     131072  4194304 3932160 32     30     2      2      0      -                      -          -      0      0      0      0      0      0      0      0      0      -      0      0      0      0      0      0      0      0      0      0      0      0      0      0      0      0      0      0      3      0      0      0      28     0      0      0      0      0      0      0      0      0      0      0      0      0      0      0      0      14    
0x2b06155ae320           BSYNC.RECONVERGENT B0                                                    23     13     23     8192    262144  262144  32     32     2      0      0      -                      -          -      0      0      0      0      0      0      0      0      0      -      0      0      0      0      0      0      0      0      0      0      0      0      0      0      0      0      0      0      2      0      0      0      21     0      0      0      0      0      0      0      0      0      0      0      0      0      0      0      0      13    
0x2b06155ae330           ISETP.NE.AND P0, PT, R13, RZ, PT                                         2      2      2      8192    262144  262144  32     32     0      0      0      -                      -          -      0      0      0      0      0      0      0      0      0      -      0      0      0      0      0      0      0      1      0      0      0      0      0      0      0      0      0      0      0      0      0      0      1      0      1      0      0      0      0      0      0      0      0      0      0      0      0      0      0      1     
0x2b06155ae340           MEMBAR.ALL.CTA                                                           0      0      0      8192    262144  262144  32     32     0      0      0      -                      -          -      0      0      0      0      0      0      0      0      0      -      0      0      0      0      0      0      0      0      0      0      0      0      0      0      0      0      0      0      0      0      0      0      0      0      0      0      0      0      0      0      0      0      0      0      0      0      0      0      0      0     
0x2b06155ae350           FENCE.VIEW.ASYNC.S                                                       3      2      3      8192    262144  262144  32     32     0      0      0      -                      -          -      0      0      0      0      0      0      0      0      0      -      0      0      0      0      0      0      0      0      0      0      0      0      0      0      0      0      0      0      0      0      0      0      3      0      0      0      0      0      0      0      0      0      0      0      0      0      0      0      0      2     
0x2b06155ae360           NOP                                                                      0      0      0      8192    262144  262144  32     32     0      0      0      -                      -          -      0      0      0      0      0      0      0      0      0      -      0      0      0      0      0      0      0      0      0      0      0      0      0      0      0      0      0      0      0      0      0      0      0      0      0      0      0      0      0      0      0      0      0      0      0      0      0      0      0      0     
0x2b06155ae370           BSSY.RECONVERGENT B0, 0x2b06155ae450                                     1      0      1      8192    262144  262144  32     32     0      0      0      -                      -          -      0      0      0      0      0      0      0      0      0      -      0      0      0      0      0      0      0      0      0      0      0      0      0      0      0      0      0      0      1      0      0      0      0      0      0      0      0      0      0      0      0      0      0      0      0      0      0      0      0      0     
0x2b06155ae380           BAR.SYNC.DEFER_BLOCKING 0x0                                              1      0      1      8192    262144  262144  32     32     0      0      0      -                      -          -      0      0      0      0      0      0      0      0      0      -      0      0      0      0      0      0      0      0      0      0      0      1      0      0      0      0      0      0      0      0      0      0      0      0      0      0      0      0      0      0      0      0      0      0      0      0      0      0      0      0     
0x2b06155ae390     @P0   BRA 0x2b06155ae440                                                       9      5      9      8192    262144  260096  32     31     1      1      2048   -                      -          -      0      0      0      0      0      0      0      0      0      -      0      0      0      0      0      0      7      0      0      0      0      0      0      0      0      0      0      0      0      0      0      0      2      3      0      0      0      0      0      0      0      0      0      0      0      0      0      0      0      2     
0x2b06155ae3a0           VIADD R4, R2, 0x8                                                        0      0      0      2048    2048    2048    1      1      30     31     0      -                      -          -      0      0      0      0      0      0      0      0      0      -      0      0      0      0      0      0      0      0      0      0      0      0      0      0      0      0      0      0      0      0      0      0      0      0      0      0      0      0      0      0      0      0      0      0      0      0      0      0      0      0     
0x2b06155ae3b0           VIADD R2, R2, 0x20                                                       0      0      0      2048    2048    2048    1      1      0      31     0      -                      -          -      0      0      0      0      0      0      0      0      0      -      0      0      0      0      0      0      0      0      0      0      0      0      0      0      0      0      0      0      0      0      0      0      0      0      0      0      0      0      0      0      0      0      0      0      0      0      0      0      0      0     
0x2b06155ae3c0           LEA R4, R3, R4, 0x18                                                     0      0      0      2048    2048    2048    1      1      0      31     0      -                      -          -      0      0      0      0      0      0      0      0      0      -      0      0      0      0      0      0      0      0      0      0      0      0      0      0      0      0      0      0      0      0      0      0      0      0      0      0      0      0      0      0      0      0      0      0      0      0      0      0      0      0     
0x2b06155ae3d0           LEA R2, R3, R2, 0x18                                                     0      0      0      2048    2048    2048    1      1      0      31     0      -                      -          -      0      0      0      0      0      0      0      0      0      -      0      0      0      0      0      0      0      0      0      0      0      0      0      0      0      0      0      0      0      0      0      0      0      0      0      0      0      0      0      0      0      0      0      0      0      0      0      0      0      0     
0x2b06155ae3e0           SYNCS.CCTL.IV [R4+URZ]                                                   0      0      0      2048    2048    2048    1      1      0      31     0      -                      -          -      0      0      0      0      0      0      0      0      0      -      0      0      0      0      0      0      0      0      0      0      0      0      0      0      0      0      0      0      0      0      0      0      0      0      0      0      0      0      0      0      0      0      0      0      0      0      0      0      0      0     
0x2b06155ae3f0           SYNCS.CCTL.IV [R2+URZ]                                                   0      0      0      2048    2048    2048    1      1      0      31     0      -                      -          -      0      0      0      0      0      0      0      0      0      -      0      0      0      0      0      0      0      0      0      0      0      0      0      0      0      0      0      0      0      0      0      0      0      0      0      0      0      0      0      0      0      0      0      0      0      0      0      0      0      0     
0x2b06155ae400           SYNCS.CCTL.IV [R4+URZ+0x8]                                               0      0      0      2048    2048    2048    1      1      0      31     0      -                      -          -      0      0      0      0      0      0      0      0      0      -      0      0      0      0      0      0      0      0      0      0      0      0      0      0      0      0      0      0      0      0      0      0      0      0      0      0      0      0      0      0      0      0      0      0      0      0      0      0      0      0     
0x2b06155ae410           SYNCS.CCTL.IV [R2+URZ+0x8]                                               0      0      0      2048    2048    2048    1      1      0      31     0      -                      -          -      0      0      0      0      0      0      0      0      0      -      0      0      0      0      0      0      0      0      0      0      0      0      0      0      0      0      0      0      0      0      0      0      0      0      0      0      0      0      0      0      0      0      0      0      0      0      0      0      0      0     
0x2b06155ae420           SYNCS.CCTL.IV [R4+URZ+0x10]                                              0      0      0      2048    2048    2048    1      1      0      31     0      -                      -          -      0      0      0      0      0      0      0      0      0      -      0      0      0      0      0      0      0      0      0      0      0      0      0      0      0      0      0      0      0      0      0      0      0      0      0      0      0      0      0      0      0      0      0      0      0      0      0      0      0      0     
0x2b06155ae430           SYNCS.CCTL.IV [R2+URZ+0x10]                                              1      1      1      2048    2048    2048    1      1      0      31     0      -                      -          -      0      0      0      0      0      0      0      0      0      -      0      0      0      0      0      0      0      0      0      0      0      1      0      0      0      0      0      0      0      0      0      0      0      0      0      0      0      0      1      0      0      0      0      0      0      0      0      0      0      0     
0x2b06155ae440           BSYNC.RECONVERGENT B0                                                    2      2      2      10240   262144  262144  25     25     24     7      0      -                      -          -      0      0      0      0      0      0      0      0      0      -      0      0      0      0      0      0      0      2      0      0      0      0      0      0      0      0      0      0      0      0      0      0      0      0      2      0      0      0      0      0      0      0      0      0      0      0      0      0      0      0     
0x2b06155ae450           LDCU UR4, c[0x0][0x370]                                                  1      1      1      8192    262144  262144  32     32     7      0      0      -                      -          -      0      0      0      0      0      0      0      0      0      -      0      0      0      0      0      0      0      0      0      0      0      0      0      0      0      0      0      0      0      0      0      0      1      0      0      0      0      0      0      0      0      0      0      0      0      0      0      0      0      1     
0x2b06155ae460           BAR.SYNC.DEFER_BLOCKING 0x0                                              0      0      0      8192    262144  262144  32     32     0      0      0      -                      -          -      0      0      0      0      0      0      0      0      0      -      0      0      0      0      0      0      0      0      0      0      0      0      0      0      0      0      0      0      0      0      0      0      0      0      0      0      0      0      0      0      0      0      0      0      0      0      0      0      0      0     
0x2b06155ae470           UIADD3 UR16, UPT, UPT, UR4, UR16, URZ                                    4      3      4      8192    262144  262144  32     32     0      0      0      -                      -          -      0      0      0      0      0      0      0      0      0      -      0      0      0      0      0      0      0      0      0      0      0      0      0      0      0      0      0      0      0      4      0      0      0      0      0      0      0      0      0      0      0      0      0      0      0      0      3      0      0      0     
0x2b06155ae480           UISETP.GE.AND UP0, UPT, UR16, UR14, UPT                                  0      0      0      8192    262144  262144  32     32     0      0      0      -                      -          -      0      0      0      0      0      0      0      0      0      -      0      0      0      0      0      0      0      0      0      0      0      0      0      0      0      0      0      0      0      0      0      0      0      0      0      0      0      0      0      0      0      0      0      0      0      0      0      0      0      0     
0x2b06155ae490           BRA.U !UP0, 0x2b06155ac700                                               45     31     45     8192    262144  262144  32     32     0      0      0      -                      -          -      0      0      0      0      0      0      0      0      0      -      0      0      0      0      0      0      45     0      0      0      0      0      0      0      0      0      0      0      0      0      0      0      0      31     0      0      0      0      0      0      0      0      0      0      0      0      0      0      0      0     
0x2b06155ae4a0           ISETP.GT.U32.AND P0, PT, R13, 0x1f, PT                                   1      0      1      1776    56832   56832   32     32     0      0      0      -                      -          -      0      0      0      0      0      0      0      0      0      -      0      0      0      0      0      0      0      0      0      0      0      0      0      0      0      0      0      0      0      0      0      0      1      0      0      0      0      0      0      0      0      0      0      0      0      0      0      0      0      0     
0x2b06155ae4b0     @P0   EXIT                                                                     2      2      2      1776    56832   42624   32     24     8      8      0      -                      -          -      0      0      0      0      0      0      0      0      0      -      0      0      0      0      0      0      0      0      0      0      0      0      0      0      0      0      0      0      0      0      0      0      2      0      0      0      0      0      0      0      0      0      0      0      0      0      0      0      0      2     
0x2b06155ae4c0           MOV R4, 0x40                                                             0      0      0      444     14208   14208   32     32     8      0      0      -                      -          -      0      0      0      0      0      0      0      0      0      -      0      0      0      0      0      0      0      0      0      0      0      0      0      0      0      0      0      0      0      0      0      0      0      0      0      0      0      0      0      0      0      0      0      0      0      0      0      0      0      0     
0x2b06155ae4d0           NOP                                                                      0      0      0      444     14208   14208   32     32     0      0      0      -                      -          -      0      0      0      0      0      0      0      0      0      -      0      0      0      0      0      0      0      0      0      0      0      0      0      0      0      0      0      0      0      0      0      0      0      0      0      0      0      0      0      0      0      0      0      0      0      0      0      0      0      0     
0x2b06155ae4e0           LEA R4, R3, R4, 0x18                                                     0      0      0      444     14208   14208   32     32     0      0      0      -                      -          -      0      0      0      0      0      0      0      0      0      -      0      0      0      0      0      0      0      0      0      0      0      0      0      0      0      0      0      0      0      0      0      0      0      0      0      0      0      0      0      0      0      0      0      0      0      0      0      0      0      0     
0x2b06155ae4f0           ULOP3.LUT UR12, UR12, 0xffff, URZ, 0xc0, !UPT                            0      0      0      444     14208   14208   32     32     0      0      0      -                      -          -      0      0      0      0      0      0      0      0      0      -      0      0      0      0      0      0      0      0      0      0      0      0      0      0      0      0      0      0      0      0      0      0      0      0      0      0      0      0      0      0      0      0      0      0      0      0      0      0      0      0     
0x2b06155ae500           BSSY.RECONVERGENT B0, 0x2b06155ae7a0                                     0      0      0      444     14208   14208   32     32     0      0      0      -                      -          -      0      0      0      0      0      0      0      0      0      -      0      0      0      0      0      0      0      0      0      0      0      0      0      0      0      0      0      0      0      0      0      0      0      0      0      0      0      0      0      0      0      0      0      0      0      0      0      0      0      0     
0x2b06155ae510           UMOV UR5, 0x3                                                            0      0      0      444     14208   14208   32     32     0      0      0      -                      -          -      0      0      0      0      0      0      0      0      0      -      0      0      0      0      0      0      0      0      0      0      0      0      0      0      0      0      0      0      0      0      0      0      0      0      0      0      0      0      0      0      0      0      0      0      0      0      0      0      0      0     
0x2b06155ae520           UMOV UR4, 0x1                                                            0      0      0      444     14208   14208   32     32     0      0      0      -                      -          -      0      0      0      0      0      0      0      0      0      -      0      0      0      0      0      0      0      0      0      0      0      0      0      0      0      0      0      0      0      0      0      0      0      0      0      0      0      0      0      0      0      0      0      0      0      0      0      0      0      0     
0x2b06155ae530           LDS R0, [R4+0x14]                                                        0      0      0      444     14208   14208   32     32     0      0      0      Shared                 Load       32     0      1      0      444    444    0      0      0      0      -      0      0      0      0      0      0      0      0      0      0      0      0      0      0      0      0      0      0      0      0      0      0      0      0      0      0      0      0      0      0      0      0      0      0      0      0      0      0      0      0     
0x2b06155ae540           USHF.R.U32.HI UR12, URZ, 0x5, UR12                                       0      0      0      444     14208   14208   32     32     0      0      0      -                      -          -      0      0      0      0      0      0      0      0      0      -      0      0      0      0      0      0      0      0      0      0      0      0      0      0      0      0      0      0      0      0      0      0      0      0      0      0      0      0      0      0      0      0      0      0      0      0      0      0      0      0     
0x2b06155ae550           USHF.L.U32 UR5, UR5, UR12, URZ                                           0      0      0      444     14208   14208   32     32     0      0      0      -                      -          -      0      0      0      0      0      0      0      0      0      -      0      0      0      0      0      0      0      0      0      0      0      0      0      0      0      0      0      0      0      0      0      0      0      0      0      0      0      0      0      0      0      0      0      0      0      0      0      0      0      0     
0x2b06155ae560           USHF.L.U32 UR12, UR4, UR12, URZ                                          0      0      0      444     14208   14208   32     32     0      0      0      -                      -          -      0      0      0      0      0      0      0      0      0      -      0      0      0      0      0      0      0      0      0      0      0      0      0      0      0      0      0      0      0      0      0      0      0      0      0      0      0      0      0      0      0      0      0      0      0      0      0      0      0      0     
0x2b06155ae570           LOP3.LUT R0, R0, UR5, RZ, 0xc0, !PT                                      0      0      0      444     14208   14208   32     32     0      0      0      -                      -          -      0      0      0      0      0      0      0      0      0      -      0      0      0      0      0      0      0      0      0      0      0      0      0      0      0      0      0      0      0      0      0      0      0      0      0      0      0      0      0      0      0      0      0      0      0      0      0      0      0      0     
0x2b06155ae580           ISETP.NE.AND P0, PT, R0, UR5, PT                                         0      0      0      444     14208   14208   32     32     0      0      0      -                      -          -      0      0      0      0      0      0      0      0      0      -      0      0      0      0      0      0      0      0      0      0      0      0      0      0      0      0      0      0      0      0      0      0      0      0      0      0      0      0      0      0      0      0      0      0      0      0      0      0      0      0     
0x2b06155ae590     @P0   BRA 0x2b06155ae770                                                       0      0      0      444     14208   0       32     0      32     32     0      -                      -          -      0      0      0      0      0      0      0      0      0      -      0      0      0      0      0      0      0      0      0      0      0      0      0      0      0      0      0      0      0      0      0      0      0      0      0      0      0      0      0      0      0      0      0      0      0      0      0      0      0      0     
0x2b06155ae5a0           LDS R0, [R4+0x18]                                                        1      1      1      444     14208   14208   32     32     32     0      0      Shared                 Load       32     0      1      0      444    444    0      0      0      0      -      0      0      0      0      0      0      0      0      0      0      0      0      0      0      0      0      0      0      0      0      0      0      1      0      0      0      0      0      0      0      0      0      0      0      0      0      0      0      0      1     
0x2b06155ae5b0           LOP3.LUT R0, R0, UR12, RZ, 0xc0, !PT                                     0      0      0      444     14208   14208   32     32     0      0      0      -                      -          -      0      0      0      0      0      0      0      0      0      -      0      0      0      0      0      0      0      0      0      0      0      0      0      0      0      0      0      0      0      0      0      0      0      0      0      0      0      0      0      0      0      0      0      0      0      0      0      0      0      0     
0x2b06155ae5c0           ISETP.NE.AND P0, PT, R0, UR12, PT                                        0      0      0      444     14208   14208   32     32     0      0      0      -                      -          -      0      0      0      0      0      0      0      0      0      -      0      0      0      0      0      0      0      0      0      0      0      0      0      0      0      0      0      0      0      0      0      0      0      0      0      0      0      0      0      0      0      0      0      0      0      0      0      0      0      0     
0x2b06155ae5d0     @P0   BRA 0x2b06155ae740                                                       0      0      0      444     14208   0       32     0      32     32     0      -                      -          -      0      0      0      0      0      0      0      0      0      -      0      0      0      0      0      0      0      0      0      0      0      0      0      0      0      0      0      0      0      0      0      0      0      0      0      0      0      0      0      0      0      0      0      0      0      0      0      0      0      0     
0x2b06155ae5e0           ELECT P0, URZ, PT                                                        0      0      0      444     14208   14208   32     32     32     0      0      -                      -          -      0      0      0      0      0      0      0      0      0      -      0      0      0      0      0      0      0      0      0      0      0      0      0      0      0      0      0      0      0      0      0      0      0      0      0      0      0      0      0      0      0      0      0      0      0      0      0      0      0      0     
0x2b06155ae5f0           PLOP3.LUT P1, PT, PT, PT, PT, 0x8, 0x80                                  0      0      0      444     14208   14208   32     32     0      0      0      -                      -          -      0      0      0      0      0      0      0      0      0      -      0      0      0      0      0      0      0      0      0      0      0      0      0      0      0      0      0      0      0      0      0      0      0      0      0      0      0      0      0      0      0      0      0      0      0      0      0      0      0      0     
0x2b06155ae600           ULOP3.LUT UR4, URZ, UR5, URZ, 0x33, !UPT                                 0      0      0      444     14208   14208   32     32     0      0      0      -                      -          -      0      0      0      0      0      0      0      0      0      -      0      0      0      0      0      0      0      0      0      0      0      0      0      0      0      0      0      0      0      0      0      0      0      0      0      0      0      0      0      0      0      0      0      0      0      0      0      0      0      0     
0x2b06155ae610           LOP3.LUT R0, RZ, UR12, RZ, 0x33, !PT                                     0      0      0      444     14208   14208   32     32     0      0      0      -                      -          -      0      0      0      0      0      0      0      0      0      -      0      0      0      0      0      0      0      0      0      0      0      0      0      0      0      0      0      0      0      0      0      0      0      0      0      0      0      0      0      0      0      0      0      0      0      0      0      0      0      0     
0x2b06155ae620           VOTEU.ANY UP0, P0                                                        0      0      0      444     14208   14208   32     32     0      0      0      -                      -          -      0      0      0      0      0      0      0      0      0      -      0      0      0      0      0      0      0      0      0      0      0      0      0      0      0      0      0      0      0      0      0      0      0      0      0      0      0      0      0      0      0      0      0      0      0      0      0      0      0      0     
0x2b06155ae630     @P0   ELECT P1, URZ, PT                                                        0      0      0      444     14208   444     32     1      31     31     0      -                      -          -      0      0      0      0      0      0      0      0      0      -      0      0      0      0      0      0      0      0      0      0      0      0      0      0      0      0      0      0      0      0      0      0      0      0      0      0      0      0      0      0      0      0      0      0      0      0      0      0      0      0     
0x2b06155ae640     @UP0  UTCATOMSWS.AND URZ, UR4                                                  0      0      0      444     14208   14208   32     32     31     0      0      -                      -          -      0      0      0      0      0      0      0      0      0      -      0      0      0      0      0      0      0      0      0      0      0      0      0      0      0      0      0      0      0      0      0      0      0      0      0      0      0      0      0      0      0      0      0      0      0      0      0      0      0      0     
0x2b06155ae650     @P1   PLOP3.LUT P0, PT, P1, PT, PT, 0x8, 0x80                                  0      0      0      444     14208   444     32     1      31     31     0      -                      -          -      0      0      0      0      0      0      0      0      0      -      0      0      0      0      0      0      0      0      0      0      0      0      0      0      0      0      0      0      0      0      0      0      0      0      0      0      0      0      0      0      0      0      0      0      0      0      0      0      0      0     
0x2b06155ae660           PLOP3.LUT P1, PT, PT, PT, PT, 0x8, 0x80                                  0      0      0      444     14208   14208   32     32     31     0      0      -                      -          -      0      0      0      0      0      0      0      0      0      -      0      0      0      0      0      0      0      0      0      0      0      0      0      0      0      0      0      0      0      0      0      0      0      0      0      0      0      0      0      0      0      0      0      0      0      0      0      0      0      0     
0x2b06155ae670     @P0   BRA.U.ANY 0x2b06155ae630                                                 2      2      2      444     14208   0       32     0      32     32     0      -                      -          -      0      0      0      0      0      0      0      0      0      -      0      0      0      0      0      0      0      0      0      0      0      0      0      0      0      0      0      0      0      0      0      0      2      0      0      0      0      0      0      0      0      0      0      0      0      0      0      0      0      2     
0x2b06155ae680           S2R R2, SR_LANEID                                                        0      0      0      444     14208   14208   32     32     32     0      0      -                      -          -      0      0      0      0      0      0      0      0      0      -      0      0      0      0      0      0      0      0      0      0      0      0      0      0      0      0      0      0      0      0      0      0      0      0      0      0      0      0      0      0      0      0      0      0      0      0      0      0      0      0     
0x2b06155ae690           IMAD.U32 R5, RZ, RZ, UR4                                                 0      0      0      444     14208   14208   32     32     0      0      0      -                      -          -      0      0      0      0      0      0      0      0      0      -      0      0      0      0      0      0      0      0      0      0      0      0      0      0      0      0      0      0      0      0      0      0      0      0      0      0      0      0      0      0      0      0      0      0      0      0      0      0      0      0     
0x2b06155ae6a0           REDUX UR7, R0                                                            0      0      0      444     14208   14208   32     32     0      0      0      -                      -          -      0      0      0      0      0      0      0      0      0      -      0      0      0      0      0      0      0      0      0      0      0      0      0      0      0      0      0      0      0      0      0      0      0      0      0      0      0      0      0      0      0      0      0      0      0      0      0      0      0      0     
0x2b06155ae6b0           VOTEU.ANY UR4, UPT, PT                                                   0      0      0      444     14208   14208   32     32     0      0      0      -                      -          -      0      0      0      0      0      0      0      0      0      -      0      0      0      0      0      0      0      0      0      0      0      0      0      0      0      0      0      0      0      0      0      0      0      0      0      0      0      0      0      0      0      0      0      0      0      0      0      0      0      0     
0x2b06155ae6c0           UFLO.U32 UR4, UR4                                                        0      0      0      444     14208   14208   32     32     0      0      0      -                      -          -      0      0      0      0      0      0      0      0      0      -      0      0      0      0      0      0      0      0      0      0      0      0      0      0      0      0      0      0      0      0      0      0      0      0      0      0      0      0      0      0      0      0      0      0      0      0      0      0      0      0     
0x2b06155ae6d0           REDUX UR6, R5                                                            0      0      0      444     14208   14208   32     32     0      0      0      -                      -          -      0      0      0      0      0      0      0      0      0      -      0      0      0      0      0      0      0      0      0      0      0      0      0      0      0      0      0      0      0      0      0      0      0      0      0      0      0      0      0      0      0      0      0      0      0      0      0      0      0      0     
0x2b06155ae6e0           IMAD.U32 R3, RZ, RZ, UR7                                                 1      1      1      444     14208   14208   32     32     0      0      0      -                      -          -      0      0      0      0      0      0      0      0      0      -      0      0      0      0      0      0      0      0      0      0      0      0      0      0      0      0      0      0      0      1      0      0      0      0      0      0      0      0      0      0      0      0      0      0      0      0      1      0      0      0     
0x2b06155ae6f0           ISETP.EQ.U32.AND P0, PT, R2, UR4, PT                                     0      0      0      444     14208   14208   32     32     0      0      0      -                      -          -      0      0      0      0      0      0      0      0      0      -      0      0      0      0      0      0      0      0      0      0      0      0      0      0      0      0      0      0      0      0      0      0      0      0      0      0      0      0      0      0      0      0      0      0      0      0      0      0      0      0     
0x2b06155ae700           IMAD.U32 R2, RZ, RZ, UR6                                                 0      0      0      444     14208   14208   32     32     0      0      0      -                      -          -      0      0      0      0      0      0      0      0      0      -      0      0      0      0      0      0      0      0      0      0      0      0      0      0      0      0      0      0      0      0      0      0      0      0      0      0      0      0      0      0      0      0      0      0      0      0      0      0      0      0     
0x2b06155ae710     @P0   ATOMS.AND RZ, [R4+0x14], R2                                              0      0      0      444     14208   444     32     1      31     31     0      Shared                 Atomic     32     0      1      0      444    444    0      0      0      0      -      0      0      0      0      0      0      0      0      0      0      0      0      0      0      0      0      0      0      0      0      0      0      0      0      0      0      0      0      0      0      0      0      0      0      0      0      0      0      0      0     
0x2b06155ae720     @P0   ATOMS.AND RZ, [R4+0x18], R3                                              0      0      0      444     14208   444     32     1      0      31     0      Shared                 Atomic     32     0      1      0      444    444    0      0      0      0      -      0      0      0      0      0      0      0      0      0      0      0      0      0      0      0      0      0      0      0      0      0      0      0      0      0      0      0      0      0      0      0      0      0      0      0      0      0      0      0      0     
0x2b06155ae730           BRA 0x2b06155ae790                                                       1      0      1      444     14208   14208   32     32     31     0      0      -                      -          -      0      0      0      0      0      0      0      0      0      -      0      0      0      0      0      0      0      0      0      0      0      0      0      0      0      0      0      0      1      0      0      0      0      0      0      0      0      0      0      0      0      0      0      0      0      0      0      0      0      0     
0x2b06155ae740           MOV R2, 0x2760                                                           0      0      0      0       0       0       0      0      32     32     0      -                      -          -      0      0      0      0      0      0      0      0      0      -      0      0      0      0      0      0      0      0      0      0      0      0      0      0      0      0      0      0      0      0      0      0      0      0      0      0      0      0      0      0      0      0      0      0      0      0      0      0      0      0     
0x2b06155ae750           CALL.REL.NOINC 0x2b06155ae8d0                                            0      0      0      0       0       0       0      0      0      32     0      -                      -          -      0      0      0      0      0      0      0      0      0      -      0      0      0      0      0      0      0      0      0      0      0      0      0      0      0      0      0      0      0      0      0      0      0      0      0      0      0      0      0      0      0      0      0      0      0      0      0      0      0      0     
0x2b06155ae760           BRA 0x2b06155ae790                                                       0      0      0      0       0       0       0      0      0      32     0      -                      -          -      0      0      0      0      0      0      0      0      0      -      0      0      0      0      0      0      0      0      0      0      0      0      0      0      0      0      0      0      0      0      0      0      0      0      0      0      0      0      0      0      0      0      0      0      0      0      0      0      0      0     
0x2b06155ae770           MOV R2, 0x2790                                                           0      0      0      0       0       0       0      0      0      32     0      -                      -          -      0      0      0      0      0      0      0      0      0      -      0      0      0      0      0      0      0      0      0      0      0      0      0      0      0      0      0      0      0      0      0      0      0      0      0      0      0      0      0      0      0      0      0      0      0      0      0      0      0      0     
0x2b06155ae780           CALL.REL.NOINC 0x2b06155ae930                                            0      0      0      0       0       0       0      0      0      32     0      -                      -          -      0      0      0      0      0      0      0      0      0      -      0      0      0      0      0      0      0      0      0      0      0      0      0      0      0      0      0      0      0      0      0      0      0      0      0      0      0      0      0      0      0      0      0      0      0      0      0      0      0      0     
0x2b06155ae790           BSYNC.RECONVERGENT B0                                                    0      0      0      444     14208   14208   32     32     32     0      0      -                      -          -      0      0      0      0      0      0      0      0      0      -      0      0      0      0      0      0      0      0      0      0      0      0      0      0      0      0      0      0      0      0      0      0      0      0      0      0      0      0      0      0      0      0      0      0      0      0      0      0      0      0     
0x2b06155ae7a0           NOP                                                                      0      0      0      444     14208   14208   32     32     0      0      0      -                      -          -      0      0      0      0      0      0      0      0      0      -      0      0      0      0      0      0      0      0      0      0      0      0      0      0      0      0      0      0      0      0      0      0      0      0      0      0      0      0      0      0      0      0      0      0      0      0      0      0      0      0     
0x2b06155ae7b0           EXIT                                                                     0      0      0      444     14208   14208   32     32     0      0      0      -                      -          -      0      0      0      0      0      0      0      0      0      -      0      0      0      0      0      0      0      0      0      0      0      0      0      0      0      0      0      0      0      0      0      0      0      0      0      0      0      0      0      0      0      0      0      0      0      0      0      0      0      0     
0x2b06155ae7c0           YIELD                                                                    12     12     12     23427   23427   23427   1      1      31     31     0      -                      -          -      0      0      0      0      0      0      0      0      0      -      0      0      0      0      0      0      0      7      0      0      0      0      0      0      0      0      5      0      0      0      0      0      0      0      7      0      0      0      0      0      0      0      0      5      0      0      0      0      0      0     
0x2b06155ae7d0           SYNCS.PHASECHK.TRANS64.TRYWAIT P0, [R7+URZ], R8                          131    118    131    23427   23427   23427   1      1      0      31     0      -                      -          -      0      0      0      0      0      0      0      0      0      -      0      0      0      0      0      0      0      100    0      0      0      0      0      0      0      7      7      0      6      0      0      0      11     0      94     0      0      0      0      0      0      0      6      7      0      0      0      0      0      11    
0x2b06155ae7e0     @!P0  BRA 0x2b06155ae7c0                                                       116    106    116    23427   23427   21379   1      0      1      32     0      -                      -          -      0      0      0      0      0      0      0      0      0      -      0      0      0      0      0      0      0      0      0      0      0      112    0      0      0      0      0      0      4      0      0      0      0      0      0      0      0      0      106    0      0      0      0      0      0      0      0      0      0      0     
0x2b06155ae7f0           BRA 0x2b06155accb0                                                       16     12     16     2048    2048    2048    1      1      1      31     0      -                      -          -      0      0      0      0      0      0      0      0      0      -      0      0      0      0      0      0      0      0      0      0      0      0      0      0      0      0      0      0      4      0      0      0      12     0      0      0      0      0      0      0      0      0      0      0      0      0      0      0      0      12    
0x2b06155ae800           YIELD                                                                    27     16     27     1777755 1777755 1777755 1      1      0      31     0      -                      -          -      0      0      0      0      0      0      0      0      0      -      0      0      0      0      0      0      0      8      0      0      0      0      0      0      0      0      12     0      4      0      0      0      3      0      6      0      0      0      0      0      0      0      0      7      0      0      0      0      0      3     
0x2b06155ae810           SYNCS.PHASECHK.TRANS64.TRYWAIT P0, [R26+URZ], R27                        239    214    239    1777755 1777755 1777755 1      1      0      31     0      -                      -          -      0      0      0      0      0      0      0      0      0      -      0      0      0      0      0      0      0      185    0      0      0      0      0      0      0      10     10     2      8      0      0      0      24     0      173    0      0      0      0      0      0      0      10     9      0      0      0      0      0      22    
0x2b06155ae820     @!P0  BRA 0x2b06155ae800                                                       193    173    193    1777755 1777755 1654869 1      0      1      32     0      -                      -          -      0      0      0      0      0      0      0      0      0      -      0      0      0      0      0      0      0      0      0      0      0      182    0      0      0      0      0      1      7      0      0      0      3      0      0      0      0      0      171    0      0      0      0      0      0      0      0      0      0      2     
0x2b06155ae830           BRA 0x2b06155ad460                                                       23     16     23     122886  122886  122886  1      1      1      31     0      -                      -          -      0      0      0      0      0      0      0      0      0      -      0      0      0      0      0      0      0      0      0      0      0      0      0      0      0      0      0      0      5      0      0      0      18     0      0      0      0      0      0      0      0      0      0      0      0      0      0      0      0      16    
0x2b06155ae840           SYNCS.PHASECHK.TRANS64.TRYWAIT P2, [R5+URZ], R4                          11     9      11     0       0       0       0      0      1      32     0      -                      -          -      0      0      0      0      0      0      0      0      0      -      0      0      0      0      0      0      0      0      0      0      0      0      0      0      0      0      0      0      1      0      0      0      10     0      0      0      0      0      0      0      0      0      0      0      0      0      0      0      0      9     
0x2b06155ae850     @!P2  BRA 0x2b06155ae840                                                       0      0      0      0       0       0       0      0      0      32     0      -                      -          -      0      0      0      0      0      0      0      0      0      -      0      0      0      0      0      0      0      0      0      0      0      0      0      0      0      0      0      0      0      0      0      0      0      0      0      0      0      0      0      0      0      0      0      0      0      0      0      0      0      0     
0x2b06155ae860           BRA 0x2b06155ad730                                                       0      0      0      0       0       0       0      0      0      32     0      -                      -          -      0      0      0      0      0      0      0      0      0      -      0      0      0      0      0      0      0      0      0      0      0      0      0      0      0      0      0      0      0      0      0      0      0      0      0      0      0      0      0      0      0      0      0      0      0      0      0      0      0      0     
0x2b06155ae870           SYNCS.PHASECHK.TRANS64.TRYWAIT P1, [R5+URZ+0x8], R4                      0      0      0      0       0       0       0      0      0      32     0      -                      -          -      0      0      0      0      0      0      0      0      0      -      0      0      0      0      0      0      0      0      0      0      0      0      0      0      0      0      0      0      0      0      0      0      0      0      0      0      0      0      0      0      0      0      0      0      0      0      0      0      0      0     
0x2b06155ae880     @!P1  BRA 0x2b06155ae870                                                       0      0      0      0       0       0       0      0      0      32     0      -                      -          -      0      0      0      0      0      0      0      0      0      -      0      0      0      0      0      0      0      0      0      0      0      0      0      0      0      0      0      0      0      0      0      0      0      0      0      0      0      0      0      0      0      0      0      0      0      0      0      0      0      0     
0x2b06155ae890           BRA 0x2b06155ad7b0                                                       0      0      0      0       0       0       0      0      0      32     0      -                      -          -      0      0      0      0      0      0      0      0      0      -      0      0      0      0      0      0      0      0      0      0      0      0      0      0      0      0      0      0      0      0      0      0      0      0      0      0      0      0      0      0      0      0      0      0      0      0      0      0      0      0     
0x2b06155ae8a0           SYNCS.PHASECHK.TRANS64.TRYWAIT P0, [R5+URZ+0x10], R4                     0      0      0      0       0       0       0      0      0      32     0      -                      -          -      0      0      0      0      0      0      0      0      0      -      0      0      0      0      0      0      0      0      0      0      0      0      0      0      0      0      0      0      0      0      0      0      0      0      0      0      0      0      0      0      0      0      0      0      0      0      0      0      0      0     
0x2b06155ae8b0     @!P0  BRA 0x2b06155ae8a0                                                       0      0      0      0       0       0       0      0      0      32     0      -                      -          -      0      0      0      0      0      0      0      0      0      -      0      0      0      0      0      0      0      0      0      0      0      0      0      0      0      0      0      0      0      0      0      0      0      0      0      0      0      0      0      0      0      0      0      0      0      0      0      0      0      0     
0x2b06155ae8c0           BRA 0x2b06155ad830                                                       0      0      0      0       0       0       0      0      0      32     0      -                      -          -      0      0      0      0      0      0      0      0      0      -      0      0      0      0      0      0      0      0      0      0      0      0      0      0      0      0      0      0      0      0      0      0      0      0      0      0      0      0      0      0      0      0      0      0      0      0      0      0      0      0     
0x2b06155ae8d0           BPT.TRAP 0x1                                                             0      0      0      0       0       0       0      0      0      32     0      -                      -          -      0      0      0      0      0      0      0      0      0      -      0      0      0      0      0      0      0      0      0      0      0      0      0      0      0      0      0      0      0      0      0      0      0      0      0      0      0      0      0      0      0      0      0      0      0      0      0      0      0      0     
0x2b06155ae8e0           IMAD.MOV.U32 R3, RZ, RZ, 0x0                                             0      0      0      0       0       0       0      0      0      32     0      -                      -          -      0      0      0      0      0      0      0      0      0      -      0      0      0      0      0      0      0      0      0      0      0      0      0      0      0      0      0      0      0      0      0      0      0      0      0      0      0      0      0      0      0      0      0      0      0      0      0      0      0      0     
0x2b06155ae8f0           RET.REL.NODEC R2, 0x2b06155ac000                                         0      0      0      0       0       0       0      0      0      32     0      -                      -          -      0      0      0      0      0      0      0      0      0      -      0      0      0      0      0      0      0      0      0      0      0      0      0      0      0      0      0      0      0      0      0      0      0      0      0      0      0      0      0      0      0      0      0      0      0      0      0      0      0      0     
0x2b06155ae900           BPT.TRAP 0x1                                                             0      0      0      0       0       0       0      0      0      32     0      -                      -          -      0      0      0      0      0      0      0      0      0      -      0      0      0      0      0      0      0      0      0      0      0      0      0      0      0      0      0      0      0      0      0      0      0      0      0      0      0      0      0      0      0      0      0      0      0      0      0      0      0      0     
0x2b06155ae910           IMAD.MOV.U32 R3, RZ, RZ, 0x0                                             0      0      0      0       0       0       0      0      0      32     0      -                      -          -      0      0      0      0      0      0      0      0      0      -      0      0      0      0      0      0      0      0      0      0      0      0      0      0      0      0      0      0      0      0      0      0      0      0      0      0      0      0      0      0      0      0      0      0      0      0      0      0      0      0     
0x2b06155ae920           RET.REL.NODEC R2, 0x2b06155ac000                                         0      0      0      0       0       0       0      0      0      32     0      -                      -          -      0      0      0      0      0      0      0      0      0      -      0      0      0      0      0      0      0      0      0      0      0      0      0      0      0      0      0      0      0      0      0      0      0      0      0      0      0      0      0      0      0      0      0      0      0      0      0      0      0      0     
0x2b06155ae930           BPT.TRAP 0x1                                                             0      0      0      0       0       0       0      0      0      32     0      -                      -          -      0      0      0      0      0      0      0      0      0      -      0      0      0      0      0      0      0      0      0      0      0      0      0      0      0      0      0      0      0      0      0      0      0      0      0      0      0      0      0      0      0      0      0      0      0      0      0      0      0      0     
0x2b06155ae940           IMAD.MOV.U32 R3, RZ, RZ, 0x0                                             0      0      0      0       0       0       0      0      0      32     0      -                      -          -      0      0      0      0      0      0      0      0      0      -      0      0      0      0      0      0      0      0      0      0      0      0      0      0      0      0      0      0      0      0      0      0      0      0      0      0      0      0      0      0      0      0      0      0      0      0      0      0      0      0     
0x2b06155ae950           RET.REL.NODEC R2, 0x2b06155ac000                                         0      0      0      0       0       0       0      0      0      32     0      -                      -          -      0      0      0      0      0      0      0      0      0      -      0      0      0      0      0      0      0      0      0      0      0      0      0      0      0      0      0      0      0      0      0      0      0      0      0      0      0      0      0      0      0      0      0      0      0      0      0      0      0      0     
0x2b06155ae960           I2F.U16 R3, UR5                                                          3      3      3      1776    56832   56832   32     32     32     0      0      -                      -          -      0      0      0      0      0      0      0      0      0      -      0      0      0      0      0      0      0      0      0      0      0      0      0      0      0      0      3      0      0      0      0      0      0      0      0      0      0      0      0      0      0      0      0      3      0      0      0      0      0      0     
0x2b06155ae970           IMAD.MOV.U32 R4, RZ, RZ, 0x4b800000                                      1      0      1      1776    56832   56832   32     32     0      0      0      -                      -          -      0      0      0      0      0      0      0      0      0      -      0      0      0      0      0      0      0      0      0      0      0      0      0      0      0      0      0      0      1      0      0      0      0      0      0      0      0      0      0      0      0      0      0      0      0      0      0      0      0      0     
0x2b06155ae980           I2FP.F32.U32.RZ R2, R2                                                   0      0      0      1776    56832   56832   32     32     0      0      0      -                      -          -      0      0      0      0      0      0      0      0      0      -      0      0      0      0      0      0      0      0      0      0      0      0      0      0      0      0      0      0      0      0      0      0      0      0      0      0      0      0      0      0      0      0      0      0      0      0      0      0      0      0     
0x2b06155ae990           FSETP.GEU.AND P1, PT, |R3|, 1.175494350822287508e-38, PT                 0      0      0      1776    56832   56832   32     32     0      0      0      -                      -          -      0      0      0      0      0      0      0      0      0      -      0      0      0      0      0      0      0      0      0      0      0      0      0      0      0      0      0      0      0      0      0      0      0      0      0      0      0      0      0      0      0      0      0      0      0      0      0      0      0      0     
0x2b06155ae9a0           FSETP.GT.AND P0, PT, |R3|, 8.50705917302346158658e+37, PT                0      0      0      1776    56832   56832   32     32     0      0      0      -                      -          -      0      0      0      0      0      0      0      0      0      -      0      0      0      0      0      0      0      0      0      0      0      0      0      0      0      0      0      0      0      0      0      0      0      0      0      0      0      0      0      0      0      0      0      0      0      0      0      0      0      0     
0x2b06155ae9b0           FSEL R4, R4, 1, !P1                                                      0      0      0      1776    56832   56832   32     32     0      0      0      -                      -          -      0      0      0      0      0      0      0      0      0      -      0      0      0      0      0      0      0      0      0      0      0      0      0      0      0      0      0      0      0      0      0      0      0      0      0      0      0      0      0      0      0      0      0      0      0      0      0      0      0      0     
0x2b06155ae9c0           FSEL R4, R4, 0.25, !P0                                                   1      0      1      1776    56832   56832   32     32     0      0      0      -                      -          -      0      0      0      0      0      0      0      0      0      -      0      0      0      0      0      0      0      0      0      0      0      0      0      0      0      0      0      0      0      0      0      0      1      0      0      0      0      0      0      0      0      0      0      0      0      0      0      0      0      0     
0x2b06155ae9d0           ISETP.NE.U32.AND P0, PT, RZ, UR5, PT                                     0      0      0      1776    56832   56832   32     32     0      0      0      -                      -          -      0      0      0      0      0      0      0      0      0      -      0      0      0      0      0      0      0      0      0      0      0      0      0      0      0      0      0      0      0      0      0      0      0      0      0      0      0      0      0      0      0      0      0      0      0      0      0      0      0      0     
0x2b06155ae9e0           FMUL R5, R3, R4                                                          0      0      0      1776    56832   56832   32     32     0      0      0      -                      -          -      0      0      0      0      0      0      0      0      0      -      0      0      0      0      0      0      0      0      0      0      0      0      0      0      0      0      0      0      0      0      0      0      0      0      0      0      0      0      0      0      0      0      0      0      0      0      0      0      0      0     
0x2b06155ae9f0           MUFU.RCP R5, R5                                                          0      0      0      1776    56832   56832   32     32     0      0      0      -                      -          -      0      0      0      0      0      0      0      0      0      -      0      0      0      0      0      0      0      0      0      0      0      0      0      0      0      0      0      0      0      0      0      0      0      0      0      0      0      0      0      0      0      0      0      0      0      0      0      0      0      0     
0x2b06155aea00           FMUL R4, R4, R5                                                          2      2      2      1776    56832   56832   32     32     0      0      0      -                      -          -      0      0      0      0      0      0      0      0      0      -      0      0      0      0      0      0      0      0      0      0      0      0      0      0      0      0      0      0      0      2      0      0      0      0      0      0      0      0      0      0      0      0      0      0      0      0      2      0      0      0     
0x2b06155aea10           VIADD R3, R4, 0x2                                                        0      0      0      1776    56832   56832   32     32     0      0      0      -                      -          -      0      0      0      0      0      0      0      0      0      -      0      0      0      0      0      0      0      0      0      0      0      0      0      0      0      0      0      0      0      0      0      0      0      0      0      0      0      0      0      0      0      0      0      0      0      0      0      0      0      0     
0x2b06155aea20           FMUL.RZ R4, R2, R3                                                       1      1      1      1776    56832   56832   32     32     0      0      0      -                      -          -      0      0      0      0      0      0      0      0      0      -      0      0      0      0      0      0      0      0      0      0      0      0      0      0      0      0      0      0      0      0      0      0      1      0      0      0      0      0      0      0      0      0      0      0      0      0      0      0      0      1     
0x2b06155aea30           IMAD.MOV.U32 R2, RZ, RZ, R6                                              0      0      0      1776    56832   56832   32     32     0      0      0      -                      -          -      0      0      0      0      0      0      0      0      0      -      0      0      0      0      0      0      0      0      0      0      0      0      0      0      0      0      0      0      0      0      0      0      0      0      0      0      0      0      0      0      0      0      0      0      0      0      0      0      0      0     
0x2b06155aea40           IMAD.MOV.U32 R3, RZ, RZ, 0x0                                             0      0      0      1776    56832   56832   32     32     0      0      0      -                      -          -      0      0      0      0      0      0      0      0      0      -      0      0      0      0      0      0      0      0      0      0      0      0      0      0      0      0      0      0      0      0      0      0      0      0      0      0      0      0      0      0      0      0      0      0      0      0      0      0      0      0     
0x2b06155aea50           F2I.U32.TRUNC.NTZ R4, R4                                                 0      0      0      1776    56832   56832   32     32     0      0      0      -                      -          -      0      0      0      0      0      0      0      0      0      -      0      0      0      0      0      0      0      0      0      0      0      0      0      0      0      0      0      0      0      0      0      0      0      0      0      0      0      0      0      0      0      0      0      0      0      0      0      0      0      0     
0x2b06155aea60           LOP3.LUT R12, R4, 0xffff, RZ, 0xc0, !PT                                  1      0      1      1776    56832   56832   32     32     0      0      0      -                      -          -      0      0      0      0      0      0      0      0      0      -      0      0      0      0      0      0      0      0      0      0      0      0      0      0      0      0      0      0      0      1      0      0      0      0      0      0      0      0      0      0      0      0      0      0      0      0      0      0      0      0     
0x2b06155aea70     @!P0  IMAD.MOV.U32 R12, RZ, RZ, -0x1                                           0      0      0      1776    56832   0       32     0      32     32     0      -                      -          -      0      0      0      0      0      0      0      0      0      -      0      0      0      0      0      0      0      0      0      0      0      0      0      0      0      0      0      0      0      0      0      0      0      0      0      0      0      0      0      0      0      0      0      0      0      0      0      0      0      0     
0x2b06155aea80           RET.REL.NODEC R2, 0x2b06155ac000                                         0      0      0      1776    56832   56832   32     32     32     0      0      -                      -          -      0      0      0      0      0      0      0      0      0      -      0      0      0      0      0      0      0      0      0      0      0      0      0      0      0      0      0      0      0      0      0      0      0      0      0      0      0      0      0      0      0      0      0      0      0      0      0      0      0      0     
0x2b06155aea90           BRA `(.L_x_0) 0x2b06155aea90                                             1      1      1      0       0       0       0      0      0      0      0      -                      -          -      0      0      0      0      0      0      0      0      0      -      0      0      0      0      0      0      0      0      0      0      0      0      0      0      0      0      0      0      0      0      0      0      1      0      0      0      0      0      0      0      0      0      0      0      0      0      0      0      0      1     
0x2b06155aeaa0           NOP                                                                      0      0      0      0       0       0       0      0      0      32     0      -                      -          -      0      0      0      0      0      0      0      0      0      -      0      0      0      0      0      0      0      0      0      0      0      0      0      0      0      0      0      0      0      0      0      0      0      0      0      0      0      0      0      0      0      0      0      0      0      0      0      0      0      0     
0x2b06155aeab0           NOP                                                                      0      0      0      0       0       0       0      0      0      32     0      -                      -          -      0      0      0      0      0      0      0      0      0      -      0      0      0      0      0      0      0      0      0      0      0      0      0      0      0      0      0      0      0      0      0      0      0      0      0      0      0      0      0      0      0      0      0      0      0      0      0      0      0      0     
0x2b06155aeac0           NOP                                                                      0      0      0      0       0       0       0      0      0      32     0      -                      -          -      0      0      0      0      0      0      0      0      0      -      0      0      0      0      0      0      0      0      0      0      0      0      0      0      0      0      0      0      0      0      0      0      0      0      0      0      0      0      0      0      0      0      0      0      0      0      0      0      0      0     
0x2b06155aead0           NOP                                                                      0      0      0      0       0       0       0      0      0      32     0      -                      -          -      0      0      0      0      0      0      0      0      0      -      0      0      0      0      0      0      0      0      0      0      0      0      0      0      0      0      0      0      0      0      0      0      0      0      0      0      0      0      0      0      0      0      0      0      0      0      0      0      0      0     
0x2b06155aeae0           NOP                                                                      0      0      0      0       0       0       0      0      0      32     0      -                      -          -      0      0      0      0      0      0      0      0      0      -      0      0      0      0      0      0      0      0      0      0      0      0      0      0      0      0      0      0      0      0      0      0      0      0      0      0      0      0      0      0      0      0      0      0      0      0      0      0      0      0     
0x2b06155aeaf0           NOP                                                                      0      0      0      0       0       0       0      0      0      32     0      -                      -          -      0      0      0      0      0      0      0      0      0      -      0      0      0      0      0      0      0      0      0      0      0      0      0      0      0      0      0      0      0      0      0      0      0      0      0      0      0      0      0      0      0      0      0      0      0      0      0      0      0      0     
0x2b06155aeb00           NOP                                                                      0      0      0      0       0       0       0      0      0      32     0      -                      -          -      0      0      0      0      0      0      0      0      0      -      0      0      0      0      0      0      0      0      0      0      0      0      0      0      0      0      0      0      0      0      0      0      0      0      0      0      0      0      0      0      0      0      0      0      0      0      0      0      0      0     
0x2b06155aeb10           NOP                                                                      0      0      0      0       0       0       0      0      0      32     0      -                      -          -      0      0      0      0      0      0      0      0      0      -      0      0      0      0      0      0      0      0      0      0      0      0      0      0      0      0      0      0      0      0      0      0      0      0      0      0      0      0      0      0      0      0      0      0      0      0      0      0      0      0     
0x2b06155aeb20           NOP                                                                      0      0      0      0       0       0       0      0      0      32     0      -                      -          -      0      0      0      0      0      0      0      0      0      -      0      0      0      0      0      0      0      0      0      0      0      0      0      0      0      0      0      0      0      0      0      0      0      0      0      0      0      0      0      0      0      0      0      0      0      0      0      0      0      0     
0x2b06155aeb30           NOP                                                                      0      0      0      0       0       0       0      0      0      32     0      -                      -          -      0      0      0      0      0      0      0      0      0      -      0      0      0      0      0      0      0      0      0      0      0      0      0      0      0      0      0      0      0      0      0      0      0      0      0      0      0      0      0      0      0      0      0      0      0      0      0      0      0      0     
0x2b06155aeb40           NOP                                                                      0      0      0      0       0       0       0      0      0      32     0      -                      -          -      0      0      0      0      0      0      0      0      0      -      0      0      0      0      0      0      0      0      0      0      0      0      0      0      0      0      0      0      0      0      0      0      0      0      0      0      0      0      0      0      0      0      0      0      0      0      0      0      0      0     
0x2b06155aeb50           NOP                                                                      0      0      0      0       0       0       0      0      0      32     0      -                      -          -      0      0      0      0      0      0      0      0      0      -      0      0      0      0      0      0      0      0      0      0      0      0      0      0      0      0      0      0      0      0      0      0      0      0      0      0      0      0      0      0      0      0      0      0      0      0      0      0      0      0     
0x2b06155aeb60           NOP                                                                      0      0      0      0       0       0       0      0      0      32     0      -                      -          -      0      0      0      0      0      0      0      0      0      -      0      0      0      0      0      0      0      0      0      0      0      0      0      0      0      0      0      0      0      0      0      0      0      0      0      0      0      0      0      0      0      0      0      0      0      0      0      0      0      0     
0x2b06155aeb70           NOP                                                                      0      0      0      0       0       0       0      0      0      32     0      -                      -          -      0      0      0      0      0      0      0      0      0      -      0      0      0      0      0      0      0      0      0      0      0      0      0      0      0      0      0      0      0      0      0      0      0      0      0      0      0      0      0      0      0      0      0      0      0      0      0      0      0      0     
