------------------ ------------------------------------------------------------------------------ ------ ------ ------ ------ ------- ------- ------ ------ ------ ------ ------ ---------------------- ---------- ------ ------ ------ ------ ------ ------ ------ ------ ------ ------ ------ ------ ------ ------ ------ ------ ------ ------ ------ ------ ------ ------ ------ ------ ------ ------ ------ ------ ------ ------ ------ ------ ------ ------ ------ ------ ------ ------ ------ ------ ------ ------ ------ ------ ------ ------ ------ ------ ------ ------ ------
Kernel Name        gemm_pipeline(const __nv_bfloat16 *, const __nv_bfloat16 *,                                                                                                                                                                                                                                                                                                                                                                                                                                                                                                         
                   float *, int, int, int, CUtensorMap_st, CUtensorMap_st)                                                                                                                                                                                                                                                                                                                                                                                                                                                                                                             
------------------ ------------------------------------------------------------------------------ ------ ------ ------ ------ ------- ------- ------ ------ ------ ------ ------ ---------------------- ---------- ------ ------ ------ ------ ------ ------ ------ ------ ------ ------ ------ ------ ------ ------ ------ ------ ------ ------ ------ ------ ------ ------ ------ ------ ------ ------ ------ ------ ------ ------ ------ ------ ------ ------ ------ ------ ------ ------ ------ ------ ------ ------ ------ ------ ------ ------ ------ ------ ------ ------ ------
Address            Source                                                                         Warp S Warp S # Samp Instru Thread  Predic  Avg. T Avg. P Deriva Avg. P Diverg Addres                 Access     Access L1 Tag L1 Con L1 Wav L1 Wav L1 Wav L2 The L2 The L2 The L2 The L2 Exp L2 Exp L2 Exp L2 Exp L2 Exp L2 Exp L2 Exp stall_ stall_ stall_ stall_ stall_ stall_ stall_ stall_ stall_ stall_ stall_ stall_ stall_ stall_ stall_ stall_ stall_ stall_ stall_ stall_ stall_ stall_ stall_ stall_ stall_ stall_ stall_ stall_ stall_ stall_ stall_ stall_ stall_ stall_
                                                                                                  tall S tall S les    ctions  Instr  ated-O  hreads redica tive A redica ent Br s Spac                  Opera      Size   Reque flicts efront efront efront oretic oretic oretic oretic licit  licit  licit  licit  licit  licit  licit  barrie branch dispat drain  lg     long_s math   membar mio    misc   no_ins not_se select short_ sleep  tex    wait   barrie branch dispat drain  lg (No long_s math ( membar mio (N misc ( no_ins not_se select short_ sleepi tex (N wait (
                                                                                                  amplin amplin         Execu uction  n Thre   Execu ted-On vg. Pr ted-On anches e                      tion              sts Gl  Share s Shar s Shar s Shar al Sec al Sec al Sec al Sec Evict  Hit Po Hit Po Hit Po Hit Po Miss P Miss P r      _resol ch                   b                                  t      lected ed     sb                          r (Not _resol ch (No (Not I t Issu b (Not Not Is  (Not  ot Iss Not Is t (Not lected ed (No sb (No ng (No ot Iss Not Is
                                                                                                  g (All g (Not        ted    s Exec  ad Ins  ted     Threa edicat  Threa                                                 obal   d N-Wa ed Exc ed     ed Ide tors G tors G tors G tors L Polici licy E licy E licy E licy E olicy  olicy         ving                                                                                                             Issue ving ( t Issu ssued) ed)     Issue sued)  Issued ued)   sued)   Issue  (Not  t Issu t Issu t Issu ued)   sued) 
                                                                                                   Sampl -issue               uted    tructi         ds Exe ed-On  ds Une                                                        y      essive        al     lobal  lobal  lobal  ocal   es     vict F vict L vict N vict N Evict  Evict                                                                                                                         d)     Not Is ed)                  d)            )                    d)     Issued ed)    ed)    ed)                 
                                                                                                  es)    d Samp                       ons Ex         cuted  Thread xecute                                                                                    Excess        Ideal                irst   ast    ormal  ormal  First  Normal                                                                                                                               sued)                                                                 )                                        
                                                                                                         les)                         ecuted                s Exec d                                                                                         ive                                                     Demote                                                                                                                                                                                                                                                            
                                                                                                                                                            uted                                                                                                                                                                                                                                                                                                                                                                                                                       
0x2b9e015ac000           LDC R1, c[0x0][0x37c]                                                    0      0      0      1184   37888   37888   32     32     0      0      0      -                      -          -      0      0      0      0      0      0      0      0      0      -      0      0      0      0      0      0      0      0      0      0      0      0      0      0      0      0      0      0      0      0      0      0      0      0      0      0      0      0      0      0      0      0      0      0      0      0      0      0      0      0     
0x2b9e015ac010           S2R R3, SR_TID.X                                                         0      0      0      1184   37888   37888   32     32     0      0      0      -                      -          -      0      0      0      0      0      0      0      0      0      -      0      0      0      0      0      0      0      0      0      0      0      0      0      0      0      0      0      0      0      0      0      0      0      0      0      0      0      0      0      0      0      0      0      0      0      0      0      0      0      0     
0x2b9e015ac020           S2UR UR5, SR_CgaCtaId                                                    1      1      1      1184   37888   37888   32     32     0      0      0      -                      -          -      0      0      0      0      0      0      0      0      0      -      0      0      0      0      0      0      0      0      0      0      0      0      0      0      0      0      0      0      0      0      0      0      1      0      0      0      0      0      0      0      0      0      0      0      0      0      0      0      0      1     
0x2b9e015ac030           UMOV UR9, 0x400                                                          0      0      0      1184   37888   37888   32     32     0      0      0      -                      -          -      0      0      0      0      0      0      0      0      0      -      0      0      0      0      0      0      0      0      0      0      0      0      0      0      0      0      0      0      0      0      0      0      0      0      0      0      0      0      0      0      0      0      0      0      0      0      0      0      0      0     
0x2b9e015ac040           UIADD3 UR4, UPT, UPT, UR9, 0x40, URZ                                     0      0      0      1184   37888   37888   32     32     0      0      0      -                      -          -      0      0      0      0      0      0      0      0      0      -      0      0      0      0      0      0      0      0      0      0      0      0      0      0      0      0      0      0      0      0      0      0      0      0      0      0      0      0      0      0      0      0      0      0      0      0      0      0      0      0     
0x2b9e015ac050           S2UR UR8, SR_SWINHI                                                      0      0      0      1184   37888   37888   32     32     0      0      0      -                      -          -      0      0      0      0      0      0      0      0      0      -      0      0      0      0      0      0      0      0      0      0      0      0      0      0      0      0      0      0      0      0      0      0      0      0      0      0      0      0      0      0      0      0      0      0      0      0      0      0      0      0     
0x2b9e015ac060           ULEA UR4, UR5, UR4, 0x18                                                 3      3      3      1184   37888   37888   32     32     0      0      0      -                      -          -      0      0      0      0      0      0      0      0      0      -      0      0      0      0      0      0      0      0      0      0      0      0      0      0      0      0      0      0      0      3      0      0      0      0      0      0      0      0      0      0      0      0      0      0      0      0      3      0      0      0     
0x2b9e015ac070           ISETP.GT.U32.AND P0, PT, R3, 0x1f, PT                                    0      0      0      1184   37888   37888   32     32     0      0      0      -                      -          -      0      0      0      0      0      0      0      0      0      -      0      0      0      0      0      0      0      0      0      0      0      0      0      0      0      0      0      0      0      0      0      0      0      0      0      0      0      0      0      0      0      0      0      0      0      0      0      0      0      0     
0x2b9e015ac080           UMOV UR6, UR4                                                            0      0      0      1184   37888   37888   32     32     0      0      0      -                      -          -      0      0      0      0      0      0      0      0      0      -      0      0      0      0      0      0      0      0      0      0      0      0      0      0      0      0      0      0      0      0      0      0      0      0      0      0      0      0      0      0      0      0      0      0      0      0      0      0      0      0     
0x2b9e015ac090           UMOV UR7, UR8                                                            0      0      0      1184   37888   37888   32     32     0      0      0      -                      -          -      0      0      0      0      0      0      0      0      0      -      0      0      0      0      0      0      0      0      0      0      0      0      0      0      0      0      0      0      0      0      0      0      0      0      0      0      0      0      0      0      0      0      0      0      0      0      0      0      0      0     
0x2b9e015ac0a0           UIADD3 UR4, UP0, UPT, UR6, 0x3ff, URZ                                    0      0      0      1184   37888   37888   32     32     0      0      0      -                      -          -      0      0      0      0      0      0      0      0      0      -      0      0      0      0      0      0      0      0      0      0      0      0      0      0      0      0      0      0      0      0      0      0      0      0      0      0      0      0      0      0      0      0      0      0      0      0      0      0      0      0     
0x2b9e015ac0b0           UIADD3.X UR7, UPT, UPT, URZ, UR7, URZ, UP0, !UPT                         0      0      0      1184   37888   37888   32     32     0      0      0      -                      -          -      0      0      0      0      0      0      0      0      0      -      0      0      0      0      0      0      0      0      0      0      0      0      0      0      0      0      0      0      0      0      0      0      0      0      0      0      0      0      0      0      0      0      0      0      0      0      0      0      0      0     
0x2b9e015ac0c0           ULOP3.LUT UR6, UR4, 0xfffffc00, URZ, 0xc0, !UPT                          0      0      0      1184   37888   37888   32     32     0      0      0      -                      -          -      0      0      0      0      0      0      0      0      0      -      0      0      0      0      0      0      0      0      0      0      0      0      0      0      0      0      0      0      0      0      0      0      0      0      0      0      0      0      0      0      0      0      0      0      0      0      0      0      0      0     
0x2b9e015ac0d0     @P0   BRA 0x2b9e015ac390                                                       1      0      1      1184   37888   28416   32     24     8      8      0      -                      -          -      0      0      0      0      0      0      0      0      0      -      0      0      0      0      0      0      0      0      0      0      0      0      0      0      0      0      0      0      1      0      0      0      0      0      0      0      0      0      0      0      0      0      0      0      0      0      0      0      0      0     
0x2b9e015ac0e0           IMAD.U32 R9, RZ, RZ, UR5                                                 0      0      0      296    9472    9472    32     32     8      0      0      -                      -          -      0      0      0      0      0      0      0      0      0      -      0      0      0      0      0      0      0      0      0      0      0      0      0      0      0      0      0      0      0      0      0      0      0      0      0      0      0      0      0      0      0      0      0      0      0      0      0      0      0      0     
0x2b9e015ac0f0           MOV R0, 0x40                                                             0      0      0      296    9472    9472    32     32     0      0      0      -                      -          -      0      0      0      0      0      0      0      0      0      -      0      0      0      0      0      0      0      0      0      0      0      0      0      0      0      0      0      0      0      0      0      0      0      0      0      0      0      0      0      0      0      0      0      0      0      0      0      0      0      0     
0x2b9e015ac100           WARPSYNC.ALL                                                             0      0      0      296    9472    9472    32     32     0      0      0      -                      -          -      0      0      0      0      0      0      0      0      0      -      0      0      0      0      0      0      0      0      0      0      0      0      0      0      0      0      0      0      0      0      0      0      0      0      0      0      0      0      0      0      0      0      0      0      0      0      0      0      0      0     
0x2b9e015ac110           LEA R11, R9, R0, 0x18                                                    0      0      0      296    9472    9472    32     32     0      0      0      -                      -          -      0      0      0      0      0      0      0      0      0      -      0      0      0      0      0      0      0      0      0      0      0      0      0      0      0      0      0      0      0      0      0      0      0      0      0      0      0      0      0      0      0      0      0      0      0      0      0      0      0      0     
0x2b9e015ac120           IMAD.U32 R0, RZ, RZ, UR9                                                 0      0      0      296    9472    9472    32     32     0      0      0      -                      -          -      0      0      0      0      0      0      0      0      0      -      0      0      0      0      0      0      0      0      0      0      0      0      0      0      0      0      0      0      0      0      0      0      0      0      0      0      0      0      0      0      0      0      0      0      0      0      0      0      0      0     
0x2b9e015ac130           LDS.U8 R2, [R11+0x1c]                                                    0      0      0      296    9472    9472    32     32     0      0      0      Shared                 Load       8      0      1      0      296    296    0      0      0      0      -      0      0      0      0      0      0      0      0      0      0      0      0      0      0      0      0      0      0      0      0      0      0      0      0      0      0      0      0      0      0      0      0      0      0      0      0      0      0      0      0     
0x2b9e015ac140           LEA R9, R9, R0, 0x18                                                     0      0      0      296    9472    9472    32     32     0      0      0      -                      -          -      0      0      0      0      0      0      0      0      0      -      0      0      0      0      0      0      0      0      0      0      0      0      0      0      0      0      0      0      0      0      0      0      0      0      0      0      0      0      0      0      0      0      0      0      0      0      0      0      0      0     
0x2b9e015ac150           ISETP.NE.AND P0, PT, R2, RZ, PT                                          0      0      0      296    9472    9472    32     32     0      0      0      -                      -          -      0      0      0      0      0      0      0      0      0      -      0      0      0      0      0      0      0      0      0      0      0      0      0      0      0      0      0      0      0      0      0      0      0      0      0      0      0      0      0      0      0      0      0      0      0      0      0      0      0      0     
0x2b9e015ac160     @P0   BRA 0x2b9e015ac2d0                                                       0      0      0      296    9472    0       32     0      32     32     0      -                      -          -      0      0      0      0      0      0      0      0      0      -      0      0      0      0      0      0      0      0      0      0      0      0      0      0      0      0      0      0      0      0      0      0      0      0      0      0      0      0      0      0      0      0      0      0      0      0      0      0      0      0     
0x2b9e015ac170           ELECT P0, URZ, PT                                                        0      0      0      296    9472    9472    32     32     32     0      0      -                      -          -      0      0      0      0      0      0      0      0      0      -      0      0      0      0      0      0      0      0      0      0      0      0      0      0      0      0      0      0      0      0      0      0      0      0      0      0      0      0      0      0      0      0      0      0      0      0      0      0      0      0     
0x2b9e015ac180     @!P0  BRA 0x2b9e015ac310                                                       0      0      0      296    9472    9176    32     31     1      1      296    -                      -          -      0      0      0      0      0      0      0      0      0      -      0      0      0      0      0      0      0      0      0      0      0      0      0      0      0      0      0      0      0      0      0      0      0      0      0      0      0      0      0      0      0      0      0      0      0      0      0      0      0      0     
0x2b9e015ac190           UMOV UR4, 0x4                                                            0      0      0      296    296     296     1      1      30     31     0      -                      -          -      0      0      0      0      0      0      0      0      0      -      0      0      0      0      0      0      0      0      0      0      0      0      0      0      0      0      0      0      0      0      0      0      0      0      0      0      0      0      0      0      0      0      0      0      0      0      0      0      0      0     
0x2b9e015ac1a0           IMAD.MOV.U32 R5, RZ, RZ, 0xf                                             0      0      0      296    296     296     1      1      0      31     0      -                      -          -      0      0      0      0      0      0      0      0      0      -      0      0      0      0      0      0      0      0      0      0      0      0      0      0      0      0      0      0      0      0      0      0      0      0      0      0      0      0      0      0      0      0      0      0      0      0      0      0      0      0     
0x2b9e015ac1b0           IMAD.MOV.U32 R7, RZ, RZ, 0x1                                             0      0      0      296    296     296     1      1      0      31     0      -                      -          -      0      0      0      0      0      0      0      0      0      -      0      0      0      0      0      0      0      0      0      0      0      0      0      0      0      0      0      0      0      0      0      0      0      0      0      0      0      0      0      0      0      0      0      0      0      0      0      0      0      0     
0x2b9e015ac1c0           DEPBAR.LE SB0, 0x36                                                      0      0      0      296    296     296     1      1      0      31     0      -                      -          -      0      0      0      0      0      0      0      0      0      -      0      0      0      0      0      0      0      0      0      0      0      0      0      0      0      0      0      0      0      0      0      0      0      0      0      0      0      0      0      0      0      0      0      0      0      0      0      0      0      0     
0x2b9e015ac1d0           UTCATOMSWS.FIND_AND_SET.ALIGN UP0, UR4, UR4                              0      0      0      296    296     296     1      1      0      31     0      -                      -          -      0      0      0      0      0      0      0      0      0      -      0      0      0      0      0      0      0      0      0      0      0      0      0      0      0      0      0      0      0      0      0      0      0      0      0      0      0      0      0      0      0      0      0      0      0      0      0      0      0      0     
0x2b9e015ac1e0           IMAD.U32 R0, RZ, RZ, UR4                                                 0      0      0      296    296     296     1      1      0      31     0      -                      -          -      0      0      0      0      0      0      0      0      0      -      0      0      0      0      0      0      0      0      0      0      0      0      0      0      0      0      0      0      0      0      0      0      0      0      0      0      0      0      0      0      0      0      0      0      0      0      0      0      0      0     
0x2b9e015ac1f0           BRA.U UP0, 0x2b9e015ac260                                                0      0      0      296    296     296     1      1      0      31     0      -                      -          -      0      0      0      0      0      0      0      0      0      -      0      0      0      0      0      0      0      0      0      0      0      0      0      0      0      0      0      0      0      0      0      0      0      0      0      0      0      0      0      0      0      0      0      0      0      0      0      0      0      0     
0x2b9e015ac200           NANOSLEEP 0x64                                                           0      0      0      0      0       0       0      0      1      32     0      -                      -          -      0      0      0      0      0      0      0      0      0      -      0      0      0      0      0      0      0      0      0      0      0      0      0      0      0      0      0      0      0      0      0      0      0      0      0      0      0      0      0      0      0      0      0      0      0      0      0      0      0      0     
0x2b9e015ac210           UMOV UR4, 0x4                                                            0      0      0      0      0       0       0      0      0      32     0      -                      -          -      0      0      0      0      0      0      0      0      0      -      0      0      0      0      0      0      0      0      0      0      0      0      0      0      0      0      0      0      0      0      0      0      0      0      0      0      0      0      0      0      0      0      0      0      0      0      0      0      0      0     
0x2b9e015ac220           DEPBAR.LE SB0, 0x36                                                      0      0      0      0      0       0       0      0      0      32     0      -                      -          -      0      0      0      0      0      0      0      0      0      -      0      0      0      0      0      0      0      0      0      0      0      0      0      0      0      0      0      0      0      0      0      0      0      0      0      0      0      0      0      0      0      0      0      0      0      0      0      0      0      0     
0x2b9e015ac230           UTCATOMSWS.FIND_AND_SET.ALIGN UP0, UR4, UR4                              0      0      0      0      0       0       0      0      0      32     0      -                      -          -      0      0      0      0      0      0      0      0      0      -      0      0      0      0      0      0      0      0      0      0      0      0      0      0      0      0      0      0      0      0      0      0      0      0      0      0      0      0      0      0      0      0      0      0      0      0      0      0      0      0     
0x2b9e015ac240           IMAD.U32 R0, RZ, RZ, UR4                                                 0      0      0      0      0       0       0      0      0      32     0      -                      -          -      0      0      0      0      0      0      0      0      0      -      0      0      0      0      0      0      0      0      0      0      0      0      0      0      0      0      0      0      0      0      0      0      0      0      0      0      0      0      0      0      0      0      0      0      0      0      0      0      0      0     
0x2b9e015ac250           BRA.U !UP0, 0x2b9e015ac200                                               0      0      0      0      0       0       0      0      0      32     0      -                      -          -      0      0      0      0      0      0      0      0      0      -      0      0      0      0      0      0      0      0      0      0      0      0      0      0      0      0      0      0      0      0      0      0      0      0      0      0      0      0      0      0      0      0      0      0      0      0      0      0      0      0     
0x2b9e015ac260           SHF.L.U32 R2, R5, R0, RZ                                                 0      0      0      296    296     296     1      1      1      31     0      -                      -          -      0      0      0      0      0      0      0      0      0      -      0      0      0      0      0      0      0      0      0      0      0      0      0      0      0      0      0      0      0      0      0      0      0      0      0      0      0      0      0      0      0      0      0      0      0      0      0      0      0      0     
0x2b9e015ac270           SHF.L.U32 R4, R7, R0, RZ                                                 0      0      0      296    296     296     1      1      0      31     0      -                      -          -      0      0      0      0      0      0      0      0      0      -      0      0      0      0      0      0      0      0      0      0      0      0      0      0      0      0      0      0      0      0      0      0      0      0      0      0      0      0      0      0      0      0      0      0      0      0      0      0      0      0     
0x2b9e015ac280           IMAD.SHL.U32 R0, R0, 0x20, RZ                                            0      0      0      296    296     296     1      1      0      31     0      -                      -          -      0      0      0      0      0      0      0      0      0      -      0      0      0      0      0      0      0      0      0      0      0      0      0      0      0      0      0      0      0      0      0      0      0      0      0      0      0      0      0      0      0      0      0      0      0      0      0      0      0      0     
0x2b9e015ac290           ATOMS.OR RZ, [R11+0x14], R2                                              0      0      0      296    296     296     1      1      0      31     0      Shared                 Atomic     32     0      1      0      296    296    0      0      0      0      -      0      0      0      0      0      0      0      0      0      0      0      0      0      0      0      0      0      0      0      0      0      0      0      0      0      0      0      0      0      0      0      0      0      0      0      0      0      0      0      0     
0x2b9e015ac2a0           ATOMS.OR RZ, [R11+0x18], R4                                              0      0      0      296    296     296     1      1      0      31     0      Shared                 Atomic     32     0      1      0      296    296    0      0      0      0      -      0      0      0      0      0      0      0      0      0      0      0      0      0      0      0      0      0      0      0      0      0      0      0      0      0      0      0      0      0      0      0      0      0      0      0      0      0      0      0      0     
0x2b9e015ac2b0           STS [R9], R0                                                             0      0      0      296    296     296     1      1      0      31     0      Shared                 Store      32     0      1      0      296    296    0      0      0      0      -      0      0      0      0      0      0      0      0      0      0      0      0      0      0      0      0      0      0      0      0      0      0      0      0      0      0      0      0      0      0      0      0      0      0      0      0      0      0      0      0     
0x2b9e015ac2c0           BRA 0x2b9e015ac310                                                       0      0      0      296    296     296     1      1      0      31     0      -                      -          -      0      0      0      0      0      0      0      0      0      -      0      0      0      0      0      0      0      0      0      0      0      0      0      0      0      0      0      0      0      0      0      0      0      0      0      0      0      0      0      0      0      0      0      0      0      0      0      0      0      0     
0x2b9e015ac2d0           IMAD.MOV.U32 R0, RZ, RZ, -0x1                                            0      0      0      0      0       0       0      0      1      32     0      -                      -          -      0      0      0      0      0      0      0      0      0      -      0      0      0      0      0      0      0      0      0      0      0      0      0      0      0      0      0      0      0      0      0      0      0      0      0      0      0      0      0      0      0      0      0      0      0      0      0      0      0      0     
0x2b9e015ac2e0           MOV R4, 0x310                                                            0      0      0      0      0       0       0      0      0      32     0      -                      -          -      0      0      0      0      0      0      0      0      0      -      0      0      0      0      0      0      0      0      0      0      0      0      0      0      0      0      0      0      0      0      0      0      0      0      0      0      0      0      0      0      0      0      0      0      0      0      0      0      0      0     
0x2b9e015ac2f0           STS [R9], R0                                                             0      0      0      0      0       0       0      0      0      32     0                                               0      0      0      0      0      0      0      0      0      -      0      0      0      0      0      0      0      0      0      0      0      0      0      0      0      0      0      0      0      0      0      0      0      0      0      0      0      0      0      0      0      0      0      0      0      0      0      0      0      0     
0x2b9e015ac300           CALL.REL.NOINC 0x2b9e015aeda0                                            0      0      0      0      0       0       0      0      0      32     0      -                      -          -      0      0      0      0      0      0      0      0      0      -      0      0      0      0      0      0      0      0      0      0      0      0      0      0      0      0      0      0      0      0      0      0      0      0      0      0      0      0      0      0      0      0      0      0      0      0      0      0      0      0     
0x2b9e015ac310           WARPSYNC.ALL                                                             0      0      0      592    9472    9472    16     16     16     16     0      -                      -          -      0      0      0      0      0      0      0      0      0      -      0      0      0      0      0      0      0      0      0      0      0      0      0      0      0      0      0      0      0      0      0      0      0      0      0      0      0      0      0      0      0      0      0      0      0      0      0      0      0      0     
0x2b9e015ac320           S2UR UR5, SR_CgaCtaId                                                    0      0      0      296    9472    9472    32     32     16     0      0      -                      -          -      0      0      0      0      0      0      0      0      0      -      0      0      0      0      0      0      0      0      0      0      0      0      0      0      0      0      0      0      0      0      0      0      0      0      0      0      0      0      0      0      0      0      0      0      0      0      0      0      0      0     
0x2b9e015ac330           ELECT P0, URZ, PT                                                        0      0      0      296    9472    9472    32     32     0      0      0      -                      -          -      0      0      0      0      0      0      0      0      0      -      0      0      0      0      0      0      0      0      0      0      0      0      0      0      0      0      0      0      0      0      0      0      0      0      0      0      0      0      0      0      0      0      0      0      0      0      0      0      0      0     
0x2b9e015ac340           IMAD.MOV.U32 R0, RZ, RZ, 0x1                                             0      0      0      296    9472    9472    32     32     0      0      0      -                      -          -      0      0      0      0      0      0      0      0      0      -      0      0      0      0      0      0      0      0      0      0      0      0      0      0      0      0      0      0      0      0      0      0      0      0      0      0      0      0      0      0      0      0      0      0      0      0      0      0      0      0     
0x2b9e015ac350           UMOV UR4, 0x40                                                           0      0      0      296    9472    9472    32     32     0      0      0      -                      -          -      0      0      0      0      0      0      0      0      0      -      0      0      0      0      0      0      0      0      0      0      0      0      0      0      0      0      0      0      0      0      0      0      0      0      0      0      0      0      0      0      0      0      0      0      0      0      0      0      0      0     
0x2b9e015ac360           UVIRTCOUNT.DEALLOC.SMPOOL 0x80                                           1      1      1      296    9472    9472    32     32     0      0      0      -                      -          -      0      0      0      0      0      0      0      0      0      -      0      0      0      0      0      0      0      0      0      0      0      0      0      0      0      0      0      0      0      0      0      0      1      0      0      0      0      0      0      0      0      0      0      0      0      0      0      0      0      1     
0x2b9e015ac370           ULEA UR4, UR5, UR4, 0x18                                                 0      0      0      296    9472    9472    32     32     0      0      0      -                      -          -      0      0      0      0      0      0      0      0      0      -      0      0      0      0      0      0      0      0      0      0      0      0      0      0      0      0      0      0      0      0      0      0      0      0      0      0      0      0      0      0      0      0      0      0      0      0      0      0      0      0     
0x2b9e015ac380     @P0   STS.U8 [UR4+0x1c], R0                                                    0      0      0      296    9472    296     32     1      31     31     0      Shared                 Store      8      0      1      0      296    296    0      0      0      0      -      0      0      0      0      0      0      0      0      0      0      0      0      0      0      0      0      0      0      0      0      0      0      0      0      0      0      0      0      0      0      0      0      0      0      0      0      0      0      0      0     
0x2b9e015ac390           WARPSYNC.ALL                                                             2      2      2      1184   37888   37888   32     32     31     0      0      -                      -          -      0      0      0      0      0      0      0      0      0      -      0      0      0      0      0      0      0      0      0      0      0      0      0      0      0      0      2      0      0      0      0      0      0      0      0      0      0      0      0      0      0      0      0      2      0      0      0      0      0      0     
0x2b9e015ac3a0           BAR.SYNC.DEFER_BLOCKING 0x0                                              1      1      1      1184   37888   37888   32     32     0      0      0      -                      -          -      0      0      0      0      0      0      0      0      0      -      0      0      0      0      0      0      0      0      0      0      0      0      0      0      0      0      0      0      0      0      0      0      1      0      0      0      0      0      0      0      0      0      0      0      0      0      0      0      0      1     
0x2b9e015ac3b0           UMOV UR4, 0x400                                                          29     28     29     1184   37888   37888   32     32     0      0      0      -                      -          -      0      0      0      0      0      0      0      0      0      -      0      0      0      0      0      0      28     0      0      0      0      0      0      0      0      0      0      0      1      0      0      0      0      28     0      0      0      0      0      0      0      0      0      0      0      0      0      0      0      0     
0x2b9e015ac3c0           LDCU.64 UR8, c[0x0][0x398]                                               0      0      0      1184   37888   37888   32     32     0      0      0      -                      -          -      0      0      0      0      0      0      0      0      0      -      0      0      0      0      0      0      0      0      0      0      0      0      0      0      0      0      0      0      0      0      0      0      0      0      0      0      0      0      0      0      0      0      0      0      0      0      0      0      0      0     
0x2b9e015ac3d0           S2UR UR20, SR_CTAID.X                                                    0      0      0      1184   37888   37888   32     32     0      0      0      -                      -          -      0      0      0      0      0      0      0      0      0      -      0      0      0      0      0      0      0      0      0      0      0      0      0      0      0      0      0      0      0      0      0      0      0      0      0      0      0      0      0      0      0      0      0      0      0      0      0      0      0      0     
0x2b9e015ac3e0           ULEA UR4, UR5, UR4, 0x18                                                 0      0      0      1184   37888   37888   32     32     0      0      0      -                      -          -      0      0      0      0      0      0      0      0      0      -      0      0      0      0      0      0      0      0      0      0      0      0      0      0      0      0      0      0      0      0      0      0      0      0      0      0      0      0      0      0      0      0      0      0      0      0      0      0      0      0     
0x2b9e015ac3f0           LDS R0, [UR4]                                                            0      0      0      1184   37888   37888   32     32     0      0      0      Shared                 Load       32     0      1      0      1184   1184   0      0      0      0      -      0      0      0      0      0      0      0      0      0      0      0      0      0      0      0      0      0      0      0      0      0      0      0      0      0      0      0      0      0      0      0      0      0      0      0      0      0      0      0      0     
0x2b9e015ac400           USHF.R.S32.HI UR4, URZ, 0x1f, UR8                                        1      1      1      1184   37888   37888   32     32     0      0      0      -                      -          -      0      0      0      0      0      0      0      0      0      -      0      0      0      0      0      0      0      0      0      0      0      0      0      0      0      0      0      0      0      1      0      0      0      0      0      0      0      0      0      0      0      0      0      0      0      0      1      0      0      0     
0x2b9e015ac410           USHF.R.S32.HI UR5, URZ, 0x1f, UR9                                        0      0      0      1184   37888   37888   32     32     0      0      0      -                      -          -      0      0      0      0      0      0      0      0      0      -      0      0      0      0      0      0      0      0      0      0      0      0      0      0      0      0      0      0      0      0      0      0      0      0      0      0      0      0      0      0      0      0      0      0      0      0      0      0      0      0     
0x2b9e015ac420           ULEA.HI UR4, UR4, UR8, URZ, 0x7                                          0      0      0      1184   37888   37888   32     32     0      0      0      -                      -          -      0      0      0      0      0      0      0      0      0      -      0      0      0      0      0      0      0      0      0      0      0      0      0      0      0      0      0      0      0      0      0      0      0      0      0      0      0      0      0      0      0      0      0      0      0      0      0      0      0      0     
0x2b9e015ac430           ULEA.HI UR5, UR5, UR9, URZ, 0x7                                          0      0      0      1184   37888   37888   32     32     0      0      0      -                      -          -      0      0      0      0      0      0      0      0      0      -      0      0      0      0      0      0      0      0      0      0      0      0      0      0      0      0      0      0      0      0      0      0      0      0      0      0      0      0      0      0      0      0      0      0      0      0      0      0      0      0     
0x2b9e015ac440           USHF.R.S32.HI UR4, URZ, 0x7, UR4                                         0      0      0      1184   37888   37888   32     32     0      0      0      -                      -          -      0      0      0      0      0      0      0      0      0      -      0      0      0      0      0      0      0      0      0      0      0      0      0      0      0      0      0      0      0      0      0      0      0      0      0      0      0      0      0      0      0      0      0      0      0      0      0      0      0      0     
0x2b9e015ac450           USHF.R.S32.HI UR17, URZ, 0x7, UR5                                        0      0      0      1184   37888   37888   32     32     0      0      0      -                      -          -      0      0      0      0      0      0      0      0      0      -      0      0      0      0      0      0      0      0      0      0      0      0      0      0      0      0      0      0      0      0      0      0      0      0      0      0      0      0      0      0      0      0      0      0      0      0      0      0      0      0     
0x2b9e015ac460           UIMAD UR18, UR4, UR17, URZ                                               0      0      0      1184   37888   37888   32     32     0      0      0      -                      -          -      0      0      0      0      0      0      0      0      0      -      0      0      0      0      0      0      0      0      0      0      0      0      0      0      0      0      0      0      0      0      0      0      0      0      0      0      0      0      0      0      0      0      0      0      0      0      0      0      0      0     
0x2b9e015ac470           UISETP.GE.AND UP0, UPT, UR20, UR18, UPT                                  0      0      0      1184   37888   37888   32     32     0      0      0      -                      -          -      0      0      0      0      0      0      0      0      0      -      0      0      0      0      0      0      0      0      0      0      0      0      0      0      0      0      0      0      0      0      0      0      0      0      0      0      0      0      0      0      0      0      0      0      0      0      0      0      0      0     
0x2b9e015ac480           R2UR UR16, R0                                                            0      0      0      1184   37888   37888   32     32     0      0      0      -                      -          -      0      0      0      0      0      0      0      0      0      -      0      0      0      0      0      0      0      0      0      0      0      0      0      0      0      0      0      0      0      0      0      0      0      0      0      0      0      0      0      0      0      0      0      0      0      0      0      0      0      0     
0x2b9e015ac490           BRA.U UP0, 0x2b9e015ae9c0                                                0      0      0      1184   37888   37888   32     32     0      0      0      -                      -          -      0      0      0      0      0      0      0      0      0      -      0      0      0      0      0      0      0      0      0      0      0      0      0      0      0      0      0      0      0      0      0      0      0      0      0      0      0      0      0      0      0      0      0      0      0      0      0      0      0      0     
0x2b9e015ac4a0           LDCU UR21, c[0x0][0x360]                                                 0      0      0      1184   37888   37888   32     32     0      0      0      -                      -          -      0      0      0      0      0      0      0      0      0      -      0      0      0      0      0      0      0      0      0      0      0      0      0      0      0      0      0      0      0      0      0      0      0      0      0      0      0      0      0      0      0      0      0      0      0      0      0      0      0      0     
0x2b9e015ac4b0           IMAD.U32 R0, R3, 0x10000, RZ                                             0      0      0      1184   37888   37888   32     32     0      0      0      -                      -          -      0      0      0      0      0      0      0      0      0      -      0      0      0      0      0      0      0      0      0      0      0      0      0      0      0      0      0      0      0      0      0      0      0      0      0      0      0      0      0      0      0      0      0      0      0      0      0      0      0      0     
0x2b9e015ac4c0           MOV R8, 0x580                                                            0      0      0      1184   37888   37888   32     32     0      0      0      -                      -          -      0      0      0      0      0      0      0      0      0      -      0      0      0      0      0      0      0      0      0      0      0      0      0      0      0      0      0      0      0      0      0      0      0      0      0      0      0      0      0      0      0      0      0      0      0      0      0      0      0      0     
0x2b9e015ac4d0           LDCU UR5, c[0x0][0x3a0]                                                  1      0      1      1184   37888   37888   32     32     0      0      0      -                      -          -      0      0      0      0      0      0      0      0      0      -      0      0      0      0      0      0      0      0      0      0      0      0      0      0      0      0      0      0      1      0      0      0      0      0      0      0      0      0      0      0      0      0      0      0      0      0      0      0      0      0     
0x2b9e015ac4e0           LOP3.LUT R0, R0, 0x3e00000, RZ, 0xc0, !PT                                0      0      0      1184   37888   37888   32     32     0      0      0      -                      -          -      0      0      0      0      0      0      0      0      0      -      0      0      0      0      0      0      0      0      0      0      0      0      0      0      0      0      0      0      0      0      0      0      0      0      0      0      0      0      0      0      0      0      0      0      0      0      0      0      0      0     
0x2b9e015ac4f0           VIADD R0, R0, UR16                                                       0      0      0      1184   37888   37888   32     32     0      0      0      -                      -          -      0      0      0      0      0      0      0      0      0      -      0      0      0      0      0      0      0      0      0      0      0      0      0      0      0      0      0      0      0      0      0      0      0      0      0      0      0      0      0      0      0      0      0      0      0      0      0      0      0      0     
0x2b9e015ac500           VIADD R30, R3, UR21                                                      0      0      0      1184   37888   37888   32     32     0      0      0      -                      -          -      0      0      0      0      0      0      0      0      0      -      0      0      0      0      0      0      0      0      0      0      0      0      0      0      0      0      0      0      0      0      0      0      0      0      0      0      0      0      0      0      0      0      0      0      0      0      0      0      0      0     
0x2b9e015ac510           USHF.R.S32.HI UR4, URZ, 0x1f, UR5                                        1      1      1      1184   37888   37888   32     32     0      0      0      -                      -          -      0      0      0      0      0      0      0      0      0      -      0      0      0      0      0      0      0      0      0      0      0      0      0      0      0      0      0      0      0      1      0      0      0      0      0      0      0      0      0      0      0      0      0      0      0      0      1      0      0      0     
0x2b9e015ac520           LOP3.LUT R2, R30, 0x3fff, RZ, 0x3c, !PT                                  0      0      0      1184   37888   37888   32     32     0      0      0      -                      -          -      0      0      0      0      0      0      0      0      0      -      0      0      0      0      0      0      0      0      0      0      0      0      0      0      0      0      0      0      0      0      0      0      0      0      0      0      0      0      0      0      0      0      0      0      0      0      0      0      0      0     
0x2b9e015ac530           ULEA.HI UR4, UR4, UR5, URZ, 0x6                                          0      0      0      1184   37888   37888   32     32     0      0      0      -                      -          -      0      0      0      0      0      0      0      0      0      -      0      0      0      0      0      0      0      0      0      0      0      0      0      0      0      0      0      0      0      0      0      0      0      0      0      0      0      0      0      0      0      0      0      0      0      0      0      0      0      0     
0x2b9e015ac540           LOP3.LUT R2, R2, 0xffff, RZ, 0xc0, !PT                                   0      0      0      1184   37888   37888   32     32     0      0      0      -                      -          -      0      0      0      0      0      0      0      0      0      -      0      0      0      0      0      0      0      0      0      0      0      0      0      0      0      0      0      0      0      0      0      0      0      0      0      0      0      0      0      0      0      0      0      0      0      0      0      0      0      0     
0x2b9e015ac550           ULOP3.LUT UR5, UR21, 0xffff, URZ, 0xc0, !UPT                             0      0      0      1184   37888   37888   32     32     0      0      0      -                      -          -      0      0      0      0      0      0      0      0      0      -      0      0      0      0      0      0      0      0      0      0      0      0      0      0      0      0      0      0      0      0      0      0      0      0      0      0      0      0      0      0      0      0      0      0      0      0      0      0      0      0     
0x2b9e015ac560           USHF.R.S32.HI UR19, URZ, 0x6, UR4                                        0      0      0      1184   37888   37888   32     32     0      0      0      -                      -          -      0      0      0      0      0      0      0      0      0      -      0      0      0      0      0      0      0      0      0      0      0      0      0      0      0      0      0      0      0      0      0      0      0      0      0      0      0      0      0      0      0      0      0      0      0      0      0      0      0      0     
0x2b9e015ac570           CALL.REL.NOINC 0x2b9e015aee00                                            0      0      0      1184   37888   37888   32     32     0      0      0      -                      -          -      0      0      0      0      0      0      0      0      0      -      0      0      0      0      0      0      0      0      0      0      0      0      0      0      0      0      0      0      0      0      0      0      0      0      0      0      0      0      0      0      0      0      0      0      0      0      0      0      0      0     
0x2b9e015ac580           UIADD3 UR12, UPT, UPT, UR19, 0x2, URZ                                    1      1      1      1184   37888   37888   32     32     0      0      0      -                      -          -      0      0      0      0      0      0      0      0      0      -      0      0      0      0      0      0      0      1      0      0      0      0      0      0      0      0      0      0      0      0      0      0      0      0      1      0      0      0      0      0      0      0      0      0      0      0      0      0      0      0     
0x2b9e015ac590           VIADD R22, R30, UR21                                                     0      0      0      1184   37888   37888   32     32     0      0      0      -                      -          -      0      0      0      0      0      0      0      0      0      -      0      0      0      0      0      0      0      0      0      0      0      0      0      0      0      0      0      0      0      0      0      0      0      0      0      0      0      0      0      0      0      0      0      0      0      0      0      0      0      0     
0x2b9e015ac5a0           UIADD3 UR13, UPT, UPT, UR19, 0x1, URZ                                    0      0      0      1184   37888   37888   32     32     0      0      0      -                      -          -      0      0      0      0      0      0      0      0      0      -      0      0      0      0      0      0      0      0      0      0      0      0      0      0      0      0      0      0      0      0      0      0      0      0      0      0      0      0      0      0      0      0      0      0      0      0      0      0      0      0     
0x2b9e015ac5b0           LOP3.LUT R2, R7, 0x3, RZ, 0xc0, !PT                                      0      0      0      1184   37888   37888   32     32     0      0      0      -                      -          -      0      0      0      0      0      0      0      0      0      -      0      0      0      0      0      0      0      0      0      0      0      0      0      0      0      0      0      0      0      0      0      0      0      0      0      0      0      0      0      0      0      0      0      0      0      0      0      0      0      0     
0x2b9e015ac5c0           UIMAD.WIDE UR10, UR19, 0x55555556, URZ                                   0      0      0      1184   37888   37888   32     32     0      0      0      -                      -          -      0      0      0      0      0      0      0      0      0      -      0      0      0      0      0      0      0      0      0      0      0      0      0      0      0      0      0      0      0      0      0      0      0      0      0      0      0      0      0      0      0      0      0      0      0      0      0      0      0      0     
0x2b9e015ac5d0           LOP3.LUT R23, R30, 0x7f, RZ, 0xc0, !PT                                   1      0      1      1184   37888   37888   32     32     0      0      0      -                      -          -      0      0      0      0      0      0      0      0      0      -      0      0      0      0      0      0      0      0      0      0      0      0      0      0      0      0      0      0      1      0      0      0      0      0      0      0      0      0      0      0      0      0      0      0      0      0      0      0      0      0     
0x2b9e015ac5e0           UIMAD.WIDE UR4, UR12, 0x55555556, URZ                                    1      0      1      1184   37888   37888   32     32     0      0      0      -                      -          -      0      0      0      0      0      0      0      0      0      -      0      0      0      0      0      0      0      0      0      0      0      0      0      0      0      0      0      0      1      0      0      0      0      0      0      0      0      0      0      0      0      0      0      0      0      0      0      0      0      0     
0x2b9e015ac5f0           SHF.R.U32.HI R21, RZ, 0x7, R22                                           0      0      0      1184   37888   37888   32     32     0      0      0      -                      -          -      0      0      0      0      0      0      0      0      0      -      0      0      0      0      0      0      0      0      0      0      0      0      0      0      0      0      0      0      0      0      0      0      0      0      0      0      0      0      0      0      0      0      0      0      0      0      0      0      0      0     
0x2b9e015ac600           UIMAD.WIDE UR8, UR13, 0x55555556, URZ                                    0      0      0      1184   37888   37888   32     32     0      0      0      -                      -          -      0      0      0      0      0      0      0      0      0      -      0      0      0      0      0      0      0      0      0      0      0      0      0      0      0      0      0      0      0      0      0      0      0      0      0      0      0      0      0      0      0      0      0      0      0      0      0      0      0      0     
0x2b9e015ac610           LOP3.LUT R20, R22, 0x7f, RZ, 0xc0, !PT                                   0      0      0      1184   37888   37888   32     32     0      0      0      -                      -          -      0      0      0      0      0      0      0      0      0      -      0      0      0      0      0      0      0      0      0      0      0      0      0      0      0      0      0      0      0      0      0      0      0      0      0      0      0      0      0      0      0      0      0      0      0      0      0      0      0      0     
0x2b9e015ac620           ULEA.HI UR11, UR11, UR11, URZ, 0x1                                       0      0      0      1184   37888   37888   32     32     0      0      0      -                      -          -      0      0      0      0      0      0      0      0      0      -      0      0      0      0      0      0      0      0      0      0      0      0      0      0      0      0      0      0      0      0      0      0      0      0      0      0      0      0      0      0      0      0      0      0      0      0      0      0      0      0     
0x2b9e015ac630           ULEA.HI UR5, UR5, UR5, URZ, 0x1                                          0      0      0      1184   37888   37888   32     32     0      0      0      -                      -          -      0      0      0      0      0      0      0      0      0      -      0      0      0      0      0      0      0      0      0      0      0      0      0      0      0      0      0      0      0      0      0      0      0      0      0      0      0      0      0      0      0      0      0      0      0      0      0      0      0      0     
0x2b9e015ac640           ULEA.HI UR9, UR9, UR9, URZ, 0x1                                          0      0      0      1184   37888   37888   32     32     0      0      0      -                      -          -      0      0      0      0      0      0      0      0      0      -      0      0      0      0      0      0      0      0      0      0      0      0      0      0      0      0      0      0      0      0      0      0      0      0      0      0      0      0      0      0      0      0      0      0      0      0      0      0      0      0     
0x2b9e015ac650           UIMAD UR11, UR11, -0x3, UR19                                             0      0      0      1184   37888   37888   32     32     0      0      0      -                      -          -      0      0      0      0      0      0      0      0      0      -      0      0      0      0      0      0      0      0      0      0      0      0      0      0      0      0      0      0      0      0      0      0      0      0      0      0      0      0      0      0      0      0      0      0      0      0      0      0      0      0     
0x2b9e015ac660           UIMAD UR5, UR5, -0x3, UR12                                               0      0      0      1184   37888   37888   32     32     0      0      0      -                      -          -      0      0      0      0      0      0      0      0      0      -      0      0      0      0      0      0      0      0      0      0      0      0      0      0      0      0      0      0      0      0      0      0      0      0      0      0      0      0      0      0      0      0      0      0      0      0      0      0      0      0     
0x2b9e015ac670           UIMAD UR9, UR9, -0x3, UR13                                               0      0      0      1184   37888   37888   32     32     0      0      0      -                      -          -      0      0      0      0      0      0      0      0      0      -      0      0      0      0      0      0      0      0      0      0      0      0      0      0      0      0      0      0      0      0      0      0      0      0      0      0      0      0      0      0      0      0      0      0      0      0      0      0      0      0     
0x2b9e015ac680           LOP3.LUT R25, RZ, UR11, RZ, 0x33, !PT                                    0      0      0      1184   37888   37888   32     32     0      0      0      -                      -          -      0      0      0      0      0      0      0      0      0      -      0      0      0      0      0      0      0      0      0      0      0      0      0      0      0      0      0      0      0      0      0      0      0      0      0      0      0      0      0      0      0      0      0      0      0      0      0      0      0      0     
0x2b9e015ac690           LDCU.64 UR22, c[0x0][0x358]                                              0      0      0      1184   37888   37888   32     32     0      0      0      -                      -          -      0      0      0      0      0      0      0      0      0      -      0      0      0      0      0      0      0      0      0      0      0      0      0      0      0      0      0      0      0      0      0      0      0      0      0      0      0      0      0      0      0      0      0      0      0      0      0      0      0      0     
0x2b9e015ac6a0           LOP3.LUT R29, RZ, UR5, RZ, 0x33, !PT                                     0      0      0      1184   37888   37888   32     32     0      0      0      -                      -          -      0      0      0      0      0      0      0      0      0      -      0      0      0      0      0      0      0      0      0      0      0      0      0      0      0      0      0      0      0      0      0      0      0      0      0      0      0      0      0      0      0      0      0      0      0      0      0      0      0      0     
0x2b9e015ac6b0           LOP3.LUT R27, RZ, UR9, RZ, 0x33, !PT                                     0      0      0      1184   37888   37888   32     32     0      0      0      -                      -          -      0      0      0      0      0      0      0      0      0      -      0      0      0      0      0      0      0      0      0      0      0      0      0      0      0      0      0      0      0      0      0      0      0      0      0      0      0      0      0      0      0      0      0      0      0      0      0      0      0      0     
0x2b9e015ac6c0           VIADD R25, R25, UR19                                                     0      0      0      1184   37888   37888   32     32     0      0      0      -                      -          -      0      0      0      0      0      0      0      0      0      -      0      0      0      0      0      0      0      0      0      0      0      0      0      0      0      0      0      0      0      0      0      0      0      0      0      0      0      0      0      0      0      0      0      0      0      0      0      0      0      0     
0x2b9e015ac6d0           VIADD R29, R29, UR19                                                     0      0      0      1184   37888   37888   32     32     0      0      0      -                      -          -      0      0      0      0      0      0      0      0      0      -      0      0      0      0      0      0      0      0      0      0      0      0      0      0      0      0      0      0      0      0      0      0      0      0      0      0      0      0      0      0      0      0      0      0      0      0      0      0      0      0     
0x2b9e015ac6e0           VIADD R27, R27, UR19                                                     0      0      0      1184   37888   37888   32     32     0      0      0      -                      -          -      0      0      0      0      0      0      0      0      0      -      0      0      0      0      0      0      0      0      0      0      0      0      0      0      0      0      0      0      0      0      0      0      0      0      0      0      0      0      0      0      0      0      0      0      0      0      0      0      0      0     
0x2b9e015ac6f0           IMAD.HI.U32 R6, R25, -0x55555555, RZ                                     0      0      0      1184   37888   37888   32     32     0      0      0      -                      -          -      0      0      0      0      0      0      0      0      0      -      0      0      0      0      0      0      0      0      0      0      0      0      0      0      0      0      0      0      0      0      0      0      0      0      0      0      0      0      0      0      0      0      0      0      0      0      0      0      0      0     
0x2b9e015ac700           IMAD.HI.U32 R4, R29, -0x55555555, RZ                                     0      0      0      1184   37888   37888   32     32     0      0      0      -                      -          -      0      0      0      0      0      0      0      0      0      -      0      0      0      0      0      0      0      0      0      0      0      0      0      0      0      0      0      0      0      0      0      0      0      0      0      0      0      0      0      0      0      0      0      0      0      0      0      0      0      0     
0x2b9e015ac710           SHF.R.U32.HI R6, RZ, 0x1, R6                                             0      0      0      1184   37888   37888   32     32     0      0      0      -                      -          -      0      0      0      0      0      0      0      0      0      -      0      0      0      0      0      0      0      0      0      0      0      0      0      0      0      0      0      0      0      0      0      0      0      0      0      0      0      0      0      0      0      0      0      0      0      0      0      0      0      0     
0x2b9e015ac720           IMAD.HI.U32 R5, R27, -0x55555555, RZ                                     0      0      0      1184   37888   37888   32     32     0      0      0      -                      -          -      0      0      0      0      0      0      0      0      0      -      0      0      0      0      0      0      0      0      0      0      0      0      0      0      0      0      0      0      0      0      0      0      0      0      0      0      0      0      0      0      0      0      0      0      0      0      0      0      0      0     
0x2b9e015ac730           SHF.R.U32.HI R4, RZ, 0x1, R4                                             0      0      0      1184   37888   37888   32     32     0      0      0      -                      -          -      0      0      0      0      0      0      0      0      0      -      0      0      0      0      0      0      0      0      0      0      0      0      0      0      0      0      0      0      0      0      0      0      0      0      0      0      0      0      0      0      0      0      0      0      0      0      0      0      0      0     
0x2b9e015ac740           LOP3.LUT R24, R6, 0x1, RZ, 0xc0, !PT                                     0      0      0      1184   37888   37888   32     32     0      0      0      -                      -          -      0      0      0      0      0      0      0      0      0      -      0      0      0      0      0      0      0      0      0      0      0      0      0      0      0      0      0      0      0      0      0      0      0      0      0      0      0      0      0      0      0      0      0      0      0      0      0      0      0      0     
0x2b9e015ac750           SHF.R.U32.HI R5, RZ, 0x1, R5                                             0      0      0      1184   37888   37888   32     32     0      0      0      -                      -          -      0      0      0      0      0      0      0      0      0      -      0      0      0      0      0      0      0      0      0      0      0      0      0      0      0      0      0      0      0      0      0      0      0      0      0      0      0      0      0      0      0      0      0      0      0      0      0      0      0      0     
0x2b9e015ac760           LOP3.LUT R28, R4, 0x1, RZ, 0xc0, !PT                                     0      0      0      1184   37888   37888   32     32     0      0      0      -                      -          -      0      0      0      0      0      0      0      0      0      -      0      0      0      0      0      0      0      0      0      0      0      0      0      0      0      0      0      0      0      0      0      0      0      0      0      0      0      0      0      0      0      0      0      0      0      0      0      0      0      0     
0x2b9e015ac770           LOP3.LUT R26, R5, 0x1, RZ, 0xc0, !PT                                     1      0      1      1184   37888   37888   32     32     0      0      0      -                      -          -      0      0      0      0      0      0      0      0      0      -      0      0      0      0      0      0      0      0      0      0      0      0      0      0      0      0      0      0      1      0      0      0      0      0      0      0      0      0      0      0      0      0      0      0      0      0      0      0      0      0     
0x2b9e015ac780           IMAD.U32 R10, RZ, RZ, UR17                                               4      3      4      4096   131072  131072  32     32     0      0      0      -                      -          -      0      0      0      0      0      0      0      0      0      -      0      0      0      0      0      0      0      0      0      0      0      0      0      0      0      0      2      0      0      0      0      0      2      0      0      0      0      0      0      0      0      0      0      1      0      0      0      0      0      2     
0x2b9e015ac790           ISETP.NE.AND P1, PT, R3, RZ, PT                                          0      0      0      4096   131072  131072  32     32     0      0      0      -                      -          -      0      0      0      0      0      0      0      0      0      -      0      0      0      0      0      0      0      0      0      0      0      0      0      0      0      0      0      0      0      0      0      0      0      0      0      0      0      0      0      0      0      0      0      0      0      0      0      0      0      0     
0x2b9e015ac7a0           IMAD.U32 R8, RZ, RZ, UR20                                                0      0      0      4096   131072  131072  32     32     0      0      0      -                      -          -      0      0      0      0      0      0      0      0      0      -      0      0      0      0      0      0      0      0      0      0      0      0      0      0      0      0      0      0      0      0      0      0      0      0      0      0      0      0      0      0      0      0      0      0      0      0      0      0      0      0     
0x2b9e015ac7b0           BSSY.RECONVERGENT B0, 0x2b9e015ac9c0                                     0      0      0      4096   131072  131072  32     32     0      0      0      -                      -          -      0      0      0      0      0      0      0      0      0      -      0      0      0      0      0      0      0      0      0      0      0      0      0      0      0      0      0      0      0      0      0      0      0      0      0      0      0      0      0      0      0      0      0      0      0      0      0      0      0      0     
0x2b9e015ac7c0           IABS R6, R10                                                             0      0      0      4096   131072  131072  32     32     0      0      0      -                      -          -      0      0      0      0      0      0      0      0      0      -      0      0      0      0      0      0      0      0      0      0      0      0      0      0      0      0      0      0      0      0      0      0      0      0      0      0      0      0      0      0      0      0      0      0      0      0      0      0      0      0     
0x2b9e015ac7d0           IABS R8, R8                                                              0      0      0      4096   131072  131072  32     32     0      0      0      -                      -          -      0      0      0      0      0      0      0      0      0      -      0      0      0      0      0      0      0      0      0      0      0      0      0      0      0      0      0      0      0      0      0      0      0      0      0      0      0      0      0      0      0      0      0      0      0      0      0      0      0      0     
0x2b9e015ac7e0           I2F.RP R7, R6                                                            1      1      1      4096   131072  131072  32     32     0      0      0      -                      -          -      0      0      0      0      0      0      0      0      0      -      0      0      0      0      0      0      0      0      0      0      0      0      0      0      0      0      0      0      0      0      0      0      1      0      0      0      0      0      0      0      0      0      0      0      0      0      0      0      0      1     
0x2b9e015ac7f0           IABS R10, R10                                                            0      0      0      4096   131072  131072  32     32     0      0      0      -                      -          -      0      0      0      0      0      0      0      0      0      -      0      0      0      0      0      0      0      0      0      0      0      0      0      0      0      0      0      0      0      0      0      0      0      0      0      0      0      0      0      0      0      0      0      0      0      0      0      0      0      0     
0x2b9e015ac800           MUFU.RCP R7, R7                                                          5      4      5      4096   131072  131072  32     32     0      0      0      -                      -          -      0      0      0      0      0      0      0      0      0      -      0      0      0      0      0      0      0      0      0      0      0      0      0      0      0      0      0      0      1      3      0      0      1      0      0      0      0      0      0      0      0      0      0      0      0      0      3      0      0      1     
0x2b9e015ac810           VIADD R4, R7, 0xffffffe                                                  4      4      4      4096   131072  131072  32     32     0      0      0      -                      -          -      0      0      0      0      0      0      0      0      0      -      0      0      0      0      0      0      0      0      0      0      0      0      0      0      0      0      0      0      0      4      0      0      0      0      0      0      0      0      0      0      0      0      0      0      0      0      4      0      0      0     
0x2b9e015ac820           F2I.FTZ.U32.TRUNC.NTZ R5, R4                                             1      1      1      4096   131072  131072  32     32     0      0      0      -                      -          -      0      0      0      0      0      0      0      0      0      -      0      0      0      0      0      0      0      0      0      0      0      0      0      0      0      0      0      0      0      0      0      0      1      0      0      0      0      0      0      0      0      0      0      0      0      0      0      0      0      1     
0x2b9e015ac830           IMAD.MOV.U32 R4, RZ, RZ, RZ                                              1      1      1      4096   131072  131072  32     32     0      0      0      -                      -          -      0      0      0      0      0      0      0      0      0      -      0      0      0      0      0      0      0      0      0      0      0      0      0      0      0      0      0      0      0      1      0      0      0      0      0      0      0      0      0      0      0      0      0      0      0      0      1      0      0      0     
0x2b9e015ac840           IMAD.MOV R9, RZ, RZ, -R5                                                 0      0      0      4096   131072  131072  32     32     0      0      0      -                      -          -      0      0      0      0      0      0      0      0      0      -      0      0      0      0      0      0      0      0      0      0      0      0      0      0      0      0      0      0      0      0      0      0      0      0      0      0      0      0      0      0      0      0      0      0      0      0      0      0      0      0     
0x2b9e015ac850           IMAD R9, R9, R6, RZ                                                      1      0      1      4096   131072  131072  32     32     0      0      0      -                      -          -      0      0      0      0      0      0      0      0      0      -      0      0      0      0      0      0      0      0      0      0      0      0      0      0      0      0      0      1      0      0      0      0      0      0      0      0      0      0      0      0      0      0      0      0      0      0      0      0      0      0     
0x2b9e015ac860           IMAD.HI.U32 R5, R5, R9, R4                                               0      0      0      4096   131072  131072  32     32     0      0      0      -                      -          -      0      0      0      0      0      0      0      0      0      -      0      0      0      0      0      0      0      0      0      0      0      0      0      0      0      0      0      0      0      0      0      0      0      0      0      0      0      0      0      0      0      0      0      0      0      0      0      0      0      0     
0x2b9e015ac870           IMAD.HI.U32 R5, R5, R8, RZ                                               2      2      2      4096   131072  131072  32     32     0      0      0      -                      -          -      0      0      0      0      0      0      0      0      0      -      0      0      0      0      0      0      0      0      0      0      0      0      0      0      0      0      0      0      0      0      0      0      2      0      0      0      0      0      0      0      0      0      0      0      0      0      0      0      0      2     
0x2b9e015ac880     @P1   BRA 0x2b9e015ac9b0                                                       0      0      0      4096   131072  130048  32     31     1      1      1024   -                      -          -      0      0      0      0      0      0      0      0      0      -      0      0      0      0      0      0      0      0      0      0      0      0      0      0      0      0      0      0      0      0      0      0      0      0      0      0      0      0      0      0      0      0      0      0      0      0      0      0      0      0     
0x2b9e015ac890           S2UR UR10, SR_CgaCtaId                                                   3      3      3      1024   1024    1024    1      1      30     31     0      -                      -          -      0      0      0      0      0      0      0      0      0      -      0      0      0      0      0      0      0      2      0      0      0      0      0      0      0      0      0      0      0      0      0      0      1      0      2      0      0      0      0      0      0      0      0      0      0      0      0      0      0      1     
0x2b9e015ac8a0           UMOV UR9, 0x400                                                          0      0      0      1024   1024    1024    1      1      0      31     0      -                      -          -      0      0      0      0      0      0      0      0      0      -      0      0      0      0      0      0      0      0      0      0      0      0      0      0      0      0      0      0      0      0      0      0      0      0      0      0      0      0      0      0      0      0      0      0      0      0      0      0      0      0     
0x2b9e015ac8b0           UMOV UR4, 0x1                                                            0      0      0      1024   1024    1024    1      1      0      31     0      -                      -          -      0      0      0      0      0      0      0      0      0      -      0      0      0      0      0      0      0      0      0      0      0      0      0      0      0      0      0      0      0      0      0      0      0      0      0      0      0      0      0      0      0      0      0      0      0      0      0      0      0      0     
0x2b9e015ac8c0           UIADD3 UR8, UPT, UPT, UR9, 0x8, URZ                                      0      0      0      1024   1024    1024    1      1      0      31     0      -                      -          -      0      0      0      0      0      0      0      0      0      -      0      0      0      0      0      0      0      0      0      0      0      0      0      0      0      0      0      0      0      0      0      0      0      0      0      0      0      0      0      0      0      0      0      0      0      0      0      0      0      0     
0x2b9e015ac8d0           UIADD3 UR9, UPT, UPT, UR9, 0x20, URZ                                     0      0      0      1024   1024    1024    1      1      0      31     0      -                      -          -      0      0      0      0      0      0      0      0      0      -      0      0      0      0      0      0      0      0      0      0      0      0      0      0      0      0      0      0      0      0      0      0      0      0      0      0      0      0      0      0      0      0      0      0      0      0      0      0      0      0     
0x2b9e015ac8e0           UIADD3 UR4, UPT, UPT, -UR4, 0x100000, URZ                                0      0      0      1024   1024    1024    1      1      0      31     0      -                      -          -      0      0      0      0      0      0      0      0      0      -      0      0      0      0      0      0      0      0      0      0      0      0      0      0      0      0      0      0      0      0      0      0      0      0      0      0      0      0      0      0      0      0      0      0      0      0      0      0      0      0     
0x2b9e015ac8f0           USHF.L.U32 UR5, UR4, 0xb, URZ                                            0      0      0      1024   1024    1024    1      1      0      31     0      -                      -          -      0      0      0      0      0      0      0      0      0      -      0      0      0      0      0      0      0      0      0      0      0      0      0      0      0      0      0      0      0      0      0      0      0      0      0      0      0      0      0      0      0      0      0      0      0      0      0      0      0      0     
0x2b9e015ac900           USHF.L.U32 UR4, UR4, 0x1, URZ                                            0      0      0      1024   1024    1024    1      1      0      31     0      -                      -          -      0      0      0      0      0      0      0      0      0      -      0      0      0      0      0      0      0      0      0      0      0      0      0      0      0      0      0      0      0      0      0      0      0      0      0      0      0      0      0      0      0      0      0      0      0      0      0      0      0      0     
0x2b9e015ac910           ULEA UR8, UR10, UR8, 0x18                                                0      0      0      1024   1024    1024    1      1      0      31     0      -                      -          -      0      0      0      0      0      0      0      0      0      -      0      0      0      0      0      0      0      0      0      0      0      0      0      0      0      0      0      0      0      0      0      0      0      0      0      0      0      0      0      0      0      0      0      0      0      0      0      0      0      0     
0x2b9e015ac920           ULEA UR9, UR10, UR9, 0x18                                                0      0      0      1024   1024    1024    1      1      0      31     0      -                      -          -      0      0      0      0      0      0      0      0      0      -      0      0      0      0      0      0      0      0      0      0      0      0      0      0      0      0      0      0      0      0      0      0      0      0      0      0      0      0      0      0      0      0      0      0      0      0      0      0      0      0     
0x2b9e015ac930           FENCE.VIEW.ASYNC.S                                                       0      0      0      1024   1024    1024    1      1      0      31     0      -                      -          -      0      0      0      0      0      0      0      0      0      -      0      0      0      0      0      0      0      0      0      0      0      0      0      0      0      0      0      0      0      0      0      0      0      0      0      0      0      0      0      0      0      0      0      0      0      0      0      0      0      0     
0x2b9e015ac940           SYNCS.EXCH.64 URZ, [UR8], UR4                                            0      0      0      1024   1024    1024    1      1      0      31     0      -                      -          -      0      0      0      0      0      0      0      0      0      -      0      0      0      0      0      0      0      0      0      0      0      0      0      0      0      0      0      0      0      0      0      0      0      0      0      0      0      0      0      0      0      0      0      0      0      0      0      0      0      0     
0x2b9e015ac950           SYNCS.EXCH.64 URZ, [UR9], UR4                                            0      0      0      1024   1024    1024    1      1      0      31     0      -                      -          -      0      0      0      0      0      0      0      0      0      -      0      0      0      0      0      0      0      0      0      0      0      0      0      0      0      0      0      0      0      0      0      0      0      0      0      0      0      0      0      0      0      0      0      0      0      0      0      0      0      0     
0x2b9e015ac960           SYNCS.EXCH.64 URZ, [UR8+0x8], UR4                                        0      0      0      1024   1024    1024    1      1      0      31     0      -                      -          -      0      0      0      0      0      0      0      0      0      -      0      0      0      0      0      0      0      0      0      0      0      0      0      0      0      0      0      0      0      0      0      0      0      0      0      0      0      0      0      0      0      0      0      0      0      0      0      0      0      0     
0x2b9e015ac970           SYNCS.EXCH.64 URZ, [UR9+0x8], UR4                                        0      0      0      1024   1024    1024    1      1      0      31     0      -                      -          -      0      0      0      0      0      0      0      0      0      -      0      0      0      0      0      0      0      0      0      0      0      0      0      0      0      0      0      0      0      0      0      0      0      0      0      0      0      0      0      0      0      0      0      0      0      0      0      0      0      0     
0x2b9e015ac980           SYNCS.EXCH.64 URZ, [UR8+0x10], UR4                                       0      0      0      1024   1024    1024    1      1      0      31     0      -                      -          -      0      0      0      0      0      0      0      0      0      -      0      0      0      0      0      0      0      0      0      0      0      0      0      0      0      0      0      0      0      0      0      0      0      0      0      0      0      0      0      0      0      0      0      0      0      0      0      0      0      0     
0x2b9e015ac990           SYNCS.EXCH.64 URZ, [UR9+0x10], UR4                                       0      0      0      1024   1024    1024    1      1      0      31     0      -                      -          -      0      0      0      0      0      0      0      0      0      -      0      0      0      0      0      0      0      0      0      0      0      0      0      0      0      0      0      0      0      0      0      0      0      0      0      0      0      0      0      0      0      0      0      0      0      0      0      0      0      0     
0x2b9e015ac9a0           NOP                                                                      0      0      0      1024   1024    1024    1      1      0      31     0      -                      -          -      0      0      0      0      0      0      0      0      0      -      0      0      0      0      0      0      0      0      0      0      0      0      0      0      0      0      0      0      0      0      0      0      0      0      0      0      0      0      0      0      0      0      0      0      0      0      0      0      0      0     
0x2b9e015ac9b0           BSYNC.RECONVERGENT B0                                                    2      2      2      5120   131072  131072  25     25     24     7      0      -                      -          -      0      0      0      0      0      0      0      0      0      -      0      0      0      0      0      0      0      1      0      0      0      1      0      0      0      0      0      0      0      0      0      0      0      0      1      0      0      0      1      0      0      0      0      0      0      0      0      0      0      0     
0x2b9e015ac9c0           R2UR UR4, R5                                                             2      2      2      4096   131072  131072  32     32     7      0      0      -                      -          -      0      0      0      0      0      0      0      0      0      -      0      0      0      0      0      0      0      2      0      0      0      0      0      0      0      0      0      0      0      0      0      0      0      0      2      0      0      0      0      0      0      0      0      0      0      0      0      0      0      0     
0x2b9e015ac9d0           IMAD.MOV R5, RZ, RZ, -R10                                                0      0      0      4096   131072  131072  32     32     0      0      0      -                      -          -      0      0      0      0      0      0      0      0      0      -      0      0      0      0      0      0      0      0      0      0      0      0      0      0      0      0      0      0      0      0      0      0      0      0      0      0      0      0      0      0      0      0      0      0      0      0      0      0      0      0     
0x2b9e015ac9e0           ULOP3.LUT UR5, UR20, UR17, URZ, 0x3c, !UPT                               0      0      0      4096   131072  131072  32     32     0      0      0      -                      -          -      0      0      0      0      0      0      0      0      0      -      0      0      0      0      0      0      0      0      0      0      0      0      0      0      0      0      0      0      0      0      0      0      0      0      0      0      0      0      0      0      0      0      0      0      0      0      0      0      0      0     
0x2b9e015ac9f0           BAR.SYNC.DEFER_BLOCKING 0x0                                              0      0      0      4096   131072  131072  32     32     0      0      0      -                      -          -      0      0      0      0      0      0      0      0      0      -      0      0      0      0      0      0      0      0      0      0      0      0      0      0      0      0      0      0      0      0      0      0      0      0      0      0      0      0      0      0      0      0      0      0      0      0      0      0      0      0     
0x2b9e015aca00           UMOV UR24, UR6                                                           16     15     16     4096   131072  131072  32     32     0      0      0      -                      -          -      0      0      0      0      0      0      0      0      0      -      0      0      0      0      0      0      15     0      0      0      0      0      0      0      0      0      0      0      0      0      0      0      1      14     0      0      0      0      0      0      0      0      0      0      0      0      0      0      0      1     
0x2b9e015aca10           IMAD R5, R5, UR4, R8                                                     0      0      0      4096   131072  131072  32     32     0      0      0      -                      -          -      0      0      0      0      0      0      0      0      0      -      0      0      0      0      0      0      0      0      0      0      0      0      0      0      0      0      0      0      0      0      0      0      0      0      0      0      0      0      0      0      0      0      0      0      0      0      0      0      0      0     
0x2b9e015aca20           ISETP.GT.U32.AND P0, PT, R6, R5, PT                                      0      0      0      4096   131072  131072  32     32     0      0      0      -                      -          -      0      0      0      0      0      0      0      0      0      -      0      0      0      0      0      0      0      0      0      0      0      0      0      0      0      0      0      0      0      0      0      0      0      0      0      0      0      0      0      0      0      0      0      0      0      0      0      0      0      0     
0x2b9e015aca30           VOTEU.ANY UP0, P0                                                        1      1      1      4096   131072  131072  32     32     0      0      0      -                      -          -      0      0      0      0      0      0      0      0      0      -      0      0      0      0      0      0      0      0      0      0      0      0      0      0      0      0      0      0      0      0      0      0      1      0      0      0      0      0      0      0      0      0      0      0      0      0      0      0      0      1     
0x2b9e015aca40           PLOP3.LUT P0, PT, PT, PT, UP0, 0x80, 0x8                                 0      0      0      4096   131072  131072  32     32     0      0      0      -                      -          -      0      0      0      0      0      0      0      0      0      -      0      0      0      0      0      0      0      0      0      0      0      0      0      0      0      0      0      0      0      0      0      0      0      0      0      0      0      0      0      0      0      0      0      0      0      0      0      0      0      0     
0x2b9e015aca50     @!UP0 UIADD3 UR4, UPT, UPT, UR4, 0x1, URZ                                      0      0      0      4096   131072  3968    32     0      32     32     0      -                      -          -      0      0      0      0      0      0      0      0      0      -      0      0      0      0      0      0      0      0      0      0      0      0      0      0      0      0      0      0      0      0      0      0      0      0      0      0      0      0      0      0      0      0      0      0      0      0      0      0      0      0     
0x2b9e015aca60           UISETP.GE.AND UP0, UPT, UR5, URZ, UPT                                    1      0      1      4096   131072  131072  32     32     32     0      0      -                      -          -      0      0      0      0      0      0      0      0      0      -      0      0      0      0      0      0      0      0      0      0      0      0      0      0      0      0      0      0      1      0      0      0      0      0      0      0      0      0      0      0      0      0      0      0      0      0      0      0      0      0     
0x2b9e015aca70     @!P0  IMAD.IADD R5, R5, 0x1, -R6                                               0      0      0      4096   131072  3968    32     0      32     32     0      -                      -          -      0      0      0      0      0      0      0      0      0      -      0      0      0      0      0      0      0      0      0      0      0      0      0      0      0      0      0      0      0      0      0      0      0      0      0      0      0      0      0      0      0      0      0      0      0      0      0      0      0      0     
0x2b9e015aca80           ISETP.GE.U32.AND P0, PT, R5, R6, PT                                      1      1      1      4096   131072  131072  32     32     32     0      0      -                      -          -      0      0      0      0      0      0      0      0      0      -      0      0      0      0      0      0      0      0      0      0      0      0      0      0      0      0      0      0      0      0      0      0      1      0      0      0      0      0      0      0      0      0      0      0      0      0      0      0      0      1     
0x2b9e015aca90           VOTEU.ANY UP1, P0                                                        0      0      0      4096   131072  131072  32     32     0      0      0      -                      -          -      0      0      0      0      0      0      0      0      0      -      0      0      0      0      0      0      0      0      0      0      0      0      0      0      0      0      0      0      0      0      0      0      0      0      0      0      0      0      0      0      0      0      0      0      0      0      0      0      0      0     
0x2b9e015acaa0           ISETP.NE.AND P0, PT, R3, RZ, PT                                          1      0      1      4096   131072  131072  32     32     0      0      0      -                      -          -      0      0      0      0      0      0      0      0      0      -      0      0      0      0      0      0      0      0      0      0      0      0      0      0      0      0      0      0      1      0      0      0      0      0      0      0      0      0      0      0      0      0      0      0      0      0      0      0      0      0     
0x2b9e015acab0     @UP1  UIADD3 UR4, UPT, UPT, UR4, 0x1, URZ                                      0      0      0      4096   131072  0       32     0      32     32     0      -                      -          -      0      0      0      0      0      0      0      0      0      -      0      0      0      0      0      0      0      0      0      0      0      0      0      0      0      0      0      0      0      0      0      0      0      0      0      0      0      0      0      0      0      0      0      0      0      0      0      0      0      0     
0x2b9e015acac0           UISETP.NE.AND UP1, UPT, UR17, URZ, UPT                                   0      0      0      4096   131072  131072  32     32     32     0      0      -                      -          -      0      0      0      0      0      0      0      0      0      -      0      0      0      0      0      0      0      0      0      0      0      0      0      0      0      0      0      0      0      0      0      0      0      0      0      0      0      0      0      0      0      0      0      0      0      0      0      0      0      0     
0x2b9e015acad0     @!UP0 UIADD3 UR4, UPT, UPT, URZ, -UR4, URZ                                     0      0      0      4096   131072  0       32     0      32     32     0      -                      -          -      0      0      0      0      0      0      0      0      0      -      0      0      0      0      0      0      0      0      0      0      0      0      0      0      0      0      0      0      0      0      0      0      0      0      0      0      0      0      0      0      0      0      0      0      0      0      0      0      0      0     
0x2b9e015acae0     @!UP1 ULOP3.LUT UR4, URZ, UR17, URZ, 0x33, !UPT                                3      3      3      4096   131072  0       32     0      0      32     0      -                      -          -      0      0      0      0      0      0      0      0      0      -      0      0      0      0      0      0      0      0      0      0      0      0      0      0      0      0      0      0      0      0      0      0      3      0      0      0      0      0      0      0      0      0      0      0      0      0      0      0      0      3     
0x2b9e015acaf0           UIADD3 UR15, UPT, UPT, URZ, -UR4, URZ                                    0      0      0      4096   131072  131072  32     32     32     0      0      -                      -          -      0      0      0      0      0      0      0      0      0      -      0      0      0      0      0      0      0      0      0      0      0      0      0      0      0      0      0      0      0      0      0      0      0      0      0      0      0      0      0      0      0      0      0      0      0      0      0      0      0      0     
0x2b9e015acb00           USHF.L.U32 UR11, UR4, 0x7, URZ                                           0      0      0      4096   131072  131072  32     32     0      0      0      -                      -          -      0      0      0      0      0      0      0      0      0      -      0      0      0      0      0      0      0      0      0      0      0      0      0      0      0      0      0      0      0      0      0      0      0      0      0      0      0      0      0      0      0      0      0      0      0      0      0      0      0      0     
0x2b9e015acb10           UIMAD UR15, UR17, UR15, UR20                                             0      0      0      4096   131072  131072  32     32     0      0      0      -                      -          -      0      0      0      0      0      0      0      0      0      -      0      0      0      0      0      0      0      0      0      0      0      0      0      0      0      0      0      0      0      0      0      0      0      0      0      0      0      0      0      0      0      0      0      0      0      0      0      0      0      0     
0x2b9e015acb20           USHF.L.U32 UR15, UR15, 0x7, URZ                                          0      0      0      4096   131072  131072  32     32     0      0      0      -                      -          -      0      0      0      0      0      0      0      0      0      -      0      0      0      0      0      0      0      0      0      0      0      0      0      0      0      0      0      0      0      0      0      0      0      0      0      0      0      0      0      0      0      0      0      0      0      0      0      0      0      0     
0x2b9e015acb30     @!P0  BRA 0x2b9e015ad1f0                                                       0      0      0      4096   131072  1024    32     0      32     32     1024   -                      -          -      0      0      0      0      0      0      0      0      0      -      0      0      0      0      0      0      0      0      0      0      0      0      0      0      0      0      0      0      0      0      0      0      0      0      0      0      0      0      0      0      0      0      0      0      0      0      0      0      0      0     
0x2b9e015acb40           LDC R4, c[0x0][0x3a0]                                                    0      0      0      4096   130048  130048  31     31     31     1      0      -                      -          -      0      0      0      0      0      0      0      0      0      -      0      0      0      0      0      0      0      0      0      0      0      0      0      0      0      0      0      0      0      0      0      0      0      0      0      0      0      0      0      0      0      0      0      0      0      0      0      0      0      0     
0x2b9e015acb50           ISETP.GE.AND P0, PT, R4, 0x40, PT                                        4      4      4      4096   130048  130048  31     31     0      1      0      -                      -          -      0      0      0      0      0      0      0      0      0      -      0      0      0      0      0      0      0      0      0      0      0      0      0      0      0      0      0      0      0      4      0      0      0      0      0      0      0      0      0      0      0      0      0      0      0      0      4      0      0      0     
0x2b9e015acb60           ISETP.NE.OR P0, PT, R3, 0x20, !P0                                        0      0      0      4096   130048  130048  31     31     0      1      0      -                      -          -      0      0      0      0      0      0      0      0      0      -      0      0      0      0      0      0      0      0      0      0      0      0      0      0      0      0      0      0      0      0      0      0      0      0      0      0      0      0      0      0      0      0      0      0      0      0      0      0      0      0     
0x2b9e015acb70     @P0   BRA 0x2b9e015ad600                                                       2      2      2      4096   130048  129024  31     31     0      1      1024   -                      -          -      0      0      0      0      0      0      0      0      0      -      0      0      0      0      0      0      0      0      0      0      0      0      0      0      0      0      0      0      0      0      0      0      2      0      0      0      0      0      0      0      0      0      0      0      0      0      0      0      0      2     
0x2b9e015acb80           S2R R4, SR_CgaCtaId                                                      0      0      0      1024   1024    1024    1      1      30     31     0      -                      -          -      0      0      0      0      0      0      0      0      0      -      0      0      0      0      0      0      0      0      0      0      0      0      0      0      0      0      0      0      0      0      0      0      0      0      0      0      0      0      0      0      0      0      0      0      0      0      0      0      0      0     
0x2b9e015acb90           MOV R10, 0x400                                                           0      0      0      1024   1024    1024    1      1      0      31     0      -                      -          -      0      0      0      0      0      0      0      0      0      -      0      0      0      0      0      0      0      0      0      0      0      0      0      0      0      0      0      0      0      0      0      0      0      0      0      0      0      0      0      0      0      0      0      0      0      0      0      0      0      0     
0x2b9e015acba0           IMAD.MOV.U32 R5, RZ, RZ, RZ                                              0      0      0      1024   1024    1024    1      1      0      31     0      -                      -          -      0      0      0      0      0      0      0      0      0      -      0      0      0      0      0      0      0      0      0      0      0      0      0      0      0      0      0      0      0      0      0      0      0      0      0      0      0      0      0      0      0      0      0      0      0      0      0      0      0      0     
0x2b9e015acbb0           VIADD R7, R10, 0x20                                                      0      0      0      1024   1024    1024    1      1      0      31     0      -                      -          -      0      0      0      0      0      0      0      0      0      -      0      0      0      0      0      0      0      0      0      0      0      0      0      0      0      0      0      0      0      0      0      0      0      0      0      0      0      0      0      0      0      0      0      0      0      0      0      0      0      0     
0x2b9e015acbc0           LEA R6, R4, R7, 0x18                                                     1      1      1      1024   1024    1024    1      1      0      31     0      -                      -          -      0      0      0      0      0      0      0      0      0      -      0      0      0      0      0      0      0      0      0      0      0      0      0      0      0      0      0      0      0      1      0      0      0      0      0      0      0      0      0      0      0      0      0      0      0      0      1      0      0      0     
0x2b9e015acbd0           IMAD.HI.U32 R7, R5, -0x55555555, RZ                                      13     12     13     65536  65536   65536   1      1      0      31     0      -                      -          -      0      0      0      0      0      0      0      0      0      -      0      0      0      0      0      0      0      7      0      0      0      0      1      0      0      0      5      0      0      0      0      0      0      0      7      0      0      0      0      0      0      0      0      5      0      0      0      0      0      0     
0x2b9e015acbe0           YIELD                                                                    11     9      11     65536  65536   65536   1      1      0      31     0      -                      -          -      0      0      0      0      0      0      0      0      0      -      0      0      0      0      0      0      0      0      0      0      0      0      0      0      0      0      0      0      2      9      0      0      0      0      0      0      0      0      0      0      0      0      0      0      0      0      9      0      0      0     
0x2b9e015acbf0           SHF.R.U32.HI R8, RZ, 0x1, R7                                             127    122    127    65536  65536   65536   1      1      0      31     0      -                      -          -      0      0      0      0      0      0      0      0      0      -      0      0      0      0      0      0      0      103    0      0      0      0      1      0      0      7      4      0      2      0      0      0      10     0      102    0      0      0      0      1      0      0      7      4      0      0      0      0      0      8     
0x2b9e015acc00           IMAD R9, R8, -0x3, R5                                                    16     11     16     65536  65536   65536   1      1      0      31     0      -                      -          -      0      0      0      0      0      0      0      0      0      -      0      0      0      0      0      0      0      0      0      0      0      0      0      0      0      0      0      0      4      0      0      0      12     0      0      0      0      0      0      0      0      0      0      0      0      0      0      0      0      11    
0x2b9e015acc10           LOP3.LUT R8, R8, 0x1, RZ, 0xc0, !PT                                      1      0      1      65536  65536   65536   1      1      0      31     0      -                      -          -      0      0      0      0      0      0      0      0      0      -      0      0      0      0      0      0      0      0      0      0      0      0      0      0      0      0      0      0      1      0      0      0      0      0      0      0      0      0      0      0      0      0      0      0      0      0      0      0      0      0     
0x2b9e015acc20           IMAD R7, R9, 0x8, R6                                                     5      3      5      65536  65536   65536   1      1      0      31     0      -                      -          -      0      0      0      0      0      0      0      0      0      -      0      0      0      0      0      0      0      0      0      0      0      0      0      0      0      0      0      0      2      0      0      0      3      0      0      0      0      0      0      0      0      0      0      0      0      0      0      0      0      3     
0x2b9e015acc30           SHF.L.U32 R8, R8, 0x1f, RZ                                               4      0      4      65536  65536   65536   1      1      0      31     0      -                      -          -      0      0      0      0      0      0      0      0      0      -      0      0      0      0      0      0      0      0      0      0      0      0      0      0      0      0      0      0      4      0      0      0      0      0      0      0      0      0      0      0      0      0      0      0      0      0      0      0      0      0     
0x2b9e015acc40           SYNCS.PHASECHK.TRANS64.TRYWAIT P0, [R7+URZ], R8                          5      5      5      65536  65536   65536   1      1      0      31     0      -                      -          -      0      0      0      0      0      0      0      0      0      -      0      0      0      0      0      0      0      0      0      0      0      0      0      0      0      0      0      0      0      0      0      0      5      0      0      0      0      0      0      0      0      0      0      0      0      0      0      0      0      5     
0x2b9e015acc50     @!P0  BRA 0x2b9e015aec60                                                       78     71     78     65536  65536   1024    1      0      1      32     0      -                      -          -      0      0      0      0      0      0      0      0      0      -      0      0      0      0      0      0      0      0      0      0      0      75     0      0      0      0      0      0      3      0      0      0      0      0      0      0      0      0      71     0      0      0      0      0      0      0      0      0      0      0     
0x2b9e015acc60           VIADD R11, R10, 0x8                                                      13     12     13     65536  65536   65536   1      1      1      31     0      -                      -          -      0      0      0      0      0      0      0      0      0      -      0      0      0      0      0      0      0      1      0      0      0      0      0      0      0      0      2      0      1      0      0      0      9      0      1      0      0      0      0      0      0      0      0      2      0      0      0      0      0      9     
0x2b9e015acc70           R2UR UR12, R9                                                            4      0      4      65536  65536   65536   1      1      0      31     0      -                      -          -      0      0      0      0      0      0      0      0      0      -      0      0      0      0      0      0      0      0      0      0      0      0      0      0      0      0      0      0      4      0      0      0      0      0      0      0      0      0      0      0      0      0      0      0      0      0      0      0      0      0     
0x2b9e015acc80           IMAD.SHL.U32 R7, R5, 0x4, RZ                                             3      2      3      65536  65536   65536   1      1      0      31     0      -                      -          -      0      0      0      0      0      0      0      0      0      -      0      0      0      0      0      0      0      0      0      0      0      0      0      0      0      0      2      0      1      0      0      0      0      0      0      0      0      0      0      0      0      0      0      2      0      0      0      0      0      0     
0x2b9e015acc90           PLOP3.LUT P0, PT, PT, PT, PT, 0x80, 0x8                                  2      0      2      65536  65536   65536   1      1      0      31     0      -                      -          -      0      0      0      0      0      0      0      0      0      -      0      0      0      0      0      0      0      0      0      0      0      0      0      0      0      0      0      0      2      0      0      0      0      0      0      0      0      0      0      0      0      0      0      0      0      0      0      0      0      0     
0x2b9e015acca0           NOP                                                                      2      0      2      65536  65536   65536   1      1      0      31     0      -                      -          -      0      0      0      0      0      0      0      0      0      -      0      0      0      0      0      0      0      0      0      0      0      0      0      0      0      0      0      0      2      0      0      0      0      0      0      0      0      0      0      0      0      0      0      0      0      0      0      0      0      0     
0x2b9e015accb0           LEA R8, R4, R11, 0x18                                                    3      0      3      65536  65536   65536   1      1      0      31     0      -                      -          -      0      0      0      0      0      0      0      0      0      -      0      0      0      0      0      0      0      0      0      0      0      0      0      0      0      0      0      0      3      0      0      0      0      0      0      0      0      0      0      0      0      0      0      0      0      0      0      0      0      0     
0x2b9e015accc0           UMOV UR26, 0x0                                                           2      0      2      65536  65536   65536   1      1      0      31     0      -                      -          -      0      0      0      0      0      0      0      0      0      -      0      0      0      0      0      0      0      0      0      0      0      0      0      0      0      0      0      0      2      0      0      0      0      0      0      0      0      0      0      0      0      0      0      0      0      0      0      0      0      0     
0x2b9e015accd0           R2UR UR9, R7                                                             3      0      3      65536  65536   65536   1      1      0      31     0      -                      -          -      0      0      0      0      0      0      0      0      0      -      0      0      0      0      0      0      0      0      0      0      0      0      0      0      0      0      0      0      3      0      0      0      0      0      0      0      0      0      0      0      0      0      0      0      0      0      0      0      0      0     
0x2b9e015acce0           UMOV UR27, 0x8200490                                                     1      0      1      65536  65536   65536   1      1      0      31     0      -                      -          -      0      0      0      0      0      0      0      0      0      -      0      0      0      0      0      0      0      0      0      0      0      0      0      0      0      0      0      0      1      0      0      0      0      0      0      0      0      0      0      0      0      0      0      0      0      0      0      0      0      0     
0x2b9e015accf0           IMAD R8, R9, 0x8, R8                                                     6      4      6      65536  65536   65536   1      1      0      31     0      -                      -          -      0      0      0      0      0      0      0      0      0      -      0      0      0      0      0      0      0      0      0      0      0      0      0      0      0      0      0      0      2      0      0      0      4      0      0      0      0      0      0      0      0      0      0      0      0      0      0      0      0      4     
0x2b9e015acd00           ULEA UR12, UR12, UR24, 0xf                                               14     9      14     65536  65536   65536   1      1      0      31     0      -                      -          -      0      0      0      0      0      0      0      0      0      -      0      0      0      0      0      0      0      0      0      0      0      0      0      0      0      0      0      0      5      0      0      0      9      0      0      0      0      0      0      0      0      0      0      0      0      0      0      0      0      9     
0x2b9e015acd10           R2UR UR10, R8                                                            1      0      1      65536  65536   65536   1      1      0      31     0      -                      -          -      0      0      0      0      0      0      0      0      0      -      0      0      0      0      0      0      0      0      0      0      0      0      0      0      0      0      0      0      1      0      0      0      0      0      0      0      0      0      0      0      0      0      0      0      0      0      0      0      0      0     
0x2b9e015acd20           UIADD3 UR4, UPT, UPT, UR12, 0x4000, URZ                                  5      5      5      65536  65536   65536   1      1      0      31     0      -                      -          -      0      0      0      0      0      0      0      0      0      -      0      0      0      0      0      0      0      0      0      0      0      0      0      0      0      0      0      0      0      0      0      0      5      0      0      0      0      0      0      0      0      0      0      0      0      0      0      0      0      5     
0x2b9e015acd30           USHF.R.U32.HI UR5, URZ, 0x4, UR12                                        13     4      13     65536  65536   65536   1      1      0      31     0      -                      -          -      0      0      0      0      0      0      0      0      0      -      0      0      0      0      0      0      0      0      0      0      0      0      0      0      0      0      0      0      9      0      0      0      4      0      0      0      0      0      0      0      0      0      0      0      0      0      0      0      0      4     
0x2b9e015acd40           USHF.R.U32.HI UR8, URZ, 0x4, UR4                                         2      1      2      65536  65536   65536   1      1      0      31     0      -                      -          -      0      0      0      0      0      0      0      0      0      -      0      0      0      0      0      0      0      0      0      0      0      0      0      0      0      0      0      0      1      0      0      0      1      0      0      0      0      0      0      0      0      0      0      0      0      0      0      0      0      1     
0x2b9e015acd50           ULOP3.LUT UR4, UR5, 0x3fff, URZ, 0xc0, !UPT                              5      2      5      65536  65536   65536   1      1      0      31     0      -                      -          -      0      0      0      0      0      0      0      0      0      -      0      0      0      0      0      0      0      0      0      0      0      0      0      0      0      0      0      0      3      0      0      0      2      0      0      0      0      0      0      0      0      0      0      0      0      0      0      0      0      2     
0x2b9e015acd60           UISETP.NE.U32.AND UP0, UPT, UR9, URZ, UPT                                4      0      4      65536  65536   65536   1      1      0      31     0      -                      -          -      0      0      0      0      0      0      0      0      0      -      0      0      0      0      0      0      0      0      0      0      0      0      0      0      0      0      0      0      2      0      0      0      2      0      0      0      0      0      0      0      0      0      0      0      0      0      0      0      0      0     
0x2b9e015acd70           ULOP3.LUT UR8, UR8, 0x3fff, URZ, 0xc0, !UPT                              7      1      7      65536  65536   65536   1      1      0      31     0      -                      -          -      0      0      0      0      0      0      0      0      0      -      0      0      0      0      0      0      0      0      0      0      0      0      0      0      0      0      0      0      6      0      0      0      1      0      0      0      0      0      0      0      0      0      0      0      0      0      0      0      0      1     
0x2b9e015acd80           UMOV UR5, 0x40004040                                                     5      0      5      65536  65536   65536   1      1      0      31     0      -                      -          -      0      0      0      0      0      0      0      0      0      -      0      0      0      0      0      0      0      0      0      0      0      0      0      0      0      0      0      0      5      0      0      0      0      0      0      0      0      0      0      0      0      0      0      0      0      0      0      0      0      0     
0x2b9e015acd90           UMOV UR9, 0x40004040                                                     2      0      2      65536  65536   65536   1      1      0      31     0      -                      -          -      0      0      0      0      0      0      0      0      0      -      0      0      0      0      0      0      0      0      0      0      0      0      0      0      0      0      0      0      2      0      0      0      0      0      0      0      0      0      0      0      0      0      0      0      0      0      0      0      0      0     
0x2b9e015acda0     @P0   ELECT P2, URZ, PT                                                        28     23     28     65536  65536   65536   1      1      0      31     0      -                      -          -      0      0      0      0      0      0      0      0      0      -      0      0      0      0      0      0      0      0      0      0      0      0      0      0      0      0      0      0      3      0      0      0      25     0      0      0      0      0      0      0      0      0      0      0      0      0      0      0      0      23    
0x2b9e015acdb0           UTCHMMA gdesc[UR4], gdesc[UR8], tmem[UR16], tmem[UR26], idesc[UR27], UP0 1      0      1      65536  65536   65536   1      1      0      31     0      TmemShared             Load,Store -      0      0      0      0      0      0      0      0      0      -      0      0      0      0      0      0      0      0      0      0      0      0      0      0      0      0      0      0      1      0      0      0      0      0      0      0      0      0      0      0      0      0      0      0      0      0      0      0      0      0     
0x2b9e015acdc0     @P2   PLOP3.LUT P0, PT, P2, PT, PT, 0x8, 0x80                                  26     24     26     65536  65536   65536   1      1      0      31     0      -                      -          -      0      0      0      0      0      0      0      0      0      -      0      0      0      0      0      0      0      0      0      0      0      0      0      0      0      0      0      0      2      0      0      0      24     0      0      0      0      0      0      0      0      0      0      0      0      0      0      0      0      24    
0x2b9e015acdd0           PLOP3.LUT P2, PT, PT, PT, PT, 0x8, 0x80                                  6      4      6      65536  65536   65536   1      1      0      31     0      -                      -          -      0      0      0      0      0      0      0      0      0      -      0      0      0      0      0      0      0      0      0      0      0      0      0      0      0      0      0      0      2      0      0      0      4      0      0      0      0      0      0      0      0      0      0      0      0      0      0      0      0      4     
0x2b9e015acde0     @P0   BRA.U.ANY 0x2b9e015acda0                                                 24     22     24     65536  65536   0       1      0      1      32     0      -                      -          -      0      0      0      0      0      0      0      0      0      -      0      0      0      0      0      0      0      0      0      0      0      0      0      0      0      0      0      0      2      0      0      0      22     0      0      0      0      0      0      0      0      0      0      0      0      0      0      0      0      22    
0x2b9e015acdf0           VIADD R8, R7, 0x10                                                       6      5      6      65536  65536   65536   1      1      1      31     0      -                      -          -      0      0      0      0      0      0      0      0      0      -      0      0      0      0      0      0      0      0      0      0      0      0      0      0      0      0      0      0      1      0      0      0      5      0      0      0      0      0      0      0      0      0      0      0      0      0      0      0      0      5     
0x2b9e015ace00           UIADD3 UR5, UPT, UPT, UR12, 0x4020, URZ                                  1      0      1      65536  65536   65536   1      1      0      31     0      -                      -          -      0      0      0      0      0      0      0      0      0      -      0      0      0      0      0      0      0      0      0      0      0      0      0      0      0      0      0      0      1      0      0      0      0      0      0      0      0      0      0      0      0      0      0      0      0      0      0      0      0      0     
0x2b9e015ace10           PLOP3.LUT P0, PT, PT, PT, PT, 0x80, 0x8                                  5      0      5      65536  65536   65536   1      1      0      31     0      -                      -          -      0      0      0      0      0      0      0      0      0      -      0      0      0      0      0      0      0      0      0      0      0      0      0      0      0      0      0      0      5      0      0      0      0      0      0      0      0      0      0      0      0      0      0      0      0      0      0      0      0      0     
0x2b9e015ace20           UIADD3 UR4, UPT, UPT, UR12, 0x20, URZ                                    2      0      2      65536  65536   65536   1      1      0      31     0      -                      -          -      0      0      0      0      0      0      0      0      0      -      0      0      0      0      0      0      0      0      0      0      0      0      0      0      0      0      0      0      2      0      0      0      0      0      0      0      0      0      0      0      0      0      0      0      0      0      0      0      0      0     
0x2b9e015ace30           R2UR UR9, R8                                                             10     3      10     65536  65536   65536   1      1      0      31     0      -                      -          -      0      0      0      0      0      0      0      0      0      -      0      0      0      0      0      0      0      0      0      0      0      0      0      0      0      0      0      1      6      0      0      0      3      0      0      0      0      0      0      0      0      0      0      0      0      0      0      0      0      3     
0x2b9e015ace40           USHF.R.U32.HI UR5, URZ, 0x4, UR5                                         5      0      5      65536  65536   65536   1      1      0      31     0      -                      -          -      0      0      0      0      0      0      0      0      0      -      0      0      0      0      0      0      0      0      0      0      0      0      0      0      0      0      0      0      5      0      0      0      0      0      0      0      0      0      0      0      0      0      0      0      0      0      0      0      0      0     
0x2b9e015ace50           USHF.R.U32.HI UR4, URZ, 0x4, UR4                                         6      3      6      65536  65536   65536   1      1      0      31     0      -                      -          -      0      0      0      0      0      0      0      0      0      -      0      0      0      0      0      0      0      0      0      0      0      0      0      0      0      0      0      0      3      0      0      0      3      0      0      0      0      0      0      0      0      0      0      0      0      0      0      0      0      3     
0x2b9e015ace60           ULOP3.LUT UR8, UR5, 0x3fff, URZ, 0xc0, !UPT                              3      1      3      65536  65536   65536   1      1      0      31     0      -                      -          -      0      0      0      0      0      0      0      0      0      -      0      0      0      0      0      0      0      0      0      0      0      0      0      0      0      0      0      0      2      0      0      0      1      0      0      0      0      0      0      0      0      0      0      0      0      0      0      0      0      1     
0x2b9e015ace70           ULOP3.LUT UR4, UR4, 0x3fff, URZ, 0xc0, !UPT                              5      0      5      65536  65536   65536   1      1      0      31     0      -                      -          -      0      0      0      0      0      0      0      0      0      -      0      0      0      0      0      0      0      0      0      0      0      0      0      0      0      0      0      0      4      0      0      0      1      0      0      0      0      0      0      0      0      0      0      0      0      0      0      0      0      0     
0x2b9e015ace80           UMOV UR5, 0x40004040                                                     0      0      0      65536  65536   65536   1      1      0      31     0      -                      -          -      0      0      0      0      0      0      0      0      0      -      0      0      0      0      0      0      0      0      0      0      0      0      0      0      0      0      0      0      0      0      0      0      0      0      0      0      0      0      0      0      0      0      0      0      0      0      0      0      0      0     
0x2b9e015ace90           UISETP.NE.U32.AND UP0, UPT, UR9, URZ, UPT                                14     11     14     65536  65536   65536   1      1      0      31     0      -                      -          -      0      0      0      0      0      0      0      0      0      -      0      0      0      0      0      0      0      0      0      0      0      0      0      0      0      0      0      0      3      0      0      0      11     0      0      0      0      0      0      0      0      0      0      0      0      0      0      0      0      11    
0x2b9e015acea0           UMOV UR9, 0x40004040                                                     8      4      8      65536  65536   65536   1      1      0      31     0      -                      -          -      0      0      0      0      0      0      0      0      0      -      0      0      0      0      0      0      0      0      0      0      0      0      0      0      0      0      0      0      4      0      0      0      4      0      0      0      0      0      0      0      0      0      0      0      0      0      0      0      0      4     
0x2b9e015aceb0     @P0   ELECT P2, URZ, PT                                                        19     15     19     65536  65536   65536   1      1      0      31     0      -                      -          -      0      0      0      0      0      0      0      0      0      -      0      0      0      0      0      0      0      0      0      0      0      0      1      0      0      0      0      0      4      0      0      0      14     0      0      0      0      0      0      1      0      0      0      0      0      0      0      0      0      14    
0x2b9e015acec0           UTCHMMA gdesc[UR4], gdesc[UR8], tmem[UR16], tmem[UR26], idesc[UR27], UP0 1      0      1      65536  65536   65536   1      1      0      31     0      TmemShared             Load,Store -      0      0      0      0      0      0      0      0      0      -      0      0      0      0      0      0      0      0      0      0      0      0      0      0      0      0      0      0      1      0      0      0      0      0      0      0      0      0      0      0      0      0      0      0      0      0      0      0      0      0     
0x2b9e015aced0     @P2   PLOP3.LUT P0, PT, P2, PT, PT, 0x8, 0x80                                  31     25     31     65536  65536   65536   1      1      0      31     0      -                      -          -      0      0      0      0      0      0      0      0      0      -      0      0      0      0      0      0      0      0      0      0      0      0      1      0      0      0      0      1      4      0      0      0      25     0      0      0      0      0      0      1      0      0      0      0      0      0      0      0      0      24    
0x2b9e015acee0           PLOP3.LUT P2, PT, PT, PT, PT, 0x8, 0x80                                  7      4      7      65536  65536   65536   1      1      0      31     0      -                      -          -      0      0      0      0      0      0      0      0      0      -      0      0      0      0      0      0      0      0      0      0      0      0      0      0      0      0      0      0      3      0      0      0      4      0      0      0      0      0      0      0      0      0      0      0      0      0      0      0      0      4     
0x2b9e015acef0     @P0   BRA.U.ANY 0x2b9e015aceb0                                                 22     20     22     65536  65536   0       1      0      1      32     0      -                      -          -      0      0      0      0      0      0      0      0      0      -      0      0      0      0      0      0      0      0      0      0      0      0      0      0      0      0      0      0      2      0      0      0      20     0      0      0      0      0      0      0      0      0      0      0      0      0      0      0      0      20    
0x2b9e015acf00           VIADD R8, R7, 0x20                                                       8      5      8      65536  65536   65536   1      1      1      31     0      -                      -          -      0      0      0      0      0      0      0      0      0      -      0      0      0      0      0      0      0      0      0      0      0      0      0      0      0      0      0      0      3      0      0      0      5      0      0      0      0      0      0      0      0      0      0      0      0      0      0      0      0      5     
0x2b9e015acf10           UIADD3 UR5, UPT, UPT, UR12, 0x4040, URZ                                  2      0      2      65536  65536   65536   1      1      0      31     0      -                      -          -      0      0      0      0      0      0      0      0      0      -      0      0      0      0      0      0      0      0      0      0      0      0      0      0      0      0      0      0      2      0      0      0      0      0      0      0      0      0      0      0      0      0      0      0      0      0      0      0      0      0     
0x2b9e015acf20           PLOP3.LUT P0, PT, PT, PT, PT, 0x80, 0x8                                  1      0      1      65536  65536   65536   1      1      0      31     0      -                      -          -      0      0      0      0      0      0      0      0      0      -      0      0      0      0      0      0      0      0      0      0      0      0      0      0      0      0      0      0      1      0      0      0      0      0      0      0      0      0      0      0      0      0      0      0      0      0      0      0      0      0     
0x2b9e015acf30           UIADD3 UR4, UPT, UPT, UR12, 0x40, URZ                                    3      0      3      65536  65536   65536   1      1      0      31     0      -                      -          -      0      0      0      0      0      0      0      0      0      -      0      0      0      0      0      0      0      0      0      0      0      0      0      0      0      0      0      0      3      0      0      0      0      0      0      0      0      0      0      0      0      0      0      0      0      0      0      0      0      0     
0x2b9e015acf40           R2UR UR9, R8                                                             4      2      4      65536  65536   65536   1      1      0      31     0      -                      -          -      0      0      0      0      0      0      0      0      0      -      0      0      0      0      0      0      0      0      0      0      0      0      0      0      0      0      0      0      2      0      0      0      2      0      0      0      0      0      0      0      0      0      0      0      0      0      0      0      0      2     
0x2b9e015acf50           USHF.R.U32.HI UR5, URZ, 0x4, UR5                                         4      0      4      65536  65536   65536   1      1      0      31     0      -                      -          -      0      0      0      0      0      0      0      0      0      -      0      0      0      0      0      0      0      0      0      0      0      0      0      0      0      0      0      0      4      0      0      0      0      0      0      0      0      0      0      0      0      0      0      0      0      0      0      0      0      0     
0x2b9e015acf60           USHF.R.U32.HI UR4, URZ, 0x4, UR4                                         7      4      7      65536  65536   65536   1      1      0      31     0      -                      -          -      0      0      0      0      0      0      0      0      0      -      0      0      0      0      0      0      0      0      0      0      0      0      0      0      0      0      0      0      3      0      0      0      4      0      0      0      0      0      0      0      0      0      0      0      0      0      0      0      0      4     
0x2b9e015acf70           ULOP3.LUT UR8, UR5, 0x3fff, URZ, 0xc0, !UPT                              2      1      2      65536  65536   65536   1      1      0      31     0      -                      -          -      0      0      0      0      0      0      0      0      0      -      0      0      0      0      0      0      0      0      0      0      0      0      0      0      0      0      0      0      1      0      0      0      1      0      0      0      0      0      0      0      0      0      0      0      0      0      0      0      0      1     
0x2b9e015acf80           ULOP3.LUT UR4, UR4, 0x3fff, URZ, 0xc0, !UPT                              6      2      6      65536  65536   65536   1      1      0      31     0      -                      -          -      0      0      0      0      0      0      0      0      0      -      0      0      0      0      0      0      0      0      0      0      0      0      0      0      0      0      0      0      4      0      0      0      2      0      0      0      0      0      0      0      0      0      0      0      0      0      0      0      0      2     
0x2b9e015acf90           UMOV UR5, 0x40004040                                                     1      0      1      65536  65536   65536   1      1      0      31     0      -                      -          -      0      0      0      0      0      0      0      0      0      -      0      0      0      0      0      0      0      0      0      0      0      0      0      0      0      0      0      0      1      0      0      0      0      0      0      0      0      0      0      0      0      0      0      0      0      0      0      0      0      0     
0x2b9e015acfa0           UISETP.NE.U32.AND UP0, UPT, UR9, URZ, UPT                                10     9      10     65536  65536   65536   1      1      0      31     0      -                      -          -      0      0      0      0      0      0      0      0      0      -      0      0      0      0      0      0      0      0      0      0      0      0      0      0      0      0      0      0      1      0      0      0      9      0      0      0      0      0      0      0      0      0      0      0      0      0      0      0      0      9     
0x2b9e015acfb0           UMOV UR9, 0x40004040                                                     3      2      3      65536  65536   65536   1      1      0      31     0      -                      -          -      0      0      0      0      0      0      0      0      0      -      0      0      0      0      0      0      0      0      0      0      0      0      0      0      0      0      0      0      1      0      0      0      2      0      0      0      0      0      0      0      0      0      0      0      0      0      0      0      0      2     
0x2b9e015acfc0     @P0   ELECT P2, URZ, PT                                                        20     17     20     65536  65536   65536   1      1      0      31     0      -                      -          -      0      0      0      0      0      0      0      0      0      -      0      0      0      0      0      0      0      0      0      0      0      0      1      0      0      0      0      0      3      0      0      0      16     0      0      0      0      0      0      1      0      0      0      0      0      0      0      0      0      16    
0x2b9e015acfd0           UTCHMMA gdesc[UR4], gdesc[UR8], tmem[UR16], tmem[UR26], idesc[UR27], UP0 3      0      3      65536  65536   65536   1      1      0      31     0      TmemShared             Load,Store -      0      0      0      0      0      0      0      0      0      -      0      0      0      0      0      0      0      0      0      0      0      0      0      0      0      0      0      0      3      0      0      0      0      0      0      0      0      0      0      0      0      0      0      0      0      0      0      0      0      0     
0x2b9e015acfe0     @P2   PLOP3.LUT P0, PT, P2, PT, PT, 0x8, 0x80                                  16     14     16     65536  65536   65536   1      1      0      31     0      -                      -          -      0      0      0      0      0      0      0      0      0      -      0      0      0      0      0      0      0      0      0      0      0      0      1      0      0      0      0      0      1      0      0      0      14     0      0      0      0      0      0      1      0      0      0      0      0      0      0      0      0      13    
0x2b9e015acff0           PLOP3.LUT P2, PT, PT, PT, PT, 0x8, 0x80                                  3      2      3      65536  65536   65536   1      1      0      31     0      -                      -          -      0      0      0      0      0      0      0      0      0      -      0      0      0      0      0      0      0      0      0      0      0      0      0      0      0      0      0      0      1      0      0      0      2      0      0      0      0      0      0      0      0      0      0      0      0      0      0      0      0      2     
0x2b9e015ad000     @P0   BRA.U.ANY 0x2b9e015acfc0                                                 27     23     27     65536  65536   0       1      0      1      32     0      -                      -          -      0      0      0      0      0      0      0      0      0      -      0      0      0      0      0      0      0      0      0      0      0      0      0      0      0      0      0      0      2      0      0      0      25     0      0      0      0      0      0      0      0      0      0      0      0      0      0      0      0      23    
0x2b9e015ad010           VIADD R7, R7, 0x30                                                       9      7      9      65536  65536   65536   1      1      1      31     0      -                      -          -      0      0      0      0      0      0      0      0      0      -      0      0      0      0      0      0      0      0      0      0      0      0      0      0      0      0      0      0      2      0      0      0      7      0      0      0      0      0      0      0      0      0      0      0      0      0      0      0      0      7     
0x2b9e015ad020           UIADD3 UR4, UPT, UPT, UR12, 0x60, URZ                                    1      0      1      65536  65536   65536   1      1      0      31     0      -                      -          -      0      0      0      0      0      0      0      0      0      -      0      0      0      0      0      0      0      0      0      0      0      0      0      0      0      0      0      0      1      0      0      0      0      0      0      0      0      0      0      0      0      0      0      0      0      0      0      0      0      0     
0x2b9e015ad030           PLOP3.LUT P0, PT, PT, PT, PT, 0x80, 0x8                                  3      0      3      65536  65536   65536   1      1      0      31     0      -                      -          -      0      0      0      0      0      0      0      0      0      -      0      0      0      0      0      0      0      0      0      0      0      0      0      0      0      0      0      0      3      0      0      0      0      0      0      0      0      0      0      0      0      0      0      0      0      0      0      0      0      0     
0x2b9e015ad040           UIADD3 UR12, UPT, UPT, UR12, 0x4060, URZ                                 2      0      2      65536  65536   65536   1      1      0      31     0      -                      -          -      0      0      0      0      0      0      0      0      0      -      0      0      0      0      0      0      0      0      0      0      0      0      0      0      0      0      0      0      2      0      0      0      0      0      0      0      0      0      0      0      0      0      0      0      0      0      0      0      0      0     
0x2b9e015ad050           R2UR UR5, R7                                                             8      4      8      65536  65536   65536   1      1      0      31     0      -                      -          -      0      0      0      0      0      0      0      0      0      -      0      0      0      0      0      0      0      0      0      0      0      0      0      0      0      0      0      0      4      0      0      0      4      0      0      0      0      0      0      0      0      0      0      0      0      0      0      0      0      4     
0x2b9e015ad060           USHF.R.U32.HI UR4, URZ, 0x4, UR4                                         5      0      5      65536  65536   65536   1      1      0      31     0      -                      -          -      0      0      0      0      0      0      0      0      0      -      0      0      0      0      0      0      0      0      0      0      0      0      0      0      0      0      0      0      5      0      0      0      0      0      0      0      0      0      0      0      0      0      0      0      0      0      0      0      0      0     
0x2b9e015ad070           USHF.R.U32.HI UR12, URZ, 0x4, UR12                                       5      3      5      65536  65536   65536   1      1      0      31     0      -                      -          -      0      0      0      0      0      0      0      0      0      -      0      0      0      0      0      0      0      0      0      0      0      0      0      0      0      0      0      0      2      0      0      0      3      0      0      0      0      0      0      0      0      0      0      0      0      0      0      0      0      3     
0x2b9e015ad080           ULOP3.LUT UR4, UR4, 0x3fff, URZ, 0xc0, !UPT                              7      4      7      65536  65536   65536   1      1      0      31     0      -                      -          -      0      0      0      0      0      0      0      0      0      -      0      0      0      0      0      0      0      0      0      0      0      0      0      0      0      0      0      0      3      0      0      0      4      0      0      0      0      0      0      0      0      0      0      0      0      0      0      0      0      4     
0x2b9e015ad090           ULOP3.LUT UR8, UR12, 0x3fff, URZ, 0xc0, !UPT                             3      1      3      65536  65536   65536   1      1      0      31     0      -                      -          -      0      0      0      0      0      0      0      0      0      -      0      0      0      0      0      0      0      0      0      0      0      0      0      0      0      0      0      0      2      0      0      0      1      0      0      0      0      0      0      0      0      0      0      0      0      0      0      0      0      1     
0x2b9e015ad0a0           UMOV UR9, 0x40004040                                                     1      0      1      65536  65536   65536   1      1      0      31     0      -                      -          -      0      0      0      0      0      0      0      0      0      -      0      0      0      0      0      0      0      0      0      0      0      0      0      0      0      0      0      0      1      0      0      0      0      0      0      0      0      0      0      0      0      0      0      0      0      0      0      0      0      0     
0x2b9e015ad0b0           UISETP.NE.U32.AND UP0, UPT, UR5, URZ, UPT                                8      6      8      65536  65536   65536   1      1      0      31     0      -                      -          -      0      0      0      0      0      0      0      0      0      -      0      0      0      0      0      0      0      0      0      0      0      0      0      0      0      0      0      0      2      0      0      0      6      0      0      0      0      0      0      0      0      0      0      0      0      0      0      0      0      6     
0x2b9e015ad0c0           UMOV UR5, 0x40004040                                                     3      1      3      65536  65536   65536   1      1      0      31     0      -                      -          -      0      0      0      0      0      0      0      0      0      -      0      0      0      0      0      0      0      0      0      0      0      0      0      0      0      0      0      0      2      0      0      0      1      0      0      0      0      0      0      0      0      0      0      0      0      0      0      0      0      1     
0x2b9e015ad0d0     @P0   ELECT P2, URZ, PT                                                        20     15     20     65536  65536   65536   1      1      0      31     0      -                      -          -      0      0      0      0      0      0      0      0      0      -      0      0      0      0      0      0      0      0      0      0      0      0      0      0      0      0      0      0      4      0      0      0      16     0      0      0      0      0      0      0      0      0      0      0      0      0      0      0      0      15    
0x2b9e015ad0e0           UTCHMMA gdesc[UR4], gdesc[UR8], tmem[UR16], tmem[UR26], idesc[UR27], UP0 3      0      3      65536  65536   65536   1      1      0      31     0      TmemShared             Load,Store -      0      0      0      0      0      0      0      0      0      -      0      0      0      0      0      0      0      0      0      0      0      0      0      0      0      0      0      0      3      0      0      0      0      0      0      0      0      0      0      0      0      0      0      0      0      0      0      0      0      0     
0x2b9e015ad0f0     @P2   PLOP3.LUT P0, PT, P2, PT, PT, 0x8, 0x80                                  33     30     33     65536  65536   65536   1      1      0      31     0      -                      -          -      0      0      0      0      0      0      0      0      0      -      0      0      0      0      0      0      0      0      0      0      0      0      0      0      0      0      0      0      2      0      0      0      31     0      0      0      0      0      0      0      0      0      0      0      0      0      0      0      0      30    
0x2b9e015ad100           PLOP3.LUT P2, PT, PT, PT, PT, 0x8, 0x80                                  4      1      4      65536  65536   65536   1      1      0      31     0      -                      -          -      0      0      0      0      0      0      0      0      0      -      0      0      0      0      0      0      0      0      0      0      0      0      0      0      0      0      0      0      3      0      0      0      1      0      0      0      0      0      0      0      0      0      0      0      0      0      0      0      0      1     
0x2b9e015ad110     @P0   BRA.U.ANY 0x2b9e015ad0d0                                                 26     24     26     65536  65536   0       1      0      1      32     0      -                      -          -      0      0      0      0      0      0      0      0      0      -      0      0      0      0      0      0      0      0      0      0      0      0      0      0      0      0      0      0      1      0      0      0      25     0      0      0      0      0      0      0      0      0      0      0      0      0      0      0      0      24    
0x2b9e015ad120           PLOP3.LUT P0, PT, PT, PT, PT, 0x80, 0x8                                  11     9      11     65536  65536   65536   1      1      1      31     0      -                      -          -      0      0      0      0      0      0      0      0      0      -      0      0      0      0      0      0      0      0      0      0      0      0      0      0      0      0      0      1      1      0      0      0      9      0      0      0      0      0      0      0      0      0      0      0      0      0      0      0      0      9     
0x2b9e015ad130           UMOV UR4, UR10                                                           8      3      8      65536  65536   65536   1      1      0      31     0      -                      -          -      0      0      0      0      0      0      0      0      0      -      0      0      0      0      0      0      0      0      0      0      0      0      0      0      0      0      0      0      3      5      0      0      0      0      0      0      0      0      0      0      0      0      0      0      0      0      3      0      0      0     
0x2b9e015ad140           UMOV UR5, URZ                                                            0      0      0      65536  65536   65536   1      1      0      31     0      -                      -          -      0      0      0      0      0      0      0      0      0      -      0      0      0      0      0      0      0      0      0      0      0      0      0      0      0      0      0      0      0      0      0      0      0      0      0      0      0      0      0      0      0      0      0      0      0      0      0      0      0      0     
0x2b9e015ad150           UMOV UR4, UR4                                                            7      2      7      65536  65536   65536   1      1      0      31     0      -                      -          -      0      0      0      0      0      0      0      0      0      -      0      0      0      0      0      0      0      0      0      0      0      0      0      0      0      0      0      0      2      0      0      0      5      0      0      0      0      0      0      0      0      0      0      0      0      0      0      0      0      2     
0x2b9e015ad160     @P0   ELECT P2, URZ, PT                                                        21     19     21     65536  65536   65536   1      1      0      31     0      -                      -          -      0      0      0      0      0      0      0      0      0      -      0      0      0      0      0      0      0      0      0      0      0      0      1      0      0      0      0      0      2      0      0      0      18     0      0      0      0      0      0      1      0      0      0      0      0      0      0      0      0      18    
0x2b9e015ad170           UTCBAR [UR4], URZ                                                        8      0      8      65536  65536   65536   1      1      0      31     0      -                      -          -      0      0      0      0      0      0      0      0      0      -      0      0      0      0      0      0      0      0      0      0      0      0      0      0      0      0      0      0      8      0      0      0      0      0      0      0      0      0      0      0      0      0      0      0      0      0      0      0      0      0     
0x2b9e015ad180     @P2   PLOP3.LUT P0, PT, P2, PT, PT, 0x8, 0x80                                  23     22     23     65536  65536   65536   1      1      0      31     0      -                      -          -      0      0      0      0      0      0      0      0      0      -      0      0      0      0      0      0      0      0      0      0      0      0      0      0      0      0      0      0      1      0      0      0      22     0      0      0      0      0      0      0      0      0      0      0      0      0      0      0      0      22    
0x2b9e015ad190           PLOP3.LUT P2, PT, PT, PT, PT, 0x8, 0x80                                  5      3      5      65536  65536   65536   1      1      0      31     0      -                      -          -      0      0      0      0      0      0      0      0      0      -      0      0      0      0      0      0      0      0      0      0      0      0      0      0      0      0      0      0      2      0      0      0      3      0      0      0      0      0      0      0      0      0      0      0      0      0      0      0      0      3     
0x2b9e015ad1a0     @P0   BRA.U.ANY 0x2b9e015ad160                                                 25     20     25     65536  65536   0       1      0      1      32     0      -                      -          -      0      0      0      0      0      0      0      0      0      -      0      0      0      0      0      0      0      0      0      0      0      0      0      0      0      0      0      0      2      0      0      0      23     0      0      0      0      0      0      0      0      0      0      0      0      0      0      0      0      20    
0x2b9e015ad1b0           VIADD R5, R5, 0x1                                                        16     15     16     65536  65536   65536   1      1      1      31     0      -                      -          -      0      0      0      0      0      0      0      0      0      -      0      0      0      0      0      0      0      0      0      0      0      0      0      0      0      0      0      0      1      0      0      0      15     0      0      0      0      0      0      0      0      0      0      0      0      0      0      0      0      15    
0x2b9e015ad1c0           ISETP.NE.AND P0, PT, R5, UR19, PT                                        12     11     12     65536  65536   65536   1      1      0      31     0      -                      -          -      0      0      0      0      0      0      0      0      0      -      0      0      0      0      0      0      0      0      0      0      0      0      0      0      0      0      0      0      1      0      0      0      11     0      0      0      0      0      0      0      0      0      0      0      0      0      0      0      0      11    
0x2b9e015ad1d0     @P0   BRA 0x2b9e015acbd0                                                       26     23     26     65536  65536   64512   1      0      1      32     0      -                      -          -      0      0      0      0      0      0      0      0      0      -      0      0      0      0      0      0      0      0      0      0      0      0      0      0      0      0      0      0      2      0      0      0      24     0      0      0      0      0      0      0      0      0      0      0      0      0      0      0      0      23    
0x2b9e015ad1e0           BRA 0x2b9e015ad600                                                       17     9      17     1024   1024    1024    1      1      1      31     0      -                      -          -      0      0      0      0      0      0      0      0      0      -      0      0      0      0      0      0      0      0      0      0      0      0      0      0      0      0      0      0      8      0      0      0      9      0      0      0      0      0      0      0      0      0      0      0      0      0      0      0      0      9     
0x2b9e015ad1f0           LDCU UR4, c[0x0][0x3a0]                                                  0      0      0      1024   1024    1024    1      1      0      31     0      -                      -          -      0      0      0      0      0      0      0      0      0      -      0      0      0      0      0      0      0      0      0      0      0      0      0      0      0      0      0      0      0      0      0      0      0      0      0      0      0      0      0      0      0      0      0      0      0      0      0      0      0      0     
0x2b9e015ad200           UISETP.GE.AND UP0, UPT, UR4, 0x40, UPT                                   0      0      0      1024   1024    1024    1      1      0      31     0      -                      -          -      0      0      0      0      0      0      0      0      0      -      0      0      0      0      0      0      0      0      0      0      0      0      0      0      0      0      0      0      0      0      0      0      0      0      0      0      0      0      0      0      0      0      0      0      0      0      0      0      0      0     
0x2b9e015ad210           BRA.U !UP0, 0x2b9e015ad600                                               0      0      0      1024   1024    1024    1      1      0      31     0      -                      -          -      0      0      0      0      0      0      0      0      0      -      0      0      0      0      0      0      0      0      0      0      0      0      0      0      0      0      0      0      0      0      0      0      0      0      0      0      0      0      0      0      0      0      0      0      0      0      0      0      0      0     
0x2b9e015ad220           S2R R9, SR_CgaCtaId                                                      0      0      0      1024   1024    1024    1      1      0      31     0      -                      -          -      0      0      0      0      0      0      0      0      0      -      0      0      0      0      0      0      0      0      0      0      0      0      0      0      0      0      0      0      0      0      0      0      0      0      0      0      0      0      0      0      0      0      0      0      0      0      0      0      0      0     
0x2b9e015ad230           LDCU.64 UR4, c[0x0][0x348]                                               0      0      0      1024   1024    1024    1      1      0      31     0      -                      -          -      0      0      0      0      0      0      0      0      0      -      0      0      0      0      0      0      0      0      0      0      0      0      0      0      0      0      0      0      0      0      0      0      0      0      0      0      0      0      0      0      0      0      0      0      0      0      0      0      0      0     
0x2b9e015ad240           MOV R4, 0x400                                                            0      0      0      1024   1024    1024    1      1      0      31     0      -                      -          -      0      0      0      0      0      0      0      0      0      -      0      0      0      0      0      0      0      0      0      0      0      0      0      0      0      0      0      0      0      0      0      0      0      0      0      0      0      0      0      0      0      0      0      0      0      0      0      0      0      0     
0x2b9e015ad250           IMAD.MOV.U32 R8, RZ, RZ, RZ                                              0      0      0      1024   1024    1024    1      1      0      31     0      -                      -          -      0      0      0      0      0      0      0      0      0      -      0      0      0      0      0      0      0      0      0      0      0      0      0      0      0      0      0      0      0      0      0      0      0      0      0      0      0      0      0      0      0      0      0      0      0      0      0      0      0      0     
0x2b9e015ad260           IMAD.MOV.U32 R13, RZ, RZ, 0x8000                                         0      0      0      1024   1024    1024    1      1      0      31     0      -                      -          -      0      0      0      0      0      0      0      0      0      -      0      0      0      0      0      0      0      0      0      0      0      0      0      0      0      0      0      0      0      0      0      0      0      0      0      0      0      0      0      0      0      0      0      0      0      0      0      0      0      0     
0x2b9e015ad270           VIADD R4, R4, 0x20                                                       0      0      0      1024   1024    1024    1      1      0      31     0      -                      -          -      0      0      0      0      0      0      0      0      0      -      0      0      0      0      0      0      0      0      0      0      0      0      0      0      0      0      0      0      0      0      0      0      0      0      0      0      0      0      0      0      0      0      0      0      0      0      0      0      0      0     
0x2b9e015ad280           UIADD3 UR8, UP0, UPT, UR4, 0x80, URZ                                     0      0      0      1024   1024    1024    1      1      0      31     0      -                      -          -      0      0      0      0      0      0      0      0      0      -      0      0      0      0      0      0      0      0      0      0      0      0      0      0      0      0      0      0      0      0      0      0      0      0      0      0      0      0      0      0      0      0      0      0      0      0      0      0      0      0     
0x2b9e015ad290           UIADD3 UR10, UP1, UPT, UR4, 0x100, URZ                                   0      0      0      1024   1024    1024    1      1      0      31     0      -                      -          -      0      0      0      0      0      0      0      0      0      -      0      0      0      0      0      0      0      0      0      0      0      0      0      0      0      0      0      0      0      0      0      0      0      0      0      0      0      0      0      0      0      0      0      0      0      0      0      0      0      0     
0x2b9e015ad2a0           UIADD3.X UR9, UPT, UPT, URZ, UR5, URZ, UP0, !UPT                         0      0      0      1024   1024    1024    1      1      0      31     0      -                      -          -      0      0      0      0      0      0      0      0      0      -      0      0      0      0      0      0      0      0      0      0      0      0      0      0      0      0      0      0      0      0      0      0      0      0      0      0      0      0      0      0      0      0      0      0      0      0      0      0      0      0     
0x2b9e015ad2b0           UIADD3.X UR4, UPT, UPT, URZ, UR5, URZ, UP1, !UPT                         0      0      0      1024   1024    1024    1      1      0      31     0      -                      -          -      0      0      0      0      0      0      0      0      0      -      0      0      0      0      0      0      0      0      0      0      0      0      0      0      0      0      0      0      0      0      0      0      0      0      0      0      0      0      0      0      0      0      0      0      0      0      0      0      0      0     
0x2b9e015ad2c0           IMAD.U32 R6, RZ, RZ, UR8                                                 0      0      0      1024   1024    1024    1      1      0      31     0      -                      -          -      0      0      0      0      0      0      0      0      0      -      0      0      0      0      0      0      0      0      0      0      0      0      0      0      0      0      0      0      0      0      0      0      0      0      0      0      0      0      0      0      0      0      0      0      0      0      0      0      0      0     
0x2b9e015ad2d0           IMAD.U32 R7, RZ, RZ, UR9                                                 0      0      0      1024   1024    1024    1      1      0      31     0      -                      -          -      0      0      0      0      0      0      0      0      0      -      0      0      0      0      0      0      0      0      0      0      0      0      0      0      0      0      0      0      0      0      0      0      0      0      0      0      0      0      0      0      0      0      0      0      0      0      0      0      0      0     
0x2b9e015ad2e0           IMAD.U32 R5, RZ, RZ, UR4                                                 0      0      0      1024   1024    1024    1      1      0      31     0      -                      -          -      0      0      0      0      0      0      0      0      0      -      0      0      0      0      0      0      0      0      0      0      0      0      0      0      0      0      0      0      0      0      0      0      0      0      0      0      0      0      0      0      0      0      0      0      0      0      0      0      0      0     
0x2b9e015ad2f0           LEA R9, R9, R4, 0x18                                                     0      0      0      1024   1024    1024    1      1      0      31     0      -                      -          -      0      0      0      0      0      0      0      0      0      -      0      0      0      0      0      0      0      0      0      0      0      0      0      0      0      0      0      0      0      0      0      0      0      0      0      0      0      0      0      0      0      0      0      0      0      0      0      0      0      0     
0x2b9e015ad300           IMAD.U32 R4, RZ, RZ, UR10                                                0      0      0      1024   1024    1024    1      1      0      31     0      -                      -          -      0      0      0      0      0      0      0      0      0      -      0      0      0      0      0      0      0      0      0      0      0      0      0      0      0      0      0      0      0      0      0      0      0      0      0      0      0      0      0      0      0      0      0      0      0      0      0      0      0      0     
0x2b9e015ad310           ISETP.GE.U32.AND P0, PT, R8, 0x3, PT                                     12     11     12     65536  65536   65536   1      1      0      31     0      -                      -          -      0      0      0      0      0      0      0      0      0      -      0      0      0      0      0      0      0      4      1      0      0      0      0      0      0      0      7      0      0      0      0      0      0      0      4      1      0      0      0      0      0      0      0      6      0      0      0      0      0      0     
0x2b9e015ad320           IMAD.HI.U32 R10, R8, -0x55555555, RZ                                     1      0      1      65536  65536   65536   1      1      0      31     0      -                      -          -      0      0      0      0      0      0      0      0      0      -      0      0      0      0      0      0      0      0      0      0      0      0      0      0      0      0      0      0      1      0      0      0      0      0      0      0      0      0      0      0      0      0      0      0      0      0      0      0      0      0     
0x2b9e015ad330           YIELD                                                                    3      0      3      65536  65536   65536   1      1      0      31     0      -                      -          -      0      0      0      0      0      0      0      0      0      -      0      0      0      0      0      0      0      0      0      0      0      0      0      0      0      0      0      0      3      0      0      0      0      0      0      0      0      0      0      0      0      0      0      0      0      0      0      0      0      0     
0x2b9e015ad340           SHF.R.U32.HI R11, RZ, 0x1, R10                                           125    117    125    65536  65536   65536   1      1      0      31     0      -                      -          -      0      0      0      0      0      0      0      0      0      -      0      0      0      0      0      0      0      108    0      0      0      0      0      0      0      5      4      0      2      0      0      0      6      0      102    0      0      0      0      0      0      0      5      4      0      0      0      0      0      6     
0x2b9e015ad350           IMAD R11, R11, -0x3, R8                                                  11     9      11     65536  65536   65536   1      1      0      31     0      -                      -          -      0      0      0      0      0      0      0      0      0      -      0      0      0      0      0      0      0      0      0      0      0      0      0      0      0      0      0      0      2      0      0      0      9      0      0      0      0      0      0      0      0      0      0      0      0      0      0      0      0      9     
0x2b9e015ad360     @!P0  BRA 0x2b9e015ad430                                                       2      0      2      65536  65536   3072    1      0      1      32     0      -                      -          -      0      0      0      0      0      0      0      0      0      -      0      0      0      0      0      0      0      0      0      0      0      0      0      0      0      0      0      0      2      0      0      0      0      0      0      0      0      0      0      0      0      0      0      0      0      0      0      0      0      0     
0x2b9e015ad370           S2UR UR5, SR_CgaCtaId                                                    11     11     11     62464  62464   62464   1      1      1      31     0      -                      -          -      0      0      0      0      0      0      0      0      0      -      0      0      0      0      0      0      0      0      0      0      0      0      0      0      0      0      0      0      0      0      0      0      11     0      0      0      0      0      0      0      0      0      0      0      0      0      0      0      0      11    
0x2b9e015ad380           VIADD R10, R8, 0xfffffffd                                                3      0      3      62464  62464   62464   1      1      0      31     0      -                      -          -      0      0      0      0      0      0      0      0      0      -      0      0      0      0      0      0      0      0      0      0      0      0      0      0      0      0      0      0      3      0      0      0      0      0      0      0      0      0      0      0      0      0      0      0      0      0      0      0      0      0     
0x2b9e015ad390           UMOV UR4, 0x400                                                          2      0      2      62464  62464   62464   1      1      0      31     0      -                      -          -      0      0      0      0      0      0      0      0      0      -      0      0      0      0      0      0      0      0      0      0      0      0      0      0      0      0      0      0      2      0      0      0      0      0      0      0      0      0      0      0      0      0      0      0      0      0      0      0      0      0     
0x2b9e015ad3a0           UIADD3 UR4, UPT, UPT, UR4, 0x8, URZ                                      3      3      3      62464  62464   62464   1      1      0      31     0      -                      -          -      0      0      0      0      0      0      0      0      0      -      0      0      0      0      0      0      0      0      0      0      0      0      2      0      0      0      0      0      0      0      0      0      1      0      0      0      0      0      0      2      0      0      0      0      0      0      0      0      0      1     
0x2b9e015ad3b0           IMAD.HI R10, R10, 0x55555556, RZ                                         2      0      2      62464  62464   62464   1      1      0      31     0      -                      -          -      0      0      0      0      0      0      0      0      0      -      0      0      0      0      0      0      0      0      0      0      0      0      0      0      0      0      0      0      2      0      0      0      0      0      0      0      0      0      0      0      0      0      0      0      0      0      0      0      0      0     
0x2b9e015ad3c0           LEA.HI R10, R10, R10, RZ, 0x1                                            31     28     31     62464  62464   62464   1      1      0      31     0      -                      -          -      0      0      0      0      0      0      0      0      0      -      0      0      0      0      0      0      0      0      16     0      0      0      0      0      0      0      0      1      2      0      0      0      12     0      0      16     0      0      0      0      0      0      0      0      0      0      0      0      0      12    
0x2b9e015ad3d0           LOP3.LUT R12, R10, 0x1, RZ, 0xc0, !PT                                    12     6      12     62464  62464   62464   1      1      0      31     0      -                      -          -      0      0      0      0      0      0      0      0      0      -      0      0      0      0      0      0      0      0      0      0      0      0      0      0      0      0      0      0      5      0      0      0      7      0      0      0      0      0      0      0      0      0      0      0      0      0      0      0      0      6     
0x2b9e015ad3e0           SHF.L.U32 R15, R12, 0x1f, RZ                                             11     7      11     62464  62464   62464   1      1      0      31     0      -                      -          -      0      0      0      0      0      0      0      0      0      -      0      0      0      0      0      0      0      0      0      0      0      0      0      0      0      0      0      0      3      0      0      0      8      0      0      0      0      0      0      0      0      0      0      0      0      0      0      0      0      7     
0x2b9e015ad3f0           ULEA UR4, UR5, UR4, 0x18                                                 27     21     27     62464  62464   62464   1      1      0      31     0      -                      -          -      0      0      0      0      0      0      0      0      0      -      0      0      0      0      0      0      0      0      0      0      0      0      0      0      0      0      0      0      4      23     0      0      0      0      0      0      0      0      0      0      0      0      0      0      0      0      21     0      0      0     
0x2b9e015ad400           LEA R10, R11, UR4, 0x3                                                   13     12     13     62464  62464   62464   1      1      0      31     0      -                      -          -      0      0      0      0      0      0      0      0      0      -      0      0      0      0      0      0      0      0      0      0      0      0      0      0      0      0      0      0      1      0      0      0      12     0      0      0      0      0      0      0      0      0      0      0      0      0      0      0      0      12    
0x2b9e015ad410           SYNCS.PHASECHK.TRANS64.TRYWAIT P0, [R10+URZ], R15                        12     7      12     62464  62464   62464   1      1      0      31     0      -                      -          -      0      0      0      0      0      0      0      0      0      -      0      0      0      0      0      0      0      0      0      0      0      0      0      0      0      0      0      0      5      0      0      0      7      0      0      0      0      0      0      0      0      0      0      0      0      0      0      0      0      7     
0x2b9e015ad420     @!P0  BRA 0x2b9e015aeca0                                                       94     88     94     62464  62464   61440   1      0      1      32     0      -                      -          -      0      0      0      0      0      0      0      0      0      -      0      0      0      0      0      0      0      0      0      0      0      93     0      0      0      0      0      0      0      0      0      0      1      0      0      0      0      0      87     0      0      0      0      0      0      0      0      0      0      1     
0x2b9e015ad430           R2UR UR8, R11                                                            14     9      14     65536  65536   65536   1      1      1      31     0      -                      -          -      0      0      0      0      0      0      0      0      0      -      0      0      0      0      0      0      0      0      0      0      0      0      0      0      0      0      6      0      3      0      0      0      5      0      0      0      0      0      0      0      0      0      0      5      0      0      0      0      0      4     
0x2b9e015ad440           R2UR UR9, R9                                                             3      1      3      65536  65536   65536   1      1      0      31     0      -                      -          -      0      0      0      0      0      0      0      0      0      -      0      0      0      0      0      0      0      0      0      0      0      0      0      0      0      0      0      0      1      0      0      0      2      0      0      0      0      0      0      0      0      0      0      0      0      0      0      0      0      1     
0x2b9e015ad450           R2UR UR10, R8                                                            3      0      3      65536  65536   65536   1      1      0      31     0      -                      -          -      0      0      0      0      0      0      0      0      0      -      0      0      0      0      0      0      0      0      0      0      0      0      0      0      0      0      0      0      3      0      0      0      0      0      0      0      0      0      0      0      0      0      0      0      0      0      0      0      0      0     
0x2b9e015ad460           R2UR UR4, R6                                                             4      1      4      65536  65536   65536   1      1      0      31     0      -                      -          -      0      0      0      0      0      0      0      0      0      -      0      0      0      0      0      0      0      0      0      0      0      0      0      0      0      0      0      0      3      0      0      0      1      0      0      0      0      0      0      0      0      0      0      0      0      0      0      0      0      1     
0x2b9e015ad470           R2UR UR5, R7                                                             2      0      2      65536  65536   65536   1      1      0      31     0      -                      -          -      0      0      0      0      0      0      0      0      0      -      0      0      0      0      0      0      0      0      0      0      0      0      0      0      0      0      0      0      2      0      0      0      0      0      0      0      0      0      0      0      0      0      0      0      0      0      0      0      0      0     
0x2b9e015ad480           PLOP3.LUT P0, PT, PT, PT, PT, 0x80, 0x8                                  4      3      4      65536  65536   65536   1      1      0      31     0      -                      -          -      0      0      0      0      0      0      0      0      0      -      0      0      0      0      0      0      0      0      0      0      0      0      0      0      0      0      0      0      1      0      0      0      3      0      0      0      0      0      0      0      0      0      0      0      0      0      0      0      0      3     
0x2b9e015ad490           ULEA UR9, UR8, UR9, 0x3                                                  6      4      6      65536  65536   65536   1      1      0      31     0      -                      -          -      0      0      0      0      0      0      0      0      0      -      0      0      0      0      0      0      0      0      0      0      0      0      0      0      0      0      0      0      2      0      0      0      4      0      0      0      0      0      0      0      0      0      0      0      0      0      0      0      0      4     
0x2b9e015ad4a0           ULEA UR8, UR8, UR24, 0xf                                                 5      3      5      65536  65536   65536   1      1      0      31     0      -                      -          -      0      0      0      0      0      0      0      0      0      -      0      0      0      0      0      0      0      0      0      0      0      0      0      0      0      0      0      0      2      0      0      0      3      0      0      0      0      0      0      0      0      0      0      0      0      0      0      0      0      3     
0x2b9e015ad4b0           USHF.L.U32 UR10, UR10, 0x6, URZ                                          5      3      5      65536  65536   65536   1      1      0      31     0      -                      -          -      0      0      0      0      0      0      0      0      0      -      0      0      0      0      0      0      0      0      0      0      0      0      0      0      0      0      0      0      2      0      0      0      3      0      0      0      0      0      0      0      0      0      0      0      0      0      0      0      0      3     
0x2b9e015ad4c0           SYNCS.ARRIVE.TRANS64 RZ, [UR9], R13                                      12     10     12     65536  65536   65536   1      1      0      31     0      -                      -          -      0      0      0      0      0      0      0      0      0      -      0      0      0      0      0      0      0      0      0      0      0      0      0      0      0      0      0      0      2      0      0      0      10     0      0      0      0      0      0      0      0      0      0      0      0      0      0      0      0      10    
0x2b9e015ad4d0     @P0   ELECT P2, URZ, PT                                                        14     11     14     65536  65536   65536   1      1      0      31     0      -                      -          -      0      0      0      0      0      0      0      0      0      -      0      0      0      0      0      0      0      0      0      0      0      0      0      0      0      0      0      0      3      0      0      0      11     0      0      0      0      0      0      0      0      0      0      0      0      0      0      0      0      11    
0x2b9e015ad4e0           UTMALDG.2D [UR8], [UR4]                                                  2      0      2      65536  65536   65536   1      1      0      31     0      Global,Shared          -          -      0      0      0      0      0      0      0      0      0      -      0      0      0      0      0      0      0      0      0      0      0      0      0      0      0      0      0      0      2      0      0      0      0      0      0      0      0      0      0      0      0      0      0      0      0      0      0      0      0      0     
0x2b9e015ad4f0     @P2   PLOP3.LUT P0, PT, P2, PT, PT, 0x8, 0x80                                  33     26     33     65536  65536   65536   1      1      0      31     0      -                      -          -      0      0      0      0      0      0      0      0      0      -      0      0      0      0      0      0      0      0      0      0      0      0      1      0      0      0      0      1      2      0      0      0      29     0      0      0      0      0      0      0      0      0      0      0      0      0      0      0      0      26    
0x2b9e015ad500           PLOP3.LUT P2, PT, PT, PT, PT, 0x8, 0x80                                  5      2      5      65536  65536   65536   1      1      0      31     0      -                      -          -      0      0      0      0      0      0      0      0      0      -      0      0      0      0      0      0      0      0      0      0      0      0      0      0      0      0      0      0      3      0      0      0      2      0      0      0      0      0      0      0      0      0      0      0      0      0      0      0      0      2     
0x2b9e015ad510     @P0   BRA.U.ANY 0x2b9e015ad4d0                                                 22     21     22     65536  65536   0       1      0      1      32     0      -                      -          -      0      0      0      0      0      0      0      0      0      -      0      0      0      0      0      0      0      0      0      0      0      0      0      0      0      0      0      0      1      0      0      0      21     0      0      0      0      0      0      0      0      0      0      0      0      0      0      0      0      21    
0x2b9e015ad520           R2UR UR4, R4                                                             14     9      14     65536  65536   65536   1      1      1      31     0      -                      -          -      0      0      0      0      0      0      0      0      0      -      0      0      0      0      0      0      0      0      0      0      0      0      0      0      0      0      0      0      4      0      0      0      10     0      0      0      0      0      0      0      0      0      0      0      0      0      0      0      0      9     
0x2b9e015ad530           UIADD3 UR12, UPT, UPT, UR8, 0x4000, URZ                                  3      0      3      65536  65536   65536   1      1      0      31     0      -                      -          -      0      0      0      0      0      0      0      0      0      -      0      0      0      0      0      0      0      0      0      0      0      0      0      0      0      0      0      0      3      0      0      0      0      0      0      0      0      0      0      0      0      0      0      0      0      0      0      0      0      0     
0x2b9e015ad540           R2UR UR5, R5                                                             4      0      4      65536  65536   65536   1      1      0      31     0      -                      -          -      0      0      0      0      0      0      0      0      0      -      0      0      0      0      0      0      0      0      0      0      0      0      0      0      0      0      0      0      4      0      0      0      0      0      0      0      0      0      0      0      0      0      0      0      0      0      0      0      0      0     
0x2b9e015ad550           PLOP3.LUT P0, PT, PT, PT, PT, 0x80, 0x8                                  8      6      8      65536  65536   65536   1      1      0      31     0      -                      -          -      0      0      0      0      0      0      0      0      0      -      0      0      0      0      0      0      0      0      0      0      0      0      0      0      0      0      0      0      2      0      0      0      6      0      0      0      0      0      0      0      0      0      0      0      0      0      0      0      0      6     
0x2b9e015ad560     @P0   ELECT P2, URZ, PT                                                        34     31     34     65536  65536   65536   1      1      0      31     0      -                      -          -      0      0      0      0      0      0      0      0      0      -      0      0      0      0      0      0      0      0      0      0      0      0      0      0      0      0      0      0      1      0      0      0      33     0      0      0      0      0      0      0      0      0      0      0      0      0      0      0      0      31    
0x2b9e015ad570           UMOV UR13, UR9                                                           3      0      3      65536  65536   65536   1      1      0      31     0      -                      -          -      0      0      0      0      0      0      0      0      0      -      0      0      0      0      0      0      0      0      0      0      0      0      0      0      0      0      0      0      3      0      0      0      0      0      0      0      0      0      0      0      0      0      0      0      0      0      0      0      0      0     
0x2b9e015ad580           UMOV UR14, UR10                                                          2      0      2      65536  65536   65536   1      1      0      31     0      -                      -          -      0      0      0      0      0      0      0      0      0      -      0      0      0      0      0      0      0      0      0      0      0      0      0      0      0      0      0      0      2      0      0      0      0      0      0      0      0      0      0      0      0      0      0      0      0      0      0      0      0      0     
0x2b9e015ad590           UTMALDG.2D [UR12], [UR4]                                                 9      5      9      65536  65536   65536   1      1      0      31     0      Global,Shared          -          -      0      0      0      0      0      0      0      0      0      -      0      0      0      0      0      0      0      0      0      0      0      0      0      0      0      0      0      1      3      0      0      0      5      0      0      0      0      0      0      0      0      0      0      0      0      0      0      0      0      5     
0x2b9e015ad5a0     @P2   PLOP3.LUT P0, PT, P2, PT, PT, 0x8, 0x80                                  30     26     30     65536  65536   65536   1      1      0      31     0      -                      -          -      0      0      0      0      0      0      0      0      0      -      0      0      0      0      0      0      0      0      0      0      0      0      0      0      0      0      0      0      2      0      0      0      28     0      0      0      0      0      0      0      0      0      0      0      0      0      0      0      0      26    
0x2b9e015ad5b0           PLOP3.LUT P2, PT, PT, PT, PT, 0x8, 0x80                                  2      0      2      65536  65536   65536   1      1      0      31     0      -                      -          -      0      0      0      0      0      0      0      0      0      -      0      0      0      0      0      0      0      0      0      0      0      0      0      0      0      0      0      0      2      0      0      0      0      0      0      0      0      0      0      0      0      0      0      0      0      0      0      0      0      0     
0x2b9e015ad5c0     @P0   BRA.U.ANY 0x2b9e015ad560                                                 20     17     20     65536  65536   0       1      0      1      32     0      -                      -          -      0      0      0      0      0      0      0      0      0      -      0      0      0      0      0      0      0      0      0      0      0      0      0      0      0      0      0      0      2      0      0      0      18     0      0      0      0      0      0      0      0      0      0      0      0      0      0      0      0      17    
0x2b9e015ad5d0           VIADD R8, R8, 0x1                                                        9      7      9      65536  65536   65536   1      1      1      31     0      -                      -          -      0      0      0      0      0      0      0      0      0      -      0      0      0      0      0      0      0      0      0      0      0      0      0      0      0      0      0      0      1      0      0      0      8      0      0      0      0      0      0      0      0      0      0      0      0      0      0      0      0      7     
0x2b9e015ad5e0           ISETP.NE.AND P0, PT, R8, UR19, PT                                        2      2      2      65536  65536   65536   1      1      0      31     0      -                      -          -      0      0      0      0      0      0      0      0      0      -      0      0      0      0      0      0      0      0      0      0      0      0      0      0      0      0      0      0      0      0      0      0      2      0      0      0      0      0      0      0      0      0      0      0      0      0      0      0      0      2     
0x2b9e015ad5f0     @P0   BRA 0x2b9e015ad310                                                       35     28     35     65536  65536   64512   1      0      1      32     0      -                      -          -      0      0      0      0      0      0      0      0      0      -      0      0      0      0      0      0      0      0      0      0      0      0      0      0      0      0      0      0      3      0      0      0      32     0      0      0      0      0      0      0      0      0      0      0      0      0      0      0      0      28    
0x2b9e015ad600           ISETP.GE.AND P3, PT, R29, RZ, PT                                         9      9      9      6144   131072  131072  21     21     21     11     0      -                      -          -      0      0      0      0      0      0      0      0      0      -      0      0      0      0      0      0      0      0      0      0      0      0      0      0      0      0      2      0      0      0      0      0      7      0      0      0      0      0      0      0      0      0      0      2      0      0      0      0      0      7     
0x2b9e015ad610           WARPSYNC.ALL                                                             72     68     72     6144   131072  131072  21     21     0      11     0      -                      -          -      0      0      0      0      0      0      0      0      0      -      0      0      0      0      0      0      0      43     0      0      0      0      0      0      0      0      29     0      0      0      0      0      0      0      40     0      0      0      0      0      0      0      0      28     0      0      0      0      0      0     
0x2b9e015ad620           BAR.SYNC.DEFER_BLOCKING 0x0                                              581    536    581    4096   131072  131072  32     32     11     0      0      -                      -          -      0      0      0      0      0      0      0      0      0      -      0      0      0      0      0      0      0      498    1      0      0      0      0      0      0      20     0      1      19     0      0      0      42     0      475    1      0      0      0      0      0      0      19     0      0      0      0      0      0      41    
0x2b9e015ad630           ISETP.GE.AND P2, PT, R27, RZ, PT                                         1      0      1      4096   131072  131072  32     32     0      0      0      -                      -          -      0      0      0      0      0      0      0      0      0      -      0      0      0      0      0      0      0      0      0      0      0      0      0      0      0      0      0      0      1      0      0      0      0      0      0      0      0      0      0      0      0      0      0      0      0      0      0      0      0      0     
0x2b9e015ad640           ISETP.GE.AND P0, PT, R25, RZ, PT                                         0      0      0      4096   131072  131072  32     32     0      0      0      -                      -          -      0      0      0      0      0      0      0      0      0      -      0      0      0      0      0      0      0      0      0      0      0      0      0      0      0      0      0      0      0      0      0      0      0      0      0      0      0      0      0      0      0      0      0      0      0      0      0      0      0      0     
0x2b9e015ad650     @!P3  BRA 0x2b9e015ad6d0                                                       3062   2902   3062   4096   131072  0       32     0      32     32     0      -                      -          -      0      0      0      0      0      0      0      0      0      -      0      0      0      0      0      0      3061   0      0      0      0      0      0      0      0      0      0      0      1      0      0      0      0      2902   0      0      0      0      0      0      0      0      0      0      0      0      0      0      0      0     
0x2b9e015ad660           S2UR UR5, SR_CgaCtaId                                                    0      0      0      4096   131072  131072  32     32     32     0      0      -                      -          -      0      0      0      0      0      0      0      0      0      -      0      0      0      0      0      0      0      0      0      0      0      0      0      0      0      0      0      0      0      0      0      0      0      0      0      0      0      0      0      0      0      0      0      0      0      0      0      0      0      0     
0x2b9e015ad670           UMOV UR4, 0x400                                                          1      0      1      4096   131072  131072  32     32     0      0      0      -                      -          -      0      0      0      0      0      0      0      0      0      -      0      0      0      0      0      0      0      0      0      0      0      0      0      0      0      0      0      0      1      0      0      0      0      0      0      0      0      0      0      0      0      0      0      0      0      0      0      0      0      0     
0x2b9e015ad680           SHF.L.U32 R4, R28, 0x1f, RZ                                              0      0      0      4096   131072  131072  32     32     0      0      0      -                      -          -      0      0      0      0      0      0      0      0      0      -      0      0      0      0      0      0      0      0      0      0      0      0      0      0      0      0      0      0      0      0      0      0      0      0      0      0      0      0      0      0      0      0      0      0      0      0      0      0      0      0     
0x2b9e015ad690           UIADD3 UR4, UPT, UPT, UR4, 0x8, URZ                                      0      0      0      4096   131072  131072  32     32     0      0      0      -                      -          -      0      0      0      0      0      0      0      0      0      -      0      0      0      0      0      0      0      0      0      0      0      0      0      0      0      0      0      0      0      0      0      0      0      0      0      0      0      0      0      0      0      0      0      0      0      0      0      0      0      0     
0x2b9e015ad6a0           ULEA UR4, UR5, UR4, 0x18                                                 5      5      5      4096   131072  131072  32     32     0      0      0      -                      -          -      0      0      0      0      0      0      0      0      0      -      0      0      0      0      0      0      0      0      0      0      0      0      0      0      0      0      0      0      0      4      0      0      1      0      0      0      0      0      0      0      0      0      0      0      0      0      4      0      0      1     
0x2b9e015ad6b0           SYNCS.PHASECHK.TRANS64.TRYWAIT P3, [UR4], R4                             1      1      1      4096   131072  131072  32     32     0      0      0      -                      -          -      0      0      0      0      0      0      0      0      0      -      0      0      0      0      0      0      0      0      0      0      0      0      0      0      0      0      0      0      0      0      0      0      1      0      0      0      0      0      0      0      0      0      0      0      0      0      0      0      0      1     
0x2b9e015ad6c0     @!P3  BRA 0x2b9e015aece0                                                       9      9      9      4096   131072  0       32     0      32     32     0      -                      -          -      0      0      0      0      0      0      0      0      0      -      0      0      0      0      0      0      0      0      0      0      0      9      0      0      0      0      0      0      0      0      0      0      0      0      0      0      0      0      9      0      0      0      0      0      0      0      0      0      0      0     
0x2b9e015ad6d0     @!P2  BRA 0x2b9e015ad750                                                       0      0      0      4096   131072  0       32     0      0      32     0      -                      -          -      0      0      0      0      0      0      0      0      0      -      0      0      0      0      0      0      0      0      0      0      0      0      0      0      0      0      0      0      0      0      0      0      0      0      0      0      0      0      0      0      0      0      0      0      0      0      0      0      0      0     
0x2b9e015ad6e0           S2UR UR5, SR_CgaCtaId                                                    1      1      1      4096   131072  131072  32     32     32     0      0      -                      -          -      0      0      0      0      0      0      0      0      0      -      0      0      0      0      0      0      0      0      0      0      0      0      0      0      0      0      0      0      0      0      0      0      1      0      0      0      0      0      0      0      0      0      0      0      0      0      0      0      0      1     
0x2b9e015ad6f0           UMOV UR4, 0x400                                                          0      0      0      4096   131072  131072  32     32     0      0      0      -                      -          -      0      0      0      0      0      0      0      0      0      -      0      0      0      0      0      0      0      0      0      0      0      0      0      0      0      0      0      0      0      0      0      0      0      0      0      0      0      0      0      0      0      0      0      0      0      0      0      0      0      0     
0x2b9e015ad700           SHF.L.U32 R4, R26, 0x1f, RZ                                              1      0      1      4096   131072  131072  32     32     0      0      0      -                      -          -      0      0      0      0      0      0      0      0      0      -      0      0      0      0      0      0      0      0      0      0      0      0      0      0      0      0      0      0      1      0      0      0      0      0      0      0      0      0      0      0      0      0      0      0      0      0      0      0      0      0     
0x2b9e015ad710           UIADD3 UR4, UPT, UPT, UR4, 0x8, URZ                                      0      0      0      4096   131072  131072  32     32     0      0      0      -                      -          -      0      0      0      0      0      0      0      0      0      -      0      0      0      0      0      0      0      0      0      0      0      0      0      0      0      0      0      0      0      0      0      0      0      0      0      0      0      0      0      0      0      0      0      0      0      0      0      0      0      0     
0x2b9e015ad720           ULEA UR4, UR5, UR4, 0x18                                                 5      3      5      4096   131072  131072  32     32     0      0      0      -                      -          -      0      0      0      0      0      0      0      0      0      -      0      0      0      0      0      0      0      0      0      0      0      0      0      0      0      0      0      0      1      4      0      0      0      0      0      0      0      0      0      0      0      0      0      0      0      0      3      0      0      0     
0x2b9e015ad730           SYNCS.PHASECHK.TRANS64.TRYWAIT P2, [UR4+0x8], R4                         2      1      2      4096   131072  131072  32     32     0      0      0      -                      -          -      0      0      0      0      0      0      0      0      0      -      0      0      0      0      0      0      0      0      0      0      0      0      0      0      0      0      0      0      0      0      0      0      2      0      0      0      0      0      0      0      0      0      0      0      0      0      0      0      0      1     
0x2b9e015ad740     @!P2  BRA 0x2b9e015aed10                                                       10     9      10     4096   131072  0       32     0      32     32     0      -                      -          -      0      0      0      0      0      0      0      0      0      -      0      0      0      0      0      0      0      0      0      0      0      9      0      0      0      0      0      0      0      0      0      0      1      0      0      0      0      0      8      0      0      0      0      0      0      0      0      0      0      1     
0x2b9e015ad750     @!P0  BRA 0x2b9e015ad7d0                                                       1      1      1      4096   131072  0       32     0      0      32     0      -                      -          -      0      0      0      0      0      0      0      0      0      -      0      0      0      0      0      0      0      0      0      0      0      0      0      0      0      0      0      0      0      0      0      0      1      0      0      0      0      0      0      0      0      0      0      0      0      0      0      0      0      1     
0x2b9e015ad760           S2UR UR5, SR_CgaCtaId                                                    1      1      1      4096   131072  131072  32     32     32     0      0      -                      -          -      0      0      0      0      0      0      0      0      0      -      0      0      0      0      0      0      0      0      0      0      0      0      0      0      0      0      0      0      0      0      0      0      1      0      0      0      0      0      0      0      0      0      0      0      0      0      0      0      0      1     
0x2b9e015ad770           UMOV UR4, 0x400                                                          0      0      0      4096   131072  131072  32     32     0      0      0      -                      -          -      0      0      0      0      0      0      0      0      0      -      0      0      0      0      0      0      0      0      0      0      0      0      0      0      0      0      0      0      0      0      0      0      0      0      0      0      0      0      0      0      0      0      0      0      0      0      0      0      0      0     
0x2b9e015ad780           SHF.L.U32 R4, R24, 0x1f, RZ                                              0      0      0      4096   131072  131072  32     32     0      0      0      -                      -          -      0      0      0      0      0      0      0      0      0      -      0      0      0      0      0      0      0      0      0      0      0      0      0      0      0      0      0      0      0      0      0      0      0      0      0      0      0      0      0      0      0      0      0      0      0      0      0      0      0      0     
0x2b9e015ad790           UIADD3 UR4, UPT, UPT, UR4, 0x8, URZ                                      0      0      0      4096   131072  131072  32     32     0      0      0      -                      -          -      0      0      0      0      0      0      0      0      0      -      0      0      0      0      0      0      0      0      0      0      0      0      0      0      0      0      0      0      0      0      0      0      0      0      0      0      0      0      0      0      0      0      0      0      0      0      0      0      0      0     
0x2b9e015ad7a0           ULEA UR4, UR5, UR4, 0x18                                                 3      3      3      4096   131072  131072  32     32     0      0      0      -                      -          -      0      0      0      0      0      0      0      0      0      -      0      0      0      0      0      0      0      0      0      0      0      0      0      0      0      0      0      0      0      3      0      0      0      0      0      0      0      0      0      0      0      0      0      0      0      0      3      0      0      0     
0x2b9e015ad7b0           SYNCS.PHASECHK.TRANS64.TRYWAIT P0, [UR4+0x10], R4                        2      1      2      4096   131072  131072  32     32     0      0      0      -                      -          -      0      0      0      0      0      0      0      0      0      -      0      0      0      0      0      0      0      0      0      0      0      0      0      0      0      0      0      0      1      0      0      0      1      0      0      0      0      0      0      0      0      0      0      0      0      0      0      0      0      1     
0x2b9e015ad7c0     @!P0  BRA 0x2b9e015aed40                                                       6      6      6      4096   131072  0       32     0      32     32     0      -                      -          -      0      0      0      0      0      0      0      0      0      -      0      0      0      0      0      0      0      0      0      0      0      6      0      0      0      0      0      0      0      0      0      0      0      0      0      0      0      0      6      0      0      0      0      0      0      0      0      0      0      0     
0x2b9e015ad7d0           R2UR UR4, R0                                                             0      0      0      4096   131072  131072  32     32     32     0      0      -                      -          -      0      0      0      0      0      0      0      0      0      -      0      0      0      0      0      0      0      0      0      0      0      0      0      0      0      0      0      0      0      0      0      0      0      0      0      0      0      0      0      0      0      0      0      0      0      0      0      0      0      0     
0x2b9e015ad7e0           NOP                                                                      1      0      1      4096   131072  131072  32     32     0      0      0      -                      -          -      0      0      0      0      0      0      0      0      0      -      0      0      0      0      0      0      0      0      0      0      0      0      0      0      0      0      0      0      1      0      0      0      0      0      0      0      0      0      0      0      0      0      0      0      0      0      0      0      0      0     
0x2b9e015ad7f0           IMAD.U32 R32, RZ, RZ, UR6                                                1      0      1      4096   131072  131072  32     32     0      0      0      -                      -          -      0      0      0      0      0      0      0      0      0      -      0      0      0      0      0      0      0      0      0      0      0      0      0      0      0      0      0      0      1      0      0      0      0      0      0      0      0      0      0      0      0      0      0      0      0      0      0      0      0      0     
0x2b9e015ad800           ISETP.NE.AND P0, PT, R2, 0x2, PT                                         0      0      0      4096   131072  131072  32     32     0      0      0      -                      -          -      0      0      0      0      0      0      0      0      0      -      0      0      0      0      0      0      0      0      0      0      0      0      0      0      0      0      0      0      0      0      0      0      0      0      0      0      0      0      0      0      0      0      0      0      0      0      0      0      0      0     
0x2b9e015ad810           IMAD.U32 R33, RZ, RZ, UR7                                                0      0      0      4096   131072  131072  32     32     0      0      0      -                      -          -      0      0      0      0      0      0      0      0      0      -      0      0      0      0      0      0      0      0      0      0      0      0      0      0      0      0      0      0      0      0      0      0      0      0      0      0      0      0      0      0      0      0      0      0      0      0      0      0      0      0     
0x2b9e015ad820           BSSY.RECONVERGENT B0, 0x2b9e015ae530                                     0      0      0      4096   131072  131072  32     32     0      0      0      -                      -          -      0      0      0      0      0      0      0      0      0      -      0      0      0      0      0      0      0      0      0      0      0      0      0      0      0      0      0      0      0      0      0      0      0      0      0      0      0      0      0      0      0      0      0      0      0      0      0      0      0      0     
0x2b9e015ad830           IMAD R31, R3, 0x81, RZ                                                   0      0      0      4096   131072  131072  32     32     0      0      0      -                      -          -      0      0      0      0      0      0      0      0      0      -      0      0      0      0      0      0      0      0      0      0      0      0      0      0      0      0      0      0      0      0      0      0      0      0      0      0      0      0      0      0      0      0      0      0      0      0      0      0      0      0     
0x2b9e015ad840           IMAD.WIDE.U32 R34, R31, 0x4, R32                                         2      2      2      4096   131072  131072  32     32     0      0      0      -                      -          -      0      0      0      0      0      0      0      0      0      -      0      0      0      0      0      0      0      0      0      0      0      0      0      0      0      0      0      0      0      0      0      0      2      0      0      0      0      0      0      0      0      0      0      0      0      0      0      0      0      2     
0x2b9e015ad850           LDTM.x8 R12, tmem[UR4]                                                   0      0      0      4096   131072  131072  32     32     0      0      0      Tmem                   Load       -      0      0      0      0      0      0      0      0      0      -      0      0      0      0      0      0      0      0      0      0      0      0      0      0      0      0      0      0      0      0      0      0      0      0      0      0      0      0      0      0      0      0      0      0      0      0      0      0      0      0     
0x2b9e015ad860           NOP                                                                      0      0      0      4096   131072  131072  32     32     0      0      0      -                      -          -      0      0      0      0      0      0      0      0      0      -      0      0      0      0      0      0      0      0      0      0      0      0      0      0      0      0      0      0      0      0      0      0      0      0      0      0      0      0      0      0      0      0      0      0      0      0      0      0      0      0     
0x2b9e015ad870           LDTM.x8 R4, tmem[UR4+0x8]                                                2      1      2      4096   131072  131072  32     32     0      0      0      Tmem                   Load       -      0      0      0      0      0      0      0      0      0      -      0      0      0      0      0      0      0      0      0      0      0      0      0      0      0      0      0      0      0      2      0      0      0      0      0      0      0      0      0      0      0      0      0      0      0      0      1      0      0      0     
0x2b9e015ad880           VIADD R37, R31, 0x20                                                     0      0      0      4096   131072  131072  32     32     0      0      0      -                      -          -      0      0      0      0      0      0      0      0      0      -      0      0      0      0      0      0      0      0      0      0      0      0      0      0      0      0      0      0      0      0      0      0      0      0      0      0      0      0      0      0      0      0      0      0      0      0      0      0      0      0     
0x2b9e015ad890           IMAD.WIDE.U32 R36, R37, 0x4, R32                                         2      1      2      4096   131072  131072  32     32     0      0      0      -                      -          -      0      0      0      0      0      0      0      0      0      -      0      0      0      0      0      0      0      0      0      0      0      0      0      0      0      0      0      0      1      0      0      0      1      0      0      0      0      0      0      0      0      0      0      0      0      0      0      0      0      1     
0x2b9e015ad8a0           ST.E desc[UR22][R34.64], R12                                             0      0      0      4096   131072  131072  32     32     0      0      0      Shared,Tmem,TmemShared            32     0      1      0      4096   4096   0      0      0      0             0      0      0      0      0      0      0      0      0      0      0      0      0      0      0      0      0      0      0      0      0      0      0      0      0      0      0      0      0      0      0      0      0      0      0      0      0      0      0      0     
0x2b9e015ad8b0           ST.E desc[UR22][R34.64+0x4], R13                                         2      2      2      4096   131072  131072  32     32     0      0      0      Shared,Tmem,TmemShared            32     0      1      0      4096   4096   0      0      0      0             0      0      0      0      0      0      0      0      2      0      0      0      0      0      0      0      0      0      0      0      0      0      0      0      0      2      0      0      0      0      0      0      0      0      0      0      0      0      0      0     
0x2b9e015ad8c0           ST.E desc[UR22][R34.64+0x8], R14                                         2      2      2      4096   131072  131072  32     32     0      0      0      Shared,Tmem,TmemShared            32     0      1      0      4096   4096   0      0      0      0             0      0      0      0      0      0      0      0      0      0      0      0      0      0      0      0      0      0      0      0      0      0      2      0      0      0      0      0      0      0      0      0      0      0      0      0      0      0      0      2     
0x2b9e015ad8d0           ST.E desc[UR22][R34.64+0xc], R15                                         0      0      0      4096   131072  131072  32     32     0      0      0      Shared,Tmem,TmemShared            32     0      1      0      4096   4096   0      0      0      0             0      0      0      0      0      0      0      0      0      0      0      0      0      0      0      0      0      0      0      0      0      0      0      0      0      0      0      0      0      0      0      0      0      0      0      0      0      0      0      0     
0x2b9e015ad8e0           ST.E desc[UR22][R34.64+0x10], R16                                        0      0      0      4096   131072  131072  32     32     0      0      0      Shared,Tmem,TmemShared            32     0      1      0      4096   4096   0      0      0      0             0      0      0      0      0      0      0      0      0      0      0      0      0      0      0      0      0      0      0      0      0      0      0      0      0      0      0      0      0      0      0      0      0      0      0      0      0      0      0      0     
0x2b9e015ad8f0           ST.E desc[UR22][R34.64+0x14], R17                                        0      0      0      4096   131072  131072  32     32     0      0      0      Shared,Tmem,TmemShared            32     0      1      0      4096   4096   0      0      0      0             0      0      0      0      0      0      0      0      0      0      0      0      0      0      0      0      0      0      0      0      0      0      0      0      0      0      0      0      0      0      0      0      0      0      0      0      0      0      0      0     
0x2b9e015ad900           ST.E desc[UR22][R34.64+0x18], R18                                        1      1      1      4096   131072  131072  32     32     0      0      0      Shared,Tmem,TmemShared            32     0      1      0      4096   4096   0      0      0      0             0      0      0      0      0      0      0      0      0      0      1      0      0      0      0      0      0      0      0      0      0      0      0      0      0      0      0      1      0      0      0      0      0      0      0      0      0      0      0      0     
0x2b9e015ad910           ST.E desc[UR22][R34.64+0x1c], R19                                        1      1      1      4096   131072  131072  32     32     0      0      0      Shared,Tmem,TmemShared            32     0      1      0      4096   4096   0      0      0      0             0      0      0      0      0      0      0      0      0      0      0      0      0      0      0      0      0      0      0      0      0      0      1      0      0      0      0      0      0      0      0      0      0      0      0      0      0      0      0      1     
0x2b9e015ad920           NOP                                                                      0      0      0      4096   131072  131072  32     32     0      0      0      -                      -          -      0      0      0      0      0      0      0      0      0      -      0      0      0      0      0      0      0      0      0      0      0      0      0      0      0      0      0      0      0      0      0      0      0      0      0      0      0      0      0      0      0      0      0      0      0      0      0      0      0      0     
0x2b9e015ad930           ST.E desc[UR22][R34.64+0x20], R4                                         0      0      0      4096   131072  131072  32     32     0      0      0      Shared,Tmem,TmemShared            32     0      1      0      4096   4096   0      0      0      0             0      0      0      0      0      0      0      0      0      0      0      0      0      0      0      0      0      0      0      0      0      0      0      0      0      0      0      0      0      0      0      0      0      0      0      0      0      0      0      0     
0x2b9e015ad940           ST.E desc[UR22][R34.64+0x24], R5                                         1      1      1      4096   131072  131072  32     32     0      0      0      Shared,Tmem,TmemShared            32     0      1      0      4096   4096   0      0      0      0             0      0      0      0      0      0      0      0      0      0      1      0      0      0      0      0      0      0      0      0      0      0      0      0      0      0      0      1      0      0      0      0      0      0      0      0      0      0      0      0     
0x2b9e015ad950           ST.E desc[UR22][R34.64+0x28], R6                                         1      0      1      4096   131072  131072  32     32     0      0      0      Shared,Tmem,TmemShared            32     0      1      0      4096   4096   0      0      0      0             0      0      0      0      0      0      0      0      0      0      0      0      0      0      0      0      0      0      1      0      0      0      0      0      0      0      0      0      0      0      0      0      0      0      0      0      0      0      0      0     
0x2b9e015ad960           ST.E desc[UR22][R34.64+0x2c], R7                                         3      3      3      4096   131072  131072  32     32     0      0      0      Shared,Tmem,TmemShared            32     0      1      0      4096   4096   0      0      0      0             0      0      0      0      0      0      0      0      0      0      2      0      0      0      0      0      0      0      0      0      0      0      1      0      0      0      0      2      0      0      0      0      0      0      0      0      0      0      0      1     
0x2b9e015ad970           ST.E desc[UR22][R34.64+0x30], R8                                         1      1      1      4096   131072  131072  32     32     0      0      0      Shared,Tmem,TmemShared            32     0      1      0      4096   4096   0      0      0      0             0      0      0      0      0      0      0      0      0      0      0      0      0      0      0      0      0      0      0      0      0      0      1      0      0      0      0      0      0      0      0      0      0      0      0      0      0      0      0      1     
0x2b9e015ad980           ST.E desc[UR22][R34.64+0x34], R9                                         2      2      2      4096   131072  131072  32     32     0      0      0      Shared,Tmem,TmemShared            32     0      1      0      4096   4096   0      0      0      0             0      0      0      0      0      0      0      0      0      0      1      0      0      0      0      0      0      0      0      0      0      0      1      0      0      0      0      1      0      0      0      0      0      0      0      0      0      0      0      1     
0x2b9e015ad990           ST.E desc[UR22][R34.64+0x38], R10                                        0      0      0      4096   131072  131072  32     32     0      0      0      Shared,Tmem,TmemShared            32     0      1      0      4096   4096   0      0      0      0             0      0      0      0      0      0      0      0      0      0      0      0      0      0      0      0      0      0      0      0      0      0      0      0      0      0      0      0      0      0      0      0      0      0      0      0      0      0      0      0     
0x2b9e015ad9a0           ST.E desc[UR22][R34.64+0x3c], R11                                        0      0      0      4096   131072  131072  32     32     0      0      0      Shared,Tmem,TmemShared            32     0      1      0      4096   4096   0      0      0      0             0      0      0      0      0      0      0      0      0      0      0      0      0      0      0      0      0      0      0      0      0      0      0      0      0      0      0      0      0      0      0      0      0      0      0      0      0      0      0      0     
0x2b9e015ad9b0           LDTM.x8 R12, tmem[UR4+0x10]                                              0      0      0      4096   131072  131072  32     32     0      0      0      Tmem                   Load       -      0      0      0      0      0      0      0      0      0      -      0      0      0      0      0      0      0      0      0      0      0      0      0      0      0      0      0      0      0      0      0      0      0      0      0      0      0      0      0      0      0      0      0      0      0      0      0      0      0      0     
0x2b9e015ad9c0           NOP                                                                      0      0      0      4096   131072  131072  32     32     0      0      0      -                      -          -      0      0      0      0      0      0      0      0      0      -      0      0      0      0      0      0      0      0      0      0      0      0      0      0      0      0      0      0      0      0      0      0      0      0      0      0      0      0      0      0      0      0      0      0      0      0      0      0      0      0     
0x2b9e015ad9d0           LDTM.x8 R4, tmem[UR4+0x18]                                               3      2      3      4096   131072  131072  32     32     0      0      0      Tmem                   Load       -      0      0      0      0      0      0      0      0      0      -      0      0      0      0      0      0      0      0      0      0      0      3      0      0      0      0      0      0      0      0      0      0      0      0      0      0      0      0      2      0      0      0      0      0      0      0      0      0      0      0     
0x2b9e015ad9e0           ST.E desc[UR22][R34.64+0x40], R12                                        0      0      0      4096   131072  131072  32     32     0      0      0      Shared,Tmem,TmemShared            32     0      1      0      4096   4096   0      0      0      0             0      0      0      0      0      0      0      0      0      0      0      0      0      0      0      0      0      0      0      0      0      0      0      0      0      0      0      0      0      0      0      0      0      0      0      0      0      0      0      0     
0x2b9e015ad9f0           ST.E desc[UR22][R34.64+0x44], R13                                        1      1      1      4096   131072  131072  32     32     0      0      0      Shared,Tmem,TmemShared            32     0      1      0      4096   4096   0      0      0      0             0      0      0      0      0      0      0      0      0      0      0      0      0      0      0      0      0      0      0      0      0      0      1      0      0      0      0      0      0      0      0      0      0      0      0      0      0      0      0      1     
0x2b9e015ada00           ST.E desc[UR22][R34.64+0x48], R14                                        2      0      2      4096   131072  131072  32     32     0      0      0      Shared,Tmem,TmemShared            32     0      1      0      4096   4096   0      0      0      0             0      0      0      0      0      0      0      0      0      0      0      0      0      0      0      0      0      0      2      0      0      0      0      0      0      0      0      0      0      0      0      0      0      0      0      0      0      0      0      0     
0x2b9e015ada10           ST.E desc[UR22][R34.64+0x4c], R15                                        0      0      0      4096   131072  131072  32     32     0      0      0      Shared,Tmem,TmemShared            32     0      1      0      4096   4096   0      0      0      0             0      0      0      0      0      0      0      0      0      0      0      0      0      0      0      0      0      0      0      0      0      0      0      0      0      0      0      0      0      0      0      0      0      0      0      0      0      0      0      0     
0x2b9e015ada20           ST.E desc[UR22][R34.64+0x50], R16                                        0      0      0      4096   131072  131072  32     32     0      0      0      Shared,Tmem,TmemShared            32     0      1      0      4096   4096   0      0      0      0             0      0      0      0      0      0      0      0      0      0      0      0      0      0      0      0      0      0      0      0      0      0      0      0      0      0      0      0      0      0      0      0      0      0      0      0      0      0      0      0     
0x2b9e015ada30           ST.E desc[UR22][R34.64+0x54], R17                                        1      1      1      4096   131072  131072  32     32     0      0      0      Shared,Tmem,TmemShared            32     0      1      0      4096   4096   0      0      0      0             0      0      0      0      0      0      0      0      0      0      1      0      0      0      0      0      0      0      0      0      0      0      0      0      0      0      0      1      0      0      0      0      0      0      0      0      0      0      0      0     
0x2b9e015ada40           ST.E desc[UR22][R34.64+0x58], R18                                        2      2      2      4096   131072  131072  32     32     0      0      0      Shared,Tmem,TmemShared            32     0      1      0      4096   4096   0      0      0      0             0      0      0      0      0      0      0      0      0      0      0      0      0      0      0      0      0      0      0      0      0      0      2      0      0      0      0      0      0      0      0      0      0      0      0      0      0      0      0      2     
0x2b9e015ada50           ST.E desc[UR22][R34.64+0x5c], R19                                        5      4      5      4096   131072  131072  32     32     0      0      0      Shared,Tmem,TmemShared            32     0      1      0      4096   4096   0      0      0      0             0      0      0      0      0      0      0      0      0      0      2      0      0      0      0      0      0      0      1      0      0      0      2      0      0      0      0      2      0      0      0      0      0      0      0      0      0      0      0      2     
0x2b9e015ada60           NOP                                                                      0      0      0      4096   131072  131072  32     32     0      0      0      -                      -          -      0      0      0      0      0      0      0      0      0      -      0      0      0      0      0      0      0      0      0      0      0      0      0      0      0      0      0      0      0      0      0      0      0      0      0      0      0      0      0      0      0      0      0      0      0      0      0      0      0      0     
0x2b9e015ada70           ST.E desc[UR22][R34.64+0x60], R4                                         1      1      1      4096   131072  131072  32     32     0      0      0      Shared,Tmem,TmemShared            32     0      1      0      4096   4096   0      0      0      0             0      0      0      0      0      0      0      0      0      0      1      0      0      0      0      0      0      0      0      0      0      0      0      0      0      0      0      1      0      0      0      0      0      0      0      0      0      0      0      0     
0x2b9e015ada80           ST.E desc[UR22][R34.64+0x64], R5                                         1      0      1      4096   131072  131072  32     32     0      0      0      Shared,Tmem,TmemShared            32     0      1      0      4096   4096   0      0      0      0             0      0      0      0      0      0      0      0      0      0      0      0      0      0      0      0      0      0      1      0      0      0      0      0      0      0      0      0      0      0      0      0      0      0      0      0      0      0      0      0     
0x2b9e015ada90           ST.E desc[UR22][R34.64+0x68], R6                                         1      1      1      4096   131072  131072  32     32     0      0      0      Shared,Tmem,TmemShared            32     0      1      0      4096   4096   0      0      0      0             0      0      0      0      0      0      0      0      0      0      1      0      0      0      0      0      0      0      0      0      0      0      0      0      0      0      0      1      0      0      0      0      0      0      0      0      0      0      0      0     
0x2b9e015adaa0           ST.E desc[UR22][R34.64+0x6c], R7                                         2      2      2      4096   131072  131072  32     32     0      0      0      Shared,Tmem,TmemShared            32     0      1      0      4096   4096   0      0      0      0             0      0      0      0      0      0      0      0      0      0      1      0      0      0      0      0      0      0      0      0      0      0      1      0      0      0      0      1      0      0      0      0      0      0      0      0      0      0      0      1     
0x2b9e015adab0           ST.E desc[UR22][R34.64+0x70], R8                                         4      3      4      4096   131072  131072  32     32     0      0      0      Shared,Tmem,TmemShared            32     0      1      0      4096   4096   0      0      0      0             0      0      0      0      0      0      0      0      0      0      3      0      0      0      0      0      0      1      0      0      0      0      0      0      0      0      0      3      0      0      0      0      0      0      0      0      0      0      0      0     
0x2b9e015adac0           ST.E desc[UR22][R34.64+0x74], R9                                         1      1      1      4096   131072  131072  32     32     0      0      0      Shared,Tmem,TmemShared            32     0      1      0      4096   4096   0      0      0      0             0      0      0      0      0      0      0      0      0      0      0      0      0      0      0      0      0      0      0      0      0      0      1      0      0      0      0      0      0      0      0      0      0      0      0      0      0      0      0      1     
0x2b9e015adad0           ST.E desc[UR22][R34.64+0x78], R10                                        2      2      2      4096   131072  131072  32     32     0      0      0      Shared,Tmem,TmemShared            32     0      1      0      4096   4096   0      0      0      0             0      0      0      0      0      0      0      0      0      0      2      0      0      0      0      0      0      0      0      0      0      0      0      0      0      0      0      2      0      0      0      0      0      0      0      0      0      0      0      0     
0x2b9e015adae0           ST.E desc[UR22][R34.64+0x7c], R11                                        1      0      1      4096   131072  131072  32     32     0      0      0      Shared,Tmem,TmemShared            32     0      1      0      4096   4096   0      0      0      0             0      0      0      0      0      0      0      0      0      0      0      0      0      0      0      0      0      0      1      0      0      0      0      0      0      0      0      0      0      0      0      0      0      0      0      0      0      0      0      0     
0x2b9e015adaf0           LDTM.x8 R12, tmem[UR4+0x20]                                              1      1      1      4096   131072  131072  32     32     0      0      0      Tmem                   Load       -      0      0      0      0      0      0      0      0      0      -      0      0      0      0      0      0      0      0      0      0      0      1      0      0      0      0      0      0      0      0      0      0      0      0      0      0      0      0      1      0      0      0      0      0      0      0      0      0      0      0     
0x2b9e015adb00           NOP                                                                      0      0      0      4096   131072  131072  32     32     0      0      0      -                      -          -      0      0      0      0      0      0      0      0      0      -      0      0      0      0      0      0      0      0      0      0      0      0      0      0      0      0      0      0      0      0      0      0      0      0      0      0      0      0      0      0      0      0      0      0      0      0      0      0      0      0     
0x2b9e015adb10           LDTM.x8 R4, tmem[UR4+0x28]                                               9      9      9      4096   131072  131072  32     32     0      0      0      Tmem                   Load       -      0      0      0      0      0      0      0      0      0      -      0      0      0      0      0      0      0      0      0      0      0      9      0      0      0      0      0      0      0      0      0      0      0      0      0      0      0      0      9      0      0      0      0      0      0      0      0      0      0      0     
0x2b9e015adb20           VIADD R35, R31, 0x40                                                     0      0      0      4096   131072  131072  32     32     0      0      0      -                      -          -      0      0      0      0      0      0      0      0      0      -      0      0      0      0      0      0      0      0      0      0      0      0      0      0      0      0      0      0      0      0      0      0      0      0      0      0      0      0      0      0      0      0      0      0      0      0      0      0      0      0     
0x2b9e015adb30           IMAD.WIDE.U32 R34, R35, 0x4, R32                                         0      0      0      4096   131072  131072  32     32     0      0      0      -                      -          -      0      0      0      0      0      0      0      0      0      -      0      0      0      0      0      0      0      0      0      0      0      0      0      0      0      0      0      0      0      0      0      0      0      0      0      0      0      0      0      0      0      0      0      0      0      0      0      0      0      0     
0x2b9e015adb40           ST.E desc[UR22][R36.64], R12                                             0      0      0      4096   131072  131072  32     32     0      0      0      Shared,Tmem,TmemShared            32     0      1      0      4096   4096   0      0      0      0             0      0      0      0      0      0      0      0      0      0      0      0      0      0      0      0      0      0      0      0      0      0      0      0      0      0      0      0      0      0      0      0      0      0      0      0      0      0      0      0     
0x2b9e015adb50           ST.E desc[UR22][R36.64+0x4], R13                                         0      0      0      4096   131072  131072  32     32     0      0      0      Shared,Tmem,TmemShared            32     0      1      0      4096   4096   0      0      0      0             0      0      0      0      0      0      0      0      0      0      0      0      0      0      0      0      0      0      0      0      0      0      0      0      0      0      0      0      0      0      0      0      0      0      0      0      0      0      0      0     
0x2b9e015adb60           ST.E desc[UR22][R36.64+0x8], R14                                         0      0      0      4096   131072  131072  32     32     0      0      0      Shared,Tmem,TmemShared            32     0      1      0      4096   4096   0      0      0      0             0      0      0      0      0      0      0      0      0      0      0      0      0      0      0      0      0      0      0      0      0      0      0      0      0      0      0      0      0      0      0      0      0      0      0      0      0      0      0      0     
0x2b9e015adb70           ST.E desc[UR22][R36.64+0xc], R15                                         0      0      0      4096   131072  131072  32     32     0      0      0      Shared,Tmem,TmemShared            32     0      1      0      4096   4096   0      0      0      0             0      0      0      0      0      0      0      0      0      0      0      0      0      0      0      0      0      0      0      0      0      0      0      0      0      0      0      0      0      0      0      0      0      0      0      0      0      0      0      0     
0x2b9e015adb80           ST.E desc[UR22][R36.64+0x10], R16                                        0      0      0      4096   131072  131072  32     32     0      0      0      Shared,Tmem,TmemShared            32     0      1      0      4096   4096   0      0      0      0             0      0      0      0      0      0      0      0      0      0      0      0      0      0      0      0      0      0      0      0      0      0      0      0      0      0      0      0      0      0      0      0      0      0      0      0      0      0      0      0     
0x2b9e015adb90           ST.E desc[UR22][R36.64+0x14], R17                                        0      0      0      4096   131072  131072  32     32     0      0      0      Shared,Tmem,TmemShared            32     0      1      0      4096   4096   0      0      0      0             0      0      0      0      0      0      0      0      0      0      0      0      0      0      0      0      0      0      0      0      0      0      0      0      0      0      0      0      0      0      0      0      0      0      0      0      0      0      0      0     
0x2b9e015adba0           ST.E desc[UR22][R36.64+0x18], R18                                        1      1      1      4096   131072  131072  32     32     0      0      0      Shared,Tmem,TmemShared            32     0      1      0      4096   4096   0      0      0      0             0      0      0      0      0      0      0      0      0      0      1      0      0      0      0      0      0      0      0      0      0      0      0      0      0      0      0      1      0      0      0      0      0      0      0      0      0      0      0      0     
0x2b9e015adbb0           ST.E desc[UR22][R36.64+0x1c], R19                                        0      0      0      4096   131072  131072  32     32     0      0      0      Shared,Tmem,TmemShared            32     0      1      0      4096   4096   0      0      0      0             0      0      0      0      0      0      0      0      0      0      0      0      0      0      0      0      0      0      0      0      0      0      0      0      0      0      0      0      0      0      0      0      0      0      0      0      0      0      0      0     
0x2b9e015adbc0           NOP                                                                      0      0      0      4096   131072  131072  32     32     0      0      0      -                      -          -      0      0      0      0      0      0      0      0      0      -      0      0      0      0      0      0      0      0      0      0      0      0      0      0      0      0      0      0      0      0      0      0      0      0      0      0      0      0      0      0      0      0      0      0      0      0      0      0      0      0     
0x2b9e015adbd0           ST.E desc[UR22][R36.64+0x20], R4                                         2      2      2      4096   131072  131072  32     32     0      0      0      Shared,Tmem,TmemShared            32     0      1      0      4096   4096   0      0      0      0             0      0      0      0      0      0      0      0      0      0      2      0      0      0      0      0      0      0      0      0      0      0      0      0      0      0      0      2      0      0      0      0      0      0      0      0      0      0      0      0     
0x2b9e015adbe0           ST.E desc[UR22][R36.64+0x24], R5                                         2      2      2      4096   131072  131072  32     32     0      0      0      Shared,Tmem,TmemShared            32     0      1      0      4096   4096   0      0      0      0             0      0      0      0      0      0      0      0      0      0      1      0      0      0      0      0      0      0      0      0      0      0      1      0      0      0      0      1      0      0      0      0      0      0      0      0      0      0      0      1     
0x2b9e015adbf0           ST.E desc[UR22][R36.64+0x28], R6                                         2      2      2      4096   131072  131072  32     32     0      0      0      Shared,Tmem,TmemShared            32     0      1      0      4096   4096   0      0      0      0             0      0      0      0      0      0      0      0      0      0      1      0      0      0      0      0      0      0      0      0      0      0      1      0      0      0      0      1      0      0      0      0      0      0      0      0      0      0      0      1     
0x2b9e015adc00           ST.E desc[UR22][R36.64+0x2c], R7                                         1      0      1      4096   131072  131072  32     32     0      0      0      Shared,Tmem,TmemShared            32     0      1      0      4096   4096   0      0      0      0             0      0      0      0      0      0      0      0      0      0      0      0      0      0      0      0      0      0      1      0      0      0      0      0      0      0      0      0      0      0      0      0      0      0      0      0      0      0      0      0     
0x2b9e015adc10           ST.E desc[UR22][R36.64+0x30], R8                                         1      1      1      4096   131072  131072  32     32     0      0      0      Shared,Tmem,TmemShared            32     0      1      0      4096   4096   0      0      0      0             0      0      0      0      0      0      0      0      0      0      0      0      0      0      0      0      0      0      0      0      0      0      1      0      0      0      0      0      0      0      0      0      0      0      0      0      0      0      0      1     
0x2b9e015adc20           ST.E desc[UR22][R36.64+0x34], R9                                         0      0      0      4096   131072  131072  32     32     0      0      0      Shared,Tmem,TmemShared            32     0      1      0      4096   4096   0      0      0      0             0      0      0      0      0      0      0      0      0      0      0      0      0      0      0      0      0      0      0      0      0      0      0      0      0      0      0      0      0      0      0      0      0      0      0      0      0      0      0      0     
0x2b9e015adc30           ST.E desc[UR22][R36.64+0x38], R10                                        1      1      1      4096   131072  131072  32     32     0      0      0      Shared,Tmem,TmemShared            32     0      1      0      4096   4096   0      0      0      0             0      0      0      0      0      0      0      0      0      0      1      0      0      0      0      0      0      0      0      0      0      0      0      0      0      0      0      1      0      0      0      0      0      0      0      0      0      0      0      0     
0x2b9e015adc40           ST.E desc[UR22][R36.64+0x3c], R11                                        2      2      2      4096   131072  131072  32     32     0      0      0      Shared,Tmem,TmemShared            32     0      1      0      4096   4096   0      0      0      0             0      0      0      0      0      0      0      0      0      0      0      0      0      0      0      0      0      0      0      0      0      0      2      0      0      0      0      0      0      0      0      0      0      0      0      0      0      0      0      2     
0x2b9e015adc50           LDTM.x8 R12, tmem[UR4+0x30]                                              1      1      1      4096   131072  131072  32     32     0      0      0      Tmem                   Load       -      0      0      0      0      0      0      0      0      0      -      0      0      0      0      0      0      0      0      0      0      0      1      0      0      0      0      0      0      0      0      0      0      0      0      0      0      0      0      1      0      0      0      0      0      0      0      0      0      0      0     
0x2b9e015adc60           NOP                                                                      0      0      0      4096   131072  131072  32     32     0      0      0      -                      -          -      0      0      0      0      0      0      0      0      0      -      0      0      0      0      0      0      0      0      0      0      0      0      0      0      0      0      0      0      0      0      0      0      0      0      0      0      0      0      0      0      0      0      0      0      0      0      0      0      0      0     
0x2b9e015adc70           LDTM.x8 R4, tmem[UR4+0x38]                                               4      4      4      4096   131072  131072  32     32     0      0      0      Tmem                   Load       -      0      0      0      0      0      0      0      0      0      -      0      0      0      0      0      0      0      0      0      0      0      4      0      0      0      0      0      0      0      0      0      0      0      0      0      0      0      0      4      0      0      0      0      0      0      0      0      0      0      0     
0x2b9e015adc80           ST.E desc[UR22][R36.64+0x40], R12                                        0      0      0      4096   131072  131072  32     32     0      0      0      Shared,Tmem,TmemShared            32     0      1      0      4096   4096   0      0      0      0             0      0      0      0      0      0      0      0      0      0      0      0      0      0      0      0      0      0      0      0      0      0      0      0      0      0      0      0      0      0      0      0      0      0      0      0      0      0      0      0     
0x2b9e015adc90           ST.E desc[UR22][R36.64+0x44], R13                                        1      1      1      4096   131072  131072  32     32     0      0      0      Shared,Tmem,TmemShared            32     0      1      0      4096   4096   0      0      0      0             0      0      0      0      0      0      0      0      0      0      1      0      0      0      0      0      0      0      0      0      0      0      0      0      0      0      0      1      0      0      0      0      0      0      0      0      0      0      0      0     
0x2b9e015adca0           ST.E desc[UR22][R36.64+0x48], R14                                        1      1      1      4096   131072  131072  32     32     0      0      0      Shared,Tmem,TmemShared            32     0      1      0      4096   4096   0      0      0      0             0      0      0      0      0      0      0      0      0      0      0      0      0      0      0      0      0      0      0      0      0      0      1      0      0      0      0      0      0      0      0      0      0      0      0      0      0      0      0      1     
0x2b9e015adcb0           ST.E desc[UR22][R36.64+0x4c], R15                                        0      0      0      4096   131072  131072  32     32     0      0      0      Shared,Tmem,TmemShared            32     0      1      0      4096   4096   0      0      0      0             0      0      0      0      0      0      0      0      0      0      0      0      0      0      0      0      0      0      0      0      0      0      0      0      0      0      0      0      0      0      0      0      0      0      0      0      0      0      0      0     
0x2b9e015adcc0           ST.E desc[UR22][R36.64+0x50], R16                                        1      1      1      4096   131072  131072  32     32     0      0      0      Shared,Tmem,TmemShared            32     0      1      0      4096   4096   0      0      0      0             0      0      0      0      0      0      0      0      0      0      1      0      0      0      0      0      0      0      0      0      0      0      0      0      0      0      0      1      0      0      0      0      0      0      0      0      0      0      0      0     
0x2b9e015adcd0           ST.E desc[UR22][R36.64+0x54], R17                                        2      2      2      4096   131072  131072  32     32     0      0      0      Shared,Tmem,TmemShared            32     0      1      0      4096   4096   0      0      0      0             0      0      0      0      0      0      0      0      0      0      1      0      0      0      0      0      0      0      0      0      0      0      1      0      0      0      0      1      0      0      0      0      0      0      0      0      0      0      0      1     
0x2b9e015adce0           ST.E desc[UR22][R36.64+0x58], R18                                        1      1      1      4096   131072  131072  32     32     0      0      0      Shared,Tmem,TmemShared            32     0      1      0      4096   4096   0      0      0      0             0      0      0      0      0      0      0      0      0      0      0      0      0      0      0      0      0      0      0      0      0      0      1      0      0      0      0      0      0      0      0      0      0      0      0      0      0      0      0      1     
0x2b9e015adcf0           ST.E desc[UR22][R36.64+0x5c], R19                                        0      0      0      4096   131072  131072  32     32     0      0      0      Shared,Tmem,TmemShared            32     0      1      0      4096   4096   0      0      0      0             0      0      0      0      0      0      0      0      0      0      0      0      0      0      0      0      0      0      0      0      0      0      0      0      0      0      0      0      0      0      0      0      0      0      0      0      0      0      0      0     
0x2b9e015add00           NOP                                                                      0      0      0      4096   131072  131072  32     32     0      0      0      -                      -          -      0      0      0      0      0      0      0      0      0      -      0      0      0      0      0      0      0      0      0      0      0      0      0      0      0      0      0      0      0      0      0      0      0      0      0      0      0      0      0      0      0      0      0      0      0      0      0      0      0      0     
0x2b9e015add10           ST.E desc[UR22][R36.64+0x60], R4                                         3      1      3      4096   131072  131072  32     32     0      0      0      Shared,Tmem,TmemShared            32     0      1      0      4096   4096   0      0      0      0             0      0      0      0      0      0      0      0      0      0      1      0      0      0      0      0      0      0      2      0      0      0      0      0      0      0      0      1      0      0      0      0      0      0      0      0      0      0      0      0     
0x2b9e015add20           ST.E desc[UR22][R36.64+0x64], R5                                         0      0      0      4096   131072  131072  32     32     0      0      0      Shared,Tmem,TmemShared            32     0      1      0      4096   4096   0      0      0      0             0      0      0      0      0      0      0      0      0      0      0      0      0      0      0      0      0      0      0      0      0      0      0      0      0      0      0      0      0      0      0      0      0      0      0      0      0      0      0      0     
0x2b9e015add30           ST.E desc[UR22][R36.64+0x68], R6                                         0      0      0      4096   131072  131072  32     32     0      0      0      Shared,Tmem,TmemShared            32     0      1      0      4096   4096   0      0      0      0             0      0      0      0      0      0      0      0      0      0      0      0      0      0      0      0      0      0      0      0      0      0      0      0      0      0      0      0      0      0      0      0      0      0      0      0      0      0      0      0     
0x2b9e015add40           ST.E desc[UR22][R36.64+0x6c], R7                                         2      2      2      4096   131072  131072  32     32     0      0      0      Shared,Tmem,TmemShared            32     0      1      0      4096   4096   0      0      0      0             0      0      0      0      0      0      0      0      0      0      2      0      0      0      0      0      0      0      0      0      0      0      0      0      0      0      0      2      0      0      0      0      0      0      0      0      0      0      0      0     
0x2b9e015add50           ST.E desc[UR22][R36.64+0x70], R8                                         3      3      3      4096   131072  131072  32     32     0      0      0      Shared,Tmem,TmemShared            32     0      1      0      4096   4096   0      0      0      0             0      0      0      0      0      0      0      0      1      0      1      0      0      0      0      0      0      0      0      0      0      0      1      0      0      1      0      1      0      0      0      0      0      0      0      0      0      0      0      1     
0x2b9e015add60           ST.E desc[UR22][R36.64+0x74], R9                                         1      1      1      4096   131072  131072  32     32     0      0      0      Shared,Tmem,TmemShared            32     0      1      0      4096   4096   0      0      0      0             0      0      0      0      0      0      0      0      0      0      0      0      0      0      0      0      0      0      0      0      0      0      1      0      0      0      0      0      0      0      0      0      0      0      0      0      0      0      0      1     
0x2b9e015add70           ST.E desc[UR22][R36.64+0x78], R10                                        1      0      1      4096   131072  131072  32     32     0      0      0      Shared,Tmem,TmemShared            32     0      1      0      4096   4096   0      0      0      0             0      0      0      0      0      0      0      0      0      0      0      0      0      0      0      0      0      0      1      0      0      0      0      0      0      0      0      0      0      0      0      0      0      0      0      0      0      0      0      0     
0x2b9e015add80           ST.E desc[UR22][R36.64+0x7c], R11                                        0      0      0      4096   131072  131072  32     32     0      0      0      Shared,Tmem,TmemShared            32     0      1      0      4096   4096   0      0      0      0             0      0      0      0      0      0      0      0      0      0      0      0      0      0      0      0      0      0      0      0      0      0      0      0      0      0      0      0      0      0      0      0      0      0      0      0      0      0      0      0     
0x2b9e015add90           LDTM.x8 R12, tmem[UR4+0x40]                                              3      3      3      4096   131072  131072  32     32     0      0      0      Tmem                   Load       -      0      0      0      0      0      0      0      0      0      -      0      0      0      0      0      0      0      0      0      0      0      3      0      0      0      0      0      0      0      0      0      0      0      0      0      0      0      0      3      0      0      0      0      0      0      0      0      0      0      0     
0x2b9e015adda0           NOP                                                                      0      0      0      4096   131072  131072  32     32     0      0      0      -                      -          -      0      0      0      0      0      0      0      0      0      -      0      0      0      0      0      0      0      0      0      0      0      0      0      0      0      0      0      0      0      0      0      0      0      0      0      0      0      0      0      0      0      0      0      0      0      0      0      0      0      0     
0x2b9e015addb0           LDTM.x8 R4, tmem[UR4+0x48]                                               5      5      5      4096   131072  131072  32     32     0      0      0      Tmem                   Load       -      0      0      0      0      0      0      0      0      0      -      0      0      0      0      0      0      0      0      0      0      0      5      0      0      0      0      0      0      0      0      0      0      0      0      0      0      0      0      5      0      0      0      0      0      0      0      0      0      0      0     
0x2b9e015addc0           VIADD R37, R31, 0x60                                                     0      0      0      4096   131072  131072  32     32     0      0      0      -                      -          -      0      0      0      0      0      0      0      0      0      -      0      0      0      0      0      0      0      0      0      0      0      0      0      0      0      0      0      0      0      0      0      0      0      0      0      0      0      0      0      0      0      0      0      0      0      0      0      0      0      0     
0x2b9e015addd0           IMAD.WIDE.U32 R36, R37, 0x4, R32                                         0      0      0      4096   131072  131072  32     32     0      0      0      -                      -          -      0      0      0      0      0      0      0      0      0      -      0      0      0      0      0      0      0      0      0      0      0      0      0      0      0      0      0      0      0      0      0      0      0      0      0      0      0      0      0      0      0      0      0      0      0      0      0      0      0      0     
0x2b9e015adde0           ST.E desc[UR22][R34.64], R12                                             0      0      0      4096   131072  131072  32     32     0      0      0      Shared,Tmem,TmemShared            32     0      1      0      4096   4096   0      0      0      0             0      0      0      0      0      0      0      0      0      0      0      0      0      0      0      0      0      0      0      0      0      0      0      0      0      0      0      0      0      0      0      0      0      0      0      0      0      0      0      0     
0x2b9e015addf0           ST.E desc[UR22][R34.64+0x4], R13                                         1      1      1      4096   131072  131072  32     32     0      0      0      Shared,Tmem,TmemShared            32     0      1      0      4096   4096   0      0      0      0             0      0      0      0      0      0      0      0      0      0      1      0      0      0      0      0      0      0      0      0      0      0      0      0      0      0      0      1      0      0      0      0      0      0      0      0      0      0      0      0     
0x2b9e015ade00           ST.E desc[UR22][R34.64+0x8], R14                                         0      0      0      4096   131072  131072  32     32     0      0      0      Shared,Tmem,TmemShared            32     0      1      0      4096   4096   0      0      0      0             0      0      0      0      0      0      0      0      0      0      0      0      0      0      0      0      0      0      0      0      0      0      0      0      0      0      0      0      0      0      0      0      0      0      0      0      0      0      0      0     
0x2b9e015ade10           ST.E desc[UR22][R34.64+0xc], R15                                         0      0      0      4096   131072  131072  32     32     0      0      0      Shared,Tmem,TmemShared            32     0      1      0      4096   4096   0      0      0      0             0      0      0      0      0      0      0      0      0      0      0      0      0      0      0      0      0      0      0      0      0      0      0      0      0      0      0      0      0      0      0      0      0      0      0      0      0      0      0      0     
0x2b9e015ade20           ST.E desc[UR22][R34.64+0x10], R16                                        2      1      2      4096   131072  131072  32     32     0      0      0      Shared,Tmem,TmemShared            32     0      1      0      4096   4096   0      0      0      0             0      0      0      0      0      0      0      0      0      0      0      0      0      0      0      0      0      1      0      0      0      0      1      0      0      0      0      0      0      0      0      0      0      0      0      0      0      0      0      1     
0x2b9e015ade30           ST.E desc[UR22][R34.64+0x14], R17                                        0      0      0      4096   131072  131072  32     32     0      0      0      Shared,Tmem,TmemShared            32     0      1      0      4096   4096   0      0      0      0             0      0      0      0      0      0      0      0      0      0      0      0      0      0      0      0      0      0      0      0      0      0      0      0      0      0      0      0      0      0      0      0      0      0      0      0      0      0      0      0     
0x2b9e015ade40           ST.E desc[UR22][R34.64+0x18], R18                                        1      1      1      4096   131072  131072  32     32     0      0      0      Shared,Tmem,TmemShared            32     0      1      0      4096   4096   0      0      0      0             0      0      0      0      0      0      0      0      0      0      1      0      0      0      0      0      0      0      0      0      0      0      0      0      0      0      0      1      0      0      0      0      0      0      0      0      0      0      0      0     
0x2b9e015ade50           ST.E desc[UR22][R34.64+0x1c], R19                                        0      0      0      4096   131072  131072  32     32     0      0      0      Shared,Tmem,TmemShared            32     0      1      0      4096   4096   0      0      0      0             0      0      0      0      0      0      0      0      0      0      0      0      0      0      0      0      0      0      0      0      0      0      0      0      0      0      0      0      0      0      0      0      0      0      0      0      0      0      0      0     
0x2b9e015ade60           NOP                                                                      0      0      0      4096   131072  131072  32     32     0      0      0      -                      -          -      0      0      0      0      0      0      0      0      0      -      0      0      0      0      0      0      0      0      0      0      0      0      0      0      0      0      0      0      0      0      0      0      0      0      0      0      0      0      0      0      0      0      0      0      0      0      0      0      0      0     
0x2b9e015ade70           ST.E desc[UR22][R34.64+0x20], R4                                         0      0      0      4096   131072  131072  32     32     0      0      0      Shared,Tmem,TmemShared            32     0      1      0      4096   4096   0      0      0      0             0      0      0      0      0      0      0      0      0      0      0      0      0      0      0      0      0      0      0      0      0      0      0      0      0      0      0      0      0      0      0      0      0      0      0      0      0      0      0      0     
0x2b9e015ade80           ST.E desc[UR22][R34.64+0x24], R5                                         2      1      2      4096   131072  131072  32     32     0      0      0      Shared,Tmem,TmemShared            32     0      1      0      4096   4096   0      0      0      0             0      0      0      0      0      0      0      0      0      0      0      0      0      0      0      0      0      0      1      0      0      0      1      0      0      0      0      0      0      0      0      0      0      0      0      0      0      0      0      1     
0x2b9e015ade90           ST.E desc[UR22][R34.64+0x28], R6                                         2      2      2      4096   131072  131072  32     32     0      0      0      Shared,Tmem,TmemShared            32     0      1      0      4096   4096   0      0      0      0             0      0      0      0      0      0      0      0      0      0      2      0      0      0      0      0      0      0      0      0      0      0      0      0      0      0      0      2      0      0      0      0      0      0      0      0      0      0      0      0     
0x2b9e015adea0           ST.E desc[UR22][R34.64+0x2c], R7                                         0      0      0      4096   131072  131072  32     32     0      0      0      Shared,Tmem,TmemShared            32     0      1      0      4096   4096   0      0      0      0             0      0      0      0      0      0      0      0      0      0      0      0      0      0      0      0      0      0      0      0      0      0      0      0      0      0      0      0      0      0      0      0      0      0      0      0      0      0      0      0     
0x2b9e015adeb0           ST.E desc[UR22][R34.64+0x30], R8                                         3      3      3      4096   131072  131072  32     32     0      0      0      Shared,Tmem,TmemShared            32     0      1      0      4096   4096   0      0      0      0             0      0      0      0      0      0      0      0      0      0      1      0      0      0      0      0      0      0      0      0      0      0      2      0      0      0      0      1      0      0      0      0      0      0      0      0      0      0      0      2     
0x2b9e015adec0           ST.E desc[UR22][R34.64+0x34], R9                                         0      0      0      4096   131072  131072  32     32     0      0      0      Shared,Tmem,TmemShared            32     0      1      0      4096   4096   0      0      0      0             0      0      0      0      0      0      0      0      0      0      0      0      0      0      0      0      0      0      0      0      0      0      0      0      0      0      0      0      0      0      0      0      0      0      0      0      0      0      0      0     
0x2b9e015aded0           ST.E desc[UR22][R34.64+0x38], R10                                        3      3      3      4096   131072  131072  32     32     0      0      0      Shared,Tmem,TmemShared            32     0      1      0      4096   4096   0      0      0      0             0      0      0      0      0      0      0      0      0      0      1      0      0      0      0      0      0      0      0      0      0      0      2      0      0      0      0      1      0      0      0      0      0      0      0      0      0      0      0      2     
0x2b9e015adee0           ST.E desc[UR22][R34.64+0x3c], R11                                        1      1      1      4096   131072  131072  32     32     0      0      0      Shared,Tmem,TmemShared            32     0      1      0      4096   4096   0      0      0      0             0      0      0      0      0      0      0      0      0      0      1      0      0      0      0      0      0      0      0      0      0      0      0      0      0      0      0      1      0      0      0      0      0      0      0      0      0      0      0      0     
0x2b9e015adef0           LDTM.x8 R12, tmem[UR4+0x50]                                              0      0      0      4096   131072  131072  32     32     0      0      0      Tmem                   Load       -      0      0      0      0      0      0      0      0      0      -      0      0      0      0      0      0      0      0      0      0      0      0      0      0      0      0      0      0      0      0      0      0      0      0      0      0      0      0      0      0      0      0      0      0      0      0      0      0      0      0     
0x2b9e015adf00           NOP                                                                      0      0      0      4096   131072  131072  32     32     0      0      0      -                      -          -      0      0      0      0      0      0      0      0      0      -      0      0      0      0      0      0      0      0      0      0      0      0      0      0      0      0      0      0      0      0      0      0      0      0      0      0      0      0      0      0      0      0      0      0      0      0      0      0      0      0     
0x2b9e015adf10           LDTM.x8 R4, tmem[UR4+0x58]                                               8      6      8      4096   131072  131072  32     32     0      0      0      Tmem                   Load       -      0      0      0      0      0      0      0      0      0      -      0      0      0      0      0      0      0      0      0      0      0      8      0      0      0      0      0      0      0      0      0      0      0      0      0      0      0      0      6      0      0      0      0      0      0      0      0      0      0      0     
0x2b9e015adf20           ST.E desc[UR22][R34.64+0x40], R12                                        0      0      0      4096   131072  131072  32     32     0      0      0      Shared,Tmem,TmemShared            32     0      1      0      4096   4096   0      0      0      0             0      0      0      0      0      0      0      0      0      0      0      0      0      0      0      0      0      0      0      0      0      0      0      0      0      0      0      0      0      0      0      0      0      0      0      0      0      0      0      0     
0x2b9e015adf30           ST.E desc[UR22][R34.64+0x44], R13                                        1      1      1      4096   131072  131072  32     32     0      0      0      Shared,Tmem,TmemShared            32     0      1      0      4096   4096   0      0      0      0             0      0      0      0      0      0      0      0      0      0      1      0      0      0      0      0      0      0      0      0      0      0      0      0      0      0      0      1      0      0      0      0      0      0      0      0      0      0      0      0     
0x2b9e015adf40           ST.E desc[UR22][R34.64+0x48], R14                                        0      0      0      4096   131072  131072  32     32     0      0      0      Shared,Tmem,TmemShared            32     0      1      0      4096   4096   0      0      0      0             0      0      0      0      0      0      0      0      0      0      0      0      0      0      0      0      0      0      0      0      0      0      0      0      0      0      0      0      0      0      0      0      0      0      0      0      0      0      0      0     
0x2b9e015adf50           ST.E desc[UR22][R34.64+0x4c], R15                                        2      2      2      4096   131072  131072  32     32     0      0      0      Shared,Tmem,TmemShared            32     0      1      0      4096   4096   0      0      0      0             0      0      0      0      0      0      0      0      0      0      0      0      0      0      0      0      0      0      0      0      0      0      2      0      0      0      0      0      0      0      0      0      0      0      0      0      0      0      0      2     
0x2b9e015adf60           ST.E desc[UR22][R34.64+0x50], R16                                        0      0      0      4096   131072  131072  32     32     0      0      0      Shared,Tmem,TmemShared            32     0      1      0      4096   4096   0      0      0      0             0      0      0      0      0      0      0      0      0      0      0      0      0      0      0      0      0      0      0      0      0      0      0      0      0      0      0      0      0      0      0      0      0      0      0      0      0      0      0      0     
0x2b9e015adf70           ST.E desc[UR22][R34.64+0x54], R17                                        1      1      1      4096   131072  131072  32     32     0      0      0      Shared,Tmem,TmemShared            32     0      1      0      4096   4096   0      0      0      0             0      0      0      0      0      0      0      0      0      0      0      0      0      0      0      0      0      0      0      0      0      0      1      0      0      0      0      0      0      0      0      0      0      0      0      0      0      0      0      1     
0x2b9e015adf80           ST.E desc[UR22][R34.64+0x58], R18                                        0      0      0      4096   131072  131072  32     32     0      0      0      Shared,Tmem,TmemShared            32     0      1      0      4096   4096   0      0      0      0             0      0      0      0      0      0      0      0      0      0      0      0      0      0      0      0      0      0      0      0      0      0      0      0      0      0      0      0      0      0      0      0      0      0      0      0      0      0      0      0     
0x2b9e015adf90           ST.E desc[UR22][R34.64+0x5c], R19                                        0      0      0      4096   131072  131072  32     32     0      0      0      Shared,Tmem,TmemShared            32     0      1      0      4096   4096   0      0      0      0             0      0      0      0      0      0      0      0      0      0      0      0      0      0      0      0      0      0      0      0      0      0      0      0      0      0      0      0      0      0      0      0      0      0      0      0      0      0      0      0     
0x2b9e015adfa0           NOP                                                                      0      0      0      4096   131072  131072  32     32     0      0      0      -                      -          -      0      0      0      0      0      0      0      0      0      -      0      0      0      0      0      0      0      0      0      0      0      0      0      0      0      0      0      0      0      0      0      0      0      0      0      0      0      0      0      0      0      0      0      0      0      0      0      0      0      0     
0x2b9e015adfb0           ST.E desc[UR22][R34.64+0x60], R4                                         2      1      2      4096   131072  131072  32     32     0      0      0      Shared,Tmem,TmemShared            32     0      1      0      4096   4096   0      0      0      0             0      0      0      0      0      0      0      0      0      0      0      0      0      0      0      0      0      0      1      0      0      0      1      0      0      0      0      0      0      0      0      0      0      0      0      0      0      0      0      1     
0x2b9e015adfc0           ST.E desc[UR22][R34.64+0x64], R5                                         1      1      1      4096   131072  131072  32     32     0      0      0      Shared,Tmem,TmemShared            32     0      1      0      4096   4096   0      0      0      0             0      0      0      0      0      0      0      0      0      0      1      0      0      0      0      0      0      0      0      0      0      0      0      0      0      0      0      1      0      0      0      0      0      0      0      0      0      0      0      0     
0x2b9e015adfd0           ST.E desc[UR22][R34.64+0x68], R6                                         4      4      4      4096   131072  131072  32     32     0      0      0      Shared,Tmem,TmemShared            32     0      1      0      4096   4096   0      0      0      0             0      0      0      0      0      0      0      0      0      0      4      0      0      0      0      0      0      0      0      0      0      0      0      0      0      0      0      4      0      0      0      0      0      0      0      0      0      0      0      0     
0x2b9e015adfe0           ST.E desc[UR22][R34.64+0x6c], R7                                         0      0      0      4096   131072  131072  32     32     0      0      0      Shared,Tmem,TmemShared            32     0      1      0      4096   4096   0      0      0      0             0      0      0      0      0      0      0      0      0      0      0      0      0      0      0      0      0      0      0      0      0      0      0      0      0      0      0      0      0      0      0      0      0      0      0      0      0      0      0      0     
0x2b9e015adff0           ST.E desc[UR22][R34.64+0x70], R8                                         1      1      1      4096   131072  131072  32     32     0      0      0      Shared,Tmem,TmemShared            32     0      1      0      4096   4096   0      0      0      0             0      0      0      0      0      0      0      0      0      0      0      0      0      0      0      0      0      0      0      0      0      0      1      0      0      0      0      0      0      0      0      0      0      0      0      0      0      0      0      1     
0x2b9e015ae000           ST.E desc[UR22][R34.64+0x74], R9                                         2      2      2      4096   131072  131072  32     32     0      0      0      Shared,Tmem,TmemShared            32     0      1      0      4096   4096   0      0      0      0             0      0      0      0      0      0      0      0      0      0      0      0      0      0      0      0      0      0      0      0      0      0      2      0      0      0      0      0      0      0      0      0      0      0      0      0      0      0      0      2     
0x2b9e015ae010           ST.E desc[UR22][R34.64+0x78], R10                                        1      1      1      4096   131072  131072  32     32     0      0      0      Shared,Tmem,TmemShared            32     0      1      0      4096   4096   0      0      0      0             0      0      0      0      0      0      0      0      0      0      0      0      0      0      0      0      0      0      0      0      0      0      1      0      0      0      0      0      0      0      0      0      0      0      0      0      0      0      0      1     
0x2b9e015ae020           ST.E desc[UR22][R34.64+0x7c], R11                                        0      0      0      4096   131072  131072  32     32     0      0      0      Shared,Tmem,TmemShared            32     0      1      0      4096   4096   0      0      0      0             0      0      0      0      0      0      0      0      0      0      0      0      0      0      0      0      0      0      0      0      0      0      0      0      0      0      0      0      0      0      0      0      0      0      0      0      0      0      0      0     
0x2b9e015ae030           LDTM.x8 R12, tmem[UR4+0x60]                                              1      0      1      4096   131072  131072  32     32     0      0      0      Tmem                   Load       -      0      0      0      0      0      0      0      0      0      -      0      0      0      0      0      0      0      0      0      0      0      1      0      0      0      0      0      0      0      0      0      0      0      0      0      0      0      0      0      0      0      0      0      0      0      0      0      0      0      0     
0x2b9e015ae040           NOP                                                                      0      0      0      4096   131072  131072  32     32     0      0      0      -                      -          -      0      0      0      0      0      0      0      0      0      -      0      0      0      0      0      0      0      0      0      0      0      0      0      0      0      0      0      0      0      0      0      0      0      0      0      0      0      0      0      0      0      0      0      0      0      0      0      0      0      0     
0x2b9e015ae050           LDTM.x8 R4, tmem[UR4+0x68]                                               9      7      9      4096   131072  131072  32     32     0      0      0      Tmem                   Load       -      0      0      0      0      0      0      0      0      0      -      0      0      0      0      0      0      0      0      0      0      0      9      0      0      0      0      0      0      0      0      0      0      0      0      0      0      0      0      7      0      0      0      0      0      0      0      0      0      0      0     
0x2b9e015ae060           ST.E desc[UR22][R36.64], R12                                             0      0      0      4096   131072  131072  32     32     0      0      0      Shared,Tmem,TmemShared            32     0      1      0      4096   4096   0      0      0      0             0      0      0      0      0      0      0      0      0      0      0      0      0      0      0      0      0      0      0      0      0      0      0      0      0      0      0      0      0      0      0      0      0      0      0      0      0      0      0      0     
0x2b9e015ae070           ST.E desc[UR22][R36.64+0x4], R13                                         2      2      2      4096   131072  131072  32     32     0      0      0      Shared,Tmem,TmemShared            32     0      1      0      4096   4096   0      0      0      0             0      0      0      0      0      0      0      0      0      0      1      0      0      0      0      0      0      0      0      0      0      0      1      0      0      0      0      1      0      0      0      0      0      0      0      0      0      0      0      1     
0x2b9e015ae080           ST.E desc[UR22][R36.64+0x8], R14                                         1      1      1      4096   131072  131072  32     32     0      0      0      Shared,Tmem,TmemShared            32     0      1      0      4096   4096   0      0      0      0             0      0      0      0      0      0      0      0      0      0      0      0      0      0      0      0      0      0      0      0      0      0      1      0      0      0      0      0      0      0      0      0      0      0      0      0      0      0      0      1     
0x2b9e015ae090           ST.E desc[UR22][R36.64+0xc], R15                                         0      0      0      4096   131072  131072  32     32     0      0      0      Shared,Tmem,TmemShared            32     0      1      0      4096   4096   0      0      0      0             0      0      0      0      0      0      0      0      0      0      0      0      0      0      0      0      0      0      0      0      0      0      0      0      0      0      0      0      0      0      0      0      0      0      0      0      0      0      0      0     
0x2b9e015ae0a0           ST.E desc[UR22][R36.64+0x10], R16                                        0      0      0      4096   131072  131072  32     32     0      0      0      Shared,Tmem,TmemShared            32     0      1      0      4096   4096   0      0      0      0             0      0      0      0      0      0      0      0      0      0      0      0      0      0      0      0      0      0      0      0      0      0      0      0      0      0      0      0      0      0      0      0      0      0      0      0      0      0      0      0     
0x2b9e015ae0b0           ST.E desc[UR22][R36.64+0x14], R17                                        1      1      1      4096   131072  131072  32     32     0      0      0      Shared,Tmem,TmemShared            32     0      1      0      4096   4096   0      0      0      0             0      0      0      0      0      0      0      0      0      0      0      0      0      0      0      0      0      0      0      0      0      0      1      0      0      0      0      0      0      0      0      0      0      0      0      0      0      0      0      1     
0x2b9e015ae0c0           ST.E desc[UR22][R36.64+0x18], R18                                        2      1      2      4096   131072  131072  32     32     0      0      0      Shared,Tmem,TmemShared            32     0      1      0      4096   4096   0      0      0      0             0      0      0      0      0      0      0      0      1      0      1      0      0      0      0      0      0      0      0      0      0      0      0      0      0      0      0      1      0      0      0      0      0      0      0      0      0      0      0      0     
0x2b9e015ae0d0           ST.E desc[UR22][R36.64+0x1c], R19                                        0      0      0      4096   131072  131072  32     32     0      0      0      Shared,Tmem,TmemShared            32     0      1      0      4096   4096   0      0      0      0             0      0      0      0      0      0      0      0      0      0      0      0      0      0      0      0      0      0      0      0      0      0      0      0      0      0      0      0      0      0      0      0      0      0      0      0      0      0      0      0     
0x2b9e015ae0e0           NOP                                                                      0      0      0      4096   131072  131072  32     32     0      0      0      -                      -          -      0      0      0      0      0      0      0      0      0      -      0      0      0      0      0      0      0      0      0      0      0      0      0      0      0      0      0      0      0      0      0      0      0      0      0      0      0      0      0      0      0      0      0      0      0      0      0      0      0      0     
0x2b9e015ae0f0           ST.E desc[UR22][R36.64+0x20], R4                                         0      0      0      4096   131072  131072  32     32     0      0      0      Shared,Tmem,TmemShared            32     0      1      0      4096   4096   0      0      0      0             0      0      0      0      0      0      0      0      0      0      0      0      0      0      0      0      0      0      0      0      0      0      0      0      0      0      0      0      0      0      0      0      0      0      0      0      0      0      0      0     
0x2b9e015ae100           ST.E desc[UR22][R36.64+0x24], R5                                         1      1      1      4096   131072  131072  32     32     0      0      0      Shared,Tmem,TmemShared            32     0      1      0      4096   4096   0      0      0      0             0      0      0      0      0      0      0      0      0      0      1      0      0      0      0      0      0      0      0      0      0      0      0      0      0      0      0      1      0      0      0      0      0      0      0      0      0      0      0      0     
0x2b9e015ae110           ST.E desc[UR22][R36.64+0x28], R6                                         2      1      2      4096   131072  131072  32     32     0      0      0      Shared,Tmem,TmemShared            32     0      1      0      4096   4096   0      0      0      0             0      0      0      0      0      0      0      0      0      0      1      0      0      0      0      0      0      0      0      0      0      0      1      0      0      0      0      1      0      0      0      0      0      0      0      0      0      0      0      0     
0x2b9e015ae120           ST.E desc[UR22][R36.64+0x2c], R7                                         1      1      1      4096   131072  131072  32     32     0      0      0      Shared,Tmem,TmemShared            32     0      1      0      4096   4096   0      0      0      0             0      0      0      0      0      0      0      0      0      0      1      0      0      0      0      0      0      0      0      0      0      0      0      0      0      0      0      1      0      0      0      0      0      0      0      0      0      0      0      0     
0x2b9e015ae130           ST.E desc[UR22][R36.64+0x30], R8                                         1      1      1      4096   131072  131072  32     32     0      0      0      Shared,Tmem,TmemShared            32     0      1      0      4096   4096   0      0      0      0             0      0      0      0      0      0      0      0      0      0      0      0      0      0      0      0      0      0      0      0      0      0      1      0      0      0      0      0      0      0      0      0      0      0      0      0      0      0      0      1     
0x2b9e015ae140           ST.E desc[UR22][R36.64+0x34], R9                                         0      0      0      4096   131072  131072  32     32     0      0      0      Shared,Tmem,TmemShared            32     0      1      0      4096   4096   0      0      0      0             0      0      0      0      0      0      0      0      0      0      0      0      0      0      0      0      0      0      0      0      0      0      0      0      0      0      0      0      0      0      0      0      0      0      0      0      0      0      0      0     
0x2b9e015ae150           ST.E desc[UR22][R36.64+0x38], R10                                        0      0      0      4096   131072  131072  32     32     0      0      0      Shared,Tmem,TmemShared            32     0      1      0      4096   4096   0      0      0      0             0      0      0      0      0      0      0      0      0      0      0      0      0      0      0      0      0      0      0      0      0      0      0      0      0      0      0      0      0      0      0      0      0      0      0      0      0      0      0      0     
0x2b9e015ae160           ST.E desc[UR22][R36.64+0x3c], R11                                        1      1      1      4096   131072  131072  32     32     0      0      0      Shared,Tmem,TmemShared            32     0      1      0      4096   4096   0      0      0      0             0      0      0      0      0      0      0      0      0      0      0      0      0      0      0      0      0      0      0      0      0      0      1      0      0      0      0      0      0      0      0      0      0      0      0      0      0      0      0      1     
0x2b9e015ae170           LDTM.x8 R12, tmem[UR4+0x70]                                              1      1      1      4096   131072  131072  32     32     0      0      0      Tmem                   Load       -      0      0      0      0      0      0      0      0      0      -      0      0      0      0      0      0      0      0      0      0      0      1      0      0      0      0      0      0      0      0      0      0      0      0      0      0      0      0      1      0      0      0      0      0      0      0      0      0      0      0     
0x2b9e015ae180           NOP                                                                      0      0      0      4096   131072  131072  32     32     0      0      0      -                      -          -      0      0      0      0      0      0      0      0      0      -      0      0      0      0      0      0      0      0      0      0      0      0      0      0      0      0      0      0      0      0      0      0      0      0      0      0      0      0      0      0      0      0      0      0      0      0      0      0      0      0     
0x2b9e015ae190           LDTM.x8 R4, tmem[UR4+0x78]                                               10     7      10     4096   131072  131072  32     32     0      0      0      Tmem                   Load       -      0      0      0      0      0      0      0      0      0      -      0      0      0      0      0      0      0      0      0      0      0      9      0      0      0      0      0      0      1      0      0      0      0      0      0      0      0      0      7      0      0      0      0      0      0      0      0      0      0      0     
0x2b9e015ae1a0           LDCU UR4, c[0x0][0x39c]                                                  1      0      1      4096   131072  131072  32     32     0      0      0      -                      -          -      0      0      0      0      0      0      0      0      0      -      0      0      0      0      0      0      0      0      0      0      0      0      0      0      0      0      0      0      1      0      0      0      0      0      0      0      0      0      0      0      0      0      0      0      0      0      0      0      0      0     
0x2b9e015ae1b0           ST.E desc[UR22][R36.64+0x40], R12                                        0      0      0      4096   131072  131072  32     32     0      0      0      Shared,Tmem,TmemShared            32     0      1      0      4096   4096   0      0      0      0             0      0      0      0      0      0      0      0      0      0      0      0      0      0      0      0      0      0      0      0      0      0      0      0      0      0      0      0      0      0      0      0      0      0      0      0      0      0      0      0     
0x2b9e015ae1c0           ST.E desc[UR22][R36.64+0x44], R13                                        1      1      1      4096   131072  131072  32     32     0      0      0      Shared,Tmem,TmemShared            32     0      1      0      4096   4096   0      0      0      0             0      0      0      0      0      0      0      0      0      0      1      0      0      0      0      0      0      0      0      0      0      0      0      0      0      0      0      1      0      0      0      0      0      0      0      0      0      0      0      0     
0x2b9e015ae1d0           ST.E desc[UR22][R36.64+0x48], R14                                        1      1      1      4096   131072  131072  32     32     0      0      0      Shared,Tmem,TmemShared            32     0      1      0      4096   4096   0      0      0      0             0      0      0      0      0      0      0      0      0      0      0      0      0      0      0      0      0      0      0      0      0      0      1      0      0      0      0      0      0      0      0      0      0      0      0      0      0      0      0      1     
0x2b9e015ae1e0           ST.E desc[UR22][R36.64+0x4c], R15                                        0      0      0      4096   131072  131072  32     32     0      0      0      Shared,Tmem,TmemShared            32     0      1      0      4096   4096   0      0      0      0             0      0      0      0      0      0      0      0      0      0      0      0      0      0      0      0      0      0      0      0      0      0      0      0      0      0      0      0      0      0      0      0      0      0      0      0      0      0      0      0     
0x2b9e015ae1f0           ST.E desc[UR22][R36.64+0x50], R16                                        0      0      0      4096   131072  131072  32     32     0      0      0      Shared,Tmem,TmemShared            32     0      1      0      4096   4096   0      0      0      0             0      0      0      0      0      0      0      0      0      0      0      0      0      0      0      0      0      0      0      0      0      0      0      0      0      0      0      0      0      0      0      0      0      0      0      0      0      0      0      0     
0x2b9e015ae200           ST.E desc[UR22][R36.64+0x54], R17                                        0      0      0      4096   131072  131072  32     32     0      0      0      Shared,Tmem,TmemShared            32     0      1      0      4096   4096   0      0      0      0             0      0      0      0      0      0      0      0      0      0      0      0      0      0      0      0      0      0      0      0      0      0      0      0      0      0      0      0      0      0      0      0      0      0      0      0      0      0      0      0     
0x2b9e015ae210           IMAD.MOV.U32 R14, RZ, RZ, R3                                             0      0      0      4096   131072  131072  32     32     0      0      0      -                      -          -      0      0      0      0      0      0      0      0      0      -      0      0      0      0      0      0      0      0      0      0      0      0      0      0      0      0      0      0      0      0      0      0      0      0      0      0      0      0      0      0      0      0      0      0      0      0      0      0      0      0     
0x2b9e015ae220           ST.E desc[UR22][R36.64+0x58], R18                                        0      0      0      4096   131072  131072  32     32     0      0      0      Shared,Tmem,TmemShared            32     0      1      0      4096   4096   0      0      0      0             0      0      0      0      0      0      0      0      0      0      0      0      0      0      0      0      0      0      0      0      0      0      0      0      0      0      0      0      0      0      0      0      0      0      0      0      0      0      0      0     
0x2b9e015ae230           ST.E desc[UR22][R36.64+0x5c], R19                                        2      2      2      4096   131072  131072  32     32     0      0      0      Shared,Tmem,TmemShared            32     0      1      0      4096   4096   0      0      0      0             0      0      0      0      0      0      0      0      0      0      0      0      0      0      0      0      0      0      0      0      0      0      2      0      0      0      0      0      0      0      0      0      0      0      0      0      0      0      0      2     
0x2b9e015ae240           NOP                                                                      0      0      0      4096   131072  131072  32     32     0      0      0      -                      -          -      0      0      0      0      0      0      0      0      0      -      0      0      0      0      0      0      0      0      0      0      0      0      0      0      0      0      0      0      0      0      0      0      0      0      0      0      0      0      0      0      0      0      0      0      0      0      0      0      0      0     
0x2b9e015ae250           ST.E desc[UR22][R36.64+0x60], R4                                         1      1      1      4096   131072  131072  32     32     0      0      0      Shared,Tmem,TmemShared            32     0      1      0      4096   4096   0      0      0      0             0      0      0      0      0      0      0      0      0      0      1      0      0      0      0      0      0      0      0      0      0      0      0      0      0      0      0      1      0      0      0      0      0      0      0      0      0      0      0      0     
0x2b9e015ae260           ST.E desc[UR22][R36.64+0x64], R5                                         0      0      0      4096   131072  131072  32     32     0      0      0      Shared,Tmem,TmemShared            32     0      1      0      4096   4096   0      0      0      0             0      0      0      0      0      0      0      0      0      0      0      0      0      0      0      0      0      0      0      0      0      0      0      0      0      0      0      0      0      0      0      0      0      0      0      0      0      0      0      0     
0x2b9e015ae270           ST.E desc[UR22][R36.64+0x68], R6                                         0      0      0      4096   131072  131072  32     32     0      0      0      Shared,Tmem,TmemShared            32     0      1      0      4096   4096   0      0      0      0             0      0      0      0      0      0      0      0      0      0      0      0      0      0      0      0      0      0      0      0      0      0      0      0      0      0      0      0      0      0      0      0      0      0      0      0      0      0      0      0     
0x2b9e015ae280           ST.E desc[UR22][R36.64+0x6c], R7                                         1      1      1      4096   131072  131072  32     32     0      0      0      Shared,Tmem,TmemShared            32     0      1      0      4096   4096   0      0      0      0             0      0      0      0      0      0      0      0      0      0      0      0      0      0      0      0      0      0      0      0      0      0      1      0      0      0      0      0      0      0      0      0      0      0      0      0      0      0      0      1     
0x2b9e015ae290           ST.E desc[UR22][R36.64+0x70], R8                                         0      0      0      4096   131072  131072  32     32     0      0      0      Shared,Tmem,TmemShared            32     0      1      0      4096   4096   0      0      0      0             0      0      0      0      0      0      0      0      0      0      0      0      0      0      0      0      0      0      0      0      0      0      0      0      0      0      0      0      0      0      0      0      0      0      0      0      0      0      0      0     
0x2b9e015ae2a0           ST.E desc[UR22][R36.64+0x74], R9                                         4      4      4      4096   131072  131072  32     32     0      0      0      Shared,Tmem,TmemShared            32     0      1      0      4096   4096   0      0      0      0             0      0      0      0      0      0      0      0      0      0      2      0      0      0      0      0      0      0      0      0      0      0      2      0      0      0      0      2      0      0      0      0      0      0      0      0      0      0      0      2     
0x2b9e015ae2b0           ST.E desc[UR22][R36.64+0x78], R10                                        2      1      2      4096   131072  131072  32     32     0      0      0      Shared,Tmem,TmemShared            32     0      1      0      4096   4096   0      0      0      0             0      0      0      0      0      0      0      0      0      0      0      0      0      0      0      0      0      0      1      0      0      0      1      0      0      0      0      0      0      0      0      0      0      0      0      0      0      0      0      1     
0x2b9e015ae2c0           ST.E desc[UR22][R36.64+0x7c], R11                                        1      1      1      4096   131072  131072  32     32     0      0      0      Shared,Tmem,TmemShared            32     0      1      0      4096   4096   0      0      0      0             0      0      0      0      0      0      0      0      0      0      1      0      0      0      0      0      0      0      0      0      0      0      0      0      0      0      0      1      0      0      0      0      0      0      0      0      0      0      0      0     
0x2b9e015ae2d0           BAR.SYNC.DEFER_BLOCKING 0x0                                              0      0      0      4096   131072  131072  32     32     0      0      0      -                      -          -      0      0      0      0      0      0      0      0      0      -      0      0      0      0      0      0      0      0      0      0      0      0      0      0      0      0      0      0      0      0      0      0      0      0      0      0      0      0      0      0      0      0      0      0      0      0      0      0      0      0     
0x2b9e015ae2e0     @!P0  BRA 0x2b9e015ae520                                                       5      5      5      4096   131072  131072  32     32     0      0      0      -                      -          -      0      0      0      0      0      0      0      0      0      -      0      0      0      0      0      0      4      0      0      0      0      0      0      0      0      0      0      0      0      0      0      0      1      4      0      0      0      0      0      0      0      0      0      0      0      0      0      0      0      1     
0x2b9e015ae2f0           SHF.R.U32.HI R7, RZ, 0x7, R3                                             1      0      1      0      0       0       0      0      32     32     0      -                      -          -      0      0      0      0      0      0      0      0      0      -      0      0      0      0      0      0      0      0      0      0      0      0      0      0      0      0      0      0      0      0      0      0      1      0      0      0      0      0      0      0      0      0      0      0      0      0      0      0      0      0     
0x2b9e015ae300           LDC R12, c[0x0][0x39c]                                                   0      0      0      0      0       0       0      0      0      32     0      -                      -          -      0      0      0      0      0      0      0      0      0      -      0      0      0      0      0      0      0      0      0      0      0      0      0      0      0      0      0      0      0      0      0      0      0      0      0      0      0      0      0      0      0      0      0      0      0      0      0      0      0      0     
0x2b9e015ae310           LOP3.LUT R6, R3, 0x7f, RZ, 0xc0, !PT                                     0      0      0      0      0       0       0      0      0      32     0      -                      -          -      0      0      0      0      0      0      0      0      0      -      0      0      0      0      0      0      0      0      0      0      0      0      0      0      0      0      0      0      0      0      0      0      0      0      0      0      0      0      0      0      0      0      0      0      0      0      0      0      0      0     
0x2b9e015ae320           IMAD R9, R7, 0x81, R6                                                    0      0      0      0      0       0       0      0      0      32     0      -                      -          -      0      0      0      0      0      0      0      0      0      -      0      0      0      0      0      0      0      0      0      0      0      0      0      0      0      0      0      0      0      0      0      0      0      0      0      0      0      0      0      0      0      0      0      0      0      0      0      0      0      0     
0x2b9e015ae330           LDC.64 R4, c[0x0][0x390]                                                 0      0      0      0      0       0       0      0      0      32     0      -                      -          -      0      0      0      0      0      0      0      0      0      -      0      0      0      0      0      0      0      0      0      0      0      0      0      0      0      0      0      0      0      0      0      0      0      0      0      0      0      0      0      0      0      0      0      0      0      0      0      0      0      0     
0x2b9e015ae340           IMAD.WIDE.U32 R8, R9, 0x4, R32                                           0      0      0      0      0       0       0      0      0      32     0      -                      -          -      0      0      0      0      0      0      0      0      0      -      0      0      0      0      0      0      0      0      0      0      0      0      0      0      0      0      0      0      0      0      0      0      0      0      0      0      0      0      0      0      0      0      0      0      0      0      0      0      0      0     
0x2b9e015ae350           LD.E R9, desc[UR22][R8.64]                                               0      0      0      0      0       0       0      0      0      32     0                                               0      0      0      0      0      0      0      0      0             0      0      0      0      0      0      0      0      0      0      0      0      0      0      0      0      0      0      0      0      0      0      0      0      0      0      0      0      0      0      0      0      0      0      0      0      0      0      0      0     
0x2b9e015ae360           VIADD R7, R7, UR11                                                       0      0      0      0      0       0       0      0      0      32     0      -                      -          -      0      0      0      0      0      0      0      0      0      -      0      0      0      0      0      0      0      0      0      0      0      0      0      0      0      0      0      0      0      0      0      0      0      0      0      0      0      0      0      0      0      0      0      0      0      0      0      0      0      0     
0x2b9e015ae370           ISETP.NE.AND P0, PT, R2, 0x3, PT                                         0      0      0      0      0       0       0      0      0      32     0      -                      -          -      0      0      0      0      0      0      0      0      0      -      0      0      0      0      0      0      0      0      0      0      0      0      0      0      0      0      0      0      0      0      0      0      0      0      0      0      0      0      0      0      0      0      0      0      0      0      0      0      0      0     
0x2b9e015ae380           VIADD R6, R6, UR15                                                       0      0      0      0      0       0       0      0      0      32     0      -                      -          -      0      0      0      0      0      0      0      0      0      -      0      0      0      0      0      0      0      0      0      0      0      0      0      0      0      0      0      0      0      0      0      0      0      0      0      0      0      0      0      0      0      0      0      0      0      0      0      0      0      0     
0x2b9e015ae390           IMAD.MOV.U32 R14, RZ, RZ, R30                                            0      0      0      0      0       0       0      0      0      32     0      -                      -          -      0      0      0      0      0      0      0      0      0      -      0      0      0      0      0      0      0      0      0      0      0      0      0      0      0      0      0      0      0      0      0      0      0      0      0      0      0      0      0      0      0      0      0      0      0      0      0      0      0      0     
0x2b9e015ae3a0           IMAD R7, R7, R12, R6                                                     0      0      0      0      0       0       0      0      0      32     0      -                      -          -      0      0      0      0      0      0      0      0      0      -      0      0      0      0      0      0      0      0      0      0      0      0      0      0      0      0      0      0      0      0      0      0      0      0      0      0      0      0      0      0      0      0      0      0      0      0      0      0      0      0     
0x2b9e015ae3b0           IMAD.WIDE R6, R7, 0x4, R4                                                0      0      0      0      0       0       0      0      0      32     0      -                      -          -      0      0      0      0      0      0      0      0      0      -      0      0      0      0      0      0      0      0      0      0      0      0      0      0      0      0      0      0      0      0      0      0      0      0      0      0      0      0      0      0      0      0      0      0      0      0      0      0      0      0     
0x2b9e015ae3c0           STG.E desc[UR22][R6.64], R9                                              0      0      0      0      0       0       0      0      0      32     0                                               0      0      0      0      0      0      0      0      0             0      0      0      0      0      0      0      0      0      0      0      0      0      0      0      0      0      0      0      0      0      0      0      0      0      0      0      0      0      0      0      0      0      0      0      0      0      0      0      0     
0x2b9e015ae3d0     @!P0  BRA 0x2b9e015ae520                                                       0      0      0      0      0       0       0      0      0      32     0      -                      -          -      0      0      0      0      0      0      0      0      0      -      0      0      0      0      0      0      0      0      0      0      0      0      0      0      0      0      0      0      0      0      0      0      0      0      0      0      0      0      0      0      0      0      0      0      0      0      0      0      0      0     
0x2b9e015ae3e0           SHF.R.U32.HI R8, RZ, 0x7, R30                                            0      0      0      0      0       0       0      0      0      32     0      -                      -          -      0      0      0      0      0      0      0      0      0      -      0      0      0      0      0      0      0      0      0      0      0      0      0      0      0      0      0      0      0      0      0      0      0      0      0      0      0      0      0      0      0      0      0      0      0      0      0      0      0      0     
0x2b9e015ae3f0           IMAD R11, R8, 0x81, R23                                                  0      0      0      0      0       0       0      0      0      32     0      -                      -          -      0      0      0      0      0      0      0      0      0      -      0      0      0      0      0      0      0      0      0      0      0      0      0      0      0      0      0      0      0      0      0      0      0      0      0      0      0      0      0      0      0      0      0      0      0      0      0      0      0      0     
0x2b9e015ae400           IMAD.WIDE.U32 R10, R11, 0x4, R32                                         0      0      0      0      0       0       0      0      0      32     0      -                      -          -      0      0      0      0      0      0      0      0      0      -      0      0      0      0      0      0      0      0      0      0      0      0      0      0      0      0      0      0      0      0      0      0      0      0      0      0      0      0      0      0      0      0      0      0      0      0      0      0      0      0     
0x2b9e015ae410           LD.E R11, desc[UR22][R10.64]                                             0      0      0      0      0       0       0      0      0      32     0                                               0      0      0      0      0      0      0      0      0             0      0      0      0      0      0      0      0      0      0      0      0      0      0      0      0      0      0      0      0      0      0      0      0      0      0      0      0      0      0      0      0      0      0      0      0      0      0      0      0     
0x2b9e015ae420           ISETP.NE.AND P0, PT, R2, RZ, PT                                          0      0      0      0      0       0       0      0      0      32     0      -                      -          -      0      0      0      0      0      0      0      0      0      -      0      0      0      0      0      0      0      0      0      0      0      0      0      0      0      0      0      0      0      0      0      0      0      0      0      0      0      0      0      0      0      0      0      0      0      0      0      0      0      0     
0x2b9e015ae430           VIADD R6, R23, UR15                                                      0      0      0      0      0       0       0      0      0      32     0      -                      -          -      0      0      0      0      0      0      0      0      0      -      0      0      0      0      0      0      0      0      0      0      0      0      0      0      0      0      0      0      0      0      0      0      0      0      0      0      0      0      0      0      0      0      0      0      0      0      0      0      0      0     
0x2b9e015ae440           VIADD R7, R8, UR11                                                       0      0      0      0      0       0       0      0      0      32     0      -                      -          -      0      0      0      0      0      0      0      0      0      -      0      0      0      0      0      0      0      0      0      0      0      0      0      0      0      0      0      0      0      0      0      0      0      0      0      0      0      0      0      0      0      0      0      0      0      0      0      0      0      0     
0x2b9e015ae450           IMAD R7, R7, R12, R6                                                     0      0      0      0      0       0       0      0      0      32     0      -                      -          -      0      0      0      0      0      0      0      0      0      -      0      0      0      0      0      0      0      0      0      0      0      0      0      0      0      0      0      0      0      0      0      0      0      0      0      0      0      0      0      0      0      0      0      0      0      0      0      0      0      0     
0x2b9e015ae460           IMAD.WIDE R8, R7, 0x4, R4                                                0      0      0      0      0       0       0      0      0      32     0      -                      -          -      0      0      0      0      0      0      0      0      0      -      0      0      0      0      0      0      0      0      0      0      0      0      0      0      0      0      0      0      0      0      0      0      0      0      0      0      0      0      0      0      0      0      0      0      0      0      0      0      0      0     
0x2b9e015ae470     @P0   IMAD R13, R21, 0x81, R20                                                 0      0      0      0      0       0       0      0      0      32     0      -                      -          -      0      0      0      0      0      0      0      0      0      -      0      0      0      0      0      0      0      0      0      0      0      0      0      0      0      0      0      0      0      0      0      0      0      0      0      0      0      0      0      0      0      0      0      0      0      0      0      0      0      0     
0x2b9e015ae480     @P0   IMAD.WIDE.U32 R6, R13, 0x4, R32                                          0      0      0      0      0       0       0      0      0      32     0      -                      -          -      0      0      0      0      0      0      0      0      0      -      0      0      0      0      0      0      0      0      0      0      0      0      0      0      0      0      0      0      0      0      0      0      0      0      0      0      0      0      0      0      0      0      0      0      0      0      0      0      0      0     
0x2b9e015ae490           STG.E desc[UR22][R8.64], R11                                             0      0      0      0      0       0       0      0      0      32     0                                               0      0      0      0      0      0      0      0      0             0      0      0      0      0      0      0      0      0      0      0      0      0      0      0      0      0      0      0      0      0      0      0      0      0      0      0      0      0      0      0      0      0      0      0      0      0      0      0      0     
0x2b9e015ae4a0     @P0   LD.E R7, desc[UR22][R6.64]                                               0      0      0      0      0       0       0      0      0      32     0                                               0      0      0      0      0      0      0      0      0             0      0      0      0      0      0      0      0      0      0      0      0      0      0      0      0      0      0      0      0      0      0      0      0      0      0      0      0      0      0      0      0      0      0      0      0      0      0      0      0     
0x2b9e015ae4b0     @P0   VIADD R13, R21, UR11                                                     0      0      0      0      0       0       0      0      0      32     0      -                      -          -      0      0      0      0      0      0      0      0      0      -      0      0      0      0      0      0      0      0      0      0      0      0      0      0      0      0      0      0      0      0      0      0      0      0      0      0      0      0      0      0      0      0      0      0      0      0      0      0      0      0     
0x2b9e015ae4c0     @P0   VIADD R10, R20, UR15                                                     0      0      0      0      0       0       0      0      0      32     0      -                      -          -      0      0      0      0      0      0      0      0      0      -      0      0      0      0      0      0      0      0      0      0      0      0      0      0      0      0      0      0      0      0      0      0      0      0      0      0      0      0      0      0      0      0      0      0      0      0      0      0      0      0     
0x2b9e015ae4d0           IMAD.MOV.U32 R14, RZ, RZ, R22                                            0      0      0      0      0       0       0      0      0      32     0      -                      -          -      0      0      0      0      0      0      0      0      0      -      0      0      0      0      0      0      0      0      0      0      0      0      0      0      0      0      0      0      0      0      0      0      0      0      0      0      0      0      0      0      0      0      0      0      0      0      0      0      0      0     
0x2b9e015ae4e0     @P0   IMAD R13, R13, R12, R10                                                  0      0      0      0      0       0       0      0      0      32     0      -                      -          -      0      0      0      0      0      0      0      0      0      -      0      0      0      0      0      0      0      0      0      0      0      0      0      0      0      0      0      0      0      0      0      0      0      0      0      0      0      0      0      0      0      0      0      0      0      0      0      0      0      0     
0x2b9e015ae4f0     @P0   VIADD R14, R22, UR21                                                     0      0      0      0      0       0       0      0      0      32     0      -                      -          -      0      0      0      0      0      0      0      0      0      -      0      0      0      0      0      0      0      0      0      0      0      0      0      0      0      0      0      0      0      0      0      0      0      0      0      0      0      0      0      0      0      0      0      0      0      0      0      0      0      0     
0x2b9e015ae500     @P0   IMAD.WIDE R4, R13, 0x4, R4                                               0      0      0      0      0       0       0      0      0      32     0      -                      -          -      0      0      0      0      0      0      0      0      0      -      0      0      0      0      0      0      0      0      0      0      0      0      0      0      0      0      0      0      0      0      0      0      0      0      0      0      0      0      0      0      0      0      0      0      0      0      0      0      0      0     
0x2b9e015ae510     @P0   STG.E desc[UR22][R4.64], R7                                              0      0      0      0      0       0       0      0      0      32     0                                               0      0      0      0      0      0      0      0      0             0      0      0      0      0      0      0      0      0      0      0      0      0      0      0      0      0      0      0      0      0      0      0      0      0      0      0      0      0      0      0      0      0      0      0      0      0      0      0      0     
0x2b9e015ae520           BSYNC.RECONVERGENT B0                                                    5      3      5      4096   131072  131072  32     32     32     0      0      -                      -          -      0      0      0      0      0      0      0      0      0      -      0      0      0      0      0      0      0      1      0      0      0      1      0      0      0      0      3      0      0      0      0      0      0      0      1      0      0      0      0      0      0      0      0      2      0      0      0      0      0      0     
0x2b9e015ae530           BSSY.RECONVERGENT B0, 0x2b9e015ae840                                     2      1      2      4096   131072  131072  32     32     0      0      0      -                      -          -      0      0      0      0      0      0      0      0      0      -      0      0      0      0      0      0      0      1      0      0      0      0      0      0      0      0      0      0      1      0      0      0      0      0      1      0      0      0      0      0      0      0      0      0      0      0      0      0      0      0     
0x2b9e015ae540           SHF.R.U32.HI R6, RZ, 0x7, R14                                            27     23     27     131072 4194304 4194304 32     32     0      0      0      -                      -          -      0      0      0      0      0      0      0      0      0      -      0      0      0      0      0      0      0      14     2      0      0      1      0      0      0      0      10     0      0      0      0      0      0      0      14     1      0      0      1      0      0      0      0      7      0      0      0      0      0      0     
0x2b9e015ae550           LDC.64 R4, c[0x0][0x390]                                                 2      1      2      131072 4194304 4194304 32     32     0      0      0      -                      -          -      0      0      0      0      0      0      0      0      0      -      0      0      0      0      0      0      0      0      0      0      0      1      0      0      0      0      0      0      1      0      0      0      0      0      0      0      0      0      1      0      0      0      0      0      0      0      0      0      0      0     
0x2b9e015ae560           LOP3.LUT R7, R14, 0x7f, RZ, 0xc0, !PT                                    8      0      8      131072 4194304 4194304 32     32     0      0      0      -                      -          -      0      0      0      0      0      0      0      0      0      -      0      0      0      0      0      0      0      0      0      0      0      0      0      0      0      0      0      0      8      0      0      0      0      0      0      0      0      0      0      0      0      0      0      0      0      0      0      0      0      0     
0x2b9e015ae570           IMAD R11, R6, 0x81, R7                                                   31     21     31     131072 4194304 4194304 32     32     0      0      0      -                      -          -      0      0      0      0      0      0      0      0      0      -      0      0      0      0      0      0      0      0      0      0      0      0      1      0      0      0      0      1      4      0      0      0      25     0      0      0      0      0      0      0      0      0      0      0      0      0      0      0      0      21    
0x2b9e015ae580           IMAD.WIDE.U32 R10, R11, 0x4, R32                                         33     16     33     131072 4194304 4194304 32     32     0      0      0      -                      -          -      0      0      0      0      0      0      0      0      0      -      0      0      0      0      0      0      0      0      0      0      0      0      1      0      0      0      1      2      8      0      0      0      21     0      0      0      0      0      0      0      0      0      0      1      0      0      0      0      0      15    
0x2b9e015ae590           LD.E R15, desc[UR22][R10.64]                                             48     41     48     131072 4194304 4194304 32     32     0      0      0      Shared,Tmem,TmemShared            32     0      1      0      131072 131072 0      0      0      0             0      0      0      0      0      0      0      0      26     0      1      0      0      0      0      0      0      1      3      0      0      0      17     0      0      25     0      1      0      0      0      0      0      0      0      0      0      0      0      15    
0x2b9e015ae5a0           VIADD R12, R14, UR21                                                     6      0      6      131072 4194304 4194304 32     32     0      0      0      -                      -          -      0      0      0      0      0      0      0      0      0      -      0      0      0      0      0      0      0      0      0      0      0      0      0      0      0      0      0      0      6      0      0      0      0      0      0      0      0      0      0      0      0      0      0      0      0      0      0      0      0      0     
0x2b9e015ae5b0           VIADD R6, R6, UR11                                                       15     7      15     131072 4194304 4194304 32     32     0      0      0      -                      -          -      0      0      0      0      0      0      0      0      0      -      0      0      0      0      0      0      0      0      0      0      0      0      2      0      0      0      0      0      5      0      0      0      8      0      0      0      0      0      0      2      0      0      0      0      0      0      0      0      0      5     
0x2b9e015ae5c0           VIADD R7, R7, UR15                                                       17     4      17     131072 4194304 4194304 32     32     0      0      0      -                      -          -      0      0      0      0      0      0      0      0      0      -      0      0      0      0      0      0      0      0      0      0      0      0      1      0      0      0      0      3      7      0      0      0      6      0      0      0      0      0      0      1      0      0      0      0      0      0      0      0      0      3     
0x2b9e015ae5d0           SHF.R.U32.HI R13, RZ, 0x7, R12                                           6      0      6      131072 4194304 4194304 32     32     0      0      0      -                      -          -      0      0      0      0      0      0      0      0      0      -      0      0      0      0      0      0      0      0      0      0      0      0      0      0      0      0      0      0      6      0      0      0      0      0      0      0      0      0      0      0      0      0      0      0      0      0      0      0      0      0     
0x2b9e015ae5e0           LOP3.LUT R14, R12, 0x7f, RZ, 0xc0, !PT                                   16     2      16     131072 4194304 4194304 32     32     0      0      0      -                      -          -      0      0      0      0      0      0      0      0      0      -      0      0      0      0      0      0      0      0      0      0      0      0      0      0      0      0      0      2      8      0      0      0      6      0      0      0      0      0      0      0      0      0      0      0      0      0      0      0      0      2     
0x2b9e015ae5f0           IMAD R7, R6, UR4, R7                                                     7      0      7      131072 4194304 4194304 32     32     0      0      0      -                      -          -      0      0      0      0      0      0      0      0      0      -      0      0      0      0      0      0      0      0      0      0      0      0      0      0      0      0      0      0      7      0      0      0      0      0      0      0      0      0      0      0      0      0      0      0      0      0      0      0      0      0     
0x2b9e015ae600           IMAD R17, R13, 0x81, R14                                                 20     10     20     131072 4194304 4194304 32     32     0      0      0      -                      -          -      0      0      0      0      0      0      0      0      0      -      0      0      0      0      0      0      0      0      0      0      0      0      0      0      0      0      0      4      1      0      0      0      15     0      0      0      0      0      0      0      0      0      0      0      0      0      0      0      0      10    
0x2b9e015ae610           IMAD.WIDE R8, R7, 0x4, R4                                                10     3      10     131072 4194304 4194304 32     32     0      0      0      -                      -          -      0      0      0      0      0      0      0      0      0      -      0      0      0      0      0      0      0      0      1      0      0      0      1      0      0      0      0      1      3      0      0      0      4      0      0      1      0      0      0      1      0      0      0      0      0      0      0      0      0      1     
0x2b9e015ae620           IMAD.WIDE.U32 R6, R17, 0x4, R32                                          23     9      23     131072 4194304 4194304 32     32     0      0      0      -                      -          -      0      0      0      0      0      0      0      0      0      -      0      0      0      0      0      0      0      0      0      0      0      0      6      0      0      0      0      2      2      0      0      0      13     0      0      0      0      0      0      2      0      0      0      0      0      0      0      0      0      7     
0x2b9e015ae630           STG.E desc[UR22][R8.64], R15                                             22     7      22     131072 4194304 4194304 32     32     0      0      0      Global                 Store      32     131072 0      0      0      0      0      524288 524288 0             0      0      0      0      0      0      0      0      0      0      0      13     0      0      0      0      0      0      9      0      0      0      0      0      0      0      0      0      7      0      0      0      0      0      0      0      0      0      0      0     
0x2b9e015ae640           LD.E R17, desc[UR22][R6.64]                                              29     14     29     131072 4194304 4194304 32     32     0      0      0      Shared,Tmem,TmemShared            32     0      1      0      131072 131072 0      0      0      0             0      0      0      0      0      0      0      0      4      0      0      0      0      0      0      0      0      1      6      0      0      0      18     0      0      4      0      0      0      0      0      0      0      0      0      0      0      0      0      10    
0x2b9e015ae650           VIADD R16, R12, UR21                                                     9      0      9      131072 4194304 4194304 32     32     0      0      0      -                      -          -      0      0      0      0      0      0      0      0      0      -      0      0      0      0      0      0      0      0      0      0      0      0      0      0      0      0      0      0      9      0      0      0      0      0      0      0      0      0      0      0      0      0      0      0      0      0      0      0      0      0     
0x2b9e015ae660           VIADD R13, R13, UR11                                                     11     6      11     131072 4194304 4194304 32     32     0      0      0      -                      -          -      0      0      0      0      0      0      0      0      0      -      0      0      0      0      0      0      0      0      2      0      0      0      0      0      0      0      0      1      3      0      0      0      5      0      0      2      0      0      0      0      0      0      0      0      0      0      0      0      0      4     
0x2b9e015ae670           VIADD R14, R14, UR15                                                     13     6      13     131072 4194304 4194304 32     32     0      0      0      -                      -          -      0      0      0      0      0      0      0      0      0      -      0      0      0      0      0      0      0      0      0      0      0      0      1      0      0      0      0      1      4      0      0      0      7      0      0      0      0      0      0      1      0      0      0      0      0      0      0      0      0      5     
0x2b9e015ae680           SHF.R.U32.HI R18, RZ, 0x7, R16                                           12     0      12     131072 4194304 4194304 32     32     0      0      0      -                      -          -      0      0      0      0      0      0      0      0      0      -      0      0      0      0      0      0      0      0      0      0      0      0      0      0      0      0      0      0      12     0      0      0      0      0      0      0      0      0      0      0      0      0      0      0      0      0      0      0      0      0     
0x2b9e015ae690           LOP3.LUT R19, R16, 0x7f, RZ, 0xc0, !PT                                   12     2      12     131072 4194304 4194304 32     32     0      0      0      -                      -          -      0      0      0      0      0      0      0      0      0      -      0      0      0      0      0      0      0      0      0      0      0      0      0      0      0      0      0      2      6      0      0      0      4      0      0      0      0      0      0      0      0      0      0      0      0      0      0      0      0      2     
0x2b9e015ae6a0           IMAD R13, R13, UR4, R14                                                  3      0      3      131072 4194304 4194304 32     32     0      0      0      -                      -          -      0      0      0      0      0      0      0      0      0      -      0      0      0      0      0      0      0      0      0      0      0      0      0      0      0      0      0      0      3      0      0      0      0      0      0      0      0      0      0      0      0      0      0      0      0      0      0      0      0      0     
0x2b9e015ae6b0           IMAD R11, R18, 0x81, R19                                                 17     9      17     131072 4194304 4194304 32     32     0      0      0      -                      -          -      0      0      0      0      0      0      0      0      0      -      0      0      0      0      0      0      0      0      0      0      0      0      1      0      0      0      0      2      4      0      0      0      10     0      0      0      0      0      0      1      0      0      0      0      0      0      0      0      0      8     
0x2b9e015ae6c0           IMAD.WIDE R12, R13, 0x4, R4                                              16     9      16     131072 4194304 4194304 32     32     0      0      0      -                      -          -      0      0      0      0      0      0      0      0      0      -      0      0      0      0      0      0      0      0      0      0      0      0      1      0      0      0      0      2      4      0      0      0      9      0      0      0      0      0      0      1      0      0      0      0      0      0      0      0      0      8     
0x2b9e015ae6d0           IMAD.WIDE.U32 R10, R11, 0x4, R32                                         34     16     34     131072 4194304 4194304 32     32     0      0      0      -                      -          -      0      0      0      0      0      0      0      0      0      -      0      0      0      0      0      0      0      0      0      0      0      0      4      0      0      0      0      1      6      0      0      0      23     0      0      0      0      0      0      2      0      0      0      0      0      0      0      0      0      14    
0x2b9e015ae6e0           STG.E desc[UR22][R12.64], R17                                            42     19     42     131072 4194304 4194304 32     32     0      0      0      Global                 Store      32     131072 0      0      0      0      0      524288 524288 0             0      0      0      0      0      0      0      0      3      0      0      33     0      0      0      0      0      2      4      0      0      0      0      0      0      1      0      0      18     0      0      0      0      0      0      0      0      0      0      0     
0x2b9e015ae6f0           LD.E R11, desc[UR22][R10.64]                                             40     26     40     131072 4194304 4194304 32     32     0      0      0      Shared,Tmem,TmemShared            32     0      1      0      131072 131072 0      0      0      0             0      0      0      0      0      0      0      0      0      0      0      0      0      0      0      0      0      0      4      0      0      0      36     0      0      0      0      0      0      0      0      0      0      0      0      0      0      0      0      26    
0x2b9e015ae700           VIADD R14, R16, UR21                                                     4      0      4      131072 4194304 4194304 32     32     0      0      0      -                      -          -      0      0      0      0      0      0      0      0      0      -      0      0      0      0      0      0      0      0      0      0      0      0      0      0      0      0      0      0      4      0      0      0      0      0      0      0      0      0      0      0      0      0      0      0      0      0      0      0      0      0     
0x2b9e015ae710           VIADD R18, R18, UR11                                                     14     5      14     131072 4194304 4194304 32     32     0      0      0      -                      -          -      0      0      0      0      0      0      0      0      0      -      0      0      0      0      0      0      0      0      0      0      0      0      1      0      0      0      0      0      8      0      0      0      5      0      0      0      0      0      0      0      0      0      0      0      0      0      0      0      0      5     
0x2b9e015ae720           VIADD R19, R19, UR15                                                     12     4      12     131072 4194304 4194304 32     32     0      0      0      -                      -          -      0      0      0      0      0      0      0      0      0      -      0      0      0      0      0      0      0      0      0      0      0      0      2      0      0      0      0      0      6      0      0      0      4      0      0      0      0      0      0      2      0      0      0      0      0      0      0      0      0      2     
0x2b9e015ae730           SHF.R.U32.HI R15, RZ, 0x7, R14                                           11     0      11     131072 4194304 4194304 32     32     0      0      0      -                      -          -      0      0      0      0      0      0      0      0      0      -      0      0      0      0      0      0      0      0      0      0      0      0      0      0      0      0      0      0      11     0      0      0      0      0      0      0      0      0      0      0      0      0      0      0      0      0      0      0      0      0     
0x2b9e015ae740           LOP3.LUT R16, R14, 0x7f, RZ, 0xc0, !PT                                   7      2      7      131072 4194304 4194304 32     32     0      0      0      -                      -          -      0      0      0      0      0      0      0      0      0      -      0      0      0      0      0      0      0      0      0      0      0      0      1      0      0      0      0      2      1      0      0      0      3      0      0      0      0      0      0      1      0      0      0      0      0      0      0      0      0      1     
0x2b9e015ae750           IMAD R9, R18, UR4, R19                                                   0      0      0      131072 4194304 4194304 32     32     0      0      0      -                      -          -      0      0      0      0      0      0      0      0      0      -      0      0      0      0      0      0      0      0      0      0      0      0      0      0      0      0      0      0      0      0      0      0      0      0      0      0      0      0      0      0      0      0      0      0      0      0      0      0      0      0     
0x2b9e015ae760           IMAD R7, R15, 0x81, R16                                                  15     9      15     131072 4194304 4194304 32     32     0      0      0      -                      -          -      0      0      0      0      0      0      0      0      0      -      0      0      0      0      0      0      0      0      0      0      0      0      1      0      0      0      0      2      3      0      0      0      9      0      0      0      0      0      0      1      0      0      0      0      0      0      0      0      0      8     
0x2b9e015ae770           IMAD.WIDE R8, R9, 0x4, R4                                                12     4      12     131072 4194304 4194304 32     32     0      0      0      -                      -          -      0      0      0      0      0      0      0      0      0      -      0      0      0      0      0      0      0      0      0      0      0      0      1      0      0      0      0      2      6      0      0      0      3      0      0      0      0      0      0      1      0      0      0      0      0      0      0      0      0      3     
0x2b9e015ae780           IMAD.WIDE.U32 R6, R7, 0x4, R32                                           28     14     28     131072 4194304 4194304 32     32     0      0      0      -                      -          -      0      0      0      0      0      0      0      0      0      -      0      0      0      0      0      0      0      0      0      0      0      0      4      0      0      0      0      2      4      0      0      0      18     0      0      0      0      0      0      1      0      0      0      0      0      0      0      0      0      13    
0x2b9e015ae790           STG.E desc[UR22][R8.64], R11                                             38     20     38     131072 4194304 4194304 32     32     0      0      0      Global                 Store      32     131072 0      0      0      0      0      524288 524288 0             0      0      0      0      0      0      0      0      5      0      0      28     0      0      0      0      0      0      5      0      0      0      0      0      0      5      0      0      15     0      0      0      0      0      0      0      0      0      0      0     
0x2b9e015ae7a0           LD.E R7, desc[UR22][R6.64]                                               33     21     33     131072 4194304 4194304 32     32     0      0      0      Shared,Tmem,TmemShared            32     0      1      0      131072 131072 0      0      0      0             0      0      0      0      0      0      0      0      0      0      0      0      0      0      0      0      0      2      2      0      0      0      29     0      0      0      0      0      0      0      0      0      0      0      0      0      0      0      0      21    
0x2b9e015ae7b0           VIADD R15, R15, UR11                                                     4      0      4      131072 4194304 4194304 32     32     0      0      0      -                      -          -      0      0      0      0      0      0      0      0      0      -      0      0      0      0      0      0      0      0      0      0      0      0      0      0      0      0      0      0      4      0      0      0      0      0      0      0      0      0      0      0      0      0      0      0      0      0      0      0      0      0     
0x2b9e015ae7c0           VIADD R16, R16, UR15                                                     11     5      11     131072 4194304 4194304 32     32     0      0      0      -                      -          -      0      0      0      0      0      0      0      0      0      -      0      0      0      0      0      0      0      0      0      0      0      0      3      0      0      0      0      0      4      0      0      0      4      0      0      0      0      0      0      2      0      0      0      0      0      0      0      0      0      3     
0x2b9e015ae7d0           VIADD R14, R14, UR21                                                     11     3      11     131072 4194304 4194304 32     32     0      0      0      -                      -          -      0      0      0      0      0      0      0      0      0      -      0      0      0      0      0      0      0      0      0      0      0      0      2      0      0      0      0      1      5      0      0      0      3      0      0      0      0      0      0      0      0      0      0      0      0      0      0      0      0      3     
0x2b9e015ae7e0           IMAD R15, R15, UR4, R16                                                  11     4      11     131072 4194304 4194304 32     32     0      0      0      -                      -          -      0      0      0      0      0      0      0      0      0      -      0      0      0      0      0      0      0      0      0      0      0      0      4      0      0      0      0      3      2      0      0      0      2      0      0      0      0      0      0      2      0      0      0      0      0      0      0      0      0      2     
0x2b9e015ae7f0           ISETP.GE.U32.AND P0, PT, R14, 0x4000, PT                                 15     3      15     131072 4194304 4194304 32     32     0      0      0      -                      -          -      0      0      0      0      0      0      0      0      0      -      0      0      0      0      0      0      0      0      2      0      0      0      0      0      0      0      0      0      5      0      0      0      8      0      0      0      0      0      0      0      0      0      0      0      0      0      0      0      0      3     
0x2b9e015ae800           IMAD.WIDE R4, R15, 0x4, R4                                               6      0      6      131072 4194304 4194304 32     32     0      0      0      -                      -          -      0      0      0      0      0      0      0      0      0      -      0      0      0      0      0      0      0      0      0      0      0      0      0      0      0      0      0      0      6      0      0      0      0      0      0      0      0      0      0      0      0      0      0      0      0      0      0      0      0      0     
0x2b9e015ae810           STG.E desc[UR22][R4.64], R7                                              75     54     75     131072 4194304 4194304 32     32     0      0      0      Global                 Store      32     131072 0      0      0      0      0      524288 524288 0             0      0      0      0      0      0      0      0      0      0      0      56     0      0      0      0      0      0      4      0      0      0      15     0      0      0      0      0      46     0      0      0      0      0      0      0      0      0      0      8     
0x2b9e015ae820     @!P0  BRA 0x2b9e015ae540                                                       27     17     27     131072 4194304 4063232 32     31     1      1      0      -                      -          -      0      0      0      0      0      0      0      0      0      -      0      0      0      0      0      0      0      0      0      0      0      0      0      0      0      0      0      0      3      0      0      0      24     0      0      0      0      0      0      0      0      0      0      0      0      0      0      0      0      17    
0x2b9e015ae830           BSYNC.RECONVERGENT B0                                                    26     12     26     4096   131072  131072  32     32     1      0      0      -                      -          -      0      0      0      0      0      0      0      0      0      -      0      0      0      0      0      0      0      0      0      0      0      0      0      0      0      0      0      0      3      0      0      0      23     0      0      0      0      0      0      0      0      0      0      0      0      0      0      0      0      12    
0x2b9e015ae840           MEMBAR.ALL.CTA                                                           1      1      1      4096   131072  131072  32     32     0      0      0      -                      -          -      0      0      0      0      0      0      0      0      0      -      0      0      0      0      0      0      0      1      0      0      0      0      0      0      0      0      0      0      0      0      0      0      0      0      1      0      0      0      0      0      0      0      0      0      0      0      0      0      0      0     
0x2b9e015ae850           FENCE.VIEW.ASYNC.S                                                       2      2      2      4096   131072  131072  32     32     0      0      0      -                      -          -      0      0      0      0      0      0      0      0      0      -      0      0      0      0      0      0      0      0      0      0      0      1      0      0      0      0      0      0      0      0      0      0      1      0      0      0      0      0      1      0      0      0      0      0      0      0      0      0      0      1     
0x2b9e015ae860           NOP                                                                      0      0      0      4096   131072  131072  32     32     0      0      0      -                      -          -      0      0      0      0      0      0      0      0      0      -      0      0      0      0      0      0      0      0      0      0      0      0      0      0      0      0      0      0      0      0      0      0      0      0      0      0      0      0      0      0      0      0      0      0      0      0      0      0      0      0     
0x2b9e015ae870           BSSY.RECONVERGENT B0, 0x2b9e015ae970                                     0      0      0      4096   131072  131072  32     32     0      0      0      -                      -          -      0      0      0      0      0      0      0      0      0      -      0      0      0      0      0      0      0      0      0      0      0      0      0      0      0      0      0      0      0      0      0      0      0      0      0      0      0      0      0      0      0      0      0      0      0      0      0      0      0      0     
0x2b9e015ae880           BAR.SYNC.DEFER_BLOCKING 0x0                                              7      7      7      4096   131072  131072  32     32     0      0      0      -                      -          -      0      0      0      0      0      0      0      0      0      -      0      0      0      0      0      0      0      0      0      0      0      7      0      0      0      0      0      0      0      0      0      0      0      0      0      0      0      0      7      0      0      0      0      0      0      0      0      0      0      0     
0x2b9e015ae890     @P1   BRA 0x2b9e015ae960                                                       7      6      7      4096   131072  130048  32     31     1      1      1024   -                      -          -      0      0      0      0      0      0      0      0      0      -      0      0      0      0      0      0      6      0      0      0      0      0      0      0      0      0      0      0      0      0      0      0      1      6      0      0      0      0      0      0      0      0      0      0      0      0      0      0      0      0     
0x2b9e015ae8a0           S2UR UR8, SR_CgaCtaId                                                    1      0      1      1024   1024    1024    1      1      30     31     0      -                      -          -      0      0      0      0      0      0      0      0      0      -      0      0      0      0      0      0      0      0      0      0      0      0      0      0      0      0      0      0      1      0      0      0      0      0      0      0      0      0      0      0      0      0      0      0      0      0      0      0      0      0     
0x2b9e015ae8b0           UMOV UR4, 0x400                                                          0      0      0      1024   1024    1024    1      1      0      31     0      -                      -          -      0      0      0      0      0      0      0      0      0      -      0      0      0      0      0      0      0      0      0      0      0      0      0      0      0      0      0      0      0      0      0      0      0      0      0      0      0      0      0      0      0      0      0      0      0      0      0      0      0      0     
0x2b9e015ae8c0           UIADD3 UR5, UPT, UPT, UR4, 0x8, URZ                                      0      0      0      1024   1024    1024    1      1      0      31     0      -                      -          -      0      0      0      0      0      0      0      0      0      -      0      0      0      0      0      0      0      0      0      0      0      0      0      0      0      0      0      0      0      0      0      0      0      0      0      0      0      0      0      0      0      0      0      0      0      0      0      0      0      0     
0x2b9e015ae8d0           UIADD3 UR4, UPT, UPT, UR4, 0x20, URZ                                     0      0      0      1024   1024    1024    1      1      0      31     0      -                      -          -      0      0      0      0      0      0      0      0      0      -      0      0      0      0      0      0      0      0      0      0      0      0      0      0      0      0      0      0      0      0      0      0      0      0      0      0      0      0      0      0      0      0      0      0      0      0      0      0      0      0     
0x2b9e015ae8e0           ULEA UR5, UR8, UR5, 0x18                                                 0      0      0      1024   1024    1024    1      1      0      31     0      -                      -          -      0      0      0      0      0      0      0      0      0      -      0      0      0      0      0      0      0      0      0      0      0      0      0      0      0      0      0      0      0      0      0      0      0      0      0      0      0      0      0      0      0      0      0      0      0      0      0      0      0      0     
0x2b9e015ae8f0           ULEA UR4, UR8, UR4, 0x18                                                 0      0      0      1024   1024    1024    1      1      0      31     0      -                      -          -      0      0      0      0      0      0      0      0      0      -      0      0      0      0      0      0      0      0      0      0      0      0      0      0      0      0      0      0      0      0      0      0      0      0      0      0      0      0      0      0      0      0      0      0      0      0      0      0      0      0     
0x2b9e015ae900           SYNCS.CCTL.IV [UR5]                                                      0      0      0      1024   1024    1024    1      1      0      31     0      -                      -          -      0      0      0      0      0      0      0      0      0      -      0      0      0      0      0      0      0      0      0      0      0      0      0      0      0      0      0      0      0      0      0      0      0      0      0      0      0      0      0      0      0      0      0      0      0      0      0      0      0      0     
0x2b9e015ae910           SYNCS.CCTL.IV [UR4]                                                      0      0      0      1024   1024    1024    1      1      0      31     0      -                      -          -      0      0      0      0      0      0      0      0      0      -      0      0      0      0      0      0      0      0      0      0      0      0      0      0      0      0      0      0      0      0      0      0      0      0      0      0      0      0      0      0      0      0      0      0      0      0      0      0      0      0     
0x2b9e015ae920           SYNCS.CCTL.IV [UR5+0x8]                                                  3      1      3      1024   1024    1024    1      1      0      31     0      -                      -          -      0      0      0      0      0      0      0      0      0      -      0      0      0      0      0      0      0      0      0      0      0      3      0      0      0      0      0      0      0      0      0      0      0      0      0      0      0      0      1      0      0      0      0      0      0      0      0      0      0      0     
0x2b9e015ae930           SYNCS.CCTL.IV [UR4+0x8]                                                  0      0      0      1024   1024    1024    1      1      0      31     0      -                      -          -      0      0      0      0      0      0      0      0      0      -      0      0      0      0      0      0      0      0      0      0      0      0      0      0      0      0      0      0      0      0      0      0      0      0      0      0      0      0      0      0      0      0      0      0      0      0      0      0      0      0     
0x2b9e015ae940           SYNCS.CCTL.IV [UR5+0x10]                                                 0      0      0      1024   1024    1024    1      1      0      31     0      -                      -          -      0      0      0      0      0      0      0      0      0      -      0      0      0      0      0      0      0      0      0      0      0      0      0      0      0      0      0      0      0      0      0      0      0      0      0      0      0      0      0      0      0      0      0      0      0      0      0      0      0      0     
0x2b9e015ae950           SYNCS.CCTL.IV [UR4+0x10]                                                 0      0      0      1024   1024    1024    1      1      0      31     0      -                      -          -      0      0      0      0      0      0      0      0      0      -      0      0      0      0      0      0      0      0      0      0      0      0      0      0      0      0      0      0      0      0      0      0      0      0      0      0      0      0      0      0      0      0      0      0      0      0      0      0      0      0     
0x2b9e015ae960           BSYNC.RECONVERGENT B0                                                    1      0      1      5120   131072  131072  25     25     24     7      0      -                      -          -      0      0      0      0      0      0      0      0      0      -      0      0      0      0      0      0      0      0      0      0      0      0      0      0      0      0      1      0      0      0      0      0      0      0      0      0      0      0      0      0      0      0      0      0      0      0      0      0      0      0     
0x2b9e015ae970           LDCU UR4, c[0x0][0x370]                                                  1      1      1      4096   131072  131072  32     32     7      0      0      -                      -          -      0      0      0      0      0      0      0      0      0      -      0      0      0      0      0      0      0      0      0      0      0      0      0      0      0      0      0      0      0      0      0      0      1      0      0      0      0      0      0      0      0      0      0      0      0      0      0      0      0      1     
0x2b9e015ae980           BAR.SYNC.DEFER_BLOCKING 0x0                                              0      0      0      4096   131072  131072  32     32     0      0      0      -                      -          -      0      0      0      0      0      0      0      0      0      -      0      0      0      0      0      0      0      0      0      0      0      0      0      0      0      0      0      0      0      0      0      0      0      0      0      0      0      0      0      0      0      0      0      0      0      0      0      0      0      0     
0x2b9e015ae990           UIADD3 UR20, UPT, UPT, UR4, UR20, URZ                                    2      2      2      4096   131072  131072  32     32     0      0      0      -                      -          -      0      0      0      0      0      0      0      0      0      -      0      0      0      0      0      0      0      0      0      0      0      0      0      0      0      0      0      0      0      2      0      0      0      0      0      0      0      0      0      0      0      0      0      0      0      0      2      0      0      0     
0x2b9e015ae9a0           UISETP.GE.AND UP0, UPT, UR20, UR18, UPT                                  0      0      0      4096   131072  131072  32     32     0      0      0      -                      -          -      0      0      0      0      0      0      0      0      0      -      0      0      0      0      0      0      0      0      0      0      0      0      0      0      0      0      0      0      0      0      0      0      0      0      0      0      0      0      0      0      0      0      0      0      0      0      0      0      0      0     
0x2b9e015ae9b0           BRA.U !UP0, 0x2b9e015ac780                                               27     27     27     4096   131072  131072  32     32     0      0      0      -                      -          -      0      0      0      0      0      0      0      0      0      -      0      0      0      0      0      0      27     0      0      0      0      0      0      0      0      0      0      0      0      0      0      0      0      27     0      0      0      0      0      0      0      0      0      0      0      0      0      0      0      0     
0x2b9e015ae9c0           ISETP.GT.U32.AND P0, PT, R3, 0x1f, PT                                    0      0      0      1184   37888   37888   32     32     0      0      0      -                      -          -      0      0      0      0      0      0      0      0      0      -      0      0      0      0      0      0      0      0      0      0      0      0      0      0      0      0      0      0      0      0      0      0      0      0      0      0      0      0      0      0      0      0      0      0      0      0      0      0      0      0     
0x2b9e015ae9d0     @P0   EXIT                                                                     0      0      0      1184   37888   28416   32     24     8      8      0      -                      -          -      0      0      0      0      0      0      0      0      0      -      0      0      0      0      0      0      0      0      0      0      0      0      0      0      0      0      0      0      0      0      0      0      0      0      0      0      0      0      0      0      0      0      0      0      0      0      0      0      0      0     
0x2b9e015ae9e0           S2UR UR4, SR_CgaCtaId                                                    0      0      0      296    9472    9472    32     32     8      0      0      -                      -          -      0      0      0      0      0      0      0      0      0      -      0      0      0      0      0      0      0      0      0      0      0      0      0      0      0      0      0      0      0      0      0      0      0      0      0      0      0      0      0      0      0      0      0      0      0      0      0      0      0      0     
0x2b9e015ae9f0           UMOV UR6, 0x40                                                           0      0      0      296    9472    9472    32     32     0      0      0      -                      -          -      0      0      0      0      0      0      0      0      0      -      0      0      0      0      0      0      0      0      0      0      0      0      0      0      0      0      0      0      0      0      0      0      0      0      0      0      0      0      0      0      0      0      0      0      0      0      0      0      0      0     
0x2b9e015aea00           NOP                                                                      0      0      0      296    9472    9472    32     32     0      0      0      -                      -          -      0      0      0      0      0      0      0      0      0      -      0      0      0      0      0      0      0      0      0      0      0      0      0      0      0      0      0      0      0      0      0      0      0      0      0      0      0      0      0      0      0      0      0      0      0      0      0      0      0      0     
0x2b9e015aea10           ULOP3.LUT UR16, UR16, 0xffff, URZ, 0xc0, !UPT                            0      0      0      296    9472    9472    32     32     0      0      0      -                      -          -      0      0      0      0      0      0      0      0      0      -      0      0      0      0      0      0      0      0      0      0      0      0      0      0      0      0      0      0      0      0      0      0      0      0      0      0      0      0      0      0      0      0      0      0      0      0      0      0      0      0     
0x2b9e015aea20           UMOV UR5, 0x1                                                            0      0      0      296    9472    9472    32     32     0      0      0      -                      -          -      0      0      0      0      0      0      0      0      0      -      0      0      0      0      0      0      0      0      0      0      0      0      0      0      0      0      0      0      0      0      0      0      0      0      0      0      0      0      0      0      0      0      0      0      0      0      0      0      0      0     
0x2b9e015aea30           USHF.R.U32.HI UR16, URZ, 0x5, UR16                                       0      0      0      296    9472    9472    32     32     0      0      0      -                      -          -      0      0      0      0      0      0      0      0      0      -      0      0      0      0      0      0      0      0      0      0      0      0      0      0      0      0      0      0      0      0      0      0      0      0      0      0      0      0      0      0      0      0      0      0      0      0      0      0      0      0     
0x2b9e015aea40           ULEA UR6, UR4, UR6, 0x18                                                 1      1      1      296    9472    9472    32     32     0      0      0      -                      -          -      0      0      0      0      0      0      0      0      0      -      0      0      0      0      0      0      0      0      0      0      0      0      0      0      0      0      0      0      0      1      0      0      0      0      0      0      0      0      0      0      0      0      0      0      0      0      1      0      0      0     
0x2b9e015aea50           UMOV UR4, 0xf                                                            0      0      0      296    9472    9472    32     32     0      0      0      -                      -          -      0      0      0      0      0      0      0      0      0      -      0      0      0      0      0      0      0      0      0      0      0      0      0      0      0      0      0      0      0      0      0      0      0      0      0      0      0      0      0      0      0      0      0      0      0      0      0      0      0      0     
0x2b9e015aea60           USHF.L.U32 UR4, UR4, UR16, URZ                                           0      0      0      296    9472    9472    32     32     0      0      0      -                      -          -      0      0      0      0      0      0      0      0      0      -      0      0      0      0      0      0      0      0      0      0      0      0      0      0      0      0      0      0      0      0      0      0      0      0      0      0      0      0      0      0      0      0      0      0      0      0      0      0      0      0     
0x2b9e015aea70           USHF.L.U32 UR16, UR5, UR16, URZ                                          0      0      0      296    9472    9472    32     32     0      0      0      -                      -          -      0      0      0      0      0      0      0      0      0      -      0      0      0      0      0      0      0      0      0      0      0      0      0      0      0      0      0      0      0      0      0      0      0      0      0      0      0      0      0      0      0      0      0      0      0      0      0      0      0      0     
0x2b9e015aea80           LDS R0, [UR6+0x14]                                                       0      0      0      296    9472    9472    32     32     0      0      0      Shared                 Load       32     0      1      0      296    296    0      0      0      0      -      0      0      0      0      0      0      0      0      0      0      0      0      0      0      0      0      0      0      0      0      0      0      0      0      0      0      0      0      0      0      0      0      0      0      0      0      0      0      0      0     
0x2b9e015aea90           LOP3.LUT R0, R0, UR4, RZ, 0xc0, !PT                                      0      0      0      296    9472    9472    32     32     0      0      0      -                      -          -      0      0      0      0      0      0      0      0      0      -      0      0      0      0      0      0      0      0      0      0      0      0      0      0      0      0      0      0      0      0      0      0      0      0      0      0      0      0      0      0      0      0      0      0      0      0      0      0      0      0     
0x2b9e015aeaa0           ISETP.NE.AND P0, PT, R0, UR4, PT                                         0      0      0      296    9472    9472    32     32     0      0      0      -                      -          -      0      0      0      0      0      0      0      0      0      -      0      0      0      0      0      0      0      0      0      0      0      0      0      0      0      0      0      0      0      0      0      0      0      0      0      0      0      0      0      0      0      0      0      0      0      0      0      0      0      0     
0x2b9e015aeab0     @P0   BRA 0x2b9e015aec20                                                       0      0      0      296    9472    0       32     0      32     32     0      -                      -          -      0      0      0      0      0      0      0      0      0      -      0      0      0      0      0      0      0      0      0      0      0      0      0      0      0      0      0      0      0      0      0      0      0      0      0      0      0      0      0      0      0      0      0      0      0      0      0      0      0      0     
0x2b9e015aeac0           LDS R0, [UR6+0x18]                                                       0      0      0      296    9472    9472    32     32     32     0      0      Shared                 Load       32     0      1      0      296    296    0      0      0      0      -      0      0      0      0      0      0      0      0      0      0      0      0      0      0      0      0      0      0      0      0      0      0      0      0      0      0      0      0      0      0      0      0      0      0      0      0      0      0      0      0     
0x2b9e015aead0           LOP3.LUT R0, R0, UR16, RZ, 0xc0, !PT                                     0      0      0      296    9472    9472    32     32     0      0      0      -                      -          -      0      0      0      0      0      0      0      0      0      -      0      0      0      0      0      0      0      0      0      0      0      0      0      0      0      0      0      0      0      0      0      0      0      0      0      0      0      0      0      0      0      0      0      0      0      0      0      0      0      0     
0x2b9e015aeae0           ISETP.NE.AND P0, PT, R0, UR16, PT                                        0      0      0      296    9472    9472    32     32     0      0      0      -                      -          -      0      0      0      0      0      0      0      0      0      -      0      0      0      0      0      0      0      0      0      0      0      0      0      0      0      0      0      0      0      0      0      0      0      0      0      0      0      0      0      0      0      0      0      0      0      0      0      0      0      0     
0x2b9e015aeaf0     @P0   BRA 0x2b9e015aebf0                                                       0      0      0      296    9472    0       32     0      32     32     0      -                      -          -      0      0      0      0      0      0      0      0      0      -      0      0      0      0      0      0      0      0      0      0      0      0      0      0      0      0      0      0      0      0      0      0      0      0      0      0      0      0      0      0      0      0      0      0      0      0      0      0      0      0     
0x2b9e015aeb00           S2R R2, SR_LANEID                                                        0      0      0      296    9472    9472    32     32     32     0      0      -                      -          -      0      0      0      0      0      0      0      0      0      -      0      0      0      0      0      0      0      0      0      0      0      0      0      0      0      0      0      0      0      0      0      0      0      0      0      0      0      0      0      0      0      0      0      0      0      0      0      0      0      0     
0x2b9e015aeb10           ULOP3.LUT UR4, URZ, UR4, URZ, 0x33, !UPT                                 0      0      0      296    9472    9472    32     32     0      0      0      -                      -          -      0      0      0      0      0      0      0      0      0      -      0      0      0      0      0      0      0      0      0      0      0      0      0      0      0      0      0      0      0      0      0      0      0      0      0      0      0      0      0      0      0      0      0      0      0      0      0      0      0      0     
0x2b9e015aeb20           LOP3.LUT R0, RZ, UR16, RZ, 0x33, !PT                                     0      0      0      296    9472    9472    32     32     0      0      0      -                      -          -      0      0      0      0      0      0      0      0      0      -      0      0      0      0      0      0      0      0      0      0      0      0      0      0      0      0      0      0      0      0      0      0      0      0      0      0      0      0      0      0      0      0      0      0      0      0      0      0      0      0     
0x2b9e015aeb30           VOTEU.ANY UR5, UPT, PT                                                   0      0      0      296    9472    9472    32     32     0      0      0      -                      -          -      0      0      0      0      0      0      0      0      0      -      0      0      0      0      0      0      0      0      0      0      0      0      0      0      0      0      0      0      0      0      0      0      0      0      0      0      0      0      0      0      0      0      0      0      0      0      0      0      0      0     
0x2b9e015aeb40           UFLO.U32 UR5, UR5                                                        0      0      0      296    9472    9472    32     32     0      0      0      -                      -          -      0      0      0      0      0      0      0      0      0      -      0      0      0      0      0      0      0      0      0      0      0      0      0      0      0      0      0      0      0      0      0      0      0      0      0      0      0      0      0      0      0      0      0      0      0      0      0      0      0      0     
0x2b9e015aeb50           REDUX UR8, R0                                                            0      0      0      296    9472    9472    32     32     0      0      0      -                      -          -      0      0      0      0      0      0      0      0      0      -      0      0      0      0      0      0      0      0      0      0      0      0      0      0      0      0      0      0      0      0      0      0      0      0      0      0      0      0      0      0      0      0      0      0      0      0      0      0      0      0     
0x2b9e015aeb60           IMAD.U32 R4, RZ, RZ, UR4                                                 0      0      0      296    9472    9472    32     32     0      0      0      -                      -          -      0      0      0      0      0      0      0      0      0      -      0      0      0      0      0      0      0      0      0      0      0      0      0      0      0      0      0      0      0      0      0      0      0      0      0      0      0      0      0      0      0      0      0      0      0      0      0      0      0      0     
0x2b9e015aeb70           UTCATOMSWS.AND URZ, UR4                                                  0      0      0      296    9472    9472    32     32     0      0      0      -                      -          -      0      0      0      0      0      0      0      0      0      -      0      0      0      0      0      0      0      0      0      0      0      0      0      0      0      0      0      0      0      0      0      0      0      0      0      0      0      0      0      0      0      0      0      0      0      0      0      0      0      0     
0x2b9e015aeb80           REDUX UR7, R4                                                            0      0      0      296    9472    9472    32     32     0      0      0      -                      -          -      0      0      0      0      0      0      0      0      0      -      0      0      0      0      0      0      0      0      0      0      0      0      0      0      0      0      0      0      0      0      0      0      0      0      0      0      0      0      0      0      0      0      0      0      0      0      0      0      0      0     
0x2b9e015aeb90           IMAD.U32 R3, RZ, RZ, UR8                                                 0      0      0      296    9472    9472    32     32     0      0      0      -                      -          -      0      0      0      0      0      0      0      0      0      -      0      0      0      0      0      0      0      0      0      0      0      0      0      0      0      0      0      0      0      0      0      0      0      0      0      0      0      0      0      0      0      0      0      0      0      0      0      0      0      0     
0x2b9e015aeba0           ISETP.EQ.U32.AND P0, PT, R2, UR5, PT                                     0      0      0      296    9472    9472    32     32     0      0      0      -                      -          -      0      0      0      0      0      0      0      0      0      -      0      0      0      0      0      0      0      0      0      0      0      0      0      0      0      0      0      0      0      0      0      0      0      0      0      0      0      0      0      0      0      0      0      0      0      0      0      0      0      0     
0x2b9e015aebb0           IMAD.U32 R2, RZ, RZ, UR7                                                 0      0      0      296    9472    9472    32     32     0      0      0      -                      -          -      0      0      0      0      0      0      0      0      0      -      0      0      0      0      0      0      0      0      0      0      0      0      0      0      0      0      0      0      0      0      0      0      0      0      0      0      0      0      0      0      0      0      0      0      0      0      0      0      0      0     
0x2b9e015aebc0     @P0   ATOMS.AND RZ, [UR6+0x14], R2                                             1      1      1      296    9472    296     32     1      31     31     0      Shared                 Atomic     32     0      1      0      296    296    0      0      0      0      -      0      0      0      0      0      0      0      0      0      0      0      0      0      0      0      0      0      0      0      0      0      0      1      0      0      0      0      0      0      0      0      0      0      0      0      0      0      0      0      1     
0x2b9e015aebd0     @P0   ATOMS.AND RZ, [UR6+0x18], R3                                             0      0      0      296    9472    296     32     1      0      31     0      Shared                 Atomic     32     0      1      0      296    296    0      0      0      0      -      0      0      0      0      0      0      0      0      0      0      0      0      0      0      0      0      0      0      0      0      0      0      0      0      0      0      0      0      0      0      0      0      0      0      0      0      0      0      0      0     
0x2b9e015aebe0           BRA 0x2b9e015aec40                                                       0      0      0      296    9472    9472    32     32     31     0      0      -                      -          -      0      0      0      0      0      0      0      0      0      -      0      0      0      0      0      0      0      0      0      0      0      0      0      0      0      0      0      0      0      0      0      0      0      0      0      0      0      0      0      0      0      0      0      0      0      0      0      0      0      0     
0x2b9e015aebf0           MOV R2, 0x2c10                                                           0      0      0      0      0       0       0      0      32     32     0      -                      -          -      0      0      0      0      0      0      0      0      0      -      0      0      0      0      0      0      0      0      0      0      0      0      0      0      0      0      0      0      0      0      0      0      0      0      0      0      0      0      0      0      0      0      0      0      0      0      0      0      0      0     
0x2b9e015aec00           CALL.REL.NOINC 0x2b9e015aed70                                            0      0      0      0      0       0       0      0      0      32     0      -                      -          -      0      0      0      0      0      0      0      0      0      -      0      0      0      0      0      0      0      0      0      0      0      0      0      0      0      0      0      0      0      0      0      0      0      0      0      0      0      0      0      0      0      0      0      0      0      0      0      0      0      0     
0x2b9e015aec10           BRA 0x2b9e015aec40                                                       0      0      0      0      0       0       0      0      0      32     0      -                      -          -      0      0      0      0      0      0      0      0      0      -      0      0      0      0      0      0      0      0      0      0      0      0      0      0      0      0      0      0      0      0      0      0      0      0      0      0      0      0      0      0      0      0      0      0      0      0      0      0      0      0     
0x2b9e015aec20           MOV R2, 0x2c40                                                           0      0      0      0      0       0       0      0      0      32     0      -                      -          -      0      0      0      0      0      0      0      0      0      -      0      0      0      0      0      0      0      0      0      0      0      0      0      0      0      0      0      0      0      0      0      0      0      0      0      0      0      0      0      0      0      0      0      0      0      0      0      0      0      0     
0x2b9e015aec30           CALL.REL.NOINC 0x2b9e015aedd0                                            0      0      0      0      0       0       0      0      0      32     0      -                      -          -      0      0      0      0      0      0      0      0      0      -      0      0      0      0      0      0      0      0      0      0      0      0      0      0      0      0      0      0      0      0      0      0      0      0      0      0      0      0      0      0      0      0      0      0      0      0      0      0      0      0     
0x2b9e015aec40           NOP                                                                      0      0      0      296    9472    9472    32     32     32     0      0      -                      -          -      0      0      0      0      0      0      0      0      0      -      0      0      0      0      0      0      0      0      0      0      0      0      0      0      0      0      0      0      0      0      0      0      0      0      0      0      0      0      0      0      0      0      0      0      0      0      0      0      0      0     
0x2b9e015aec50           EXIT                                                                     0      0      0      296    9472    9472    32     32     0      0      0      -                      -          -      0      0      0      0      0      0      0      0      0      -      0      0      0      0      0      0      0      0      0      0      0      0      0      0      0      0      0      0      0      0      0      0      0      0      0      0      0      0      0      0      0      0      0      0      0      0      0      0      0      0     
0x2b9e015aec60           YIELD                                                                    16     14     16     11628  11628   11628   1      1      31     31     0      -                      -          -      0      0      0      0      0      0      0      0      0      -      0      0      0      0      0      0      0      9      0      0      0      0      0      0      0      0      7      0      0      0      0      0      0      0      8      0      0      0      0      0      0      0      0      6      0      0      0      0      0      0     
0x2b9e015aec70           SYNCS.PHASECHK.TRANS64.TRYWAIT P0, [R7+URZ], R8                          155    143    155    11628  11628   11628   1      1      0      31     0      -                      -          -      0      0      0      0      0      0      0      0      0      -      0      0      0      0      0      0      0      126    0      0      0      0      0      0      0      5      7      0      7      0      0      0      10     0      121    0      0      0      0      0      0      0      5      7      0      0      0      0      0      10    
0x2b9e015aec80     @!P0  BRA 0x2b9e015aec60                                                       123    111    123    11628  11628   10604   1      0      1      32     0      -                      -          -      0      0      0      0      0      0      0      0      0      -      0      0      0      0      0      0      0      0      0      0      0      112    0      0      0      0      5      0      4      0      0      0      2      0      0      0      0      0      105    0      0      0      0      4      0      0      0      0      0      2     
0x2b9e015aec90           BRA 0x2b9e015acc60                                                       16     13     16     1024   1024    1024    1      1      1      31     0      -                      -          -      0      0      0      0      0      0      0      0      0      -      0      0      0      0      0      0      0      0      0      0      0      0      0      0      0      0      0      0      3      0      0      0      13     0      0      0      0      0      0      0      0      0      0      0      0      0      0      0      0      13    
0x2b9e015aeca0           YIELD                                                                    25     24     25     921720 921720  921720  1      1      0      31     0      -                      -          -      0      0      0      0      0      0      0      0      0      -      0      0      0      0      0      0      0      9      0      0      0      0      0      0      0      0      8      0      1      0      0      0      7      0      9      0      0      0      0      0      0      0      0      8      0      0      0      0      0      7     
0x2b9e015aecb0           SYNCS.PHASECHK.TRANS64.TRYWAIT P0, [R10+URZ], R15                        231    209    231    921720 921720  921720  1      1      0      31     0      -                      -          -      0      0      0      0      0      0      0      0      0      -      0      0      0      0      0      0      0      193    0      0      0      0      0      0      0      11     5      0      7      0      0      0      15     0      178    0      0      0      0      0      0      0      11     5      0      0      0      0      0      15    
0x2b9e015aecc0     @!P0  BRA 0x2b9e015aeca0                                                       176    163    176    921720 921720  860280  1      0      1      32     0      -                      -          -      0      0      0      0      0      0      0      0      0      -      0      0      0      0      0      0      0      0      0      0      0      168    0      0      0      0      0      0      4      0      0      0      4      0      0      0      0      0      159    0      0      0      0      0      0      0      0      0      0      4     
0x2b9e015aecd0           BRA 0x2b9e015ad430                                                       15     6      15     61440  61440   61440   1      1      1      31     0      -                      -          -      0      0      0      0      0      0      0      0      0      -      0      0      0      0      0      0      0      0      0      0      0      0      0      0      0      0      0      0      7      0      0      0      8      0      0      0      0      0      0      0      0      0      0      0      0      0      0      0      0      6     
0x2b9e015aece0           SYNCS.PHASECHK.TRANS64.TRYWAIT P3, [UR4], R4                             5      4      5      0      0       0       0      0      1      32     0      -                      -          -      0      0      0      0      0      0      0      0      0      -      0      0      0      0      0      0      0      0      0      0      0      0      0      0      0      0      0      0      1      0      0      0      4      0      0      0      0      0      0      0      0      0      0      0      0      0      0      0      0      4     
0x2b9e015aecf0     @!P3  BRA 0x2b9e015aece0                                                       0      0      0      0      0       0       0      0      0      32     0      -                      -          -      0      0      0      0      0      0      0      0      0      -      0      0      0      0      0      0      0      0      0      0      0      0      0      0      0      0      0      0      0      0      0      0      0      0      0      0      0      0      0      0      0      0      0      0      0      0      0      0      0      0     
0x2b9e015aed00           BRA 0x2b9e015ad6d0                                                       0      0      0      0      0       0       0      0      0      32     0      -                      -          -      0      0      0      0      0      0      0      0      0      -      0      0      0      0      0      0      0      0      0      0      0      0      0      0      0      0      0      0      0      0      0      0      0      0      0      0      0      0      0      0      0      0      0      0      0      0      0      0      0      0     
0x2b9e015aed10           SYNCS.PHASECHK.TRANS64.TRYWAIT P2, [UR4+0x8], R4                         0      0      0      0      0       0       0      0      0      32     0      -                      -          -      0      0      0      0      0      0      0      0      0      -      0      0      0      0      0      0      0      0      0      0      0      0      0      0      0      0      0      0      0      0      0      0      0      0      0      0      0      0      0      0      0      0      0      0      0      0      0      0      0      0     
0x2b9e015aed20     @!P2  BRA 0x2b9e015aed10                                                       0      0      0      0      0       0       0      0      0      32     0      -                      -          -      0      0      0      0      0      0      0      0      0      -      0      0      0      0      0      0      0      0      0      0      0      0      0      0      0      0      0      0      0      0      0      0      0      0      0      0      0      0      0      0      0      0      0      0      0      0      0      0      0      0     
0x2b9e015aed30           BRA 0x2b9e015ad750                                                       0      0      0      0      0       0       0      0      0      32     0      -                      -          -      0      0      0      0      0      0      0      0      0      -      0      0      0      0      0      0      0      0      0      0      0      0      0      0      0      0      0      0      0      0      0      0      0      0      0      0      0      0      0      0      0      0      0      0      0      0      0      0      0      0     
0x2b9e015aed40           SYNCS.PHASECHK.TRANS64.TRYWAIT P0, [UR4+0x10], R4                        0      0      0      0      0       0       0      0      0      32     0      -                      -          -      0      0      0      0      0      0      0      0      0      -      0      0      0      0      0      0      0      0      0      0      0      0      0      0      0      0      0      0      0      0      0      0      0      0      0      0      0      0      0      0      0      0      0      0      0      0      0      0      0      0     
0x2b9e015aed50     @!P0  BRA 0x2b9e015aed40                                                       0      0      0      0      0       0       0      0      0      32     0      -                      -          -      0      0      0      0      0      0      0      0      0      -      0      0      0      0      0      0      0      0      0      0      0      0      0      0      0      0      0      0      0      0      0      0      0      0      0      0      0      0      0      0      0      0      0      0      0      0      0      0      0      0     
0x2b9e015aed60           BRA 0x2b9e015ad7d0                                                       0      0      0      0      0       0       0      0      0      32     0      -                      -          -      0      0      0      0      0      0      0      0      0      -      0      0      0      0      0      0      0      0      0      0      0      0      0      0      0      0      0      0      0      0      0      0      0      0      0      0      0      0      0      0      0      0      0      0      0      0      0      0      0      0     
0x2b9e015aed70           BPT.TRAP 0x1                                                             0      0      0      0      0       0       0      0      0      32     0      -                      -          -      0      0      0      0      0      0      0      0      0      -      0      0      0      0      0      0      0      0      0      0      0      0      0      0      0      0      0      0      0      0      0      0      0      0      0      0      0      0      0      0      0      0      0      0      0      0      0      0      0      0     
0x2b9e015aed80           IMAD.MOV.U32 R3, RZ, RZ, 0x0                                             0      0      0      0      0       0       0      0      0      32     0      -                      -          -      0      0      0      0      0      0      0      0      0      -      0      0      0      0      0      0      0      0      0      0      0      0      0      0      0      0      0      0      0      0      0      0      0      0      0      0      0      0      0      0      0      0      0      0      0      0      0      0      0      0     
0x2b9e015aed90           RET.REL.NODEC R2, 0x2b9e015ac000                                         0      0      0      0      0       0       0      0      0      32     0      -                      -          -      0      0      0      0      0      0      0      0      0      -      0      0      0      0      0      0      0      0      0      0      0      0      0      0      0      0      0      0      0      0      0      0      0      0      0      0      0      0      0      0      0      0      0      0      0      0      0      0      0      0     
0x2b9e015aeda0           BPT.TRAP 0x1                                                             0      0      0      0      0       0       0      0      0      32     0      -                      -          -      0      0      0      0      0      0      0      0      0      -      0      0      0      0      0      0      0      0      0      0      0      0      0      0      0      0      0      0      0      0      0      0      0      0      0      0      0      0      0      0      0      0      0      0      0      0      0      0      0      0     
0x2b9e015aedb0           IMAD.MOV.U32 R5, RZ, RZ, 0x0                                             0      0      0      0      0       0       0      0      0      32     0      -                      -          -      0      0      0      0      0      0      0      0      0      -      0      0      0      0      0      0      0      0      0      0      0      0      0      0      0      0      0      0      0      0      0      0      0      0      0      0      0      0      0      0      0      0      0      0      0      0      0      0      0      0     
0x2b9e015aedc0           RET.REL.NODEC R4, 0x2b9e015ac000                                         0      0      0      0      0       0       0      0      0      32     0      -                      -          -      0      0      0      0      0      0      0      0      0      -      0      0      0      0      0      0      0      0      0      0      0      0      0      0      0      0      0      0      0      0      0      0      0      0      0      0      0      0      0      0      0      0      0      0      0      0      0      0      0      0     
0x2b9e015aedd0           BPT.TRAP 0x1                                                             0      0      0      0      0       0       0      0      0      32     0      -                      -          -      0      0      0      0      0      0      0      0      0      -      0      0      0      0      0      0      0      0      0      0      0      0      0      0      0      0      0      0      0      0      0      0      0      0      0      0      0      0      0      0      0      0      0      0      0      0      0      0      0      0     
0x2b9e015aede0           IMAD.MOV.U32 R3, RZ, RZ, 0x0                                             0      0      0      0      0       0       0      0      0      32     0      -                      -          -      0      0      0      0      0      0      0      0      0      -      0      0      0      0      0      0      0      0      0      0      0      0      0      0      0      0      0      0      0      0      0      0      0      0      0      0      0      0      0      0      0      0      0      0      0      0      0      0      0      0     
0x2b9e015aedf0           RET.REL.NODEC R2, 0x2b9e015ac000                                         0      0      0      0      0       0       0      0      0      32     0      -                      -          -      0      0      0      0      0      0      0      0      0      -      0      0      0      0      0      0      0      0      0      0      0      0      0      0      0      0      0      0      0      0      0      0      0      0      0      0      0      0      0      0      0      0      0      0      0      0      0      0      0      0     
0x2b9e015aee00           I2F.U16 R4, UR5                                                          1      1      1      1184   37888   37888   32     32     32     0      0      -                      -          -      0      0      0      0      0      0      0      0      0      -      0      0      0      0      0      0      0      0      0      0      0      0      0      0      0      0      1      0      0      0      0      0      0      0      0      0      0      0      0      0      0      0      0      1      0      0      0      0      0      0     
0x2b9e015aee10           IMAD.MOV.U32 R5, RZ, RZ, 0x4b800000                                      0      0      0      1184   37888   37888   32     32     0      0      0      -                      -          -      0      0      0      0      0      0      0      0      0      -      0      0      0      0      0      0      0      0      0      0      0      0      0      0      0      0      0      0      0      0      0      0      0      0      0      0      0      0      0      0      0      0      0      0      0      0      0      0      0      0     
0x2b9e015aee20           I2FP.F32.U32.RZ R2, R2                                                   0      0      0      1184   37888   37888   32     32     0      0      0      -                      -          -      0      0      0      0      0      0      0      0      0      -      0      0      0      0      0      0      0      0      0      0      0      0      0      0      0      0      0      0      0      0      0      0      0      0      0      0      0      0      0      0      0      0      0      0      0      0      0      0      0      0     
0x2b9e015aee30           FSETP.GEU.AND P1, PT, |R4|, 1.175494350822287508e-38, PT                 0      0      0      1184   37888   37888   32     32     0      0      0      -                      -          -      0      0      0      0      0      0      0      0      0      -      0      0      0      0      0      0      0      0      0      0      0      0      0      0      0      0      0      0      0      0      0      0      0      0      0      0      0      0      0      0      0      0      0      0      0      0      0      0      0      0     
0x2b9e015aee40           FSETP.GT.AND P0, PT, |R4|, 8.50705917302346158658e+37, PT                1      0      1      1184   37888   37888   32     32     0      0      0      -                      -          -      0      0      0      0      0      0      0      0      0      -      0      0      0      0      0      0      0      0      0      0      0      0      0      0      0      0      0      0      1      0      0      0      0      0      0      0      0      0      0      0      0      0      0      0      0      0      0      0      0      0     
0x2b9e015aee50           FSEL R5, R5, 1, !P1                                                      0      0      0      1184   37888   37888   32     32     0      0      0      -                      -          -      0      0      0      0      0      0      0      0      0      -      0      0      0      0      0      0      0      0      0      0      0      0      0      0      0      0      0      0      0      0      0      0      0      0      0      0      0      0      0      0      0      0      0      0      0      0      0      0      0      0     
0x2b9e015aee60           FSEL R5, R5, 0.25, !P0                                                   0      0      0      1184   37888   37888   32     32     0      0      0      -                      -          -      0      0      0      0      0      0      0      0      0      -      0      0      0      0      0      0      0      0      0      0      0      0      0      0      0      0      0      0      0      0      0      0      0      0      0      0      0      0      0      0      0      0      0      0      0      0      0      0      0      0     
0x2b9e015aee70           ISETP.NE.U32.AND P0, PT, RZ, UR5, PT                                     0      0      0      1184   37888   37888   32     32     0      0      0      -                      -          -      0      0      0      0      0      0      0      0      0      -      0      0      0      0      0      0      0      0      0      0      0      0      0      0      0      0      0      0      0      0      0      0      0      0      0      0      0      0      0      0      0      0      0      0      0      0      0      0      0      0     
0x2b9e015aee80           FMUL R6, R4, R5                                                          0      0      0      1184   37888   37888   32     32     0      0      0      -                      -          -      0      0      0      0      0      0      0      0      0      -      0      0      0      0      0      0      0      0      0      0      0      0      0      0      0      0      0      0      0      0      0      0      0      0      0      0      0      0      0      0      0      0      0      0      0      0      0      0      0      0     
0x2b9e015aee90           IMAD.MOV.U32 R4, RZ, RZ, R8                                              0      0      0      1184   37888   37888   32     32     0      0      0      -                      -          -      0      0      0      0      0      0      0      0      0      -      0      0      0      0      0      0      0      0      0      0      0      0      0      0      0      0      0      0      0      0      0      0      0      0      0      0      0      0      0      0      0      0      0      0      0      0      0      0      0      0     
0x2b9e015aeea0           MUFU.RCP R6, R6                                                          0      0      0      1184   37888   37888   32     32     0      0      0      -                      -          -      0      0      0      0      0      0      0      0      0      -      0      0      0      0      0      0      0      0      0      0      0      0      0      0      0      0      0      0      0      0      0      0      0      0      0      0      0      0      0      0      0      0      0      0      0      0      0      0      0      0     
0x2b9e015aeeb0           FMUL R5, R5, R6                                                          0      0      0      1184   37888   37888   32     32     0      0      0      -                      -          -      0      0      0      0      0      0      0      0      0      -      0      0      0      0      0      0      0      0      0      0      0      0      0      0      0      0      0      0      0      0      0      0      0      0      0      0      0      0      0      0      0      0      0      0      0      0      0      0      0      0     
0x2b9e015aeec0           VIADD R5, R5, 0x2                                                        0      0      0      1184   37888   37888   32     32     0      0      0      -                      -          -      0      0      0      0      0      0      0      0      0      -      0      0      0      0      0      0      0      0      0      0      0      0      0      0      0      0      0      0      0      0      0      0      0      0      0      0      0      0      0      0      0      0      0      0      0      0      0      0      0      0     
0x2b9e015aeed0           FMUL.RZ R2, R2, R5                                                       0      0      0      1184   37888   37888   32     32     0      0      0      -                      -          -      0      0      0      0      0      0      0      0      0      -      0      0      0      0      0      0      0      0      0      0      0      0      0      0      0      0      0      0      0      0      0      0      0      0      0      0      0      0      0      0      0      0      0      0      0      0      0      0      0      0     
0x2b9e015aeee0           IMAD.MOV.U32 R5, RZ, RZ, 0x0                                             0      0      0      1184   37888   37888   32     32     0      0      0      -                      -          -      0      0      0      0      0      0      0      0      0      -      0      0      0      0      0      0      0      0      0      0      0      0      0      0      0      0      0      0      0      0      0      0      0      0      0      0      0      0      0      0      0      0      0      0      0      0      0      0      0      0     
0x2b9e015aeef0           F2I.U32.TRUNC.NTZ R2, R2                                                 0      0      0      1184   37888   37888   32     32     0      0      0      -                      -          -      0      0      0      0      0      0      0      0      0      -      0      0      0      0      0      0      0      0      0      0      0      0      0      0      0      0      0      0      0      0      0      0      0      0      0      0      0      0      0      0      0      0      0      0      0      0      0      0      0      0     
0x2b9e015aef00           LOP3.LUT R7, R2, 0xffff, RZ, 0xc0, !PT                                   0      0      0      1184   37888   37888   32     32     0      0      0      -                      -          -      0      0      0      0      0      0      0      0      0      -      0      0      0      0      0      0      0      0      0      0      0      0      0      0      0      0      0      0      0      0      0      0      0      0      0      0      0      0      0      0      0      0      0      0      0      0      0      0      0      0     
0x2b9e015aef10     @!P0  IMAD.MOV.U32 R7, RZ, RZ, -0x1                                            0      0      0      1184   37888   0       32     0      32     32     0      -                      -          -      0      0      0      0      0      0      0      0      0      -      0      0      0      0      0      0      0      0      0      0      0      0      0      0      0      0      0      0      0      0      0      0      0      0      0      0      0      0      0      0      0      0      0      0      0      0      0      0      0      0     
0x2b9e015aef20           RET.REL.NODEC R4, 0x2b9e015ac000                                         0      0      0      1184   37888   37888   32     32     32     0      0      -                      -          -      0      0      0      0      0      0      0      0      0      -      0      0      0      0      0      0      0      0      0      0      0      0      0      0      0      0      0      0      0      0      0      0      0      0      0      0      0      0      0      0      0      0      0      0      0      0      0      0      0      0     
0x2b9e015aef30           BRA `(.L_x_0) 0x2b9e015aef30                                             0      0      0      0      0       0       0      0      0      0      0      -                      -          -      0      0      0      0      0      0      0      0      0      -      0      0      0      0      0      0      0      0      0      0      0      0      0      0      0      0      0      0      0      0      0      0      0      0      0      0      0      0      0      0      0      0      0      0      0      0      0      0      0      0     
0x2b9e015aef40           NOP                                                                      0      0      0      0      0       0       0      0      0      32     0      -                      -          -      0      0      0      0      0      0      0      0      0      -      0      0      0      0      0      0      0      0      0      0      0      0      0      0      0      0      0      0      0      0      0      0      0      0      0      0      0      0      0      0      0      0      0      0      0      0      0      0      0      0     
0x2b9e015aef50           NOP                                                                      0      0      0      0      0       0       0      0      0      32     0      -                      -          -      0      0      0      0      0      0      0      0      0      -      0      0      0      0      0      0      0      0      0      0      0      0      0      0      0      0      0      0      0      0      0      0      0      0      0      0      0      0      0      0      0      0      0      0      0      0      0      0      0      0     
0x2b9e015aef60           NOP                                                                      0      0      0      0      0       0       0      0      0      32     0      -                      -          -      0      0      0      0      0      0      0      0      0      -      0      0      0      0      0      0      0      0      0      0      0      0      0      0      0      0      0      0      0      0      0      0      0      0      0      0      0      0      0      0      0      0      0      0      0      0      0      0      0      0     
0x2b9e015aef70           NOP                                                                      0      0      0      0      0       0       0      0      0      32     0      -                      -          -      0      0      0      0      0      0      0      0      0      -      0      0      0      0      0      0      0      0      0      0      0      0      0      0      0      0      0      0      0      0      0      0      0      0      0      0      0      0      0      0      0      0      0      0      0      0      0      0      0      0     
0x2b9e015aef80           NOP                                                                      0      0      0      0      0       0       0      0      0      32     0      -                      -          -      0      0      0      0      0      0      0      0      0      -      0      0      0      0      0      0      0      0      0      0      0      0      0      0      0      0      0      0      0      0      0      0      0      0      0      0      0      0      0      0      0      0      0      0      0      0      0      0      0      0     
0x2b9e015aef90           NOP                                                                      0      0      0      0      0       0       0      0      0      32     0      -                      -          -      0      0      0      0      0      0      0      0      0      -      0      0      0      0      0      0      0      0      0      0      0      0      0      0      0      0      0      0      0      0      0      0      0      0      0      0      0      0      0      0      0      0      0      0      0      0      0      0      0      0     
0x2b9e015aefa0           NOP                                                                      0      0      0      0      0       0       0      0      0      32     0      -                      -          -      0      0      0      0      0      0      0      0      0      -      0      0      0      0      0      0      0      0      0      0      0      0      0      0      0      0      0      0      0      0      0      0      0      0      0      0      0      0      0      0      0      0      0      0      0      0      0      0      0      0     
0x2b9e015aefb0           NOP                                                                      0      0      0      0      0       0       0      0      0      32     0      -                      -          -      0      0      0      0      0      0      0      0      0      -      0      0      0      0      0      0      0      0      0      0      0      0      0      0      0      0      0      0      0      0      0      0      0      0      0      0      0      0      0      0      0      0      0      0      0      0      0      0      0      0     
0x2b9e015aefc0           NOP                                                                      0      0      0      0      0       0       0      0      0      32     0      -                      -          -      0      0      0      0      0      0      0      0      0      -      0      0      0      0      0      0      0      0      0      0      0      0      0      0      0      0      0      0      0      0      0      0      0      0      0      0      0      0      0      0      0      0      0      0      0      0      0      0      0      0     
0x2b9e015aefd0           NOP                                                                      0      0      0      0      0       0       0      0      0      32     0      -                      -          -      0      0      0      0      0      0      0      0      0      -      0      0      0      0      0      0      0      0      0      0      0      0      0      0      0      0      0      0      0      0      0      0      0      0      0      0      0      0      0      0      0      0      0      0      0      0      0      0      0      0     
0x2b9e015aefe0           NOP                                                                      0      0      0      0      0       0       0      0      0      32     0      -                      -          -      0      0      0      0      0      0      0      0      0      -      0      0      0      0      0      0      0      0      0      0      0      0      0      0      0      0      0      0      0      0      0      0      0      0      0      0      0      0      0      0      0      0      0      0      0      0      0      0      0      0     
0x2b9e015aeff0           NOP                                                                      0      0      0      0      0       0       0      0      0      32     0      -                      -          -      0      0      0      0      0      0      0      0      0      -      0      0      0      0      0      0      0      0      0      0      0      0      0      0      0      0      0      0      0      0      0      0      0      0      0      0      0      0      0      0      0      0      0      0      0      0      0      0      0      0     
